case,context,rank,slam,tabex,unsupported
WaterTanks,TankEmptying_OpenValve,1,"G(F[0,0]((z <= 1.009000)) -> F[0,1]((a == 1.000000)))","F[0,0]((z <= 1.009000)) -> F[0,1]((a == 1.000000))",
WaterTanks,TankEmptying_OpenValve,2,"G(F[0,0]((z <= 1.001000)) -> F[0,0]((a == 1.000000)))","F[0,0]((z <= 1.001000)) -> F[0,0]((a == 1.000000))",
WaterTanks,TankEmptying_OpenValve,3,"G(F[0,0]((z <= 0.717200)) -> F[0,0]((a == 1.000000)))","F[0,0]((z <= 0.717200)) -> F[0,0]((a == 1.000000))",
WaterTanks,TankEmptying_OpenValve,4,"G(F[0,0]((z <= 0.714100)) -> F[0,0]((a == 1.000000)))","F[0,0]((z <= 0.714100)) -> F[0,0]((a == 1.000000))",
WaterTanks,TankEmptying_OpenValve,5,"G(F[0,0]((z <= 0.231100)) -> F[0,0]((a == 1.000000)))","F[0,0]((z <= 0.231100)) -> F[0,0]((a == 1.000000))",
WaterTanks,TankEmptying_OpenValve,6,"G(F[0,0]((z <= 1.281000)) && F[6,7]((d >= 0.496500)) -> F[12,14]((a == 1.000000)))","F[0,0]((z <= 1.281000)) && F[6,7]((d >= 0.496500)) -> F[12,14]((a == 1.000000))",
WaterTanks,TankEmptying_OpenValve,7,"G(F[0,0]((z <= 0.231100)) -> F[0,1]((a == 1.000000)))","F[0,0]((z <= 0.231100)) -> F[0,1]((a == 1.000000))",
WaterTanks,TankEmptying_OpenValve,8,"G(F[0,0]((z <= 0.231100)) -> F[0,3]((a == 1.000000)))","F[0,0]((z <= 0.231100)) -> F[0,3]((a == 1.000000))",
WaterTanks,TankEmptying_OpenValve,9,"G(F[0,0]((z <= 1.287000)) && F[4,5]((d >= 0.681300)) -> F[12,15]((a == 1.000000)))","F[0,0]((z <= 1.287000)) && F[4,5]((d >= 0.681300)) -> F[12,15]((a == 1.000000))",
WaterTanks,TankEmptying_OpenValve,10,"G(F[0,0]((z <= 1.276000)) && F[6,7]((d >= 0.496500)) -> F[12,14]((a == 1.000000)))","F[0,0]((z <= 1.276000)) && F[6,7]((d >= 0.496500)) -> F[12,14]((a == 1.000000))",
WaterTanks,TankEmptying_OpenValve,11,"G(F[0,0]((z <= 1.287000)) && F[4,5]((d >= 0.681300)) -> F[11,15]((a == 1.000000)))","F[0,0]((z <= 1.287000)) && F[4,5]((d >= 0.681300)) -> F[11,15]((a == 1.000000))",
WaterTanks,TankEmptying_OpenValve,12,"G(F[0,0]((z <= 1.276000)) && F[4,5]((d >= 0.681300)) -> F[12,15]((a == 1.000000)))","F[0,0]((z <= 1.276000)) && F[4,5]((d >= 0.681300)) -> F[12,15]((a == 1.000000))",
WaterTanks,TankEmptying_OpenValve,13,"G(F[0,0]((z <= 1.287000)) && F[8,10]((d >= 0.496500)) -> F[14,17]((a == 1.000000)))","F[0,0]((z <= 1.287000)) && F[8,10]((d >= 0.496500)) -> F[14,17]((a == 1.000000))",
WaterTanks,TankEmptying_OpenValve,14,"G(F[0,0]((z <= 1.287000)) && F[5,7]((d >= 0.681300)) -> F[13,17]((a == 1.000000)))","F[0,0]((z <= 1.287000)) && F[5,7]((d >= 0.681300)) -> F[13,17]((a == 1.000000))",
WaterTanks,TankEmptying_OpenValve,15,"G(F[0,0]((z <= 1.276000)) && F[4,5]((d >= 0.681300)) -> F[11,15]((a == 1.000000)))","F[0,0]((z <= 1.276000)) && F[4,5]((d >= 0.681300)) -> F[11,15]((a == 1.000000))",
WaterTanks,TankEmptying_OpenValve,16,"G(F[0,0]((z <= 1.276000)) && F[2,4]((d >= 0.681300)) -> F[10,14]((a == 1.000000)))","F[0,0]((z <= 1.276000)) && F[2,4]((d >= 0.681300)) -> F[10,14]((a == 1.000000))",
WaterTanks,TankEmptying_OpenValve,17,"G(F[0,0]((z <= 1.276000)) && F[4,7]((d >= 0.496500)) -> F[10,14]((a == 1.000000)))","F[0,0]((z <= 1.276000)) && F[4,7]((d >= 0.496500)) -> F[10,14]((a == 1.000000))",
WaterTanks,TankEmptying_OpenValve,18,"G(F[0,0]((z <= 1.276000)) && F[2,4]((d >= 0.681300)) -> F[9,14]((a == 1.000000)))","F[0,0]((z <= 1.276000)) && F[2,4]((d >= 0.681300)) -> F[9,14]((a == 1.000000))",
WaterTanks,TankEmptying_OpenValve,19,"G(F[0,0]((z <= 1.287000)) && F[5,7]((d >= 0.681300)) -> F[12,17]((a == 1.000000)))","F[0,0]((z <= 1.287000)) && F[5,7]((d >= 0.681300)) -> F[12,17]((a == 1.000000))",
WaterTanks,TankEmptying_OpenValve,20,"G(F[0,0]((z <= 1.276000)) && F[4,7]((d >= 0.681300)) -> F[12,17]((a == 1.000000)))","F[0,0]((z <= 1.276000)) && F[4,7]((d >= 0.681300)) -> F[12,17]((a == 1.000000))",
WaterTanks,TankEmptying_OpenValve,21,"G(F[0,0]((z <= 1.287000)) && F[4,5]((d >= 0.681300)) -> F[8,15]((a == 1.000000)))","F[0,0]((z <= 1.287000)) && F[4,5]((d >= 0.681300)) -> F[8,15]((a == 1.000000))",
WaterTanks,TankEmptying_OpenValve,22,"G(F[0,0]((z <= 1.276000)) && F[0,4]((d >= 0.681300)) -> F[8,14]((a == 1.000000)))","F[0,0]((z <= 1.276000)) && F[0,4]((d >= 0.681300)) -> F[8,14]((a == 1.000000))",
WaterTanks,TankEmptying_OpenValve,23,"G(F[0,0]((z <= 1.276000)) && F[5,10]((d >= 0.496500)) -> F[11,17]((a == 1.000000)))","F[0,0]((z <= 1.276000)) && F[5,10]((d >= 0.496500)) -> F[11,17]((a == 1.000000))",
WaterTanks,TankEmptying_OpenValve,24,"G(F[0,0]((z <= 1.276000)) && F[4,7]((d >= 0.681300)) -> F[11,17]((a == 1.000000)))","F[0,0]((z <= 1.276000)) && F[4,7]((d >= 0.681300)) -> F[11,17]((a == 1.000000))",
WaterTanks,TankEmptying_OpenValve,25,"G(F[0,0]((z <= 1.287000)) && F[5,10]((d >= 0.681300)) -> F[13,20]((a == 1.000000)))","F[0,0]((z <= 1.287000)) && F[5,10]((d >= 0.681300)) -> F[13,20]((a == 1.000000))",
WaterTanks,TankEmptying_OpenValve,26,"G(F[0,0]((z <= 1.276000)) && F[0,4]((d >= 0.681300)) -> F[7,14]((a == 1.000000)))","F[0,0]((z <= 1.276000)) && F[0,4]((d >= 0.681300)) -> F[7,14]((a == 1.000000))",
WaterTanks,TankEmptying_OpenValve,27,"G(F[0,0]((z <= 1.276000)) && F[4,5]((d >= 0.681300)) -> F[8,15]((a == 1.000000)))","F[0,0]((z <= 1.276000)) && F[4,5]((d >= 0.681300)) -> F[8,15]((a == 1.000000))",
WaterTanks,TankEmptying_OpenValve,28,"G(F[0,0]((z <= 1.287000)) && F[5,7]((d >= 0.681300)) -> F[9,17]((a == 1.000000)))","F[0,0]((z <= 1.287000)) && F[5,7]((d >= 0.681300)) -> F[9,17]((a == 1.000000))",
WaterTanks,TankEmptying_OpenValve,29,"G(F[0,0]((z <= 1.276000)) && F[2,4]((d >= 0.681300)) -> F[6,14]((a == 1.000000)))","F[0,0]((z <= 1.276000)) && F[2,4]((d >= 0.681300)) -> F[6,14]((a == 1.000000))",
WaterTanks,TankEmptying_OpenValve,30,"G(F[0,0]((z <= 1.287000)) && F[5,10]((d >= 0.681300)) -> F[12,20]((a == 1.000000)))","F[0,0]((z <= 1.287000)) && F[5,10]((d >= 0.681300)) -> F[12,20]((a == 1.000000))",
WaterTanks,TankEmptying_OpenValve,31,"G(F[0,0]((z <= 0.231100)) -> F[0,10]((a == 1.000000)))","F[0,0]((z <= 0.231100)) -> F[0,10]((a == 1.000000))",
WaterTanks,TankEmptying_OpenValve,32,"G(F[0,0]((z <= 1.276000)) && F[4,7]((d >= 0.681300)) -> F[8,17]((a == 1.000000)))","F[0,0]((z <= 1.276000)) && F[4,7]((d >= 0.681300)) -> F[8,17]((a == 1.000000))",
WaterTanks,TankEmptying_OpenValve,33,"G(F[0,0]((z <= 1.287000)) && F[4,5]((d >= 0.681300)) -> F[4,15]((a == 1.000000)))","F[0,0]((z <= 1.287000)) && F[4,5]((d >= 0.681300)) -> F[4,15]((a == 1.000000))",
WaterTanks,TankEmptying_OpenValve,34,"G(F[0,0]((z <= 1.276000)) && F[0,4]((d >= 0.681300)) -> F[4,14]((a == 1.000000)))","F[0,0]((z <= 1.276000)) && F[0,4]((d >= 0.681300)) -> F[4,14]((a == 1.000000))",
WaterTanks,TankEmptying_OpenValve,35,"G(F[0,0]((z <= 1.287000)) && F[5,10]((d >= 0.681300)) -> F[9,20]((a == 1.000000)))","F[0,0]((z <= 1.287000)) && F[5,10]((d >= 0.681300)) -> F[9,20]((a == 1.000000))",
WaterTanks,TankEmptying_OpenValve,36,"G(F[0,0]((z <= 1.276000)) && F[0,10]((d >= 0.496500)) -> F[6,17]((a == 1.000000)))","F[0,0]((z <= 1.276000)) && F[0,10]((d >= 0.496500)) -> F[6,17]((a == 1.000000))",
WaterTanks,TankEmptying_OpenValve,37,"G(F[0,0]((z <= 1.276000)) && F[4,5]((d >= 0.681300)) -> F[4,15]((a == 1.000000)))","F[0,0]((z <= 1.276000)) && F[4,5]((d >= 0.681300)) -> F[4,15]((a == 1.000000))",
WaterTanks,TankEmptying_OpenValve,38,"G(F[0,0]((z <= 1.276000)) && F[2,4]((d >= 0.681300)) -> F[2,14]((a == 1.000000)))","F[0,0]((z <= 1.276000)) && F[2,4]((d >= 0.681300)) -> F[2,14]((a == 1.000000))",
WaterTanks,TankEmptying_OpenValve,39,"G(F[0,0]((z <= 1.287000)) && F[5,7]((d >= 0.681300)) -> F[5,17]((a == 1.000000)))","F[0,0]((z <= 1.287000)) && F[5,7]((d >= 0.681300)) -> F[5,17]((a == 1.000000))",
WaterTanks,TankEmptying_OpenValve,40,"G(F[0,0]((z <= 1.276000)) && F[0,10]((d >= 0.681300)) -> F[8,20]((a == 1.000000)))","F[0,0]((z <= 1.276000)) && F[0,10]((d >= 0.681300)) -> F[8,20]((a == 1.000000))",
WaterTanks,TankEmptying_OpenValve,41,"G(F[0,0]((z <= 1.276000)) && F[4,7]((d >= 0.681300)) -> F[4,17]((a == 1.000000)))","F[0,0]((z <= 1.276000)) && F[4,7]((d >= 0.681300)) -> F[4,17]((a == 1.000000))",
WaterTanks,TankEmptying_OpenValve,42,"G(F[0,0]((z <= 1.276000)) && F[0,10]((d >= 0.681300)) -> F[7,20]((a == 1.000000)))","F[0,0]((z <= 1.276000)) && F[0,10]((d >= 0.681300)) -> F[7,20]((a == 1.000000))",
WaterTanks,TankEmptying_OpenValve,43,"G(F[0,0]((z <= 1.276000)) && F[0,4]((d >= 0.681300)) -> F[0,14]((a == 1.000000)))","F[0,0]((z <= 1.276000)) && F[0,4]((d >= 0.681300)) -> F[0,14]((a == 1.000000))",
WaterTanks,TankEmptying_OpenValve,44,"G(F[0,0]((z <= 1.287000)) && F[5,10]((d >= 0.681300)) -> F[5,20]((a == 1.000000)))","F[0,0]((z <= 1.287000)) && F[5,10]((d >= 0.681300)) -> F[5,20]((a == 1.000000))",
WaterTanks,TankEmptying_OpenValve,45,"G(F[0,0]((z <= 1.276000)) && F[0,10]((d >= 0.681300)) -> F[4,20]((a == 1.000000)))","F[0,0]((z <= 1.276000)) && F[0,10]((d >= 0.681300)) -> F[4,20]((a == 1.000000))",
WaterTanks,TankEmptying_OpenValve,46,"G(F[0,0]((z <= 1.276000)) && F[0,10]((d >= 0.681300)) -> F[0,20]((a == 1.000000)))","F[0,0]((z <= 1.276000)) && F[0,10]((d >= 0.681300)) -> F[0,20]((a == 1.000000))",
Heater,threshold_heater_off,1,"G(F[0,0]((T >= 15.800000)) -> F[1,2]((Status == 0.000000)))","F[0,0]((T >= 15.800000)) -> F[1,2]((Status == 0.000000))",
Heater,threshold_heater_off,2,"G(F[0,0]((T >= 16.000000)) -> F[1,2]((Status == 0.000000)))","F[0,0]((T >= 16.000000)) -> F[1,2]((Status == 0.000000))",
Heater,threshold_heater_off,3,"G(F[0,0]((T >= 16.000000)) -> F[1,3]((Status == 0.000000)))","F[0,0]((T >= 16.000000)) -> F[1,3]((Status == 0.000000))",
Heater,threshold_heater_off,4,"G(F[0,0]((T >= 16.200001)) -> F[0,0]((Status == 0.000000)))","F[0,0]((T >= 16.200001)) -> F[0,0]((Status == 0.000000))",
Heater,threshold_heater_off,5,"G(F[0,0]((T >= 16.200001)) -> F[0,1]((Status == 0.000000)))","F[0,0]((T >= 16.200001)) -> F[0,1]((Status == 0.000000))",
Heater,threshold_heater_off,6,"G(F[0,0]((T >= 16.200001)) -> F[0,4]((Status == 0.000000)))","F[0,0]((T >= 16.200001)) -> F[0,4]((Status == 0.000000))",
Heater,threshold_heater_off,7,"G(F[0,0]((T >= 16.200001)) -> F[0,10]((Status == 0.000000)))","F[0,0]((T >= 16.200001)) -> F[0,10]((Status == 0.000000))",
Heater,threshold_heateron,1,"G(F[0,0]((T >= 16.200001)) -> F[0,2]((Status == 1.000000)))","F[0,0]((T >= 16.200001)) -> F[0,2]((Status == 1.000000))",
Heater,threshold_heateron,2,"G(F[0,0]((T >= 16.200001)) -> F[2,10]((Status == 1.000000)))","F[0,0]((T >= 16.200001)) -> F[2,10]((Status == 1.000000))",
Heater,threshold_heateron,3,"G(F[0,0]((T >= 16.200001)) -> F[0,10]((Status == 1.000000)))","F[0,0]((T >= 16.200001)) -> F[0,10]((Status == 1.000000))",
Heater,threshold_heateron,4,"G(F[0,0]((C >= 12.000000)) -> F[0,3]((Status == 1.000000)))","F[0,0]((C >= 12.000000)) -> F[0,3]((Status == 1.000000))",
Heater,threshold_heateron,5,"G(F[0,0]((C >= 12.000000)) -> F[0,10]((Status == 1.000000)))","F[0,0]((C >= 12.000000)) -> F[0,10]((Status == 1.000000))",
Gearbox,theta_increasing,1,"G(F[0,0]((omega >= 1.162000)) -> F[3,10]((@(theta,1) > 0.000000)))","F[0,0]((omega >= 1.162000)) -> F[3,10]((theta_d1 > 0.000000))",
Gearbox,theta_increasing,2,"G(F[0,0]((omega >= 7.766000)) -> F[0,0]((@(theta,1) > 0.000000)))","F[0,0]((omega >= 7.766000)) -> F[0,0]((theta_d1 > 0.000000))",
Gearbox,theta_increasing,3,"G(F[0,0]((omega >= 7.540000)) -> F[0,3]((@(theta,1) > 0.000000)))","F[0,0]((omega >= 7.540000)) -> F[0,3]((theta_d1 > 0.000000))",
Gearbox,theta_increasing,4,"G(F[0,0]((omega >= 9.500000)) -> F[0,0]((@(theta,1) > 0.000000)))","F[0,0]((omega >= 9.500000)) -> F[0,0]((theta_d1 > 0.000000))",
Gearbox,theta_increasing,5,"G(F[0,0]((omega >= 9.024000)) -> F[0,10]((@(theta,1) > 0.000000)))","F[0,0]((omega >= 9.024000)) -> F[0,10]((theta_d1 > 0.000000))",
Gearbox,theta_increasing,6,"G(F[0,0]((omega >= 10.830000)) -> F[0,3]((@(theta,1) > 0.000000)))","F[0,0]((omega >= 10.830000)) -> F[0,3]((theta_d1 > 0.000000))",
Gearbox,theta_increasing,7,"G(F[0,0]((omega >= 11.370000)) -> F[0,0]((@(theta,1) > 0.000000)))","F[0,0]((omega >= 11.370000)) -> F[0,0]((theta_d1 > 0.000000))",
Gearbox,theta_increasing,8,"G(F[0,0]((omega >= 16.260000)) -> F[0,0]((@(theta,1) > 0.000000)))","F[0,0]((omega >= 16.260000)) -> F[0,0]((theta_d1 > 0.000000))",
Gearbox,theta_increasing,9,"G(F[0,0]((omega >= 15.670000)) -> F[0,10]((@(theta,1) > 0.000000)))","F[0,0]((omega >= 15.670000)) -> F[0,10]((theta_d1 > 0.000000))",
Gearbox,theta_increasing,10,"G(F[0,0]((omega >= 18.200001)) -> F[0,0]((@(theta,1) > 0.000000)))","F[0,0]((omega >= 18.200001)) -> F[0,0]((theta_d1 > 0.000000))",
Gearbox,theta_increasing,11,"G(F[0,0]((omega >= 19.240000)) -> F[0,0]((@(theta,1) > 0.000000)))","F[0,0]((omega >= 19.240000)) -> F[0,0]((theta_d1 > 0.000000))",
Gearbox,theta_increasing,12,"G(F[0,0]((omega >= 23.469999)) -> F[0,0]((@(theta,1) > 0.000000)))","F[0,0]((omega >= 23.469999)) -> F[0,0]((theta_d1 > 0.000000))",
Gearbox,theta_increasing,13,"G(F[0,0]((omega >= 23.910000)) -> F[0,0]((@(theta,1) > 0.000000)))","F[0,0]((omega >= 23.910000)) -> F[0,0]((theta_d1 > 0.000000))",
Gearbox,theta_increasing,14,"G(F[0,0]((omega >= 26.600000)) -> F[0,0]((@(theta,1) > 0.000000)))","F[0,0]((omega >= 26.600000)) -> F[0,0]((theta_d1 > 0.000000))",
Gearbox,theta_increasing,15,"G(F[0,0]((omega >= 27.070000)) -> F[0,0]((@(theta,1) > 0.000000)))","F[0,0]((omega >= 27.070000)) -> F[0,0]((theta_d1 > 0.000000))",
Gearbox,theta_increasing,16,"G(F[0,0]((omega >= 4.699000)) && F[0,10]((theta >= 971.400024)) -> F[0,20]((@(theta,1) > 0.000000)))","F[0,0]((omega >= 4.699000)) && F[0,10]((theta >= 971.400024)) -> F[0,20]((theta_d1 > 0.000000))",
Gearbox,theta_increasing,17,"G(F[0,0]((omega >= 28.070000)) -> F[0,0]((@(theta,1) > 0.000000)))","F[0,0]((omega >= 28.070000)) -> F[0,0]((theta_d1 > 0.000000))",
Gearbox,theta_increasing,18,"G(F[0,0]((omega >= 29.200001)) -> F[0,0]((@(theta,1) > 0.000000)))","F[0,0]((omega >= 29.200001)) -> F[0,0]((theta_d1 > 0.000000))",
Gearbox,theta_increasing,19,"G(F[0,0]((omega >= 6.592000)) && F[0,10]((theta >= 971.400024)) -> F[0,20]((@(theta,1) > 0.000000)))","F[0,0]((omega >= 6.592000)) && F[0,10]((theta >= 971.400024)) -> F[0,20]((theta_d1 > 0.000000))",
Gearbox,theta_increasing,20,"G(F[0,0]((omega >= 5.319000)) && F[0,0]((theta >= 971.400024)) -> F[0,10]((@(theta,1) > 0.000000)))","F[0,0]((omega >= 5.319000)) && F[0,0]((theta >= 971.400024)) -> F[0,10]((theta_d1 > 0.000000))",
Gearbox,theta_increasing,21,"G(F[0,0]((omega >= 9.500000)) && F[0,10]((theta >= 971.400024)) -> F[0,20]((@(theta,1) > 0.000000)))","F[0,0]((omega >= 9.500000)) && F[0,10]((theta >= 971.400024)) -> F[0,20]((theta_d1 > 0.000000))",
Gearbox,theta_increasing,22,"G(F[0,0]((omega >= 4.699000)) && F[0,10]((theta >= 1056.000000)) -> F[0,20]((@(theta,1) > 0.000000)))","F[0,0]((omega >= 4.699000)) && F[0,10]((theta >= 1056.000000)) -> F[0,20]((theta_d1 > 0.000000))",
Gearbox,theta_increasing,23,"G(F[0,0]((omega >= 4.699000)) && F[0,10]((theta >= 1062.000000)) -> F[0,20]((@(theta,1) > 0.000000)))","F[0,0]((omega >= 4.699000)) && F[0,10]((theta >= 1062.000000)) -> F[0,20]((theta_d1 > 0.000000))",
Gearbox,theta_increasing,24,"G(F[0,0]((omega >= 7.766000)) && F[0,0]((theta >= 971.400024)) -> F[0,10]((@(theta,1) > 0.000000)))","F[0,0]((omega >= 7.766000)) && F[0,0]((theta >= 971.400024)) -> F[0,10]((theta_d1 > 0.000000))",
Gearbox,theta_increasing,25,"G(F[0,0]((omega >= 6.592000)) && F[0,10]((theta >= 1056.000000)) -> F[0,20]((@(theta,1) > 0.000000)))","F[0,0]((omega >= 6.592000)) && F[0,10]((theta >= 1056.000000)) -> F[0,20]((theta_d1 > 0.000000))",
Gearbox,theta_increasing,26,"G(F[0,0]((omega >= 6.592000)) && F[0,10]((theta >= 1062.000000)) -> F[0,20]((@(theta,1) > 0.000000)))","F[0,0]((omega >= 6.592000)) && F[0,10]((theta >= 1062.000000)) -> F[0,20]((theta_d1 > 0.000000))",
Gearbox,theta_increasing,27,"G(F[0,0]((omega >= 10.830000)) && F[0,0]((theta >= 971.400024)) -> F[0,10]((@(theta,1) > 0.000000)))","F[0,0]((omega >= 10.830000)) && F[0,0]((theta >= 971.400024)) -> F[0,10]((theta_d1 > 0.000000))",
Gearbox,theta_increasing,28,"G(F[0,0]((omega >= 5.319000)) && F[0,0]((theta >= 1056.000000)) -> F[0,10]((@(theta,1) > 0.000000)))","F[0,0]((omega >= 5.319000)) && F[0,0]((theta >= 1056.000000)) -> F[0,10]((theta_d1 > 0.000000))",
Gearbox,theta_increasing,29,"G(F[0,0]((omega >= 11.370000)) && F[0,0]((theta >= 971.400024)) -> F[0,10]((@(theta,1) > 0.000000)))","F[0,0]((omega >= 11.370000)) && F[0,0]((theta >= 971.400024)) -> F[0,10]((theta_d1 > 0.000000))",
Gearbox,theta_increasing,30,"G(F[0,0]((omega >= 9.500000)) && F[0,10]((theta >= 1056.000000)) -> F[0,20]((@(theta,1) > 0.000000)))","F[0,0]((omega >= 9.500000)) && F[0,10]((theta >= 1056.000000)) -> F[0,20]((theta_d1 > 0.000000))",
Gearbox,theta_increasing,31,"G(F[0,0]((omega >= 5.319000)) && F[0,0]((theta >= 1062.000000)) -> F[0,10]((@(theta,1) > 0.000000)))","F[0,0]((omega >= 5.319000)) && F[0,0]((theta >= 1062.000000)) -> F[0,10]((theta_d1 > 0.000000))",
Gearbox,theta_increasing,32,"G(F[0,0]((omega >= 9.500000)) && F[0,10]((theta >= 1062.000000)) -> F[0,20]((@(theta,1) > 0.000000)))","F[0,0]((omega >= 9.500000)) && F[0,10]((theta >= 1062.000000)) -> F[0,20]((theta_d1 > 0.000000))",
Gearbox,theta_increasing,33,"G(F[0,0]((omega >= 12.830000)) && F[0,0]((theta >= 971.400024)) -> F[0,10]((@(theta,1) > 0.000000)))","F[0,0]((omega >= 12.830000)) && F[0,0]((theta >= 971.400024)) -> F[0,10]((theta_d1 > 0.000000))",
Gearbox,theta_increasing,34,"G(F[0,0]((omega >= 16.540001)) && F[0,10]((theta >= 971.400024)) -> F[0,20]((@(theta,1) > 0.000000)))","F[0,0]((omega >= 16.540001)) && F[0,10]((theta >= 971.400024)) -> F[0,20]((theta_d1 > 0.000000))",
Gearbox,theta_increasing,35,"G(F[0,0]((omega >= 7.766000)) && F[0,0]((theta >= 1056.000000)) -> F[0,10]((@(theta,1) > 0.000000)))","F[0,0]((omega >= 7.766000)) && F[0,0]((theta >= 1056.000000)) -> F[0,10]((theta_d1 > 0.000000))",
Gearbox,theta_increasing,36,"G(F[0,0]((omega >= 7.766000)) && F[0,0]((theta >= 1062.000000)) -> F[0,10]((@(theta,1) > 0.000000)))","F[0,0]((omega >= 7.766000)) && F[0,0]((theta >= 1062.000000)) -> F[0,10]((theta_d1 > 0.000000))",
Gearbox,theta_increasing,37,"G(F[0,0]((omega >= 17.750000)) && F[0,10]((theta >= 971.400024)) -> F[0,20]((@(theta,1) > 0.000000)))","F[0,0]((omega >= 17.750000)) && F[0,10]((theta >= 971.400024)) -> F[0,20]((theta_d1 > 0.000000))",
Gearbox,theta_increasing,38,"G(F[0,0]((theta >= 1183.000000)) -> F[0,10]((@(theta,1) > 0.000000)))","F[0,0]((theta >= 1183.000000)) -> F[0,10]((theta_d1 > 0.000000))",
Gearbox,theta_increasing,39,"G(F[0,0]((theta >= 1186.000000)) -> F[0,4]((@(theta,1) > 0.000000)))","F[0,0]((theta >= 1186.000000)) -> F[0,4]((theta_d1 > 0.000000))",
Gearbox,theta_increasing,40,"G(F[0,0]((omega >= 19.240000)) && F[0,10]((theta >= 971.400024)) -> F[0,20]((@(theta,1) > 0.000000)))","F[0,0]((omega >= 19.240000)) && F[0,10]((theta >= 971.400024)) -> F[0,20]((theta_d1 > 0.000000))",
Gearbox,theta_increasing,41,"G(F[0,0]((omega >= 10.830000)) && F[0,0]((theta >= 1056.000000)) -> F[0,10]((@(theta,1) > 0.000000)))","F[0,0]((omega >= 10.830000)) && F[0,0]((theta >= 1056.000000)) -> F[0,10]((theta_d1 > 0.000000))",
Gearbox,theta_increasing,42,"G(F[0,0]((omega >= 10.830000)) && F[0,0]((theta >= 1062.000000)) -> F[0,10]((@(theta,1) > 0.000000)))","F[0,0]((omega >= 10.830000)) && F[0,0]((theta >= 1062.000000)) -> F[0,10]((theta_d1 > 0.000000))",
Gearbox,theta_increasing,43,"G(F[0,0]((omega >= 11.370000)) && F[0,0]((theta >= 1056.000000)) -> F[0,10]((@(theta,1) > 0.000000)))","F[0,0]((omega >= 11.370000)) && F[0,0]((theta >= 1056.000000)) -> F[0,10]((theta_d1 > 0.000000))",
Gearbox,theta_increasing,44,"G(F[0,0]((omega >= 11.370000)) && F[0,0]((theta >= 1062.000000)) -> F[0,10]((@(theta,1) > 0.000000)))","F[0,0]((omega >= 11.370000)) && F[0,0]((theta >= 1062.000000)) -> F[0,10]((theta_d1 > 0.000000))",
Gearbox,theta_increasing,45,"G(F[0,0]((omega >= 12.830000)) && F[0,0]((theta >= 1056.000000)) -> F[0,10]((@(theta,1) > 0.000000)))","F[0,0]((omega >= 12.830000)) && F[0,0]((theta >= 1056.000000)) -> F[0,10]((theta_d1 > 0.000000))",
Gearbox,theta_increasing,46,"G(F[0,0]((omega >= 20.870001)) && F[0,10]((theta >= 971.400024)) -> F[0,20]((@(theta,1) > 0.000000)))","F[0,0]((omega >= 20.870001)) && F[0,10]((theta >= 971.400024)) -> F[0,20]((theta_d1 > 0.000000))",
Gearbox,theta_increasing,47,"G(F[0,0]((omega >= 12.830000)) && F[0,0]((theta >= 1062.000000)) -> F[0,10]((@(theta,1) > 0.000000)))","F[0,0]((omega >= 12.830000)) && F[0,0]((theta >= 1062.000000)) -> F[0,10]((theta_d1 > 0.000000))",
Gearbox,theta_increasing,48,"G(F[0,0]((omega >= 18.180000)) && F[0,0]((theta >= 971.400024)) -> F[0,10]((@(theta,1) > 0.000000)))","F[0,0]((omega >= 18.180000)) && F[0,0]((theta >= 971.400024)) -> F[0,10]((theta_d1 > 0.000000))",
Gearbox,theta_increasing,49,"G(F[0,0]((omega >= 16.540001)) && F[0,10]((theta >= 1056.000000)) -> F[0,20]((@(theta,1) > 0.000000)))","F[0,0]((omega >= 16.540001)) && F[0,10]((theta >= 1056.000000)) -> F[0,20]((theta_d1 > 0.000000))",
Gearbox,theta_increasing,50,"G(F[0,0]((omega >= 16.540001)) && F[0,10]((theta >= 1062.000000)) -> F[0,20]((@(theta,1) > 0.000000)))","F[0,0]((omega >= 16.540001)) && F[0,10]((theta >= 1062.000000)) -> F[0,20]((theta_d1 > 0.000000))",
Gearbox,theta_increasing,51,"G(F[0,0]((omega >= 17.750000)) && F[0,10]((theta >= 1056.000000)) -> F[0,20]((@(theta,1) > 0.000000)))","F[0,0]((omega >= 17.750000)) && F[0,10]((theta >= 1056.000000)) -> F[0,20]((theta_d1 > 0.000000))",
Gearbox,theta_increasing,52,"G(F[0,0]((omega >= 20.500000)) && F[0,0]((theta >= 971.400024)) -> F[0,10]((@(theta,1) > 0.000000)))","F[0,0]((omega >= 20.500000)) && F[0,0]((theta >= 971.400024)) -> F[0,10]((theta_d1 > 0.000000))",
Gearbox,theta_increasing,53,"G(F[0,0]((omega >= 17.750000)) && F[0,10]((theta >= 1062.000000)) -> F[0,20]((@(theta,1) > 0.000000)))","F[0,0]((omega >= 17.750000)) && F[0,10]((theta >= 1062.000000)) -> F[0,20]((theta_d1 > 0.000000))",
Gearbox,theta_increasing,54,"G(F[0,0]((omega >= 18.180000)) && F[0,0]((theta >= 1056.000000)) -> F[0,10]((@(theta,1) > 0.000000)))","F[0,0]((omega >= 18.180000)) && F[0,0]((theta >= 1056.000000)) -> F[0,10]((theta_d1 > 0.000000))",
Gearbox,theta_increasing,55,"G(F[0,0]((omega >= 19.240000)) && F[0,0]((theta >= 1056.000000)) -> F[0,10]((@(theta,1) > 0.000000)))","F[0,0]((omega >= 19.240000)) && F[0,0]((theta >= 1056.000000)) -> F[0,10]((theta_d1 > 0.000000))",
Gearbox,theta_increasing,56,"G(F[0,0]((omega >= 18.180000)) && F[0,0]((theta >= 1062.000000)) -> F[0,10]((@(theta,1) > 0.000000)))","F[0,0]((omega >= 18.180000)) && F[0,0]((theta >= 1062.000000)) -> F[0,10]((theta_d1 > 0.000000))",
Gearbox,theta_increasing,57,"G(F[0,0]((omega >= 19.240000)) && F[0,0]((theta >= 1062.000000)) -> F[0,10]((@(theta,1) > 0.000000)))","F[0,0]((omega >= 19.240000)) && F[0,0]((theta >= 1062.000000)) -> F[0,10]((theta_d1 > 0.000000))",
Gearbox,theta_increasing,58,"G(F[0,0]((omega >= 27.070000)) && F[0,10]((theta >= 971.400024)) -> F[0,20]((@(theta,1) > 0.000000)))","F[0,0]((omega >= 27.070000)) && F[0,10]((theta >= 971.400024)) -> F[0,20]((theta_d1 > 0.000000))",
Gearbox,theta_increasing,59,"G(F[0,0]((omega >= 20.500000)) && F[0,0]((theta >= 1056.000000)) -> F[0,10]((@(theta,1) > 0.000000)))","F[0,0]((omega >= 20.500000)) && F[0,0]((theta >= 1056.000000)) -> F[0,10]((theta_d1 > 0.000000))",
Gearbox,theta_increasing,60,"G(F[0,0]((omega >= 20.500000)) && F[0,0]((theta >= 1062.000000)) -> F[0,10]((@(theta,1) > 0.000000)))","F[0,0]((omega >= 20.500000)) && F[0,0]((theta >= 1062.000000)) -> F[0,10]((theta_d1 > 0.000000))",
Gearbox,theta_increasing,61,"G(F[0,0]((omega >= 26.230000)) && F[0,0]((theta >= 971.400024)) -> F[0,10]((@(theta,1) > 0.000000)))","F[0,0]((omega >= 26.230000)) && F[0,0]((theta >= 971.400024)) -> F[0,10]((theta_d1 > 0.000000))",
Gearbox,theta_increasing,62,"G(F[0,0]((omega >= 29.200001)) && F[0,10]((theta >= 971.400024)) -> F[0,20]((@(theta,1) > 0.000000)))","F[0,0]((omega >= 29.200001)) && F[0,10]((theta >= 971.400024)) -> F[0,20]((theta_d1 > 0.000000))",
Gearbox,theta_increasing,63,"G(F[0,0]((omega >= 30.020000)) && F[0,9]((theta >= 971.400024)) -> F[0,19]((@(theta,1) > 0.000000)))","F[0,0]((omega >= 30.020000)) && F[0,9]((theta >= 971.400024)) -> F[0,19]((theta_d1 > 0.000000))",
Gearbox,theta_increasing,64,"G(F[0,0]((omega >= 26.200001)) && F[0,10]((theta >= 1062.000000)) -> F[0,20]((@(theta,1) > 0.000000)))","F[0,0]((omega >= 26.200001)) && F[0,10]((theta >= 1062.000000)) -> F[0,20]((theta_d1 > 0.000000))",
Gearbox,theta_increasing,65,"G(F[0,0]((omega >= 27.070000)) && F[0,10]((theta >= 1056.000000)) -> F[0,20]((@(theta,1) > 0.000000)))","F[0,0]((omega >= 27.070000)) && F[0,10]((theta >= 1056.000000)) -> F[0,20]((theta_d1 > 0.000000))",
Gearbox,theta_increasing,66,"G(F[0,0]((omega >= 25.530001)) && F[0,0]((theta >= 1062.000000)) -> F[0,10]((@(theta,1) > 0.000000)))","F[0,0]((omega >= 25.530001)) && F[0,0]((theta >= 1062.000000)) -> F[0,10]((theta_d1 > 0.000000))",
Gearbox,theta_increasing,67,"G(F[0,0]((omega >= 26.230000)) && F[0,0]((theta >= 1056.000000)) -> F[0,10]((@(theta,1) > 0.000000)))","F[0,0]((omega >= 26.230000)) && F[0,0]((theta >= 1056.000000)) -> F[0,10]((theta_d1 > 0.000000))",
Gearbox,theta_increasing,68,"G(F[0,0]((omega >= 29.200001)) && F[0,10]((theta >= 1056.000000)) -> F[0,20]((@(theta,1) > 0.000000)))","F[0,0]((omega >= 29.200001)) && F[0,10]((theta >= 1056.000000)) -> F[0,20]((theta_d1 > 0.000000))",
Gearbox,theta_increasing,69,"G(F[0,0]((omega >= 29.200001)) && F[0,10]((theta >= 1062.000000)) -> F[0,20]((@(theta,1) > 0.000000)))","F[0,0]((omega >= 29.200001)) && F[0,10]((theta >= 1062.000000)) -> F[0,20]((theta_d1 > 0.000000))",
Gearbox,theta_increasing,70,"G(F[0,0]((omega >= 30.020000)) && F[0,10]((theta >= 1056.000000)) -> F[0,20]((@(theta,1) > 0.000000)))","F[0,0]((omega >= 30.020000)) && F[0,10]((theta >= 1056.000000)) -> F[0,20]((theta_d1 > 0.000000))",
Gearbox,theta_increasing,71,"G(F[0,0]((omega >= 30.020000)) && F[0,10]((theta >= 1062.000000)) -> F[0,20]((@(theta,1) > 0.000000)))","F[0,0]((omega >= 30.020000)) && F[0,10]((theta >= 1062.000000)) -> F[0,20]((theta_d1 > 0.000000))",
Gearbox,theta_increasing,72,"G(F[0,0]((omega >= 28.070000)) && F[0,0]((theta >= 1056.000000)) -> F[0,10]((@(theta,1) > 0.000000)))","F[0,0]((omega >= 28.070000)) && F[0,0]((theta >= 1056.000000)) -> F[0,10]((theta_d1 > 0.000000))",
Gearbox,theta_increasing,73,"G(F[0,0]((omega >= 28.070000)) && F[0,0]((theta >= 1062.000000)) -> F[0,10]((@(theta,1) > 0.000000)))","F[0,0]((omega >= 28.070000)) && F[0,0]((theta >= 1062.000000)) -> F[0,10]((theta_d1 > 0.000000))",
Gearbox,theta_increasing,74,"G(F[0,0]((omega >= 29.200001)) && F[0,0]((theta >= 1056.000000)) -> F[0,10]((@(theta,1) > 0.000000)))","F[0,0]((omega >= 29.200001)) && F[0,0]((theta >= 1056.000000)) -> F[0,10]((theta_d1 > 0.000000))",
Gearbox,theta_increasing,75,"G(F[0,0]((omega >= 29.200001)) && F[0,0]((theta >= 1062.000000)) -> F[0,10]((@(theta,1) > 0.000000)))","F[0,0]((omega >= 29.200001)) && F[0,0]((theta >= 1062.000000)) -> F[0,10]((theta_d1 > 0.000000))",
Gearbox,theta_increasing,76,"G(F[0,0]((omega >= 35.790001)) -> F[0,0]((@(theta,1) > 0.000000)))","F[0,0]((omega >= 35.790001)) -> F[0,0]((theta_d1 > 0.000000))",
Gearbox,theta_increasing,77,"G(F[0,0]((omega >= 35.790001)) -> F[0,10]((@(theta,1) > 0.000000)))","F[0,0]((omega >= 35.790001)) -> F[0,10]((theta_d1 > 0.000000))",
Gearbox,theta_increasing,78,"G(F[0,0]((theta >= 1486.000000)) -> F[0,4]((@(theta,1) > 0.000000)))","F[0,0]((theta >= 1486.000000)) -> F[0,4]((theta_d1 > 0.000000))",
Gearbox,theta_increasing,79,"G(F[0,0]((theta >= 1486.000000)) -> F[0,10]((@(theta,1) > 0.000000)))","F[0,0]((theta >= 1486.000000)) -> F[0,10]((theta_d1 > 0.000000))",
Gearbox,theta_increasing,80,"G(F[0,0]((omega >= 35.790001)) && F[0,9]((theta >= 971.400024)) -> F[0,19]((@(theta,1) > 0.000000)))","F[0,0]((omega >= 35.790001)) && F[0,9]((theta >= 971.400024)) -> F[0,19]((theta_d1 > 0.000000))",
Gearbox,theta_increasing,81,"G(F[0,0]((omega >= 35.790001)) && F[0,10]((theta >= 971.400024)) -> F[0,20]((@(theta,1) > 0.000000)))","F[0,0]((omega >= 35.790001)) && F[0,10]((theta >= 971.400024)) -> F[0,20]((theta_d1 > 0.000000))",
Gearbox,theta_increasing,82,"G(F[0,0]((omega >= 35.790001)) && F[0,10]((theta >= 1056.000000)) -> F[0,20]((@(theta,1) > 0.000000)))","F[0,0]((omega >= 35.790001)) && F[0,10]((theta >= 1056.000000)) -> F[0,20]((theta_d1 > 0.000000))",
Gearbox,theta_increasing,83,"G(F[0,0]((omega >= 35.790001)) && F[0,10]((theta >= 1062.000000)) -> F[0,20]((@(theta,1) > 0.000000)))","F[0,0]((omega >= 35.790001)) && F[0,10]((theta >= 1062.000000)) -> F[0,20]((theta_d1 > 0.000000))",
Gearbox,threshold_gear4,1,"G(F[0,0]((omega >= 34.869999)) -> F[0,1]((gear == 4.000000)))","F[0,0]((omega >= 34.869999)) -> F[0,1]((gear == 4.000000))",
Gearbox,threshold_gear4,2,"G(F[0,0]((omega >= 22.580000)) && F[0,5]((throttle >= 0.867500)) -> F[4,11]((gear == 4.000000)))","F[0,0]((omega >= 22.580000)) && F[0,5]((throttle >= 0.867500)) -> F[4,11]((gear == 4.000000))",
Gearbox,threshold_gear4,3,"G(F[0,0]((omega >= 26.200001)) && F[0,5]((throttle >= 0.540100)) -> F[0,8]((gear == 4.000000)))","F[0,0]((omega >= 26.200001)) && F[0,5]((throttle >= 0.540100)) -> F[0,8]((gear == 4.000000))",
Gearbox,threshold_gear4,4,"G(F[0,0]((omega >= 14.220000)) && F[6,10]((throttle >= 0.867500)) -> F[10,16]((gear == 4.000000)))","F[0,0]((omega >= 14.220000)) && F[6,10]((throttle >= 0.867500)) -> F[10,16]((gear == 4.000000))",
Gearbox,threshold_gear4,5,"G(F[0,0]((omega >= 18.180000)) && F[6,10]((throttle >= 0.540100)) -> F[6,13]((gear == 4.000000)))","F[0,0]((omega >= 18.180000)) && F[6,10]((throttle >= 0.540100)) -> F[6,13]((gear == 4.000000))",
Gearbox,threshold_gear4,6,"G(F[0,0]((omega >= 15.180000)) && F[7,10]((throttle >= 0.747800)) -> F[11,15]((gear == 4.000000)))","F[0,0]((omega >= 15.180000)) && F[7,10]((throttle >= 0.747800)) -> F[11,15]((gear == 4.000000))",
Gearbox,threshold_gear4,7,"G(F[0,0]((omega >= 22.580000)) && F[3,6]((throttle >= 0.747800)) -> F[7,11]((gear == 4.000000)))","F[0,0]((omega >= 22.580000)) && F[3,6]((throttle >= 0.747800)) -> F[7,11]((gear == 4.000000))",
Gearbox,threshold_gear4,8,"G(F[0,0]((omega >= 14.220000)) && F[7,10]((throttle >= 0.867500)) -> F[11,16]((gear == 4.000000)))","F[0,0]((omega >= 14.220000)) && F[7,10]((throttle >= 0.867500)) -> F[11,16]((gear == 4.000000))",
Gearbox,threshold_gear4,9,"G(F[0,0]((omega >= 25.059999)) && F[0,3]((throttle >= 0.867500)) -> F[4,9]((gear == 4.000000)))","F[0,0]((omega >= 25.059999)) && F[0,3]((throttle >= 0.867500)) -> F[4,9]((gear == 4.000000))",
Gearbox,threshold_gear4,10,"G(F[0,0]((omega >= 24.049999)) && F[4,7]((throttle >= 0.540100)) -> F[4,10]((gear == 4.000000)))","F[0,0]((omega >= 24.049999)) && F[4,7]((throttle >= 0.540100)) -> F[4,10]((gear == 4.000000))",
Gearbox,threshold_gear4,11,"G(F[0,0]((omega >= 30.020000)) && F[0,3]((throttle >= 0.540100)) -> F[0,6]((gear == 4.000000)))","F[0,0]((omega >= 30.020000)) && F[0,3]((throttle >= 0.540100)) -> F[0,6]((gear == 4.000000))",
Gearbox,threshold_gear4,12,"G(F[0,0]((omega >= 22.580000)) && F[3,6]((throttle >= 0.747800)) -> F[5,11]((gear == 4.000000)))","F[0,0]((omega >= 22.580000)) && F[3,6]((throttle >= 0.747800)) -> F[5,11]((gear == 4.000000))",
Gearbox,threshold_gear4,13,"G(F[0,0]((omega >= 15.180000)) && F[7,10]((throttle >= 0.747800)) -> F[9,15]((gear == 4.000000)))","F[0,0]((omega >= 15.180000)) && F[7,10]((throttle >= 0.747800)) -> F[9,15]((gear == 4.000000))",
Gearbox,threshold_gear4,14,"G(F[0,0]((omega >= 27.920000)) && F[0,2]((throttle >= 0.747800)) -> F[4,7]((gear == 4.000000)))","F[0,0]((omega >= 27.920000)) && F[0,2]((throttle >= 0.747800)) -> F[4,7]((gear == 4.000000))",
Gearbox,threshold_gear4,15,"G(F[0,0]((omega >= 22.580000)) && F[4,6]((throttle >= 0.747800)) -> F[8,11]((gear == 4.000000)))","F[0,0]((omega >= 22.580000)) && F[4,6]((throttle >= 0.747800)) -> F[8,11]((gear == 4.000000))",
Gearbox,threshold_gear4,16,"G(F[0,0]((omega >= 24.049999)) && F[2,4]((throttle >= 0.867500)) -> F[6,10]((gear == 4.000000)))","F[0,0]((omega >= 24.049999)) && F[2,4]((throttle >= 0.867500)) -> F[6,10]((gear == 4.000000))",
Gearbox,threshold_gear4,17,"G(F[0,0]((omega >= 20.500000)) && F[4,6]((throttle >= 0.867500)) -> F[8,12]((gear == 4.000000)))","F[0,0]((omega >= 20.500000)) && F[4,6]((throttle >= 0.867500)) -> F[8,12]((gear == 4.000000))",
Gearbox,threshold_gear4,18,"G(F[0,0]((omega >= 20.500000)) && F[7,9]((throttle >= 0.540100)) -> F[7,12]((gear == 4.000000)))","F[0,0]((omega >= 20.500000)) && F[7,9]((throttle >= 0.540100)) -> F[7,12]((gear == 4.000000))",
Gearbox,threshold_gear4,19,"G(F[0,0]((omega >= 18.180000)) && F[8,10]((throttle >= 0.540100)) -> F[8,13]((gear == 4.000000)))","F[0,0]((omega >= 18.180000)) && F[8,10]((throttle >= 0.540100)) -> F[8,13]((gear == 4.000000))",
Gearbox,threshold_gear4,20,"G(F[0,0]((omega >= 24.049999)) && F[5,7]((throttle >= 0.540100)) -> F[5,10]((gear == 4.000000)))","F[0,0]((omega >= 24.049999)) && F[5,7]((throttle >= 0.540100)) -> F[5,10]((gear == 4.000000))",
Gearbox,threshold_gear4,21,"G(F[0,0]((omega >= 31.820000)) && F[0,2]((throttle >= 0.540100)) -> F[0,5]((gear == 4.000000)))","F[0,0]((omega >= 31.820000)) && F[0,2]((throttle >= 0.540100)) -> F[0,5]((gear == 4.000000))",
Gearbox,threshold_gear4,22,"G(F[0,0]((omega >= 25.059999)) && F[4,6]((throttle >= 0.540100)) -> F[4,9]((gear == 4.000000)))","F[0,0]((omega >= 25.059999)) && F[4,6]((throttle >= 0.540100)) -> F[4,9]((gear == 4.000000))",
Gearbox,threshold_gear4,23,"G(F[0,0]((omega >= 22.580000)) && F[4,6]((throttle >= 0.747800)) -> F[6,11]((gear == 4.000000)))","F[0,0]((omega >= 22.580000)) && F[4,6]((throttle >= 0.747800)) -> F[6,11]((gear == 4.000000))",
Gearbox,threshold_gear4,24,"G(F[0,0]((omega >= 27.920000)) && F[0,2]((throttle >= 0.747800)) -> F[2,7]((gear == 4.000000)))","F[0,0]((omega >= 27.920000)) && F[0,2]((throttle >= 0.747800)) -> F[2,7]((gear == 4.000000))",
Gearbox,threshold_gear4,25,"G(F[0,0]((omega >= 35.790001)) -> F[0,1]((gear == 4.000000)))","F[0,0]((omega >= 35.790001)) -> F[0,1]((gear == 4.000000))",
Gearbox,threshold_gear4,26,"G(F[0,0]((omega >= 35.790001)) -> F[0,2]((gear == 4.000000)))","F[0,0]((omega >= 35.790001)) -> F[0,2]((gear == 4.000000))",
Gearbox,threshold_gear4,27,"G(F[0,0]((omega >= 15.180000)) && F[9,10]((throttle >= 0.747800)) -> F[13,15]((gear == 4.000000)))","F[0,0]((omega >= 15.180000)) && F[9,10]((throttle >= 0.747800)) -> F[13,15]((gear == 4.000000))",
Gearbox,threshold_gear4,28,"G(F[0,0]((omega >= 18.180000)) && F[7,8]((throttle >= 0.747800)) -> F[11,13]((gear == 4.000000)))","F[0,0]((omega >= 18.180000)) && F[7,8]((throttle >= 0.747800)) -> F[11,13]((gear == 4.000000))",
Gearbox,threshold_gear4,29,"G(F[0,0]((omega >= 26.200001)) && F[2,3]((throttle >= 0.747800)) -> F[6,8]((gear == 4.000000)))","F[0,0]((omega >= 26.200001)) && F[2,3]((throttle >= 0.747800)) -> F[6,8]((gear == 4.000000))",
Gearbox,threshold_gear4,30,"G(F[0,0]((omega >= 30.020000)) && F[0,1]((throttle >= 0.747800)) -> F[4,6]((gear == 4.000000)))","F[0,0]((omega >= 30.020000)) && F[0,1]((throttle >= 0.747800)) -> F[4,6]((gear == 4.000000))",
Gearbox,threshold_gear4,31,"G(F[0,0]((omega >= 20.500000)) && F[5,6]((throttle >= 0.867500)) -> F[9,12]((gear == 4.000000)))","F[0,0]((omega >= 20.500000)) && F[5,6]((throttle >= 0.867500)) -> F[9,12]((gear == 4.000000))",
Gearbox,threshold_gear4,32,"G(F[0,0]((omega >= 16.370001)) && F[7,8]((throttle >= 0.867500)) -> F[11,14]((gear == 4.000000)))","F[0,0]((omega >= 16.370001)) && F[7,8]((throttle >= 0.867500)) -> F[11,14]((gear == 4.000000))",
Gearbox,threshold_gear4,33,"G(F[0,0]((omega >= 27.920000)) && F[0,1]((throttle >= 0.867500)) -> F[4,7]((gear == 4.000000)))","F[0,0]((omega >= 27.920000)) && F[0,1]((throttle >= 0.867500)) -> F[4,7]((gear == 4.000000))",
Gearbox,threshold_gear4,34,"G(F[0,0]((omega >= 14.220000)) && F[9,10]((throttle >= 0.867500)) -> F[13,16]((gear == 4.000000)))","F[0,0]((omega >= 14.220000)) && F[9,10]((throttle >= 0.867500)) -> F[13,16]((gear == 4.000000))",
Gearbox,threshold_gear4,35,"G(F[0,0]((omega >= 30.020000)) && F[0,1]((throttle >= 0.747800)) -> F[2,6]((gear == 4.000000)))","F[0,0]((omega >= 30.020000)) && F[0,1]((throttle >= 0.747800)) -> F[2,6]((gear == 4.000000))",
Gearbox,threshold_gear4,36,"G(F[0,0]((omega >= 35.790001)) -> F[0,4]((gear == 4.000000)))","F[0,0]((omega >= 35.790001)) -> F[0,4]((gear == 4.000000))",
Gearbox,threshold_gear4,37,"G(F[0,0]((omega >= 18.180000)) && F[7,8]((throttle >= 0.747800)) -> F[9,13]((gear == 4.000000)))","F[0,0]((omega >= 18.180000)) && F[7,8]((throttle >= 0.747800)) -> F[9,13]((gear == 4.000000))",
Gearbox,threshold_gear4,38,"G(F[0,0]((omega >= 27.920000)) && F[3,4]((throttle >= 0.540100)) -> F[3,7]((gear == 4.000000)))","F[0,0]((omega >= 27.920000)) && F[3,4]((throttle >= 0.540100)) -> F[3,7]((gear == 4.000000))",
Gearbox,threshold_gear4,39,"G(F[0,0]((omega >= 15.180000)) && F[9,10]((throttle >= 0.747800)) -> F[11,15]((gear == 4.000000)))","F[0,0]((omega >= 15.180000)) && F[9,10]((throttle >= 0.747800)) -> F[11,15]((gear == 4.000000))",
Gearbox,threshold_gear4,40,"G(F[0,0]((omega >= 26.200001)) && F[2,3]((throttle >= 0.747800)) -> F[4,8]((gear == 4.000000)))","F[0,0]((omega >= 26.200001)) && F[2,3]((throttle >= 0.747800)) -> F[4,8]((gear == 4.000000))",
Gearbox,threshold_gear4,41,"G(F[0,0]((omega >= 35.790001)) -> F[0,10]((gear == 4.000000)))","F[0,0]((omega >= 35.790001)) -> F[0,10]((gear == 4.000000))",
Gearbox,threshold_gear4,42,"G(F[0,0]((omega >= 16.370001)) && F[9,10]((throttle >= 0.747800)) -> F[13,15]((gear == 4.000000)))","F[0,0]((omega >= 16.370001)) && F[9,10]((throttle >= 0.747800)) -> F[13,15]((gear == 4.000000))",
Gearbox,threshold_gear4,43,"G(F[0,0]((omega >= 20.500000)) && F[7,8]((throttle >= 0.747800)) -> F[11,13]((gear == 4.000000)))","F[0,0]((omega >= 20.500000)) && F[7,8]((throttle >= 0.747800)) -> F[11,13]((gear == 4.000000))",
Gearbox,threshold_gear4,44,"G(F[0,0]((omega >= 31.820000)) && F[0,1]((throttle >= 0.747800)) -> F[4,6]((gear == 4.000000)))","F[0,0]((omega >= 31.820000)) && F[0,1]((throttle >= 0.747800)) -> F[4,6]((gear == 4.000000))",
Gearbox,threshold_gear4,45,"G(F[0,0]((omega >= 27.920000)) && F[2,3]((throttle >= 0.747800)) -> F[6,8]((gear == 4.000000)))","F[0,0]((omega >= 27.920000)) && F[2,3]((throttle >= 0.747800)) -> F[6,8]((gear == 4.000000))",
Gearbox,threshold_gear4,46,"G(F[0,0]((omega >= 31.820000)) && F[0,2]((throttle >= 0.747800)) -> F[4,7]((gear == 4.000000)))","F[0,0]((omega >= 31.820000)) && F[0,2]((throttle >= 0.747800)) -> F[4,7]((gear == 4.000000))",
Gearbox,threshold_gear4,47,"G(F[0,0]((omega >= 25.059999)) && F[4,6]((throttle >= 0.747800)) -> F[8,11]((gear == 4.000000)))","F[0,0]((omega >= 25.059999)) && F[4,6]((throttle >= 0.747800)) -> F[8,11]((gear == 4.000000))",
Gearbox,threshold_gear4,48,"G(F[0,0]((omega >= 18.180000)) && F[7,8]((throttle >= 0.867500)) -> F[11,14]((gear == 4.000000)))","F[0,0]((omega >= 18.180000)) && F[7,8]((throttle >= 0.867500)) -> F[11,14]((gear == 4.000000))",
Gearbox,threshold_gear4,49,"G(F[0,0]((omega >= 30.020000)) && F[0,1]((throttle >= 0.867500)) -> F[4,7]((gear == 4.000000)))","F[0,0]((omega >= 30.020000)) && F[0,1]((throttle >= 0.867500)) -> F[4,7]((gear == 4.000000))",
Gearbox,threshold_gear4,50,"G(F[0,0]((omega >= 15.180000)) && F[9,10]((throttle >= 0.867500)) -> F[13,16]((gear == 4.000000)))","F[0,0]((omega >= 15.180000)) && F[9,10]((throttle >= 0.867500)) -> F[13,16]((gear == 4.000000))",
Gearbox,threshold_gear4,51,"G(F[0,0]((omega >= 22.580000)) && F[5,6]((throttle >= 0.867500)) -> F[9,12]((gear == 4.000000)))","F[0,0]((omega >= 22.580000)) && F[5,6]((throttle >= 0.867500)) -> F[9,12]((gear == 4.000000))",
Gearbox,threshold_gear4,52,"G(F[0,0]((omega >= 26.200001)) && F[2,4]((throttle >= 0.867500)) -> F[6,10]((gear == 4.000000)))","F[0,0]((omega >= 26.200001)) && F[2,4]((throttle >= 0.867500)) -> F[6,10]((gear == 4.000000))",
Gearbox,threshold_gear4,53,"G(F[0,0]((omega >= 20.500000)) && F[7,10]((throttle >= 0.747800)) -> F[11,15]((gear == 4.000000)))","F[0,0]((omega >= 20.500000)) && F[7,10]((throttle >= 0.747800)) -> F[11,15]((gear == 4.000000))",
Gearbox,threshold_gear4,54,"G(F[0,0]((omega >= 20.500000)) && F[7,8]((throttle >= 0.747800)) -> F[9,13]((gear == 4.000000)))","F[0,0]((omega >= 20.500000)) && F[7,8]((throttle >= 0.747800)) -> F[9,13]((gear == 4.000000))",
Gearbox,threshold_gear4,55,"G(F[0,0]((omega >= 24.049999)) && F[4,6]((throttle >= 0.867500)) -> F[8,12]((gear == 4.000000)))","F[0,0]((omega >= 24.049999)) && F[4,6]((throttle >= 0.867500)) -> F[8,12]((gear == 4.000000))",
Gearbox,threshold_gear4,56,"G(F[0,0]((omega >= 31.820000)) && F[0,1]((throttle >= 0.747800)) -> F[2,6]((gear == 4.000000)))","F[0,0]((omega >= 31.820000)) && F[0,1]((throttle >= 0.747800)) -> F[2,6]((gear == 4.000000))",
Gearbox,threshold_gear4,57,"G(F[0,0]((omega >= 27.920000)) && F[2,3]((throttle >= 0.747800)) -> F[4,8]((gear == 4.000000)))","F[0,0]((omega >= 27.920000)) && F[2,3]((throttle >= 0.747800)) -> F[4,8]((gear == 4.000000))",
Gearbox,threshold_gear4,58,"G(F[0,0]((omega >= 26.200001)) && F[3,6]((throttle >= 0.747800)) -> F[7,11]((gear == 4.000000)))","F[0,0]((omega >= 26.200001)) && F[3,6]((throttle >= 0.747800)) -> F[7,11]((gear == 4.000000))",
Gearbox,threshold_gear4,59,"G(F[0,0]((omega >= 16.370001)) && F[9,10]((throttle >= 0.747800)) -> F[11,15]((gear == 4.000000)))","F[0,0]((omega >= 16.370001)) && F[9,10]((throttle >= 0.747800)) -> F[11,15]((gear == 4.000000))",
Gearbox,threshold_gear4,60,"G(F[0,0]((omega >= 30.020000)) && F[3,4]((throttle >= 0.540100)) -> F[3,7]((gear == 4.000000)))","F[0,0]((omega >= 30.020000)) && F[3,4]((throttle >= 0.540100)) -> F[3,7]((gear == 4.000000))",
Gearbox,threshold_gear4,61,"G(F[0,0]((omega >= 22.580000)) && F[8,10]((throttle >= 0.540100)) -> F[8,13]((gear == 4.000000)))","F[0,0]((omega >= 22.580000)) && F[8,10]((throttle >= 0.540100)) -> F[8,13]((gear == 4.000000))",
Gearbox,threshold_gear4,62,"G(F[0,0]((omega >= 25.059999)) && F[4,6]((throttle >= 0.747800)) -> F[6,11]((gear == 4.000000)))","F[0,0]((omega >= 25.059999)) && F[4,6]((throttle >= 0.747800)) -> F[6,11]((gear == 4.000000))",
Gearbox,threshold_gear4,63,"G(F[0,0]((omega >= 33.910000)) && F[0,2]((throttle >= 0.540100)) -> F[0,5]((gear == 4.000000)))","F[0,0]((omega >= 33.910000)) && F[0,2]((throttle >= 0.540100)) -> F[0,5]((gear == 4.000000))",
Gearbox,threshold_gear4,64,"G(F[0,0]((omega >= 31.820000)) && F[0,2]((throttle >= 0.747800)) -> F[2,7]((gear == 4.000000)))","F[0,0]((omega >= 31.820000)) && F[0,2]((throttle >= 0.747800)) -> F[2,7]((gear == 4.000000))",
Gearbox,threshold_gear4,65,"G(F[0,0]((omega >= 18.180000)) && F[7,10]((throttle >= 0.867500)) -> F[11,16]((gear == 4.000000)))","F[0,0]((omega >= 18.180000)) && F[7,10]((throttle >= 0.867500)) -> F[11,16]((gear == 4.000000))",
Gearbox,threshold_gear4,66,"G(F[0,0]((omega >= 27.920000)) && F[4,6]((throttle >= 0.540100)) -> F[4,9]((gear == 4.000000)))","F[0,0]((omega >= 27.920000)) && F[4,6]((throttle >= 0.540100)) -> F[4,9]((gear == 4.000000))",
Gearbox,threshold_gear4,67,"G(F[0,0]((omega >= 26.200001)) && F[5,7]((throttle >= 0.540100)) -> F[5,10]((gear == 4.000000)))","F[0,0]((omega >= 26.200001)) && F[5,7]((throttle >= 0.540100)) -> F[5,10]((gear == 4.000000))",
Gearbox,threshold_gear4,68,"G(F[0,0]((omega >= 24.049999)) && F[7,9]((throttle >= 0.540100)) -> F[7,12]((gear == 4.000000)))","F[0,0]((omega >= 24.049999)) && F[7,9]((throttle >= 0.540100)) -> F[7,12]((gear == 4.000000))",
Gearbox,threshold_gear4,69,"G(F[0,0]((omega >= 30.020000)) && F[0,3]((throttle >= 0.867500)) -> F[4,9]((gear == 4.000000)))","F[0,0]((omega >= 30.020000)) && F[0,3]((throttle >= 0.867500)) -> F[4,9]((gear == 4.000000))",
Gearbox,threshold_gear4,70,"G(F[0,0]((omega >= 27.920000)) && F[4,7]((throttle >= 0.540100)) -> F[4,10]((gear == 4.000000)))","F[0,0]((omega >= 27.920000)) && F[4,7]((throttle >= 0.540100)) -> F[4,10]((gear == 4.000000))",
Gearbox,threshold_gear4,71,"G(F[0,0]((omega >= 20.500000)) && F[6,10]((throttle >= 0.867500)) -> F[10,16]((gear == 4.000000)))","F[0,0]((omega >= 20.500000)) && F[6,10]((throttle >= 0.867500)) -> F[10,16]((gear == 4.000000))",
Gearbox,threshold_gear4,72,"G(F[0,0]((omega >= 26.200001)) && F[3,6]((throttle >= 0.747800)) -> F[5,11]((gear == 4.000000)))","F[0,0]((omega >= 26.200001)) && F[3,6]((throttle >= 0.747800)) -> F[5,11]((gear == 4.000000))",
Gearbox,threshold_gear4,73,"G(F[0,0]((omega >= 20.500000)) && F[7,10]((throttle >= 0.747800)) -> F[9,15]((gear == 4.000000)))","F[0,0]((omega >= 20.500000)) && F[7,10]((throttle >= 0.747800)) -> F[9,15]((gear == 4.000000))",
Gearbox,threshold_gear4,74,"G(F[0,0]((omega >= 33.910000)) && F[0,3]((throttle >= 0.540100)) -> F[0,6]((gear == 4.000000)))","F[0,0]((omega >= 33.910000)) && F[0,3]((throttle >= 0.540100)) -> F[0,6]((gear == 4.000000))",
Gearbox,threshold_gear4,75,"G(F[0,0]((omega >= 31.820000)) && F[0,6]((throttle >= 0.747800)) -> F[4,11]((gear == 4.000000)))","F[0,0]((omega >= 31.820000)) && F[0,6]((throttle >= 0.747800)) -> F[4,11]((gear == 4.000000))",
Gearbox,threshold_gear4,76,"G(F[0,0]((omega >= 30.020000)) && F[0,5]((throttle >= 0.867500)) -> F[4,11]((gear == 4.000000)))","F[0,0]((omega >= 30.020000)) && F[0,5]((throttle >= 0.867500)) -> F[4,11]((gear == 4.000000))",
Gearbox,threshold_gear4,77,"G(F[0,0]((omega >= 25.059999)) && F[6,10]((throttle >= 0.540100)) -> F[6,13]((gear == 4.000000)))","F[0,0]((omega >= 25.059999)) && F[6,10]((throttle >= 0.540100)) -> F[6,13]((gear == 4.000000))",
Gearbox,threshold_gear4,78,"G(F[0,0]((omega >= 33.910000)) && F[0,5]((throttle >= 0.540100)) -> F[0,8]((gear == 4.000000)))","F[0,0]((omega >= 33.910000)) && F[0,5]((throttle >= 0.540100)) -> F[0,8]((gear == 4.000000))",
Gearbox,threshold_gear4,79,"G(F[0,0]((omega >= 31.820000)) && F[0,6]((throttle >= 0.747800)) -> F[2,11]((gear == 4.000000)))","F[0,0]((omega >= 31.820000)) && F[0,6]((throttle >= 0.747800)) -> F[2,11]((gear == 4.000000))",
Gearbox,threshold_gear4,80,"G(F[0,0]((omega >= 31.820000)) && F[0,10]((throttle >= 0.747800)) -> F[4,15]((gear == 4.000000)))","F[0,0]((omega >= 31.820000)) && F[0,10]((throttle >= 0.747800)) -> F[4,15]((gear == 4.000000))",
Gearbox,threshold_gear4,81,"G(F[0,0]((omega >= 30.020000)) && F[0,10]((throttle >= 0.867500)) -> F[4,16]((gear == 4.000000)))","F[0,0]((omega >= 30.020000)) && F[0,10]((throttle >= 0.867500)) -> F[4,16]((gear == 4.000000))",
Gearbox,threshold_gear4,82,"G(F[0,0]((omega >= 31.820000)) && F[0,10]((throttle >= 0.747800)) -> F[2,15]((gear == 4.000000)))","F[0,0]((omega >= 31.820000)) && F[0,10]((throttle >= 0.747800)) -> F[2,15]((gear == 4.000000))",
Gearbox,threshold_gear4,83,"G(F[0,0]((omega >= 33.910000)) && F[0,10]((throttle >= 0.540100)) -> F[0,13]((gear == 4.000000)))","F[0,0]((omega >= 33.910000)) && F[0,10]((throttle >= 0.540100)) -> F[0,13]((gear == 4.000000))",
ControlledPU,Transmission gear 4,1,"G(F[0,0]((omega_trans >= 11.191000)) && F[0,10]((omega_motor <= 11.862500)) -> F[0,11]((gear == 4.000000)))","F[0,0]((omega_trans >= 11.191000)) && F[0,10]((omega_motor <= 11.862500)) -> F[0,11]((gear == 4.000000))",
ControlledPU,Transmission gear 4,2,"G(F[0,0]((omega_trans >= 36.850100)) && F[0,10]((omega_motor <= 28.562300)) -> F[2,14]((gear == 4.000000)))","F[0,0]((omega_trans >= 36.850100)) && F[0,10]((omega_motor <= 28.562300)) -> F[2,14]((gear == 4.000000))",
ControlledPU,Transmission gear 4,3,"G(F[0,0]((omega_trans >= 11.191000)) && F[0,10]((omega_motor <= 11.862500)) -> F[0,13]((gear == 4.000000)))","F[0,0]((omega_trans >= 11.191000)) && F[0,10]((omega_motor <= 11.862500)) -> F[0,13]((gear == 4.000000))",
ControlledPU,Transmission gear 4,4,"G(F[0,0]((omega_trans >= 11.191000)) && F[0,10]((omega_motor <= 11.862500)) -> F[0,14]((gear == 4.000000)))","F[0,0]((omega_trans >= 11.191000)) && F[0,10]((omega_motor <= 11.862500)) -> F[0,14]((gear == 4.000000))",
ControlledPU,Transmission gear 4,5,"G(F[0,0]((omega_trans >= 11.191000)) && F[0,10]((omega_motor <= 11.862500)) -> F[0,20]((gear == 4.000000)))","F[0,0]((omega_trans >= 11.191000)) && F[0,10]((omega_motor <= 11.862500)) -> F[0,20]((gear == 4.000000))",
ControlledPU,Transmission gear 4,6,"G(F[0,0]((omega_trans >= 58.158500)) && F[3,10]((omega_motor <= 28.562300)) -> F[5,14]((gear == 4.000000)))","F[0,0]((omega_trans >= 58.158500)) && F[3,10]((omega_motor <= 28.562300)) -> F[5,14]((gear == 4.000000))",
ControlledPU,Transmission gear 4,7,"G(F[0,0]((omega_trans >= 51.920800)) && F[4,10]((omega_motor <= 11.862500)) -> F[4,11]((gear == 4.000000)))","F[0,0]((omega_trans >= 51.920800)) && F[4,10]((omega_motor <= 11.862500)) -> F[4,11]((gear == 4.000000))",
ControlledPU,Transmission gear 4,8,"G(F[0,0]((omega_trans >= 51.920800)) && F[4,10]((omega_motor <= 11.862500)) -> F[4,13]((gear == 4.000000)))","F[0,0]((omega_trans >= 51.920800)) && F[4,10]((omega_motor <= 11.862500)) -> F[4,13]((gear == 4.000000))",
ControlledPU,Transmission gear 4,9,"G(F[0,0]((omega_trans >= 51.920800)) && F[4,10]((omega_motor <= 11.862500)) -> F[4,14]((gear == 4.000000)))","F[0,0]((omega_trans >= 51.920800)) && F[4,10]((omega_motor <= 11.862500)) -> F[4,14]((gear == 4.000000))",
ControlledPU,Transmission gear 4,10,"G(F[0,0]((omega_trans >= 51.920800)) && F[4,10]((omega_motor <= 11.862500)) -> F[4,20]((gear == 4.000000)))","F[0,0]((omega_trans >= 51.920800)) && F[4,10]((omega_motor <= 11.862500)) -> F[4,20]((gear == 4.000000))",
ControlledPU,Transmission gear 4,11,"G(F[0,0]((omega_trans >= 58.158500)) && F[5,10]((omega_motor <= 11.862500)) -> F[5,11]((gear == 4.000000)))","F[0,0]((omega_trans >= 58.158500)) && F[5,10]((omega_motor <= 11.862500)) -> F[5,11]((gear == 4.000000))",
ControlledPU,Transmission gear 4,12,"G(F[0,0]((omega_trans >= 66.876500)) && F[5,10]((omega_motor <= 28.562300)) -> F[7,14]((gear == 4.000000)))","F[0,0]((omega_trans >= 66.876500)) && F[5,10]((omega_motor <= 28.562300)) -> F[7,14]((gear == 4.000000))",
ControlledPU,Transmission gear 4,13,"G(F[0,0]((omega_trans >= 58.158500)) && F[5,10]((omega_motor <= 11.862500)) -> F[5,13]((gear == 4.000000)))","F[0,0]((omega_trans >= 58.158500)) && F[5,10]((omega_motor <= 11.862500)) -> F[5,13]((gear == 4.000000))",
ControlledPU,Transmission gear 4,14,"G(F[0,0]((omega_trans >= 58.158500)) && F[5,10]((omega_motor <= 11.862500)) -> F[5,14]((gear == 4.000000)))","F[0,0]((omega_trans >= 58.158500)) && F[5,10]((omega_motor <= 11.862500)) -> F[5,14]((gear == 4.000000))",
ControlledPU,Transmission gear 4,15,"G(F[0,0]((omega_trans >= 58.158500)) && F[5,10]((omega_motor <= 11.862500)) -> F[5,20]((gear == 4.000000)))","F[0,0]((omega_trans >= 58.158500)) && F[5,10]((omega_motor <= 11.862500)) -> F[5,20]((gear == 4.000000))",
ControlledPU,Transmission gear 4,16,"G(F[0,0]((omega_trans >= 69.098700)) && F[6,10]((omega_motor <= 28.562300)) -> F[8,14]((gear == 4.000000)))","F[0,0]((omega_trans >= 69.098700)) && F[6,10]((omega_motor <= 28.562300)) -> F[8,14]((gear == 4.000000))",
ControlledPU,Transmission gear 4,17,"G(F[0,0]((omega_target == 10.000000)) && F[0,4]((omega_trans >= 69.988300)) -> F[7,14]((gear == 4.000000)))","F[0,0]((omega_target == 10.000000)) && F[0,4]((omega_trans >= 69.988300)) -> F[7,14]((gear == 4.000000))",
ControlledPU,Transmission gear 4,18,"G(F[0,0]((omega_target == 10.000000)) && F[0,3]((omega_motor <= 69.988300)) && F[0,4]((omega_trans >= 69.988300)) -> F[7,14]((gear == 4.000000)))","F[0,0]((omega_target == 10.000000)) && F[0,3]((omega_motor <= 69.988300)) && F[0,4]((omega_trans >= 69.988300)) -> F[7,14]((gear == 4.000000))",
ControlledPU,Transmission gear 4,19,"G(F[0,0]((omega_target == 10.000000)) && F[0,3]((omega_motor <= 69.988300)) && F[0,4]((omega_trans >= 69.988300)) -> F[5,14]((gear == 4.000000)))","F[0,0]((omega_target == 10.000000)) && F[0,3]((omega_motor <= 69.988300)) && F[0,4]((omega_trans >= 69.988300)) -> F[5,14]((gear == 4.000000))",
ControlledPU,Transmission gear 4,20,"G(F[0,0]((omega_target == 10.000000)) && F[0,4]((omega_trans >= 69.988300)) -> F[5,14]((gear == 4.000000)))","F[0,0]((omega_target == 10.000000)) && F[0,4]((omega_trans >= 69.988300)) -> F[5,14]((gear == 4.000000))",
ControlledPU,Transmission gear 4,21,"G(F[0,0]((omega_target == 70.000000)) && F[6,10]((omega_trans <= 69.098700)) && F[12,20]((omega_motor <= 28.562300)) -> F[14,24]((gear == 4.000000)))","F[0,0]((omega_target == 70.000000)) && F[6,10]((omega_trans <= 69.098700)) && F[12,20]((omega_motor <= 28.562300)) -> F[14,24]((gear == 4.000000))",
ControlledPU,Transmission gear 4,22,"G(F[0,0]((omega_target == 10.000000)) && F[0,4]((omega_trans >= 69.988300)) -> F[3,14]((gear == 4.000000)))","F[0,0]((omega_target == 10.000000)) && F[0,4]((omega_trans >= 69.988300)) -> F[3,14]((gear == 4.000000))",
ControlledPU,Transmission gear 4,23,"G(F[0,0]((omega_target == 10.000000)) && F[0,3]((omega_motor <= 69.988300)) && F[0,4]((omega_trans >= 69.988300)) -> F[3,14]((gear == 4.000000)))","F[0,0]((omega_target == 10.000000)) && F[0,3]((omega_motor <= 69.988300)) && F[0,4]((omega_trans >= 69.988300)) -> F[3,14]((gear == 4.000000))",
ControlledPU,Transmission gear 4,24,"G(F[0,0]((omega_target == 10.000000)) && F[0,4]((omega_trans >= 69.988300)) -> F[0,14]((gear == 4.000000)))","F[0,0]((omega_target == 10.000000)) && F[0,4]((omega_trans >= 69.988300)) -> F[0,14]((gear == 4.000000))",
ControlledPU,Transmission gear 4,25,"G(F[0,0]((omega_target == 10.000000)) && F[0,3]((omega_motor <= 69.988300)) && F[0,4]((omega_trans >= 69.988300)) -> F[0,14]((gear == 4.000000)))","F[0,0]((omega_target == 10.000000)) && F[0,3]((omega_motor <= 69.988300)) && F[0,4]((omega_trans >= 69.988300)) -> F[0,14]((gear == 4.000000))",
ControlledPU,Transmission gear 4,26,"G(F[0,0]((omega_trans >= 66.876500)) && F[7,10]((omega_motor <= 11.862500)) -> F[7,11]((gear == 4.000000)))","F[0,0]((omega_trans >= 66.876500)) && F[7,10]((omega_motor <= 11.862500)) -> F[7,11]((gear == 4.000000))",
ControlledPU,Transmission gear 4,27,"G(F[0,0]((omega_trans >= 28.562300)) && F[1,4]((omega_motor <= 11.862500)) -> F[1,5]((gear == 4.000000)))","F[0,0]((omega_trans >= 28.562300)) && F[1,4]((omega_motor <= 11.862500)) -> F[1,5]((gear == 4.000000))",
ControlledPU,Transmission gear 4,28,"G(F[0,0]((omega_trans >= 11.191000)) && F[0,3]((omega_motor <= 11.862500)) -> F[0,4]((gear == 4.000000)))","F[0,0]((omega_trans >= 11.191000)) && F[0,3]((omega_motor <= 11.862500)) -> F[0,4]((gear == 4.000000))",
ControlledPU,Transmission gear 4,29,"G(F[0,0]((omega_trans >= 11.191000)) && F[0,3]((omega_motor <= 11.862500)) -> F[0,6]((gear == 4.000000)))","F[0,0]((omega_trans >= 11.191000)) && F[0,3]((omega_motor <= 11.862500)) -> F[0,6]((gear == 4.000000))",
ControlledPU,Transmission gear 4,30,"G(F[0,0]((omega_target == 10.000000)) && F[1,3]((omega_motor <= 69.988300)) && F[1,4]((omega_trans >= 69.988300)) -> F[8,14]((gear == 4.000000)))","F[0,0]((omega_target == 10.000000)) && F[1,3]((omega_motor <= 69.988300)) && F[1,4]((omega_trans >= 69.988300)) -> F[8,14]((gear == 4.000000))",
ControlledPU,Transmission gear 4,31,"G(F[0,0]((omega_trans >= 28.562300)) && F[1,4]((omega_motor <= 11.862500)) -> F[1,7]((gear == 4.000000)))","F[0,0]((omega_trans >= 28.562300)) && F[1,4]((omega_motor <= 11.862500)) -> F[1,7]((gear == 4.000000))",
ControlledPU,Transmission gear 4,32,"G(F[0,0]((omega_trans >= 66.876500)) && F[7,10]((omega_motor <= 11.862500)) -> F[7,13]((gear == 4.000000)))","F[0,0]((omega_trans >= 66.876500)) && F[7,10]((omega_motor <= 11.862500)) -> F[7,13]((gear == 4.000000))",
ControlledPU,Transmission gear 4,33,"G(F[0,0]((omega_target == 10.000000)) && F[0,3]((omega_motor >= 69.988300)) -> F[6,13]((gear == 4.000000)))","F[0,0]((omega_target == 10.000000)) && F[0,3]((omega_motor >= 69.988300)) -> F[6,13]((gear == 4.000000))",
ControlledPU,Transmission gear 4,34,"G(F[0,0]((omega_trans >= 28.562300)) && F[1,4]((omega_motor <= 11.862500)) -> F[1,8]((gear == 4.000000)))","F[0,0]((omega_trans >= 28.562300)) && F[1,4]((omega_motor <= 11.862500)) -> F[1,8]((gear == 4.000000))",
ControlledPU,Transmission gear 4,35,"G(F[0,0]((omega_trans >= 11.191000)) && F[0,3]((omega_motor <= 11.862500)) -> F[0,7]((gear == 4.000000)))","F[0,0]((omega_trans >= 11.191000)) && F[0,3]((omega_motor <= 11.862500)) -> F[0,7]((gear == 4.000000))",
ControlledPU,Transmission gear 4,36,"G(F[0,0]((omega_trans >= 66.876500)) && F[7,10]((omega_motor <= 11.862500)) -> F[7,14]((gear == 4.000000)))","F[0,0]((omega_trans >= 66.876500)) && F[7,10]((omega_motor <= 11.862500)) -> F[7,14]((gear == 4.000000))",
ControlledPU,Transmission gear 4,37,"G(F[0,0]((omega_target == 70.000000)) && F[7,10]((omega_trans <= 66.876500)) && F[14,20]((omega_motor <= 11.862500)) -> F[14,21]((gear == 4.000000)))","F[0,0]((omega_target == 70.000000)) && F[7,10]((omega_trans <= 66.876500)) && F[14,20]((omega_motor <= 11.862500)) -> F[14,21]((gear == 4.000000))",
ControlledPU,Transmission gear 4,38,"G(F[0,0]((omega_target == 10.000000)) && F[1,3]((omega_motor <= 69.988300)) && F[1,4]((omega_trans >= 69.988300)) -> F[6,14]((gear == 4.000000)))","F[0,0]((omega_target == 10.000000)) && F[1,3]((omega_motor <= 69.988300)) && F[1,4]((omega_trans >= 69.988300)) -> F[6,14]((gear == 4.000000))",
ControlledPU,Transmission gear 4,39,"G(F[0,0]((omega_target == 70.000000)) && F[7,10]((omega_trans <= 66.876500)) && F[14,20]((omega_motor <= 11.862500)) -> F[14,23]((gear == 4.000000)))","F[0,0]((omega_target == 70.000000)) && F[7,10]((omega_trans <= 66.876500)) && F[14,20]((omega_motor <= 11.862500)) -> F[14,23]((gear == 4.000000))",
ControlledPU,Transmission gear 4,40,"G(F[0,0]((omega_target == 10.000000)) && F[1,3]((omega_motor <= 69.988300)) && F[1,4]((omega_trans >= 69.988300)) -> F[4,14]((gear == 4.000000)))","F[0,0]((omega_target == 10.000000)) && F[1,3]((omega_motor <= 69.988300)) && F[1,4]((omega_trans >= 69.988300)) -> F[4,14]((gear == 4.000000))",
ControlledPU,Transmission gear 4,41,"G(F[0,0]((omega_target == 70.000000)) && F[7,10]((omega_trans <= 66.876500)) && F[14,20]((omega_motor <= 11.862500)) -> F[14,24]((gear == 4.000000)))","F[0,0]((omega_target == 70.000000)) && F[7,10]((omega_trans <= 66.876500)) && F[14,20]((omega_motor <= 11.862500)) -> F[14,24]((gear == 4.000000))",
ControlledPU,Transmission gear 4,42,"G(F[0,0]((omega_target == 70.000000)) && F[7,10]((omega_trans <= 66.876500)) && F[12,20]((omega_motor <= 28.562300)) -> F[14,24]((gear == 4.000000)))","F[0,0]((omega_target == 70.000000)) && F[7,10]((omega_trans <= 66.876500)) && F[12,20]((omega_motor <= 28.562300)) -> F[14,24]((gear == 4.000000))",
ControlledPU,Transmission gear 4,43,"G(F[0,0]((omega_trans >= 28.562300)) && F[1,4]((omega_motor <= 11.862500)) -> F[1,14]((gear == 4.000000)))","F[0,0]((omega_trans >= 28.562300)) && F[1,4]((omega_motor <= 11.862500)) -> F[1,14]((gear == 4.000000))",
ControlledPU,Transmission gear 4,44,"G(F[0,0]((omega_trans >= 11.191000)) && F[0,3]((omega_motor <= 11.862500)) -> F[0,13]((gear == 4.000000)))","F[0,0]((omega_trans >= 11.191000)) && F[0,3]((omega_motor <= 11.862500)) -> F[0,13]((gear == 4.000000))",
ControlledPU,Transmission gear 4,45,"G(F[0,0]((omega_target == 10.000000)) && F[1,3]((omega_motor <= 69.988300)) && F[1,4]((omega_trans >= 69.988300)) -> F[1,14]((gear == 4.000000)))","F[0,0]((omega_target == 10.000000)) && F[1,3]((omega_motor <= 69.988300)) && F[1,4]((omega_trans >= 69.988300)) -> F[1,14]((gear == 4.000000))",
ControlledPU,Transmission gear 4,46,"G(F[0,0]((omega_trans >= 66.876500)) && F[7,10]((omega_motor <= 11.862500)) -> F[7,20]((gear == 4.000000)))","F[0,0]((omega_trans >= 66.876500)) && F[7,10]((omega_motor <= 11.862500)) -> F[7,20]((gear == 4.000000))",
ControlledPU,Transmission gear 4,47,"G(F[0,0]((omega_target == 70.000000)) && F[7,10]((omega_trans <= 66.876500)) && F[14,20]((omega_motor <= 11.862500)) -> F[14,30]((gear == 4.000000)))","F[0,0]((omega_target == 70.000000)) && F[7,10]((omega_trans <= 66.876500)) && F[14,20]((omega_motor <= 11.862500)) -> F[14,30]((gear == 4.000000))",
ControlledPU,Transmission gear 4,48,"G(F[0,0]((omega_trans >= 36.850100)) && F[2,4]((omega_motor <= 11.862500)) -> F[2,5]((gear == 4.000000)))","F[0,0]((omega_trans >= 36.850100)) && F[2,4]((omega_motor <= 11.862500)) -> F[2,5]((gear == 4.000000))",
ControlledPU,Transmission gear 4,49,"G(F[0,0]((omega_trans >= 36.850100)) && F[0,2]((omega_motor <= 28.562300)) -> F[2,6]((gear == 4.000000)))","F[0,0]((omega_trans >= 36.850100)) && F[0,2]((omega_motor <= 28.562300)) -> F[2,6]((gear == 4.000000))",
ControlledPU,Transmission gear 4,50,"G(F[0,0]((omega_trans >= 51.920800)) && F[2,4]((omega_motor <= 28.562300)) -> F[4,8]((gear == 4.000000)))","F[0,0]((omega_trans >= 51.920800)) && F[2,4]((omega_motor <= 28.562300)) -> F[4,8]((gear == 4.000000))",
ControlledPU,Transmission gear 4,51,"G(F[0,0]((omega_target == 10.000000)) && F[0,1]((omega_motor <= 69.977600)) && F[2,4]((omega_trans >= 69.988300)) -> F[9,14]((gear == 4.000000)))","F[0,0]((omega_target == 10.000000)) && F[0,1]((omega_motor <= 69.977600)) && F[2,4]((omega_trans >= 69.988300)) -> F[9,14]((gear == 4.000000))",
ControlledPU,Transmission gear 4,52,"G(F[0,0]((omega_trans >= 36.850100)) && F[2,4]((omega_motor <= 11.862500)) -> F[2,7]((gear == 4.000000)))","F[0,0]((omega_trans >= 36.850100)) && F[2,4]((omega_motor <= 11.862500)) -> F[2,7]((gear == 4.000000))",
ControlledPU,Transmission gear 4,53,"G(F[0,0]((omega_target == 10.000000)) && F[2,4]((omega_trans >= 69.988300)) -> F[9,14]((gear == 4.000000)))","F[0,0]((omega_target == 10.000000)) && F[2,4]((omega_trans >= 69.988300)) -> F[9,14]((gear == 4.000000))",
ControlledPU,Transmission gear 4,54,"G(F[0,0]((omega_target == 70.000000)) && F[7,9]((omega_trans <= 66.876500)) && F[14,19]((omega_motor <= 11.862500)) -> F[14,20]((gear == 4.000000)))","F[0,0]((omega_target == 70.000000)) && F[7,9]((omega_trans <= 66.876500)) && F[14,19]((omega_motor <= 11.862500)) -> F[14,20]((gear == 4.000000))",
ControlledPU,Transmission gear 4,55,"G(F[0,0]((omega_trans >= 36.850100)) && F[2,4]((omega_motor <= 11.862500)) -> F[2,8]((gear == 4.000000)))","F[0,0]((omega_trans >= 36.850100)) && F[2,4]((omega_motor <= 11.862500)) -> F[2,8]((gear == 4.000000))",
ControlledPU,Transmission gear 4,56,"G(F[0,0]((omega_target == 10.000000)) && F[0,1]((omega_motor <= 69.977600)) && F[2,4]((omega_trans >= 69.988300)) -> F[7,14]((gear == 4.000000)))","F[0,0]((omega_target == 10.000000)) && F[0,1]((omega_motor <= 69.977600)) && F[2,4]((omega_trans >= 69.988300)) -> F[7,14]((gear == 4.000000))",
ControlledPU,Transmission gear 4,57,"G(F[0,0]((omega_target == 10.000000)) && F[2,4]((omega_trans >= 69.988300)) -> F[7,14]((gear == 4.000000)))","F[0,0]((omega_target == 10.000000)) && F[2,4]((omega_trans >= 69.988300)) -> F[7,14]((gear == 4.000000))",
ControlledPU,Transmission gear 4,58,"G(F[0,0]((omega_target == 70.000000)) && F[7,9]((omega_trans <= 66.876500)) && F[14,19]((omega_motor <= 11.862500)) -> F[14,22]((gear == 4.000000)))","F[0,0]((omega_target == 70.000000)) && F[7,9]((omega_trans <= 66.876500)) && F[14,19]((omega_motor <= 11.862500)) -> F[14,22]((gear == 4.000000))",
ControlledPU,Transmission gear 4,59,"G(F[0,0]((omega_target == 10.000000)) && F[2,4]((omega_trans >= 69.988300)) -> F[5,14]((gear == 4.000000)))","F[0,0]((omega_target == 10.000000)) && F[2,4]((omega_trans >= 69.988300)) -> F[5,14]((gear == 4.000000))",
ControlledPU,Transmission gear 4,60,"G(F[0,0]((omega_target == 10.000000)) && F[0,1]((omega_motor <= 69.977600)) && F[2,4]((omega_trans >= 69.988300)) -> F[5,14]((gear == 4.000000)))","F[0,0]((omega_target == 10.000000)) && F[0,1]((omega_motor <= 69.977600)) && F[2,4]((omega_trans >= 69.988300)) -> F[5,14]((gear == 4.000000))",
ControlledPU,Transmission gear 4,61,"G(F[0,0]((omega_target == 70.000000)) && F[7,9]((omega_trans <= 66.876500)) && F[14,19]((omega_motor <= 11.862500)) -> F[14,23]((gear == 4.000000)))","F[0,0]((omega_target == 70.000000)) && F[7,9]((omega_trans <= 66.876500)) && F[14,19]((omega_motor <= 11.862500)) -> F[14,23]((gear == 4.000000))",
ControlledPU,Transmission gear 4,62,"G(F[0,0]((omega_target == 70.000000)) && F[7,9]((omega_trans <= 66.876500)) && F[12,19]((omega_motor <= 28.562300)) -> F[14,23]((gear == 4.000000)))","F[0,0]((omega_target == 70.000000)) && F[7,9]((omega_trans <= 66.876500)) && F[12,19]((omega_motor <= 28.562300)) -> F[14,23]((gear == 4.000000))",
ControlledPU,Transmission gear 4,63,"G(F[0,0]((omega_target == 10.000000)) && F[2,4]((omega_trans >= 69.988300)) -> F[2,14]((gear == 4.000000)))","F[0,0]((omega_target == 10.000000)) && F[2,4]((omega_trans >= 69.988300)) -> F[2,14]((gear == 4.000000))",
ControlledPU,Transmission gear 4,64,"G(F[0,0]((omega_trans >= 36.850100)) && F[2,4]((omega_motor <= 11.862500)) -> F[2,14]((gear == 4.000000)))","F[0,0]((omega_trans >= 36.850100)) && F[2,4]((omega_motor <= 11.862500)) -> F[2,14]((gear == 4.000000))",
ControlledPU,Transmission gear 4,65,"G(F[0,0]((omega_target == 10.000000)) && F[0,1]((omega_motor <= 69.977600)) && F[2,4]((omega_trans >= 69.988300)) -> F[2,14]((gear == 4.000000)))","F[0,0]((omega_target == 10.000000)) && F[0,1]((omega_motor <= 69.977600)) && F[2,4]((omega_trans >= 69.988300)) -> F[2,14]((gear == 4.000000))",
ControlledPU,Transmission gear 4,66,"G(F[0,0]((omega_target == 70.000000)) && F[7,9]((omega_trans <= 66.876500)) && F[14,19]((omega_motor <= 11.862500)) -> F[14,29]((gear == 4.000000)))","F[0,0]((omega_target == 70.000000)) && F[7,9]((omega_trans <= 66.876500)) && F[14,19]((omega_motor <= 11.862500)) -> F[14,29]((gear == 4.000000))",
ControlledPU,Transmission gear 4,67,"G(F[0,0]((omega_trans >= 58.158500)) && F[5,6]((omega_motor <= 11.862500)) -> F[5,7]((gear == 4.000000)))","F[0,0]((omega_trans >= 58.158500)) && F[5,6]((omega_motor <= 11.862500)) -> F[5,7]((gear == 4.000000))",
ControlledPU,Transmission gear 4,68,"G(F[0,0]((omega_trans >= 36.850100)) && F[0,1]((omega_motor <= 28.562300)) -> F[2,5]((gear == 4.000000)))","F[0,0]((omega_trans >= 36.850100)) && F[0,1]((omega_motor <= 28.562300)) -> F[2,5]((gear == 4.000000))",
ControlledPU,Transmission gear 4,69,"G(F[0,0]((omega_trans >= 63.204300)) && F[4,5]((omega_motor <= 28.562300)) -> F[6,9]((gear == 4.000000)))","F[0,0]((omega_trans >= 63.204300)) && F[4,5]((omega_motor <= 28.562300)) -> F[6,9]((gear == 4.000000))",
ControlledPU,Transmission gear 4,70,"G(F[0,0]((omega_target == 70.000000)) && F[9,10]((omega_trans <= 58.158500)) && F[14,16]((omega_motor <= 11.862500)) -> F[14,17]((gear == 4.000000)))","F[0,0]((omega_target == 70.000000)) && F[9,10]((omega_trans <= 58.158500)) && F[14,16]((omega_motor <= 11.862500)) -> F[14,17]((gear == 4.000000))",
ControlledPU,Transmission gear 4,71,"G(F[0,0]((omega_trans >= 51.920800)) && F[2,3]((omega_motor <= 28.562300)) -> F[4,7]((gear == 4.000000)))","F[0,0]((omega_trans >= 51.920800)) && F[2,3]((omega_motor <= 28.562300)) -> F[4,7]((gear == 4.000000))",
ControlledPU,Transmission gear 4,72,"G(F[0,0]((omega_target == 10.000000)) && F[0,0]((omega_motor <= 69.988300)) && F[0,1]((omega_trans >= 69.988300)) -> F[7,11]((gear == 4.000000)))","F[0,0]((omega_target == 10.000000)) && F[0,0]((omega_motor <= 69.988300)) && F[0,1]((omega_trans >= 69.988300)) -> F[7,11]((gear == 4.000000))",
ControlledPU,Transmission gear 4,73,"G(F[0,0]((omega_target == 10.000000)) && F[0,1]((omega_trans >= 69.988300)) -> F[7,11]((gear == 4.000000)))","F[0,0]((omega_target == 10.000000)) && F[0,1]((omega_trans >= 69.988300)) -> F[7,11]((gear == 4.000000))",
ControlledPU,Transmission gear 4,74,"G(F[0,0]((omega_trans >= 58.158500)) && F[5,6]((omega_motor <= 11.862500)) -> F[5,9]((gear == 4.000000)))","F[0,0]((omega_trans >= 58.158500)) && F[5,6]((omega_motor <= 11.862500)) -> F[5,9]((gear == 4.000000))",
ControlledPU,Transmission gear 4,75,"G(F[0,0]((omega_trans >= 58.158500)) && F[5,6]((omega_motor <= 11.862500)) -> F[5,10]((gear == 4.000000)))","F[0,0]((omega_trans >= 58.158500)) && F[5,6]((omega_motor <= 11.862500)) -> F[5,10]((gear == 4.000000))",
ControlledPU,Transmission gear 4,76,"G(F[0,0]((omega_target == 10.000000)) && F[0,1]((omega_motor <= 69.967200)) && F[2,4]((omega_trans >= 69.988300)) -> F[9,14]((gear == 4.000000)))","F[0,0]((omega_target == 10.000000)) && F[0,1]((omega_motor <= 69.967200)) && F[2,4]((omega_trans >= 69.988300)) -> F[9,14]((gear == 4.000000))",
ControlledPU,Transmission gear 4,77,"G(F[0,0]((omega_target == 70.000000)) && F[9,10]((omega_trans <= 58.158500)) && F[14,16]((omega_motor <= 11.862500)) -> F[14,19]((gear == 4.000000)))","F[0,0]((omega_target == 70.000000)) && F[9,10]((omega_trans <= 58.158500)) && F[14,16]((omega_motor <= 11.862500)) -> F[14,19]((gear == 4.000000))",
ControlledPU,Transmission gear 4,78,"G(F[0,0]((omega_target == 10.000000)) && F[0,1]((omega_motor >= 69.988300)) -> F[6,11]((gear == 4.000000)))","F[0,0]((omega_target == 10.000000)) && F[0,1]((omega_motor >= 69.988300)) -> F[6,11]((gear == 4.000000))",
ControlledPU,Transmission gear 4,79,"G(F[0,0]((omega_target == 10.000000)) && F[2,3]((omega_motor >= 69.988300)) -> F[8,13]((gear == 4.000000)))","F[0,0]((omega_target == 10.000000)) && F[2,3]((omega_motor >= 69.988300)) -> F[8,13]((gear == 4.000000))",
ControlledPU,Transmission gear 4,80,"G(F[0,0]((omega_target == 10.000000)) && F[0,1]((omega_trans >= 69.988300)) -> F[5,11]((gear == 4.000000)))","F[0,0]((omega_target == 10.000000)) && F[0,1]((omega_trans >= 69.988300)) -> F[5,11]((gear == 4.000000))",
ControlledPU,Transmission gear 4,81,"G(F[0,0]((omega_target == 70.000000)) && F[9,10]((omega_trans <= 58.158500)) && F[14,16]((omega_motor <= 11.862500)) -> F[14,20]((gear == 4.000000)))","F[0,0]((omega_target == 70.000000)) && F[9,10]((omega_trans <= 58.158500)) && F[14,16]((omega_motor <= 11.862500)) -> F[14,20]((gear == 4.000000))",
ControlledPU,Transmission gear 4,82,"G(F[0,0]((omega_target == 10.000000)) && F[0,1]((omega_trans >= 69.957200)) && F[2,4]((omega_motor >= 69.988300)) -> F[8,14]((gear == 4.000000)))","F[0,0]((omega_target == 10.000000)) && F[0,1]((omega_trans >= 69.957200)) && F[2,4]((omega_motor >= 69.988300)) -> F[8,14]((gear == 4.000000))",
ControlledPU,Transmission gear 4,83,"G(F[0,0]((omega_target == 10.000000)) && F[0,0]((omega_motor <= 69.988300)) && F[0,1]((omega_trans >= 69.988300)) -> F[5,11]((gear == 4.000000)))","F[0,0]((omega_target == 10.000000)) && F[0,0]((omega_motor <= 69.988300)) && F[0,1]((omega_trans >= 69.988300)) -> F[5,11]((gear == 4.000000))",
ControlledPU,Transmission gear 4,84,"G(F[0,0]((omega_target == 10.000000)) && F[0,1]((omega_motor <= 69.967200)) && F[2,4]((omega_trans >= 69.988300)) -> F[7,14]((gear == 4.000000)))","F[0,0]((omega_target == 10.000000)) && F[0,1]((omega_motor <= 69.967200)) && F[2,4]((omega_trans >= 69.988300)) -> F[7,14]((gear == 4.000000))",
ControlledPU,Transmission gear 4,85,"G(F[0,0]((omega_target == 70.000000)) && F[6,7]((omega_trans <= 69.098700)) && F[12,17]((omega_motor <= 28.562300)) -> F[14,21]((gear == 4.000000)))","F[0,0]((omega_target == 70.000000)) && F[6,7]((omega_trans <= 69.098700)) && F[12,17]((omega_motor <= 28.562300)) -> F[14,21]((gear == 4.000000))",
ControlledPU,Transmission gear 4,86,"G(F[0,0]((omega_target == 10.000000)) && F[0,0]((omega_motor <= 69.988300)) && F[0,1]((omega_trans >= 69.988300)) -> F[3,11]((gear == 4.000000)))","F[0,0]((omega_target == 10.000000)) && F[0,0]((omega_motor <= 69.988300)) && F[0,1]((omega_trans >= 69.988300)) -> F[3,11]((gear == 4.000000))",
ControlledPU,Transmission gear 4,87,"G(F[0,0]((omega_target == 10.000000)) && F[0,1]((omega_trans >= 69.988300)) -> F[3,11]((gear == 4.000000)))","F[0,0]((omega_target == 10.000000)) && F[0,1]((omega_trans >= 69.988300)) -> F[3,11]((gear == 4.000000))",
ControlledPU,Transmission gear 4,88,"G(F[0,0]((omega_target == 10.000000)) && F[0,1]((omega_motor <= 69.967200)) && F[2,4]((omega_trans >= 69.988300)) -> F[5,14]((gear == 4.000000)))","F[0,0]((omega_target == 10.000000)) && F[0,1]((omega_motor <= 69.967200)) && F[2,4]((omega_trans >= 69.988300)) -> F[5,14]((gear == 4.000000))",
ControlledPU,Transmission gear 4,89,"G(F[0,0]((omega_trans >= 58.158500)) && F[5,6]((omega_motor <= 11.862500)) -> F[5,16]((gear == 4.000000)))","F[0,0]((omega_trans >= 58.158500)) && F[5,6]((omega_motor <= 11.862500)) -> F[5,16]((gear == 4.000000))",
ControlledPU,Transmission gear 4,90,"G(F[0,0]((omega_target == 10.000000)) && F[0,1]((omega_trans >= 69.988300)) -> F[0,11]((gear == 4.000000)))","F[0,0]((omega_target == 10.000000)) && F[0,1]((omega_trans >= 69.988300)) -> F[0,11]((gear == 4.000000))",
ControlledPU,Transmission gear 4,91,"G(F[0,0]((omega_target == 10.000000)) && F[0,0]((omega_motor <= 69.988300)) && F[0,1]((omega_trans >= 69.988300)) -> F[0,11]((gear == 4.000000)))","F[0,0]((omega_target == 10.000000)) && F[0,0]((omega_motor <= 69.988300)) && F[0,1]((omega_trans >= 69.988300)) -> F[0,11]((gear == 4.000000))",
ControlledPU,Transmission gear 4,92,"G(F[0,0]((omega_target == 10.000000)) && F[0,1]((omega_motor <= 69.967200)) && F[2,4]((omega_trans >= 69.988300)) -> F[2,14]((gear == 4.000000)))","F[0,0]((omega_target == 10.000000)) && F[0,1]((omega_motor <= 69.967200)) && F[2,4]((omega_trans >= 69.988300)) -> F[2,14]((gear == 4.000000))",
ControlledPU,Transmission gear 4,93,"G(F[0,0]((omega_target == 70.000000)) && F[9,10]((omega_trans <= 58.158500)) && F[14,16]((omega_motor <= 11.862500)) -> F[14,26]((gear == 4.000000)))","F[0,0]((omega_target == 70.000000)) && F[9,10]((omega_trans <= 58.158500)) && F[14,16]((omega_motor <= 11.862500)) -> F[14,26]((gear == 4.000000))",
ControlledPU,Transmission gear 4,94,"G(F[0,0]((omega_trans == 28.562300)) && F[1,1]((omega_motor <= 11.862500)) -> F[1,2]((gear == 4.000000)))","F[0,0]((omega_trans == 28.562300)) && F[1,1]((omega_motor <= 11.862500)) -> F[1,2]((gear == 4.000000))",
ControlledPU,Transmission gear 4,95,"G(F[0,0]((omega_trans == 11.191000)) && F[0,0]((omega_motor <= 11.862500)) -> F[0,1]((gear == 4.000000)))","F[0,0]((omega_trans == 11.191000)) && F[0,0]((omega_motor <= 11.862500)) -> F[0,1]((gear == 4.000000))",
ControlledPU,Transmission gear 4,96,"G(F[0,0]((omega_trans == 69.932700)) && F[10,10]((omega_target == 10.000000)) && F[20,20]((omega_motor <= 11.862500)) -> F[20,21]((gear == 4.000000)))","F[0,0]((omega_trans == 69.932700)) && F[10,10]((omega_target == 10.000000)) && F[20,20]((omega_motor <= 11.862500)) -> F[20,21]((gear == 4.000000))",
ControlledPU,Transmission gear 4,97,"G(F[0,0]((omega_trans >= 63.204300)) && F[5,6]((omega_motor <= 11.862500)) -> F[5,7]((gear == 4.000000)))","F[0,0]((omega_trans >= 63.204300)) && F[5,6]((omega_motor <= 11.862500)) -> F[5,7]((gear == 4.000000))",
ControlledPU,Transmission gear 4,98,"G(F[0,0]((omega_trans == 44.729100)) && F[1,1]((omega_motor <= 28.562300)) -> F[3,5]((gear == 4.000000)))","F[0,0]((omega_trans == 44.729100)) && F[1,1]((omega_motor <= 28.562300)) -> F[3,5]((gear == 4.000000))",
ControlledPU,Transmission gear 4,99,"G(F[0,0]((omega_trans == 69.949200)) && F[10,10]((omega_target == 10.000000)) && F[20,20]((omega_motor <= 28.562300)) -> F[22,24]((gear == 4.000000)))","F[0,0]((omega_trans == 69.949200)) && F[10,10]((omega_target == 10.000000)) && F[20,20]((omega_motor <= 28.562300)) -> F[22,24]((gear == 4.000000))",
ControlledPU,Transmission gear 4,100,"G(F[0,0]((omega_trans == 36.850100)) && F[0,0]((omega_motor <= 28.562300)) -> F[2,4]((gear == 4.000000)))","F[0,0]((omega_trans == 36.850100)) && F[0,0]((omega_motor <= 28.562300)) -> F[2,4]((gear == 4.000000))",
ControlledPU,Transmission gear 4,101,"G(F[0,0]((omega_trans >= 66.876500)) && F[4,5]((omega_motor <= 28.562300)) -> F[6,9]((gear == 4.000000)))","F[0,0]((omega_trans >= 66.876500)) && F[4,5]((omega_motor <= 28.562300)) -> F[6,9]((gear == 4.000000))",
ControlledPU,Transmission gear 4,102,"G(F[0,0]((omega_trans >= 51.920800)) && F[2,4]((omega_motor <= 11.862500)) -> F[2,5]((gear == 4.000000)))","F[0,0]((omega_trans >= 51.920800)) && F[2,4]((omega_motor <= 11.862500)) -> F[2,5]((gear == 4.000000))",
ControlledPU,Transmission gear 4,103,"G(F[0,0]((omega_trans >= 44.729100)) && F[0,1]((omega_motor <= 28.562300)) -> F[2,5]((gear == 4.000000)))","F[0,0]((omega_trans >= 44.729100)) && F[0,1]((omega_motor <= 28.562300)) -> F[2,5]((gear == 4.000000))",
ControlledPU,Transmission gear 4,104,"G(F[0,0]((omega_trans >= 58.158500)) && F[2,3]((omega_motor <= 28.562300)) -> F[4,7]((gear == 4.000000)))","F[0,0]((omega_trans >= 58.158500)) && F[2,3]((omega_motor <= 28.562300)) -> F[4,7]((gear == 4.000000))",
ControlledPU,Transmission gear 4,105,"G(F[0,0]((omega_trans == 28.562300)) && F[1,1]((omega_motor <= 11.862500)) -> F[1,4]((gear == 4.000000)))","F[0,0]((omega_trans == 28.562300)) && F[1,1]((omega_motor <= 11.862500)) -> F[1,4]((gear == 4.000000))",
ControlledPU,Transmission gear 4,106,"G(F[0,0]((omega_trans == 11.191000)) && F[0,0]((omega_motor <= 11.862500)) -> F[0,3]((gear == 4.000000)))","F[0,0]((omega_trans == 11.191000)) && F[0,0]((omega_motor <= 11.862500)) -> F[0,3]((gear == 4.000000))",
ControlledPU,Transmission gear 4,107,"G(F[0,0]((omega_trans == 69.932700)) && F[10,10]((omega_target == 10.000000)) && F[20,20]((omega_motor <= 11.862500)) -> F[20,23]((gear == 4.000000)))","F[0,0]((omega_trans == 69.932700)) && F[10,10]((omega_target == 10.000000)) && F[20,20]((omega_motor <= 11.862500)) -> F[20,23]((gear == 4.000000))",
ControlledPU,Transmission gear 4,108,"G(F[0,0]((omega_trans == 11.191000)) && F[0,0]((omega_motor <= 11.862500)) -> F[0,4]((gear == 4.000000)))","F[0,0]((omega_trans == 11.191000)) && F[0,0]((omega_motor <= 11.862500)) -> F[0,4]((gear == 4.000000))",
ControlledPU,Transmission gear 4,109,"G(F[0,0]((omega_trans == 69.932700)) && F[10,10]((omega_motor >= 69.988300)) -> F[16,20]((gear == 4.000000)))","F[0,0]((omega_trans == 69.932700)) && F[10,10]((omega_motor >= 69.988300)) -> F[16,20]((gear == 4.000000))",
ControlledPU,Transmission gear 4,110,"G(F[0,0]((omega_trans == 28.562300)) && F[1,1]((omega_motor <= 11.862500)) -> F[1,5]((gear == 4.000000)))","F[0,0]((omega_trans == 28.562300)) && F[1,1]((omega_motor <= 11.862500)) -> F[1,5]((gear == 4.000000))",
ControlledPU,Transmission gear 4,111,"G(F[0,0]((omega_trans >= 44.729100)) && F[0,3]((omega_motor <= 11.862500)) -> F[0,4]((gear == 4.000000)))","F[0,0]((omega_trans >= 44.729100)) && F[0,3]((omega_motor <= 11.862500)) -> F[0,4]((gear == 4.000000))",
ControlledPU,Transmission gear 4,112,"G(F[0,0]((omega_motor <= 69.098700)) && F[0,1]((omega_trans >= 69.988300)) -> F[7,11]((gear == 4.000000)))","F[0,0]((omega_motor <= 69.098700)) && F[0,1]((omega_trans >= 69.988300)) -> F[7,11]((gear == 4.000000))",
ControlledPU,Transmission gear 4,113,"G(F[0,0]((omega_trans >= 63.204300)) && F[5,6]((omega_motor <= 11.862500)) -> F[5,9]((gear == 4.000000)))","F[0,0]((omega_trans >= 63.204300)) && F[5,6]((omega_motor <= 11.862500)) -> F[5,9]((gear == 4.000000))",
ControlledPU,Transmission gear 4,114,"G(F[0,0]((omega_trans >= 51.920800)) && F[1,4]((omega_motor <= 11.862500)) -> F[1,5]((gear == 4.000000)))","F[0,0]((omega_trans >= 51.920800)) && F[1,4]((omega_motor <= 11.862500)) -> F[1,5]((gear == 4.000000))",
ControlledPU,Transmission gear 4,115,"G(F[0,0]((omega_trans >= 51.920800)) && F[0,2]((omega_motor <= 28.562300)) -> F[2,6]((gear == 4.000000)))","F[0,0]((omega_trans >= 51.920800)) && F[0,2]((omega_motor <= 28.562300)) -> F[2,6]((gear == 4.000000))",
ControlledPU,Transmission gear 4,116,"G(F[0,0]((omega_trans >= 63.204300)) && F[2,4]((omega_motor <= 28.562300)) -> F[4,8]((gear == 4.000000)))","F[0,0]((omega_trans >= 63.204300)) && F[2,4]((omega_motor <= 28.562300)) -> F[4,8]((gear == 4.000000))",
ControlledPU,Transmission gear 4,117,"G(F[0,0]((omega_trans >= 69.988300)) && F[7,10]((omega_motor <= 11.862500)) -> F[7,11]((gear == 4.000000)))","F[0,0]((omega_trans >= 69.988300)) && F[7,10]((omega_motor <= 11.862500)) -> F[7,11]((gear == 4.000000))",
ControlledPU,Transmission gear 4,118,"G(F[0,0]((omega_trans == 69.932700)) && F[10,10]((omega_target == 10.000000)) && F[20,20]((omega_motor <= 11.862500)) -> F[20,24]((gear == 4.000000)))","F[0,0]((omega_trans == 69.932700)) && F[10,10]((omega_target == 10.000000)) && F[20,20]((omega_motor <= 11.862500)) -> F[20,24]((gear == 4.000000))",
ControlledPU,Transmission gear 4,119,"G(F[0,0]((omega_motor >= 72.889400)) -> F[0,5]((gear == 4.000000)))","F[0,0]((omega_motor >= 72.889400)) -> F[0,5]((gear == 4.000000))",
ControlledPU,Transmission gear 4,120,"G(F[0,0]((omega_trans >= 51.920800)) && F[2,4]((omega_motor <= 11.862500)) -> F[2,7]((gear == 4.000000)))","F[0,0]((omega_trans >= 51.920800)) && F[2,4]((omega_motor <= 11.862500)) -> F[2,7]((gear == 4.000000))",
ControlledPU,Transmission gear 4,121,"G(F[0,0]((omega_trans >= 63.204300)) && F[5,6]((omega_motor <= 11.862500)) -> F[5,10]((gear == 4.000000)))","F[0,0]((omega_trans >= 63.204300)) && F[5,6]((omega_motor <= 11.862500)) -> F[5,10]((gear == 4.000000))",
ControlledPU,Transmission gear 4,122,"G(F[0,0]((omega_trans >= 51.920800)) && F[1,4]((omega_motor <= 11.862500)) -> F[1,7]((gear == 4.000000)))","F[0,0]((omega_trans >= 51.920800)) && F[1,4]((omega_motor <= 11.862500)) -> F[1,7]((gear == 4.000000))",
ControlledPU,Transmission gear 4,123,"G(F[0,0]((omega_motor <= 69.098700)) && F[0,1]((omega_trans >= 69.988300)) -> F[5,11]((gear == 4.000000)))","F[0,0]((omega_motor <= 69.098700)) && F[0,1]((omega_trans >= 69.988300)) -> F[5,11]((gear == 4.000000))",
ControlledPU,Transmission gear 4,124,"G(F[0,0]((omega_trans >= 51.920800)) && F[2,4]((omega_motor <= 11.862500)) -> F[2,8]((gear == 4.000000)))","F[0,0]((omega_trans >= 51.920800)) && F[2,4]((omega_motor <= 11.862500)) -> F[2,8]((gear == 4.000000))",
ControlledPU,Transmission gear 4,125,"G(F[0,0]((omega_trans >= 69.988300)) && F[7,10]((omega_motor <= 11.862500)) -> F[7,13]((gear == 4.000000)))","F[0,0]((omega_trans >= 69.988300)) && F[7,10]((omega_motor <= 11.862500)) -> F[7,13]((gear == 4.000000))",
ControlledPU,Transmission gear 4,126,"G(F[0,0]((omega_motor <= 69.098700)) && F[0,3]((omega_trans >= 69.988300)) -> F[7,13]((gear == 4.000000)))","F[0,0]((omega_motor <= 69.098700)) && F[0,3]((omega_trans >= 69.988300)) -> F[7,13]((gear == 4.000000))",
ControlledPU,Transmission gear 4,127,"G(F[0,0]((omega_target == 70.000000)) && F[6,6]((omega_trans <= 69.098700)) && F[12,16]((omega_motor <= 28.562300)) -> F[14,20]((gear == 4.000000)))","F[0,0]((omega_target == 70.000000)) && F[6,6]((omega_trans <= 69.098700)) && F[12,16]((omega_motor <= 28.562300)) -> F[14,20]((gear == 4.000000))",
ControlledPU,Transmission gear 4,128,"G(F[0,0]((omega_trans >= 69.988300)) && F[6,10]((omega_motor <= 28.562300)) -> F[8,14]((gear == 4.000000)))","F[0,0]((omega_trans >= 69.988300)) && F[6,10]((omega_motor <= 28.562300)) -> F[8,14]((gear == 4.000000))",
ControlledPU,Transmission gear 4,129,"G(F[0,0]((omega_trans >= 69.988300)) && F[5,10]((omega_motor <= 11.862500)) -> F[5,11]((gear == 4.000000)))","F[0,0]((omega_trans >= 69.988300)) && F[5,10]((omega_motor <= 11.862500)) -> F[5,11]((gear == 4.000000))",
ControlledPU,Transmission gear 4,130,"G(F[0,0]((omega_trans >= 44.729100)) && F[0,3]((omega_motor <= 11.862500)) -> F[0,6]((gear == 4.000000)))","F[0,0]((omega_trans >= 44.729100)) && F[0,3]((omega_motor <= 11.862500)) -> F[0,6]((gear == 4.000000))",
ControlledPU,Transmission gear 4,131,"G(F[0,0]((omega_trans >= 69.988300)) && F[7,10]((omega_motor <= 11.862500)) -> F[7,14]((gear == 4.000000)))","F[0,0]((omega_trans >= 69.988300)) && F[7,10]((omega_motor <= 11.862500)) -> F[7,14]((gear == 4.000000))",
ControlledPU,Transmission gear 4,132,"G(F[0,0]((omega_trans >= 69.988300)) && F[4,10]((omega_motor <= 11.862500)) -> F[4,11]((gear == 4.000000)))","F[0,0]((omega_trans >= 69.988300)) && F[4,10]((omega_motor <= 11.862500)) -> F[4,11]((gear == 4.000000))",
ControlledPU,Transmission gear 4,133,"G(F[0,0]((omega_trans >= 69.988300)) && F[5,10]((omega_motor <= 28.562300)) -> F[7,14]((gear == 4.000000)))","F[0,0]((omega_trans >= 69.988300)) && F[5,10]((omega_motor <= 28.562300)) -> F[7,14]((gear == 4.000000))",
ControlledPU,Transmission gear 4,134,"G(F[0,0]((omega_trans >= 51.920800)) && F[1,4]((omega_motor <= 11.862500)) -> F[1,8]((gear == 4.000000)))","F[0,0]((omega_trans >= 51.920800)) && F[1,4]((omega_motor <= 11.862500)) -> F[1,8]((gear == 4.000000))",
ControlledPU,Transmission gear 4,135,"G(F[0,0]((omega_trans >= 44.729100)) && F[0,3]((omega_motor <= 11.862500)) -> F[0,7]((gear == 4.000000)))","F[0,0]((omega_trans >= 44.729100)) && F[0,3]((omega_motor <= 11.862500)) -> F[0,7]((gear == 4.000000))",
ControlledPU,Transmission gear 4,136,"G(F[0,0]((omega_motor <= 69.098700)) && F[0,5]((omega_trans >= 69.988300)) -> F[7,15]((gear == 4.000000)))","F[0,0]((omega_motor <= 69.098700)) && F[0,5]((omega_trans >= 69.988300)) -> F[7,15]((gear == 4.000000))",
ControlledPU,Transmission gear 4,137,"G(F[0,0]((omega_trans >= 69.988300)) && F[5,10]((omega_motor <= 11.862500)) -> F[5,13]((gear == 4.000000)))","F[0,0]((omega_trans >= 69.988300)) && F[5,10]((omega_motor <= 11.862500)) -> F[5,13]((gear == 4.000000))",
ControlledPU,Transmission gear 4,138,"G(F[0,0]((omega_motor <= 69.098700)) && F[0,3]((omega_trans >= 69.988300)) -> F[5,13]((gear == 4.000000)))","F[0,0]((omega_motor <= 69.098700)) && F[0,3]((omega_trans >= 69.988300)) -> F[5,13]((gear == 4.000000))",
ControlledPU,Transmission gear 4,139,"G(F[0,0]((omega_motor <= 69.098700)) && F[0,1]((omega_trans >= 69.988300)) -> F[3,11]((gear == 4.000000)))","F[0,0]((omega_motor <= 69.098700)) && F[0,1]((omega_trans >= 69.988300)) -> F[3,11]((gear == 4.000000))",
ControlledPU,Transmission gear 4,140,"G(F[0,0]((omega_trans >= 69.988300)) && F[5,10]((omega_motor <= 11.862500)) -> F[5,14]((gear == 4.000000)))","F[0,0]((omega_trans >= 69.988300)) && F[5,10]((omega_motor <= 11.862500)) -> F[5,14]((gear == 4.000000))",
ControlledPU,Transmission gear 4,141,"G(F[0,0]((omega_trans >= 69.988300)) && F[4,10]((omega_motor <= 11.862500)) -> F[4,13]((gear == 4.000000)))","F[0,0]((omega_trans >= 69.988300)) && F[4,10]((omega_motor <= 11.862500)) -> F[4,13]((gear == 4.000000))",
ControlledPU,Transmission gear 4,142,"G(F[0,0]((omega_trans >= 69.988300)) && F[3,10]((omega_motor <= 28.562300)) -> F[5,14]((gear == 4.000000)))","F[0,0]((omega_trans >= 69.988300)) && F[3,10]((omega_motor <= 28.562300)) -> F[5,14]((gear == 4.000000))",
ControlledPU,Transmission gear 4,143,"G(F[0,0]((omega_trans >= 69.988300)) && F[4,10]((omega_motor <= 11.862500)) -> F[4,14]((gear == 4.000000)))","F[0,0]((omega_trans >= 69.988300)) && F[4,10]((omega_motor <= 11.862500)) -> F[4,14]((gear == 4.000000))",
ControlledPU,Transmission gear 4,144,"G(F[0,0]((omega_motor <= 69.098700)) && F[0,3]((omega_trans >= 69.988300)) -> F[3,13]((gear == 4.000000)))","F[0,0]((omega_motor <= 69.098700)) && F[0,3]((omega_trans >= 69.988300)) -> F[3,13]((gear == 4.000000))",
ControlledPU,Transmission gear 4,145,"G(F[0,0]((omega_motor <= 69.098700)) && F[0,5]((omega_trans >= 69.988300)) -> F[5,15]((gear == 4.000000)))","F[0,0]((omega_motor <= 69.098700)) && F[0,5]((omega_trans >= 69.988300)) -> F[5,15]((gear == 4.000000))",
ControlledPU,Transmission gear 4,146,"G(F[0,0]((omega_trans == 11.191000)) && F[0,0]((omega_motor <= 11.862500)) -> F[0,10]((gear == 4.000000)))","F[0,0]((omega_trans == 11.191000)) && F[0,0]((omega_motor <= 11.862500)) -> F[0,10]((gear == 4.000000))",
ControlledPU,Transmission gear 4,147,"G(F[0,0]((omega_trans == 69.932700)) && F[10,10]((omega_target == 10.000000)) && F[20,20]((omega_motor <= 11.862500)) -> F[20,30]((gear == 4.000000)))","F[0,0]((omega_trans == 69.932700)) && F[10,10]((omega_target == 10.000000)) && F[20,20]((omega_motor <= 11.862500)) -> F[20,30]((gear == 4.000000))",
ControlledPU,Transmission gear 4,148,"G(F[0,0]((omega_trans == 28.562300)) && F[1,1]((omega_motor <= 11.862500)) -> F[1,11]((gear == 4.000000)))","F[0,0]((omega_trans == 28.562300)) && F[1,1]((omega_motor <= 11.862500)) -> F[1,11]((gear == 4.000000))",
ControlledPU,Transmission gear 4,149,"G(F[0,0]((omega_motor >= 72.889400)) -> F[0,10]((gear == 4.000000)))","F[0,0]((omega_motor >= 72.889400)) -> F[0,10]((gear == 4.000000))",
ControlledPU,Transmission gear 4,150,"G(F[0,0]((omega_trans >= 69.988300)) && F[0,10]((omega_motor <= 11.862500)) -> F[0,11]((gear == 4.000000)))","F[0,0]((omega_trans >= 69.988300)) && F[0,10]((omega_motor <= 11.862500)) -> F[0,11]((gear == 4.000000))",
ControlledPU,Transmission gear 4,151,"G(F[0,0]((omega_motor <= 69.098700)) && F[0,1]((omega_trans >= 69.988300)) -> F[0,11]((gear == 4.000000)))","F[0,0]((omega_motor <= 69.098700)) && F[0,1]((omega_trans >= 69.988300)) -> F[0,11]((gear == 4.000000))",
ControlledPU,Transmission gear 4,152,"G(F[0,0]((omega_trans >= 63.204300)) && F[5,6]((omega_motor <= 11.862500)) -> F[5,16]((gear == 4.000000)))","F[0,0]((omega_trans >= 63.204300)) && F[5,6]((omega_motor <= 11.862500)) -> F[5,16]((gear == 4.000000))",
ControlledPU,Transmission gear 4,153,"G(F[0,0]((omega_motor <= 69.098700)) && F[0,5]((omega_trans >= 69.988300)) -> F[3,15]((gear == 4.000000)))","F[0,0]((omega_motor <= 69.098700)) && F[0,5]((omega_trans >= 69.988300)) -> F[3,15]((gear == 4.000000))",
ControlledPU,Transmission gear 4,154,"G(F[0,0]((omega_trans >= 69.988300)) && F[0,10]((omega_motor <= 28.562300)) -> F[2,14]((gear == 4.000000)))","F[0,0]((omega_trans >= 69.988300)) && F[0,10]((omega_motor <= 28.562300)) -> F[2,14]((gear == 4.000000))",
ControlledPU,Transmission gear 4,155,"G(F[0,0]((omega_trans >= 51.920800)) && F[2,4]((omega_motor <= 11.862500)) -> F[2,14]((gear == 4.000000)))","F[0,0]((omega_trans >= 51.920800)) && F[2,4]((omega_motor <= 11.862500)) -> F[2,14]((gear == 4.000000))",
ControlledPU,Transmission gear 4,156,"G(F[0,0]((omega_trans >= 51.920800)) && F[1,4]((omega_motor <= 11.862500)) -> F[1,14]((gear == 4.000000)))","F[0,0]((omega_trans >= 51.920800)) && F[1,4]((omega_motor <= 11.862500)) -> F[1,14]((gear == 4.000000))",
ControlledPU,Transmission gear 4,157,"G(F[0,0]((omega_motor <= 69.098700)) && F[0,3]((omega_trans >= 69.988300)) -> F[0,13]((gear == 4.000000)))","F[0,0]((omega_motor <= 69.098700)) && F[0,3]((omega_trans >= 69.988300)) -> F[0,13]((gear == 4.000000))",
ControlledPU,Transmission gear 4,158,"G(F[0,0]((omega_trans >= 44.729100)) && F[0,3]((omega_motor <= 11.862500)) -> F[0,13]((gear == 4.000000)))","F[0,0]((omega_trans >= 44.729100)) && F[0,3]((omega_motor <= 11.862500)) -> F[0,13]((gear == 4.000000))",
ControlledPU,Transmission gear 4,159,"G(F[0,0]((omega_trans >= 69.988300)) && F[7,10]((omega_motor <= 11.862500)) -> F[7,20]((gear == 4.000000)))","F[0,0]((omega_trans >= 69.988300)) && F[7,10]((omega_motor <= 11.862500)) -> F[7,20]((gear == 4.000000))",
ControlledPU,Transmission gear 4,160,"G(F[0,0]((omega_trans >= 69.988300)) && F[0,10]((omega_motor <= 11.862500)) -> F[0,13]((gear == 4.000000)))","F[0,0]((omega_trans >= 69.988300)) && F[0,10]((omega_motor <= 11.862500)) -> F[0,13]((gear == 4.000000))",
ControlledPU,Transmission gear 4,161,"G(F[0,0]((omega_trans >= 69.988300)) && F[0,10]((omega_motor <= 11.862500)) -> F[0,14]((gear == 4.000000)))","F[0,0]((omega_trans >= 69.988300)) && F[0,10]((omega_motor <= 11.862500)) -> F[0,14]((gear == 4.000000))",
ControlledPU,Transmission gear 4,162,"G(F[0,0]((omega_motor <= 69.098700)) && F[0,5]((omega_trans >= 69.988300)) -> F[0,15]((gear == 4.000000)))","F[0,0]((omega_motor <= 69.098700)) && F[0,5]((omega_trans >= 69.988300)) -> F[0,15]((gear == 4.000000))",
ControlledPU,Transmission gear 4,163,"G(F[0,0]((omega_trans >= 69.988300)) && F[5,10]((omega_motor <= 11.862500)) -> F[5,20]((gear == 4.000000)))","F[0,0]((omega_trans >= 69.988300)) && F[5,10]((omega_motor <= 11.862500)) -> F[5,20]((gear == 4.000000))",
ControlledPU,Transmission gear 4,164,"G(F[0,0]((omega_trans >= 69.988300)) && F[4,10]((omega_motor <= 11.862500)) -> F[4,20]((gear == 4.000000)))","F[0,0]((omega_trans >= 69.988300)) && F[4,10]((omega_motor <= 11.862500)) -> F[4,20]((gear == 4.000000))",
ControlledPU,Transmission gear 4,165,"G(F[0,0]((omega_trans >= 69.988300)) && F[0,10]((omega_motor <= 11.862500)) -> F[0,20]((gear == 4.000000)))","F[0,0]((omega_trans >= 69.988300)) && F[0,10]((omega_motor <= 11.862500)) -> F[0,20]((gear == 4.000000))",
ControlledPU,speed increasing,1,"G(F[0,0]((error >= 29.505900)) -> F[0,5]((@(U,1) == 0.000000)))","F[0,0]((error >= 29.505900)) -> F[0,5]((U_d1 == 0.000000))",
ControlledPU,speed increasing,2,"G(F[0,0]((error >= 29.505900) && (error <= 60.000000)) -> F[0,5]((@(U,1) == 0.000000)))","F[0,0]((error >= 29.505900) && (error <= 60.000000)) -> F[0,5]((U_d1 == 0.000000))",
ControlledPU,speed increasing,3,"G(F[0,0]((omega_target == 70.000000)) && F[5,10]((omega_trans >= 16.205700) && (omega_trans <= 40.494100)) -> F[5,10]((@(U,1) == 0.000000)))","F[0,0]((omega_target == 70.000000)) && F[5,10]((omega_trans >= 16.205700) && (omega_trans <= 40.494100)) -> F[5,10]((U_d1 == 0.000000))",
ControlledPU,speed increasing,4,"G(F[0,0]((gear == 1.000000)) && F[6,10]((omega_trans >= 16.205700) && (omega_trans <= 40.494100)) -> F[6,10]((@(U,1) == 0.000000)))","F[0,0]((gear == 1.000000)) && F[6,10]((omega_trans >= 16.205700) && (omega_trans <= 40.494100)) -> F[6,10]((U_d1 == 0.000000))",
ControlledPU,speed increasing,5,"G(F[0,0]((omega_target == 70.000000)) && F[0,4]((omega_trans >= 16.205700) && (omega_trans <= 40.494100)) -> F[0,4]((@(U,1) == 0.000000)))","F[0,0]((omega_target == 70.000000)) && F[0,4]((omega_trans >= 16.205700) && (omega_trans <= 40.494100)) -> F[0,4]((U_d1 == 0.000000))",
ControlledPU,speed increasing,6,"G(F[0,0]((omega_target == 70.000000)) && F[6,10]((omega_trans >= 16.205700) && (omega_trans <= 40.494100)) -> F[6,10]((@(U,1) == 0.000000)))","F[0,0]((omega_target == 70.000000)) && F[6,10]((omega_trans >= 16.205700) && (omega_trans <= 40.494100)) -> F[6,10]((U_d1 == 0.000000))",
ControlledPU,speed increasing,7,"G(F[0,0]((gear >= 1.000000) && (gear <= 4.000000)) && F[0,3]((omega_trans >= 16.205700) && (omega_trans <= 40.494100)) -> F[0,3]((@(U,1) == 0.000000)))","F[0,0]((gear >= 1.000000) && (gear <= 4.000000)) && F[0,3]((omega_trans >= 16.205700) && (omega_trans <= 40.494100)) -> F[0,3]((U_d1 == 0.000000))",
ControlledPU,speed increasing,8,"G(F[0,0]((gear <= 4.000000)) && F[0,3]((omega_trans >= 16.205700) && (omega_trans <= 40.494100)) -> F[0,3]((@(U,1) == 0.000000)))","F[0,0]((gear <= 4.000000)) && F[0,3]((omega_trans >= 16.205700) && (omega_trans <= 40.494100)) -> F[0,3]((U_d1 == 0.000000))",
ControlledPU,speed increasing,9,"G(F[0,0]((omega_target == 70.000000)) && F[7,10]((omega_trans >= 16.205700) && (omega_trans <= 40.494100)) -> F[7,10]((@(U,1) == 0.000000)))","F[0,0]((omega_target == 70.000000)) && F[7,10]((omega_trans >= 16.205700) && (omega_trans <= 40.494100)) -> F[7,10]((U_d1 == 0.000000))",
ControlledPU,speed increasing,10,"G(F[0,0]((gear >= 1.000000) && (gear <= 4.000000)) && F[0,2]((omega_trans >= 16.205700) && (omega_trans <= 40.494100)) -> F[0,2]((@(U,1) == 0.000000)))","F[0,0]((gear >= 1.000000) && (gear <= 4.000000)) && F[0,2]((omega_trans >= 16.205700) && (omega_trans <= 40.494100)) -> F[0,2]((U_d1 == 0.000000))",
ControlledPU,speed increasing,11,"G(F[0,0]((gear <= 4.000000)) && F[0,2]((omega_trans >= 16.205700) && (omega_trans <= 40.494100)) -> F[0,2]((@(U,1) == 0.000000)))","F[0,0]((gear <= 4.000000)) && F[0,2]((omega_trans >= 16.205700) && (omega_trans <= 40.494100)) -> F[0,2]((U_d1 == 0.000000))",
ControlledPU,speed increasing,12,"G(F[0,0]((gear == 1.000000)) && F[3,5]((omega_trans >= 16.205700) && (omega_trans <= 40.494100)) -> F[3,5]((@(U,1) == 0.000000)))","F[0,0]((gear == 1.000000)) && F[3,5]((omega_trans >= 16.205700) && (omega_trans <= 40.494100)) -> F[3,5]((U_d1 == 0.000000))",
ControlledPU,speed increasing,13,"G(F[0,0]((gear == 1.000000)) && F[6,8]((omega_trans >= 16.205700) && (omega_trans <= 40.494100)) -> F[6,8]((@(U,1) == 0.000000)))","F[0,0]((gear == 1.000000)) && F[6,8]((omega_trans >= 16.205700) && (omega_trans <= 40.494100)) -> F[6,8]((U_d1 == 0.000000))",
ControlledPU,speed increasing,14,"G(F[0,0]((omega_target == 70.000000)) && F[0,2]((omega_trans >= 16.205700) && (omega_trans <= 40.494100)) -> F[0,2]((@(U,1) == 0.000000)))","F[0,0]((omega_target == 70.000000)) && F[0,2]((omega_trans >= 16.205700) && (omega_trans <= 40.494100)) -> F[0,2]((U_d1 == 0.000000))",
ControlledPU,speed increasing,15,"G(F[0,0]((omega_target == 70.000000)) && F[6,8]((omega_trans >= 16.205700) && (omega_trans <= 40.494100)) -> F[6,8]((@(U,1) == 0.000000)))","F[0,0]((omega_target == 70.000000)) && F[6,8]((omega_trans >= 16.205700) && (omega_trans <= 40.494100)) -> F[6,8]((U_d1 == 0.000000))",
ControlledPU,speed increasing,16,"G(F[0,0]((error >= 43.026000)) && F[0,2]((omega_trans >= 16.205700) && (omega_trans <= 40.494100)) -> F[0,2]((@(U,1) == 0.000000)))","F[0,0]((error >= 43.026000)) && F[0,2]((omega_trans >= 16.205700) && (omega_trans <= 40.494100)) -> F[0,2]((U_d1 == 0.000000))",
ControlledPU,speed increasing,17,"G(F[0,0]((error >= 43.026000) && (error <= 57.033200)) && F[0,2]((omega_trans >= 16.205700) && (omega_trans <= 40.494100)) -> F[0,2]((@(U,1) == 0.000000)))","F[0,0]((error >= 43.026000) && (error <= 57.033200)) && F[0,2]((omega_trans >= 16.205700) && (omega_trans <= 40.494100)) -> F[0,2]((U_d1 == 0.000000))",
ControlledPU,speed increasing,18,"G(F[0,0]((omega_target == 70.000000)) && F[4,6]((omega_trans >= 16.205700) && (omega_trans <= 40.494100)) -> F[4,6]((@(U,1) == 0.000000)))","F[0,0]((omega_target == 70.000000)) && F[4,6]((omega_trans >= 16.205700) && (omega_trans <= 40.494100)) -> F[4,6]((U_d1 == 0.000000))",
ControlledPU,speed increasing,19,"G(F[0,0]((omega_target == 70.000000)) && F[3,5]((omega_trans >= 16.205700) && (omega_trans <= 40.494100)) -> F[3,5]((@(U,1) == 0.000000)))","F[0,0]((omega_target == 70.000000)) && F[3,5]((omega_trans >= 16.205700) && (omega_trans <= 40.494100)) -> F[3,5]((U_d1 == 0.000000))",
ControlledPU,speed increasing,20,"G(F[0,0]((omega_target == 70.000000)) && F[0,1]((omega_trans >= 16.205700) && (omega_trans <= 40.494100)) -> F[0,1]((@(U,1) == 0.000000)))","F[0,0]((omega_target == 70.000000)) && F[0,1]((omega_trans >= 16.205700) && (omega_trans <= 40.494100)) -> F[0,1]((U_d1 == 0.000000))",
ControlledPU,speed increasing,21,"G(F[0,0]((gear == 1.000000)) && F[9,10]((omega_trans >= 16.205700) && (omega_trans <= 40.494100)) -> F[9,10]((@(U,1) == 0.000000)))","F[0,0]((gear == 1.000000)) && F[9,10]((omega_trans >= 16.205700) && (omega_trans <= 40.494100)) -> F[9,10]((U_d1 == 0.000000))",
ControlledPU,speed increasing,22,"G(F[0,0]((omega_target == 70.000000)) && F[2,3]((omega_trans >= 16.205700) && (omega_trans <= 40.494100)) -> F[2,3]((@(U,1) == 0.000000)))","F[0,0]((omega_target == 70.000000)) && F[2,3]((omega_trans >= 16.205700) && (omega_trans <= 40.494100)) -> F[2,3]((U_d1 == 0.000000))",
ControlledPU,speed increasing,23,"G(F[0,0]((omega_target == 70.000000)) && F[9,10]((omega_trans >= 16.205700) && (omega_trans <= 40.494100)) -> F[9,10]((@(U,1) == 0.000000)))","F[0,0]((omega_target == 70.000000)) && F[9,10]((omega_trans >= 16.205700) && (omega_trans <= 40.494100)) -> F[9,10]((U_d1 == 0.000000))",
ControlledPU,speed increasing,24,"G(F[0,0]((omega_target == 70.000000)) && F[4,5]((omega_trans >= 16.205700) && (omega_trans <= 40.494100)) -> F[4,5]((@(U,1) == 0.000000)))","F[0,0]((omega_target == 70.000000)) && F[4,5]((omega_trans >= 16.205700) && (omega_trans <= 40.494100)) -> F[4,5]((U_d1 == 0.000000))",
ControlledPU,speed increasing,25,"G(F[0,0]((omega_trans >= 14.202900) && (omega_trans <= 21.995000)) -> F[0,0]((@(U,1) == 0.000000)))","F[0,0]((omega_trans >= 14.202900) && (omega_trans <= 21.995000)) -> F[0,0]((U_d1 == 0.000000))",
ControlledPU,speed increasing,26,"G(F[0,0]((error >= 43.026000)) && F[0,0]((omega_trans >= 16.205700) && (omega_trans <= 40.494100)) -> F[0,0]((@(U,1) == 0.000000)))","F[0,0]((error >= 43.026000)) && F[0,0]((omega_trans >= 16.205700) && (omega_trans <= 40.494100)) -> F[0,0]((U_d1 == 0.000000))",
ControlledPU,speed increasing,27,"G(F[0,0]((gear <= 4.000000)) && F[0,0]((omega_trans >= 16.205700) && (omega_trans <= 40.494100)) -> F[0,0]((@(U,1) == 0.000000)))","F[0,0]((gear <= 4.000000)) && F[0,0]((omega_trans >= 16.205700) && (omega_trans <= 40.494100)) -> F[0,0]((U_d1 == 0.000000))",
ControlledPU,speed increasing,28,"G(F[0,0]((gear >= 1.000000) && (gear <= 2.000000)) && F[0,2]((omega_trans >= 16.205700) && (omega_trans <= 40.494100)) -> F[0,2]((@(U,1) == 0.000000)))","F[0,0]((gear >= 1.000000) && (gear <= 2.000000)) && F[0,2]((omega_trans >= 16.205700) && (omega_trans <= 40.494100)) -> F[0,2]((U_d1 == 0.000000))",
ControlledPU,speed increasing,29,"G(F[0,0]((gear <= 2.000000)) && F[0,2]((omega_trans >= 16.205700) && (omega_trans <= 40.494100)) -> F[0,2]((@(U,1) == 0.000000)))","F[0,0]((gear <= 2.000000)) && F[0,2]((omega_trans >= 16.205700) && (omega_trans <= 40.494100)) -> F[0,2]((U_d1 == 0.000000))",
ControlledPU,speed increasing,30,"G(F[0,0]((error >= 51.985300)) && F[0,2]((omega_trans >= 16.205700) && (omega_trans <= 40.494100)) -> F[0,2]((@(U,1) == 0.000000)))","F[0,0]((error >= 51.985300)) && F[0,2]((omega_trans >= 16.205700) && (omega_trans <= 40.494100)) -> F[0,2]((U_d1 == 0.000000))",
ControlledPU,speed increasing,31,"G(F[0,0]((error >= 51.985300) && (error <= 57.033200)) && F[0,2]((omega_trans >= 16.205700) && (omega_trans <= 40.494100)) -> F[0,2]((@(U,1) == 0.000000)))","F[0,0]((error >= 51.985300) && (error <= 57.033200)) && F[0,2]((omega_trans >= 16.205700) && (omega_trans <= 40.494100)) -> F[0,2]((U_d1 == 0.000000))",
ControlledPU,speed increasing,32,"G(F[0,0]((gear <= 1.000000)) && F[0,3]((omega_trans >= 16.205700) && (omega_trans <= 40.494100)) -> F[0,3]((@(U,1) == 0.000000)))","F[0,0]((gear <= 1.000000)) && F[0,3]((omega_trans >= 16.205700) && (omega_trans <= 40.494100)) -> F[0,3]((U_d1 == 0.000000))",
ControlledPU,speed increasing,33,"G(F[0,0]((gear <= 3.000000)) && F[0,0]((omega_trans >= 16.205700) && (omega_trans <= 40.494100)) -> F[0,0]((@(U,1) == 0.000000)))","F[0,0]((gear <= 3.000000)) && F[0,0]((omega_trans >= 16.205700) && (omega_trans <= 40.494100)) -> F[0,0]((U_d1 == 0.000000))",
ControlledPU,speed increasing,34,"G(F[0,0]((error >= 48.005000)) && F[0,0]((omega_trans >= 16.205700) && (omega_trans <= 40.494100)) -> F[0,0]((@(U,1) == 0.000000)))","F[0,0]((error >= 48.005000)) && F[0,0]((omega_trans >= 16.205700) && (omega_trans <= 40.494100)) -> F[0,0]((U_d1 == 0.000000))",
ControlledPU,speed increasing,35,"G(F[0,0]((gear <= 1.000000)) && F[0,2]((omega_trans >= 16.205700) && (omega_trans <= 40.494100)) -> F[0,2]((@(U,1) == 0.000000)))","F[0,0]((gear <= 1.000000)) && F[0,2]((omega_trans >= 16.205700) && (omega_trans <= 40.494100)) -> F[0,2]((U_d1 == 0.000000))",
ControlledPU,speed increasing,36,"G(F[0,0]((error >= 51.985300)) && F[0,0]((omega_trans >= 16.205700) && (omega_trans <= 40.494100)) -> F[0,0]((@(U,1) == 0.000000)))","F[0,0]((error >= 51.985300)) && F[0,0]((omega_trans >= 16.205700) && (omega_trans <= 40.494100)) -> F[0,0]((U_d1 == 0.000000))",
ControlledPU,speed increasing,37,"G(F[0,0]((error >= 51.985300) && (error <= 54.700400)) && F[0,0]((omega_trans >= 16.205700) && (omega_trans <= 40.494100)) -> F[0,0]((@(U,1) == 0.000000)))","F[0,0]((error >= 51.985300) && (error <= 54.700400)) && F[0,0]((omega_trans >= 16.205700) && (omega_trans <= 40.494100)) -> F[0,0]((U_d1 == 0.000000))",
ControlledPU,speed increasing,38,"G(F[0,0]((error == 60.000000)) && F[8,10]((omega_trans >= 16.205700) && (omega_trans <= 40.494100)) -> F[8,10]((@(U,1) == 0.000000)))","F[0,0]((error == 60.000000)) && F[8,10]((omega_trans >= 16.205700) && (omega_trans <= 40.494100)) -> F[8,10]((U_d1 == 0.000000))",
ControlledPU,speed increasing,39,"G(F[0,0]((gear == 1.000000)) && F[7,10]((omega_trans >= 26.974000) && (omega_trans <= 40.494100)) -> F[7,10]((@(U,1) == 0.000000)))","F[0,0]((gear == 1.000000)) && F[7,10]((omega_trans >= 26.974000) && (omega_trans <= 40.494100)) -> F[7,10]((U_d1 == 0.000000))",
ControlledPU,speed increasing,40,"G(F[0,0]((gear == 1.000000)) && F[3,6]((omega_trans >= 26.974000) && (omega_trans <= 40.494100)) -> F[3,6]((@(U,1) == 0.000000)))","F[0,0]((gear == 1.000000)) && F[3,6]((omega_trans >= 26.974000) && (omega_trans <= 40.494100)) -> F[3,6]((U_d1 == 0.000000))",
ControlledPU,speed increasing,41,"G(F[0,0]((omega_target == 70.000000)) && F[0,3]((omega_trans >= 26.974000) && (omega_trans <= 40.494100)) -> F[0,3]((@(U,1) == 0.000000)))","F[0,0]((omega_target == 70.000000)) && F[0,3]((omega_trans >= 26.974000) && (omega_trans <= 40.494100)) -> F[0,3]((U_d1 == 0.000000))",
ControlledPU,speed increasing,42,"G(F[0,0]((omega_target == 70.000000)) && F[7,10]((omega_trans >= 26.974000) && (omega_trans <= 40.494100)) -> F[7,10]((@(U,1) == 0.000000)))","F[0,0]((omega_target == 70.000000)) && F[7,10]((omega_trans >= 26.974000) && (omega_trans <= 40.494100)) -> F[7,10]((U_d1 == 0.000000))",
ControlledPU,speed increasing,43,"G(F[0,0]((gear >= 1.000000) && (gear <= 4.000000)) && F[0,2]((omega_trans >= 26.974000) && (omega_trans <= 40.494100)) -> F[0,2]((@(U,1) == 0.000000)))","F[0,0]((gear >= 1.000000) && (gear <= 4.000000)) && F[0,2]((omega_trans >= 26.974000) && (omega_trans <= 40.494100)) -> F[0,2]((U_d1 == 0.000000))",
ControlledPU,speed increasing,44,"G(F[0,0]((gear == 1.000000)) && F[6,8]((omega_trans >= 26.974000) && (omega_trans <= 40.494100)) -> F[6,8]((@(U,1) == 0.000000)))","F[0,0]((gear == 1.000000)) && F[6,8]((omega_trans >= 26.974000) && (omega_trans <= 40.494100)) -> F[6,8]((U_d1 == 0.000000))",
ControlledPU,speed increasing,45,"G(F[0,0]((gear == 1.000000)) && F[4,6]((omega_trans >= 26.974000) && (omega_trans <= 40.494100)) -> F[4,6]((@(U,1) == 0.000000)))","F[0,0]((gear == 1.000000)) && F[4,6]((omega_trans >= 26.974000) && (omega_trans <= 40.494100)) -> F[4,6]((U_d1 == 0.000000))",
ControlledPU,speed increasing,46,"G(F[0,0]((gear <= 4.000000)) && F[0,2]((omega_trans >= 26.974000) && (omega_trans <= 40.494100)) -> F[0,2]((@(U,1) == 0.000000)))","F[0,0]((gear <= 4.000000)) && F[0,2]((omega_trans >= 26.974000) && (omega_trans <= 40.494100)) -> F[0,2]((U_d1 == 0.000000))",
ControlledPU,speed increasing,47,"G(F[0,0]((omega_target == 70.000000)) && F[1,3]((omega_trans >= 26.974000) && (omega_trans <= 40.494100)) -> F[1,3]((@(U,1) == 0.000000)))","F[0,0]((omega_target == 70.000000)) && F[1,3]((omega_trans >= 26.974000) && (omega_trans <= 40.494100)) -> F[1,3]((U_d1 == 0.000000))",
ControlledPU,speed increasing,48,"G(F[0,0]((omega_target == 70.000000)) && F[4,6]((omega_trans >= 26.974000) && (omega_trans <= 40.494100)) -> F[4,6]((@(U,1) == 0.000000)))","F[0,0]((omega_target == 70.000000)) && F[4,6]((omega_trans >= 26.974000) && (omega_trans <= 40.494100)) -> F[4,6]((U_d1 == 0.000000))",
ControlledPU,speed increasing,49,"G(F[0,0]((omega_target == 70.000000)) && F[7,9]((omega_trans >= 26.974000) && (omega_trans <= 40.494100)) -> F[7,9]((@(U,1) == 0.000000)))","F[0,0]((omega_target == 70.000000)) && F[7,9]((omega_trans >= 26.974000) && (omega_trans <= 40.494100)) -> F[7,9]((U_d1 == 0.000000))",
ControlledPU,speed increasing,50,"G(F[0,0]((gear == 1.000000)) && F[7,10]((error <= 43.026000)) && F[7,10]((omega_trans >= 16.205700) && (omega_trans <= 40.494100)) -> F[7,10]((@(U,1) == 0.000000)))","F[0,0]((gear == 1.000000)) && F[7,10]((error <= 43.026000)) && F[7,10]((omega_trans >= 16.205700) && (omega_trans <= 40.494100)) -> F[7,10]((U_d1 == 0.000000))",
ControlledPU,speed increasing,51,"G(F[0,0]((gear == 1.000000)) && F[7,10]((error <= 43.026000)) && F[7,10]((omega_trans >= 26.974000) && (omega_trans <= 40.494100)) -> F[7,10]((@(U,1) == 0.000000)))","F[0,0]((gear == 1.000000)) && F[7,10]((error <= 43.026000)) && F[7,10]((omega_trans >= 26.974000) && (omega_trans <= 40.494100)) -> F[7,10]((U_d1 == 0.000000))",
ControlledPU,speed increasing,52,"G(F[0,0]((gear <= 2.000000)) && F[2,5]((error <= 43.026000)) && F[2,5]((omega_trans >= 26.974000) && (omega_trans <= 40.494100)) -> F[2,5]((@(U,1) == 0.000000)))","F[0,0]((gear <= 2.000000)) && F[2,5]((error <= 43.026000)) && F[2,5]((omega_trans >= 26.974000) && (omega_trans <= 40.494100)) -> F[2,5]((U_d1 == 0.000000))",
ControlledPU,speed increasing,53,"G(F[0,0]((gear <= 2.000000)) && F[2,5]((error <= 43.026000)) && F[2,5]((omega_trans >= 16.205700) && (omega_trans <= 40.494100)) -> F[2,5]((@(U,1) == 0.000000)))","F[0,0]((gear <= 2.000000)) && F[2,5]((error <= 43.026000)) && F[2,5]((omega_trans >= 16.205700) && (omega_trans <= 40.494100)) -> F[2,5]((U_d1 == 0.000000))",
ControlledPU,speed increasing,54,"G(F[0,0]((gear >= 1.000000) && (gear <= 2.000000)) && F[2,5]((error <= 43.026000)) && F[2,5]((omega_trans >= 16.205700) && (omega_trans <= 40.494100)) -> F[2,5]((@(U,1) == 0.000000)))","F[0,0]((gear >= 1.000000) && (gear <= 2.000000)) && F[2,5]((error <= 43.026000)) && F[2,5]((omega_trans >= 16.205700) && (omega_trans <= 40.494100)) -> F[2,5]((U_d1 == 0.000000))",
ControlledPU,speed increasing,55,"G(F[0,0]((gear >= 1.000000) && (gear <= 2.000000)) && F[2,5]((error <= 43.026000)) && F[2,5]((omega_trans >= 26.974000) && (omega_trans <= 40.494100)) -> F[2,5]((@(U,1) == 0.000000)))","F[0,0]((gear >= 1.000000) && (gear <= 2.000000)) && F[2,5]((error <= 43.026000)) && F[2,5]((omega_trans >= 26.974000) && (omega_trans <= 40.494100)) -> F[2,5]((U_d1 == 0.000000))",
ControlledPU,speed increasing,56,"G(F[0,0]((error >= 51.985300) && (error <= 53.089300)) && F[1,4]((omega_trans >= 26.974000) && (omega_trans <= 40.494100)) -> F[1,4]((@(U,1) == 0.000000)))","F[0,0]((error >= 51.985300) && (error <= 53.089300)) && F[1,4]((omega_trans >= 26.974000) && (omega_trans <= 40.494100)) -> F[1,4]((U_d1 == 0.000000))",
ControlledPU,speed increasing,57,"G(F[0,0]((omega_target == 70.000000)) && F[0,3]((error <= 43.026000)) && F[0,3]((omega_trans >= 16.205700) && (omega_trans <= 40.494100)) -> F[0,3]((@(U,1) == 0.000000)))","F[0,0]((omega_target == 70.000000)) && F[0,3]((error <= 43.026000)) && F[0,3]((omega_trans >= 16.205700) && (omega_trans <= 40.494100)) -> F[0,3]((U_d1 == 0.000000))",
ControlledPU,speed increasing,58,"G(F[0,0]((error >= 59.217000)) && F[4,7]((omega_trans >= 16.205700) && (omega_trans <= 40.494100)) -> F[4,7]((@(U,1) == 0.000000)))","F[0,0]((error >= 59.217000)) && F[4,7]((omega_trans >= 16.205700) && (omega_trans <= 40.494100)) -> F[4,7]((U_d1 == 0.000000))",
ControlledPU,speed increasing,59,"G(F[0,0]((error >= 59.217000) && (error <= 60.000000)) && F[4,7]((omega_trans >= 16.205700) && (omega_trans <= 40.494100)) -> F[4,7]((@(U,1) == 0.000000)))","F[0,0]((error >= 59.217000) && (error <= 60.000000)) && F[4,7]((omega_trans >= 16.205700) && (omega_trans <= 40.494100)) -> F[4,7]((U_d1 == 0.000000))",
ControlledPU,speed increasing,60,"G(F[0,0]((error >= 54.700400)) && F[7,10]((gear >= 4.000000)) && F[7,10]((omega_trans >= 16.205700) && (omega_trans <= 40.494100)) -> F[7,10]((@(U,1) == 0.000000)))","F[0,0]((error >= 54.700400)) && F[7,10]((gear >= 4.000000)) && F[7,10]((omega_trans >= 16.205700) && (omega_trans <= 40.494100)) -> F[7,10]((U_d1 == 0.000000))",
ControlledPU,speed increasing,61,"G(F[0,0]((omega_target == 70.000000)) && F[7,10]((error <= 43.026000)) && F[7,10]((omega_trans >= 16.205700) && (omega_trans <= 40.494100)) -> F[7,10]((@(U,1) == 0.000000)))","F[0,0]((omega_target == 70.000000)) && F[7,10]((error <= 43.026000)) && F[7,10]((omega_trans >= 16.205700) && (omega_trans <= 40.494100)) -> F[7,10]((U_d1 == 0.000000))",
ControlledPU,speed increasing,62,"G(F[0,0]((omega_target == 70.000000)) && F[7,10]((gear >= 4.000000)) && F[7,10]((omega_trans >= 26.974000) && (omega_trans <= 40.494100)) -> F[7,10]((@(U,1) == 0.000000)))","F[0,0]((omega_target == 70.000000)) && F[7,10]((gear >= 4.000000)) && F[7,10]((omega_trans >= 26.974000) && (omega_trans <= 40.494100)) -> F[7,10]((U_d1 == 0.000000))",
ControlledPU,speed increasing,63,"G(F[0,0]((error >= 55.797100)) && F[1,4]((omega_trans >= 16.205700) && (omega_trans <= 40.494100)) -> F[1,4]((@(U,1) == 0.000000)))","F[0,0]((error >= 55.797100)) && F[1,4]((omega_trans >= 16.205700) && (omega_trans <= 40.494100)) -> F[1,4]((U_d1 == 0.000000))",
ControlledPU,speed increasing,64,"G(F[0,0]((error >= 55.797100) && (error <= 59.217000)) && F[1,4]((omega_trans >= 16.205700) && (omega_trans <= 40.494100)) -> F[1,4]((@(U,1) == 0.000000)))","F[0,0]((error >= 55.797100) && (error <= 59.217000)) && F[1,4]((omega_trans >= 16.205700) && (omega_trans <= 40.494100)) -> F[1,4]((U_d1 == 0.000000))",
ControlledPU,speed increasing,65,"G(F[0,0]((omega_target == 70.000000)) && F[0,3]((gear >= 4.000000)) && F[0,3]((omega_trans >= 26.974000) && (omega_trans <= 40.494100)) -> F[0,3]((@(U,1) == 0.000000)))","F[0,0]((omega_target == 70.000000)) && F[0,3]((gear >= 4.000000)) && F[0,3]((omega_trans >= 26.974000) && (omega_trans <= 40.494100)) -> F[0,3]((U_d1 == 0.000000))",
ControlledPU,speed increasing,66,"G(F[0,0]((error >= 54.700400) && (error <= 58.296700)) && F[7,10]((gear >= 4.000000)) && F[7,10]((omega_trans >= 16.205700) && (omega_trans <= 40.494100)) -> F[7,10]((@(U,1) == 0.000000)))","F[0,0]((error >= 54.700400) && (error <= 58.296700)) && F[7,10]((gear >= 4.000000)) && F[7,10]((omega_trans >= 16.205700) && (omega_trans <= 40.494100)) -> F[7,10]((U_d1 == 0.000000))",
ControlledPU,speed increasing,67,"G(F[0,0]((error >= 54.700400) && (error <= 58.296700)) && F[7,10]((gear >= 4.000000)) && F[7,10]((omega_trans >= 26.974000) && (omega_trans <= 40.494100)) -> F[7,10]((@(U,1) == 0.000000)))","F[0,0]((error >= 54.700400) && (error <= 58.296700)) && F[7,10]((gear >= 4.000000)) && F[7,10]((omega_trans >= 26.974000) && (omega_trans <= 40.494100)) -> F[7,10]((U_d1 == 0.000000))",
ControlledPU,speed increasing,68,"G(F[0,0]((error >= 54.700400)) && F[7,10]((gear >= 4.000000)) && F[7,10]((omega_trans >= 26.974000) && (omega_trans <= 40.494100)) -> F[7,10]((@(U,1) == 0.000000)))","F[0,0]((error >= 54.700400)) && F[7,10]((gear >= 4.000000)) && F[7,10]((omega_trans >= 26.974000) && (omega_trans <= 40.494100)) -> F[7,10]((U_d1 == 0.000000))",
ControlledPU,speed increasing,69,"G(F[0,0]((omega_target == 70.000000)) && F[7,10]((error <= 43.026000)) && F[7,10]((omega_trans >= 26.974000) && (omega_trans <= 40.494100)) -> F[7,10]((@(U,1) == 0.000000)))","F[0,0]((omega_target == 70.000000)) && F[7,10]((error <= 43.026000)) && F[7,10]((omega_trans >= 26.974000) && (omega_trans <= 40.494100)) -> F[7,10]((U_d1 == 0.000000))",
ControlledPU,speed increasing,70,"G(F[0,0]((omega_target == 70.000000)) && F[0,3]((gear >= 4.000000)) && F[0,3]((omega_trans >= 16.205700) && (omega_trans <= 40.494100)) -> F[0,3]((@(U,1) == 0.000000)))","F[0,0]((omega_target == 70.000000)) && F[0,3]((gear >= 4.000000)) && F[0,3]((omega_trans >= 16.205700) && (omega_trans <= 40.494100)) -> F[0,3]((U_d1 == 0.000000))",
ControlledPU,speed increasing,71,"G(F[0,0]((error >= 53.794300)) && F[5,8]((omega_trans >= 26.974000) && (omega_trans <= 40.494100)) -> F[5,8]((@(U,1) == 0.000000)))","F[0,0]((error >= 53.794300)) && F[5,8]((omega_trans >= 26.974000) && (omega_trans <= 40.494100)) -> F[5,8]((U_d1 == 0.000000))",
ControlledPU,speed increasing,72,"G(F[0,0]((error >= 53.794300) && (error <= 57.033200)) && F[5,8]((omega_trans >= 26.974000) && (omega_trans <= 40.494100)) -> F[5,8]((@(U,1) == 0.000000)))","F[0,0]((error >= 53.794300) && (error <= 57.033200)) && F[5,8]((omega_trans >= 26.974000) && (omega_trans <= 40.494100)) -> F[5,8]((U_d1 == 0.000000))",
ControlledPU,speed increasing,73,"G(F[0,0]((omega_target == 70.000000)) && F[7,10]((gear >= 4.000000)) && F[7,10]((omega_trans >= 16.205700) && (omega_trans <= 40.494100)) -> F[7,10]((@(U,1) == 0.000000)))","F[0,0]((omega_target == 70.000000)) && F[7,10]((gear >= 4.000000)) && F[7,10]((omega_trans >= 16.205700) && (omega_trans <= 40.494100)) -> F[7,10]((U_d1 == 0.000000))",
ControlledPU,speed increasing,74,"G(F[0,0]((omega_target == 70.000000)) && F[0,3]((error <= 43.026000)) && F[0,3]((omega_trans >= 26.974000) && (omega_trans <= 40.494100)) -> F[0,3]((@(U,1) == 0.000000)))","F[0,0]((omega_target == 70.000000)) && F[0,3]((error <= 43.026000)) && F[0,3]((omega_trans >= 26.974000) && (omega_trans <= 40.494100)) -> F[0,3]((U_d1 == 0.000000))",
ControlledPU,speed increasing,75,"G(F[0,0]((error >= 51.985300)) && F[1,4]((omega_trans >= 26.974000) && (omega_trans <= 40.494100)) -> F[1,4]((@(U,1) == 0.000000)))","F[0,0]((error >= 51.985300)) && F[1,4]((omega_trans >= 26.974000) && (omega_trans <= 40.494100)) -> F[1,4]((U_d1 == 0.000000))",
ControlledPU,speed increasing,76,"G(F[0,0]((gear == 1.000000)) && F[4,5]((omega_trans >= 26.974000) && (omega_trans <= 40.494100)) -> F[4,5]((@(U,1) == 0.000000)))","F[0,0]((gear == 1.000000)) && F[4,5]((omega_trans >= 26.974000) && (omega_trans <= 40.494100)) -> F[4,5]((U_d1 == 0.000000))",
ControlledPU,speed increasing,77,"G(F[0,0]((gear == 1.000000)) && F[9,10]((omega_trans >= 26.974000) && (omega_trans <= 40.494100)) -> F[9,10]((@(U,1) == 0.000000)))","F[0,0]((gear == 1.000000)) && F[9,10]((omega_trans >= 26.974000) && (omega_trans <= 40.494100)) -> F[9,10]((U_d1 == 0.000000))",
ControlledPU,speed increasing,78,"G(F[0,0]((gear <= 2.000000)) && F[2,4]((error <= 43.026000)) && F[2,4]((omega_trans >= 26.974000) && (omega_trans <= 40.494100)) -> F[2,4]((@(U,1) == 0.000000)))","F[0,0]((gear <= 2.000000)) && F[2,4]((error <= 43.026000)) && F[2,4]((omega_trans >= 26.974000) && (omega_trans <= 40.494100)) -> F[2,4]((U_d1 == 0.000000))",
ControlledPU,speed increasing,79,"G(F[0,0]((gear >= 1.000000) && (gear <= 2.000000)) && F[1,3]((omega_trans >= 26.974000) && (omega_trans <= 40.494100)) -> F[1,3]((@(U,1) == 0.000000)))","F[0,0]((gear >= 1.000000) && (gear <= 2.000000)) && F[1,3]((omega_trans >= 26.974000) && (omega_trans <= 40.494100)) -> F[1,3]((U_d1 == 0.000000))",
ControlledPU,speed increasing,80,"G(F[0,0]((gear >= 1.000000) && (gear <= 2.000000)) && F[2,4]((error <= 43.026000)) && F[2,4]((omega_trans >= 26.974000) && (omega_trans <= 40.494100)) -> F[2,4]((@(U,1) == 0.000000)))","F[0,0]((gear >= 1.000000) && (gear <= 2.000000)) && F[2,4]((error <= 43.026000)) && F[2,4]((omega_trans >= 26.974000) && (omega_trans <= 40.494100)) -> F[2,4]((U_d1 == 0.000000))",
ControlledPU,speed increasing,81,"G(F[0,0]((gear == 1.000000)) && F[7,9]((error <= 43.026000)) && F[7,9]((omega_trans >= 26.974000) && (omega_trans <= 40.494100)) -> F[7,9]((@(U,1) == 0.000000)))","F[0,0]((gear == 1.000000)) && F[7,9]((error <= 43.026000)) && F[7,9]((omega_trans >= 26.974000) && (omega_trans <= 40.494100)) -> F[7,9]((U_d1 == 0.000000))",
ControlledPU,speed increasing,82,"G(F[0,0]((gear <= 2.000000)) && F[1,3]((omega_trans >= 26.974000) && (omega_trans <= 40.494100)) -> F[1,3]((@(U,1) == 0.000000)))","F[0,0]((gear <= 2.000000)) && F[1,3]((omega_trans >= 26.974000) && (omega_trans <= 40.494100)) -> F[1,3]((U_d1 == 0.000000))",
ControlledPU,speed increasing,83,"G(F[0,0]((gear == 1.000000)) && F[7,9]((error <= 43.026000)) && F[7,9]((omega_trans >= 16.205700) && (omega_trans <= 40.494100)) -> F[7,9]((@(U,1) == 0.000000)))","F[0,0]((gear == 1.000000)) && F[7,9]((error <= 43.026000)) && F[7,9]((omega_trans >= 16.205700) && (omega_trans <= 40.494100)) -> F[7,9]((U_d1 == 0.000000))",
ControlledPU,speed increasing,84,"G(F[0,0]((gear >= 1.000000) && (gear <= 2.000000)) && F[2,4]((error <= 43.026000)) && F[2,4]((omega_trans >= 16.205700) && (omega_trans <= 40.494100)) -> F[2,4]((@(U,1) == 0.000000)))","F[0,0]((gear >= 1.000000) && (gear <= 2.000000)) && F[2,4]((error <= 43.026000)) && F[2,4]((omega_trans >= 16.205700) && (omega_trans <= 40.494100)) -> F[2,4]((U_d1 == 0.000000))",
ControlledPU,speed increasing,85,"G(F[0,0]((gear <= 2.000000)) && F[2,4]((error <= 43.026000)) && F[2,4]((omega_trans >= 16.205700) && (omega_trans <= 40.494100)) -> F[2,4]((@(U,1) == 0.000000)))","F[0,0]((gear <= 2.000000)) && F[2,4]((error <= 43.026000)) && F[2,4]((omega_trans >= 16.205700) && (omega_trans <= 40.494100)) -> F[2,4]((U_d1 == 0.000000))",
ControlledPU,speed increasing,86,"G(F[0,0]((omega_target == 70.000000)) && F[7,9]((error <= 43.026000)) && F[7,9]((omega_trans >= 16.205700) && (omega_trans <= 40.494100)) -> F[7,9]((@(U,1) == 0.000000)))","F[0,0]((omega_target == 70.000000)) && F[7,9]((error <= 43.026000)) && F[7,9]((omega_trans >= 16.205700) && (omega_trans <= 40.494100)) -> F[7,9]((U_d1 == 0.000000))",
ControlledPU,speed increasing,87,"G(F[0,0]((omega_target == 70.000000)) && F[7,9]((gear >= 4.000000)) && F[7,9]((omega_trans >= 26.974000) && (omega_trans <= 40.494100)) -> F[7,9]((@(U,1) == 0.000000)))","F[0,0]((omega_target == 70.000000)) && F[7,9]((gear >= 4.000000)) && F[7,9]((omega_trans >= 26.974000) && (omega_trans <= 40.494100)) -> F[7,9]((U_d1 == 0.000000))",
ControlledPU,speed increasing,88,"G(F[0,0]((error >= 53.089300)) && F[5,7]((gear >= 4.000000)) && F[5,7]((omega_trans >= 16.205700) && (omega_trans <= 40.494100)) -> F[5,7]((@(U,1) == 0.000000)))","F[0,0]((error >= 53.089300)) && F[5,7]((gear >= 4.000000)) && F[5,7]((omega_trans >= 16.205700) && (omega_trans <= 40.494100)) -> F[5,7]((U_d1 == 0.000000))",
ControlledPU,speed increasing,89,"G(F[0,0]((error >= 51.985300)) && F[2,4]((gear >= 4.000000)) && F[2,4]((omega_trans >= 26.974000) && (omega_trans <= 40.494100)) -> F[2,4]((@(U,1) == 0.000000)))","F[0,0]((error >= 51.985300)) && F[2,4]((gear >= 4.000000)) && F[2,4]((omega_trans >= 26.974000) && (omega_trans <= 40.494100)) -> F[2,4]((U_d1 == 0.000000))",
ControlledPU,speed increasing,90,"G(F[0,0]((omega_target == 70.000000)) && F[4,6]((gear >= 4.000000)) && F[4,6]((omega_trans >= 26.974000) && (omega_trans <= 40.494100)) -> F[4,6]((@(U,1) == 0.000000)))","F[0,0]((omega_target == 70.000000)) && F[4,6]((gear >= 4.000000)) && F[4,6]((omega_trans >= 26.974000) && (omega_trans <= 40.494100)) -> F[4,6]((U_d1 == 0.000000))",
ControlledPU,speed increasing,91,"G(F[0,0]((omega_target == 70.000000)) && F[2,4]((error <= 43.026000)) && F[2,4]((omega_trans >= 16.205700) && (omega_trans <= 40.494100)) -> F[2,4]((@(U,1) == 0.000000)))","F[0,0]((omega_target == 70.000000)) && F[2,4]((error <= 43.026000)) && F[2,4]((omega_trans >= 16.205700) && (omega_trans <= 40.494100)) -> F[2,4]((U_d1 == 0.000000))",
ControlledPU,speed increasing,92,"G(F[0,0]((omega_target == 70.000000)) && F[7,9]((gear >= 4.000000)) && F[7,9]((omega_trans >= 16.205700) && (omega_trans <= 40.494100)) -> F[7,9]((@(U,1) == 0.000000)))","F[0,0]((omega_target == 70.000000)) && F[7,9]((gear >= 4.000000)) && F[7,9]((omega_trans >= 16.205700) && (omega_trans <= 40.494100)) -> F[7,9]((U_d1 == 0.000000))",
ControlledPU,speed increasing,93,"G(F[0,0]((omega_target == 70.000000)) && F[2,4]((gear >= 4.000000)) && F[2,4]((omega_trans >= 26.974000) && (omega_trans <= 40.494100)) -> F[2,4]((@(U,1) == 0.000000)))","F[0,0]((omega_target == 70.000000)) && F[2,4]((gear >= 4.000000)) && F[2,4]((omega_trans >= 26.974000) && (omega_trans <= 40.494100)) -> F[2,4]((U_d1 == 0.000000))",
ControlledPU,speed increasing,94,"G(F[0,0]((omega_target == 70.000000)) && F[4,6]((gear >= 4.000000)) && F[4,6]((omega_trans >= 16.205700) && (omega_trans <= 40.494100)) -> F[4,6]((@(U,1) == 0.000000)))","F[0,0]((omega_target == 70.000000)) && F[4,6]((gear >= 4.000000)) && F[4,6]((omega_trans >= 16.205700) && (omega_trans <= 40.494100)) -> F[4,6]((U_d1 == 0.000000))",
ControlledPU,speed increasing,95,"G(F[0,0]((omega_target == 70.000000)) && F[2,4]((gear >= 4.000000)) && F[2,4]((omega_trans >= 16.205700) && (omega_trans <= 40.494100)) -> F[2,4]((@(U,1) == 0.000000)))","F[0,0]((omega_target == 70.000000)) && F[2,4]((gear >= 4.000000)) && F[2,4]((omega_trans >= 16.205700) && (omega_trans <= 40.494100)) -> F[2,4]((U_d1 == 0.000000))",
ControlledPU,speed increasing,96,"G(F[0,0]((omega_target == 70.000000)) && F[2,4]((error <= 43.026000)) && F[2,4]((omega_trans >= 26.974000) && (omega_trans <= 40.494100)) -> F[2,4]((@(U,1) == 0.000000)))","F[0,0]((omega_target == 70.000000)) && F[2,4]((error <= 43.026000)) && F[2,4]((omega_trans >= 26.974000) && (omega_trans <= 40.494100)) -> F[2,4]((U_d1 == 0.000000))",
ControlledPU,speed increasing,97,"G(F[0,0]((omega_target == 70.000000)) && F[4,6]((error <= 43.026000)) && F[4,6]((omega_trans >= 26.974000) && (omega_trans <= 40.494100)) -> F[4,6]((@(U,1) == 0.000000)))","F[0,0]((omega_target == 70.000000)) && F[4,6]((error <= 43.026000)) && F[4,6]((omega_trans >= 26.974000) && (omega_trans <= 40.494100)) -> F[4,6]((U_d1 == 0.000000))",
ControlledPU,speed increasing,98,"G(F[0,0]((omega_target == 70.000000)) && F[7,9]((error <= 43.026000)) && F[7,9]((omega_trans >= 26.974000) && (omega_trans <= 40.494100)) -> F[7,9]((@(U,1) == 0.000000)))","F[0,0]((omega_target == 70.000000)) && F[7,9]((error <= 43.026000)) && F[7,9]((omega_trans >= 26.974000) && (omega_trans <= 40.494100)) -> F[7,9]((U_d1 == 0.000000))",
ControlledPU,speed increasing,99,"G(F[0,0]((error >= 55.797100)) && F[8,10]((gear >= 4.000000)) && F[8,10]((omega_trans >= 26.974000) && (omega_trans <= 40.494100)) -> F[8,10]((@(U,1) == 0.000000)))","F[0,0]((error >= 55.797100)) && F[8,10]((gear >= 4.000000)) && F[8,10]((omega_trans >= 26.974000) && (omega_trans <= 40.494100)) -> F[8,10]((U_d1 == 0.000000))",
ControlledPU,speed increasing,100,"G(F[0,0]((error >= 55.797100)) && F[8,10]((gear >= 4.000000)) && F[8,10]((omega_trans >= 16.205700) && (omega_trans <= 40.494100)) -> F[8,10]((@(U,1) == 0.000000)))","F[0,0]((error >= 55.797100)) && F[8,10]((gear >= 4.000000)) && F[8,10]((omega_trans >= 16.205700) && (omega_trans <= 40.494100)) -> F[8,10]((U_d1 == 0.000000))",
ControlledPU,speed increasing,101,"G(F[0,0]((error >= 55.797100)) && F[1,3]((omega_trans >= 16.205700) && (omega_trans <= 40.494100)) -> F[1,3]((@(U,1) == 0.000000)))","F[0,0]((error >= 55.797100)) && F[1,3]((omega_trans >= 16.205700) && (omega_trans <= 40.494100)) -> F[1,3]((U_d1 == 0.000000))",
ControlledPU,speed increasing,102,"G(F[0,0]((error >= 55.797100) && (error <= 58.296700)) && F[1,3]((omega_trans >= 16.205700) && (omega_trans <= 40.494100)) -> F[1,3]((@(U,1) == 0.000000)))","F[0,0]((error >= 55.797100) && (error <= 58.296700)) && F[1,3]((omega_trans >= 16.205700) && (omega_trans <= 40.494100)) -> F[1,3]((U_d1 == 0.000000))",
ControlledPU,speed increasing,103,"G(F[0,0]((error >= 53.089300) && (error <= 54.700400)) && F[5,7]((gear >= 4.000000)) && F[5,7]((omega_trans >= 16.205700) && (omega_trans <= 40.494100)) -> F[5,7]((@(U,1) == 0.000000)))","F[0,0]((error >= 53.089300) && (error <= 54.700400)) && F[5,7]((gear >= 4.000000)) && F[5,7]((omega_trans >= 16.205700) && (omega_trans <= 40.494100)) -> F[5,7]((U_d1 == 0.000000))",
ControlledPU,speed increasing,104,"G(F[0,0]((error >= 55.797100) && (error <= 58.296700)) && F[8,10]((gear >= 4.000000)) && F[8,10]((omega_trans >= 16.205700) && (omega_trans <= 40.494100)) -> F[8,10]((@(U,1) == 0.000000)))","F[0,0]((error >= 55.797100) && (error <= 58.296700)) && F[8,10]((gear >= 4.000000)) && F[8,10]((omega_trans >= 16.205700) && (omega_trans <= 40.494100)) -> F[8,10]((U_d1 == 0.000000))",
ControlledPU,speed increasing,105,"G(F[0,0]((omega_target == 70.000000)) && F[4,6]((error <= 43.026000)) && F[4,6]((omega_trans >= 16.205700) && (omega_trans <= 40.494100)) -> F[4,6]((@(U,1) == 0.000000)))","F[0,0]((omega_target == 70.000000)) && F[4,6]((error <= 43.026000)) && F[4,6]((omega_trans >= 16.205700) && (omega_trans <= 40.494100)) -> F[4,6]((U_d1 == 0.000000))",
ControlledPU,speed increasing,106,"G(F[0,0]((error >= 53.089300) && (error <= 54.700400)) && F[5,7]((gear >= 4.000000)) && F[5,7]((omega_trans >= 26.974000) && (omega_trans <= 40.494100)) -> F[5,7]((@(U,1) == 0.000000)))","F[0,0]((error >= 53.089300) && (error <= 54.700400)) && F[5,7]((gear >= 4.000000)) && F[5,7]((omega_trans >= 26.974000) && (omega_trans <= 40.494100)) -> F[5,7]((U_d1 == 0.000000))",
ControlledPU,speed increasing,107,"G(F[0,0]((error >= 53.089300)) && F[5,7]((gear >= 4.000000)) && F[5,7]((omega_trans >= 26.974000) && (omega_trans <= 40.494100)) -> F[5,7]((@(U,1) == 0.000000)))","F[0,0]((error >= 53.089300)) && F[5,7]((gear >= 4.000000)) && F[5,7]((omega_trans >= 26.974000) && (omega_trans <= 40.494100)) -> F[5,7]((U_d1 == 0.000000))",
ControlledPU,speed increasing,108,"G(F[0,0]((error >= 51.985300)) && F[2,4]((gear >= 4.000000)) && F[2,4]((omega_trans >= 16.205700) && (omega_trans <= 40.494100)) -> F[2,4]((@(U,1) == 0.000000)))","F[0,0]((error >= 51.985300)) && F[2,4]((gear >= 4.000000)) && F[2,4]((omega_trans >= 16.205700) && (omega_trans <= 40.494100)) -> F[2,4]((U_d1 == 0.000000))",
ControlledPU,speed increasing,109,"G(F[0,0]((error >= 51.985300) && (error <= 52.571500)) && F[2,4]((gear >= 4.000000)) && F[2,4]((omega_trans >= 16.205700) && (omega_trans <= 40.494100)) -> F[2,4]((@(U,1) == 0.000000)))","F[0,0]((error >= 51.985300) && (error <= 52.571500)) && F[2,4]((gear >= 4.000000)) && F[2,4]((omega_trans >= 16.205700) && (omega_trans <= 40.494100)) -> F[2,4]((U_d1 == 0.000000))",
ControlledPU,speed increasing,110,"G(F[0,0]((error >= 51.985300) && (error <= 52.571500)) && F[2,4]((gear >= 4.000000)) && F[2,4]((omega_trans >= 26.974000) && (omega_trans <= 40.494100)) -> F[2,4]((@(U,1) == 0.000000)))","F[0,0]((error >= 51.985300) && (error <= 52.571500)) && F[2,4]((gear >= 4.000000)) && F[2,4]((omega_trans >= 26.974000) && (omega_trans <= 40.494100)) -> F[2,4]((U_d1 == 0.000000))",
ControlledPU,speed increasing,111,"G(F[0,0]((error >= 55.797100) && (error <= 58.296700)) && F[8,10]((gear >= 4.000000)) && F[8,10]((omega_trans >= 26.974000) && (omega_trans <= 40.494100)) -> F[8,10]((@(U,1) == 0.000000)))","F[0,0]((error >= 55.797100) && (error <= 58.296700)) && F[8,10]((gear >= 4.000000)) && F[8,10]((omega_trans >= 26.974000) && (omega_trans <= 40.494100)) -> F[8,10]((U_d1 == 0.000000))",
ControlledPU,speed increasing,112,"G(F[0,0]((omega_target == 70.000000)) && F[10,10]((omega_trans >= 26.974000) && (omega_trans <= 40.494100)) -> F[10,10]((@(U,1) == 0.000000)))","F[0,0]((omega_target == 70.000000)) && F[10,10]((omega_trans >= 26.974000) && (omega_trans <= 40.494100)) -> F[10,10]((U_d1 == 0.000000))",
ControlledPU,speed increasing,113,"G(F[0,0]((error >= 43.026000)) && F[0,0]((omega_trans >= 26.974000) && (omega_trans <= 40.494100)) -> F[0,0]((@(U,1) == 0.000000)))","F[0,0]((error >= 43.026000)) && F[0,0]((omega_trans >= 26.974000) && (omega_trans <= 40.494100)) -> F[0,0]((U_d1 == 0.000000))",
ControlledPU,speed increasing,114,"G(F[0,0]((error >= 43.026000) && (error <= 48.005000)) && F[0,0]((omega_trans >= 26.974000) && (omega_trans <= 40.494100)) -> F[0,0]((@(U,1) == 0.000000)))","F[0,0]((error >= 43.026000) && (error <= 48.005000)) && F[0,0]((omega_trans >= 26.974000) && (omega_trans <= 40.494100)) -> F[0,0]((U_d1 == 0.000000))",
ControlledPU,speed increasing,115,"G(F[0,0]((omega_target == 70.000000)) && F[0,0]((omega_trans >= 26.974000) && (omega_trans <= 40.494100)) -> F[0,0]((@(U,1) == 0.000000)))","F[0,0]((omega_target == 70.000000)) && F[0,0]((omega_trans >= 26.974000) && (omega_trans <= 40.494100)) -> F[0,0]((U_d1 == 0.000000))",
ControlledPU,speed increasing,116,"G(F[0,0]((gear <= 4.000000)) && F[0,0]((omega_trans >= 26.974000) && (omega_trans <= 40.494100)) -> F[0,0]((@(U,1) == 0.000000)))","F[0,0]((gear <= 4.000000)) && F[0,0]((omega_trans >= 26.974000) && (omega_trans <= 40.494100)) -> F[0,0]((U_d1 == 0.000000))",
ControlledPU,speed increasing,117,"G(F[0,0]((gear >= 3.000000) && (gear <= 4.000000)) && F[0,0]((omega_trans >= 16.205700) && (omega_trans <= 40.494100)) -> F[0,0]((@(U,1) == 0.000000)))","F[0,0]((gear >= 3.000000) && (gear <= 4.000000)) && F[0,0]((omega_trans >= 16.205700) && (omega_trans <= 40.494100)) -> F[0,0]((U_d1 == 0.000000))",
ControlledPU,speed increasing,118,"G(F[0,0]((error >= 43.026000) && (error <= 48.005000)) && F[0,0]((omega_trans >= 16.205700) && (omega_trans <= 40.494100)) -> F[0,0]((@(U,1) == 0.000000)))","F[0,0]((error >= 43.026000) && (error <= 48.005000)) && F[0,0]((omega_trans >= 16.205700) && (omega_trans <= 40.494100)) -> F[0,0]((U_d1 == 0.000000))",
ControlledPU,speed increasing,119,"G(F[0,0]((gear >= 3.000000) && (gear <= 4.000000)) && F[0,0]((omega_trans >= 26.974000) && (omega_trans <= 40.494100)) -> F[0,0]((@(U,1) == 0.000000)))","F[0,0]((gear >= 3.000000) && (gear <= 4.000000)) && F[0,0]((omega_trans >= 26.974000) && (omega_trans <= 40.494100)) -> F[0,0]((U_d1 == 0.000000))",
ControlledPU,speed increasing,120,"G(F[0,0]((gear == 1.000000)) && F[5,6]((error <= 43.026000)) && F[5,6]((omega_trans >= 26.974000) && (omega_trans <= 40.494100)) -> F[5,6]((@(U,1) == 0.000000)))","F[0,0]((gear == 1.000000)) && F[5,6]((error <= 43.026000)) && F[5,6]((omega_trans >= 26.974000) && (omega_trans <= 40.494100)) -> F[5,6]((U_d1 == 0.000000))",
ControlledPU,speed increasing,121,"G(F[0,0]((error >= 53.089300) && (error <= 53.794300)) && F[5,6]((gear >= 4.000000)) && F[5,6]((omega_trans >= 26.974000) && (omega_trans <= 40.494100)) -> F[5,6]((@(U,1) == 0.000000)))","F[0,0]((error >= 53.089300) && (error <= 53.794300)) && F[5,6]((gear >= 4.000000)) && F[5,6]((omega_trans >= 26.974000) && (omega_trans <= 40.494100)) -> F[5,6]((U_d1 == 0.000000))",
ControlledPU,speed increasing,122,"G(F[0,0]((error >= 53.089300)) && F[5,6]((gear >= 4.000000)) && F[5,6]((omega_trans >= 26.974000) && (omega_trans <= 40.494100)) -> F[5,6]((@(U,1) == 0.000000)))","F[0,0]((error >= 53.089300)) && F[5,6]((gear >= 4.000000)) && F[5,6]((omega_trans >= 26.974000) && (omega_trans <= 40.494100)) -> F[5,6]((U_d1 == 0.000000))",
ControlledPU,speed increasing,123,"G(F[0,0]((error >= 54.700400) && (error <= 55.797100)) && F[7,8]((gear >= 4.000000)) && F[7,8]((omega_trans >= 26.974000) && (omega_trans <= 40.494100)) -> F[7,8]((@(U,1) == 0.000000)))","F[0,0]((error >= 54.700400) && (error <= 55.797100)) && F[7,8]((gear >= 4.000000)) && F[7,8]((omega_trans >= 26.974000) && (omega_trans <= 40.494100)) -> F[7,8]((U_d1 == 0.000000))",
ControlledPU,speed increasing,124,"G(F[0,0]((error >= 54.700400)) && F[7,8]((gear >= 4.000000)) && F[7,8]((omega_trans >= 26.974000) && (omega_trans <= 40.494100)) -> F[7,8]((@(U,1) == 0.000000)))","F[0,0]((error >= 54.700400)) && F[7,8]((gear >= 4.000000)) && F[7,8]((omega_trans >= 26.974000) && (omega_trans <= 40.494100)) -> F[7,8]((U_d1 == 0.000000))",
ControlledPU,speed increasing,125,"G(F[0,0]((omega_target == 70.000000)) && F[0,1]((error <= 43.026000)) && F[0,1]((omega_trans >= 16.205700) && (omega_trans <= 40.494100)) -> F[0,1]((@(U,1) == 0.000000)))","F[0,0]((omega_target == 70.000000)) && F[0,1]((error <= 43.026000)) && F[0,1]((omega_trans >= 16.205700) && (omega_trans <= 40.494100)) -> F[0,1]((U_d1 == 0.000000))",
ControlledPU,speed increasing,126,"G(F[0,0]((error >= 57.033200) && (error <= 58.296700)) && F[9,10]((gear >= 4.000000)) && F[9,10]((omega_trans >= 26.974000) && (omega_trans <= 40.494100)) -> F[9,10]((@(U,1) == 0.000000)))","F[0,0]((error >= 57.033200) && (error <= 58.296700)) && F[9,10]((gear >= 4.000000)) && F[9,10]((omega_trans >= 26.974000) && (omega_trans <= 40.494100)) -> F[9,10]((U_d1 == 0.000000))",
ControlledPU,speed increasing,127,"G(F[0,0]((gear >= 3.000000) && (gear <= 4.000000)) && F[0,1]((error <= 43.026000)) && F[0,1]((omega_trans >= 26.974000) && (omega_trans <= 40.494100)) -> F[0,1]((@(U,1) == 0.000000)))","F[0,0]((gear >= 3.000000) && (gear <= 4.000000)) && F[0,1]((error <= 43.026000)) && F[0,1]((omega_trans >= 26.974000) && (omega_trans <= 40.494100)) -> F[0,1]((U_d1 == 0.000000))",
ControlledPU,speed increasing,128,"G(F[0,0]((gear <= 4.000000)) && F[0,1]((error <= 43.026000)) && F[0,1]((omega_trans >= 26.974000) && (omega_trans <= 40.494100)) -> F[0,1]((@(U,1) == 0.000000)))","F[0,0]((gear <= 4.000000)) && F[0,1]((error <= 43.026000)) && F[0,1]((omega_trans >= 26.974000) && (omega_trans <= 40.494100)) -> F[0,1]((U_d1 == 0.000000))",
ControlledPU,speed increasing,129,"G(F[0,0]((omega_target == 70.000000)) && F[0,1]((error <= 43.026000)) && F[0,1]((omega_trans >= 26.974000) && (omega_trans <= 40.494100)) -> F[0,1]((@(U,1) == 0.000000)))","F[0,0]((omega_target == 70.000000)) && F[0,1]((error <= 43.026000)) && F[0,1]((omega_trans >= 26.974000) && (omega_trans <= 40.494100)) -> F[0,1]((U_d1 == 0.000000))",
ControlledPU,speed increasing,130,"G(F[0,0]((omega_target == 70.000000)) && F[5,6]((error <= 43.026000)) && F[5,6]((omega_trans >= 26.974000) && (omega_trans <= 40.494100)) -> F[5,6]((@(U,1) == 0.000000)))","F[0,0]((omega_target == 70.000000)) && F[5,6]((error <= 43.026000)) && F[5,6]((omega_trans >= 26.974000) && (omega_trans <= 40.494100)) -> F[5,6]((U_d1 == 0.000000))",
ControlledPU,speed increasing,131,"G(F[0,0]((gear == 1.000000)) && F[5,6]((error <= 43.026000)) && F[5,6]((omega_trans >= 16.205700) && (omega_trans <= 40.494100)) -> F[5,6]((@(U,1) == 0.000000)))","F[0,0]((gear == 1.000000)) && F[5,6]((error <= 43.026000)) && F[5,6]((omega_trans >= 16.205700) && (omega_trans <= 40.494100)) -> F[5,6]((U_d1 == 0.000000))",
ControlledPU,speed increasing,132,"G(F[0,0]((error >= 58.296700) && (error <= 59.217000)) && F[9,10]((omega_trans >= 26.974000) && (omega_trans <= 40.494100)) -> F[9,10]((@(U,1) == 0.000000)))","F[0,0]((error >= 58.296700) && (error <= 59.217000)) && F[9,10]((omega_trans >= 26.974000) && (omega_trans <= 40.494100)) -> F[9,10]((U_d1 == 0.000000))",
ControlledPU,speed increasing,133,"G(F[0,0]((gear <= 4.000000)) && F[0,1]((error <= 43.026000)) && F[0,1]((omega_trans >= 16.205700) && (omega_trans <= 40.494100)) -> F[0,1]((@(U,1) == 0.000000)))","F[0,0]((gear <= 4.000000)) && F[0,1]((error <= 43.026000)) && F[0,1]((omega_trans >= 16.205700) && (omega_trans <= 40.494100)) -> F[0,1]((U_d1 == 0.000000))",
ControlledPU,speed increasing,134,"G(F[0,0]((error >= 57.033200)) && F[9,10]((gear >= 4.000000)) && F[9,10]((omega_trans >= 16.205700) && (omega_trans <= 40.494100)) -> F[9,10]((@(U,1) == 0.000000)))","F[0,0]((error >= 57.033200)) && F[9,10]((gear >= 4.000000)) && F[9,10]((omega_trans >= 16.205700) && (omega_trans <= 40.494100)) -> F[9,10]((U_d1 == 0.000000))",
ControlledPU,speed increasing,135,"G(F[0,0]((error >= 57.033200)) && F[9,10]((gear >= 4.000000)) && F[9,10]((omega_trans >= 26.974000) && (omega_trans <= 40.494100)) -> F[9,10]((@(U,1) == 0.000000)))","F[0,0]((error >= 57.033200)) && F[9,10]((gear >= 4.000000)) && F[9,10]((omega_trans >= 26.974000) && (omega_trans <= 40.494100)) -> F[9,10]((U_d1 == 0.000000))",
ControlledPU,speed increasing,136,"G(F[0,0]((error >= 43.026000) && (error <= 48.005000)) && F[0,1]((gear >= 4.000000)) && F[0,1]((omega_trans >= 16.205700) && (omega_trans <= 40.494100)) -> F[0,1]((@(U,1) == 0.000000)))","F[0,0]((error >= 43.026000) && (error <= 48.005000)) && F[0,1]((gear >= 4.000000)) && F[0,1]((omega_trans >= 16.205700) && (omega_trans <= 40.494100)) -> F[0,1]((U_d1 == 0.000000))",
ControlledPU,speed increasing,137,"G(F[0,0]((omega_target == 70.000000)) && F[5,6]((error <= 43.026000)) && F[5,6]((omega_trans >= 16.205700) && (omega_trans <= 40.494100)) -> F[5,6]((@(U,1) == 0.000000)))","F[0,0]((omega_target == 70.000000)) && F[5,6]((error <= 43.026000)) && F[5,6]((omega_trans >= 16.205700) && (omega_trans <= 40.494100)) -> F[5,6]((U_d1 == 0.000000))",
ControlledPU,speed increasing,138,"G(F[0,0]((error >= 53.089300)) && F[5,6]((gear >= 4.000000)) && F[5,6]((omega_trans >= 16.205700) && (omega_trans <= 40.494100)) -> F[5,6]((@(U,1) == 0.000000)))","F[0,0]((error >= 53.089300)) && F[5,6]((gear >= 4.000000)) && F[5,6]((omega_trans >= 16.205700) && (omega_trans <= 40.494100)) -> F[5,6]((U_d1 == 0.000000))",
ControlledPU,speed increasing,139,"G(F[0,0]((error >= 53.089300) && (error <= 53.794300)) && F[5,6]((gear >= 4.000000)) && F[5,6]((omega_trans >= 16.205700) && (omega_trans <= 40.494100)) -> F[5,6]((@(U,1) == 0.000000)))","F[0,0]((error >= 53.089300) && (error <= 53.794300)) && F[5,6]((gear >= 4.000000)) && F[5,6]((omega_trans >= 16.205700) && (omega_trans <= 40.494100)) -> F[5,6]((U_d1 == 0.000000))",
ControlledPU,speed increasing,140,"G(F[0,0]((error >= 43.026000)) && F[0,1]((gear >= 4.000000)) && F[0,1]((omega_trans >= 16.205700) && (omega_trans <= 40.494100)) -> F[0,1]((@(U,1) == 0.000000)))","F[0,0]((error >= 43.026000)) && F[0,1]((gear >= 4.000000)) && F[0,1]((omega_trans >= 16.205700) && (omega_trans <= 40.494100)) -> F[0,1]((U_d1 == 0.000000))",
ControlledPU,speed increasing,141,"G(F[0,0]((error >= 57.033200) && (error <= 58.296700)) && F[9,10]((gear >= 4.000000)) && F[9,10]((omega_trans >= 16.205700) && (omega_trans <= 40.494100)) -> F[9,10]((@(U,1) == 0.000000)))","F[0,0]((error >= 57.033200) && (error <= 58.296700)) && F[9,10]((gear >= 4.000000)) && F[9,10]((omega_trans >= 16.205700) && (omega_trans <= 40.494100)) -> F[9,10]((U_d1 == 0.000000))",
ControlledPU,speed increasing,142,"G(F[0,0]((omega_target == 70.000000)) && F[5,6]((gear >= 4.000000)) && F[5,6]((omega_trans >= 16.205700) && (omega_trans <= 40.494100)) -> F[5,6]((@(U,1) == 0.000000)))","F[0,0]((omega_target == 70.000000)) && F[5,6]((gear >= 4.000000)) && F[5,6]((omega_trans >= 16.205700) && (omega_trans <= 40.494100)) -> F[5,6]((U_d1 == 0.000000))",
ControlledPU,speed increasing,143,"G(F[0,0]((omega_target == 70.000000)) && F[0,1]((gear >= 4.000000)) && F[0,1]((omega_trans >= 16.205700) && (omega_trans <= 40.494100)) -> F[0,1]((@(U,1) == 0.000000)))","F[0,0]((omega_target == 70.000000)) && F[0,1]((gear >= 4.000000)) && F[0,1]((omega_trans >= 16.205700) && (omega_trans <= 40.494100)) -> F[0,1]((U_d1 == 0.000000))",
ControlledPU,speed increasing,144,"G(F[0,0]((error >= 54.700400) && (error <= 55.797100)) && F[7,8]((gear >= 4.000000)) && F[7,8]((omega_trans >= 16.205700) && (omega_trans <= 40.494100)) -> F[7,8]((@(U,1) == 0.000000)))","F[0,0]((error >= 54.700400) && (error <= 55.797100)) && F[7,8]((gear >= 4.000000)) && F[7,8]((omega_trans >= 16.205700) && (omega_trans <= 40.494100)) -> F[7,8]((U_d1 == 0.000000))",
ControlledPU,speed increasing,145,"G(F[0,0]((error >= 54.700400)) && F[7,8]((gear >= 4.000000)) && F[7,8]((omega_trans >= 16.205700) && (omega_trans <= 40.494100)) -> F[7,8]((@(U,1) == 0.000000)))","F[0,0]((error >= 54.700400)) && F[7,8]((gear >= 4.000000)) && F[7,8]((omega_trans >= 16.205700) && (omega_trans <= 40.494100)) -> F[7,8]((U_d1 == 0.000000))",
ControlledPU,speed increasing,146,"G(F[0,0]((gear >= 3.000000) && (gear <= 4.000000)) && F[0,1]((error <= 43.026000)) && F[0,1]((omega_trans >= 16.205700) && (omega_trans <= 40.494100)) -> F[0,1]((@(U,1) == 0.000000)))","F[0,0]((gear >= 3.000000) && (gear <= 4.000000)) && F[0,1]((error <= 43.026000)) && F[0,1]((omega_trans >= 16.205700) && (omega_trans <= 40.494100)) -> F[0,1]((U_d1 == 0.000000))",
ControlledPU,speed increasing,147,"G(F[0,0]((error >= 58.296700)) && F[9,10]((omega_trans >= 26.974000) && (omega_trans <= 40.494100)) -> F[9,10]((@(U,1) == 0.000000)))","F[0,0]((error >= 58.296700)) && F[9,10]((omega_trans >= 26.974000) && (omega_trans <= 40.494100)) -> F[9,10]((U_d1 == 0.000000))",
ControlledPU,speed increasing,148,"G(F[0,0]((omega_target == 70.000000)) && F[0,1]((gear >= 4.000000)) && F[0,1]((omega_trans >= 26.974000) && (omega_trans <= 40.494100)) -> F[0,1]((@(U,1) == 0.000000)))","F[0,0]((omega_target == 70.000000)) && F[0,1]((gear >= 4.000000)) && F[0,1]((omega_trans >= 26.974000) && (omega_trans <= 40.494100)) -> F[0,1]((U_d1 == 0.000000))",
ControlledPU,speed increasing,149,"G(F[0,0]((omega_target == 70.000000)) && F[5,6]((gear >= 4.000000)) && F[5,6]((omega_trans >= 26.974000) && (omega_trans <= 40.494100)) -> F[5,6]((@(U,1) == 0.000000)))","F[0,0]((omega_target == 70.000000)) && F[5,6]((gear >= 4.000000)) && F[5,6]((omega_trans >= 26.974000) && (omega_trans <= 40.494100)) -> F[5,6]((U_d1 == 0.000000))",
ControlledPU,speed increasing,150,"G(F[0,0]((error >= 43.026000) && (error <= 48.005000)) && F[0,1]((gear >= 4.000000)) && F[0,1]((omega_trans >= 26.974000) && (omega_trans <= 40.494100)) -> F[0,1]((@(U,1) == 0.000000)))","F[0,0]((error >= 43.026000) && (error <= 48.005000)) && F[0,1]((gear >= 4.000000)) && F[0,1]((omega_trans >= 26.974000) && (omega_trans <= 40.494100)) -> F[0,1]((U_d1 == 0.000000))",
ControlledPU,speed increasing,151,"G(F[0,0]((error >= 43.026000)) && F[0,1]((gear >= 4.000000)) && F[0,1]((omega_trans >= 26.974000) && (omega_trans <= 40.494100)) -> F[0,1]((@(U,1) == 0.000000)))","F[0,0]((error >= 43.026000)) && F[0,1]((gear >= 4.000000)) && F[0,1]((omega_trans >= 26.974000) && (omega_trans <= 40.494100)) -> F[0,1]((U_d1 == 0.000000))",
ControlledPU,speed increasing,152,"G(F[0,0]((gear <= 1.000000)) && F[2,4]((error <= 43.026000)) && F[2,4]((omega_trans >= 26.974000) && (omega_trans <= 40.494100)) -> F[2,4]((@(U,1) == 0.000000)))","F[0,0]((gear <= 1.000000)) && F[2,4]((error <= 43.026000)) && F[2,4]((omega_trans >= 26.974000) && (omega_trans <= 40.494100)) -> F[2,4]((U_d1 == 0.000000))",
ControlledPU,speed increasing,153,"G(F[0,0]((gear <= 1.000000)) && F[1,3]((omega_trans >= 26.974000) && (omega_trans <= 40.494100)) -> F[1,3]((@(U,1) == 0.000000)))","F[0,0]((gear <= 1.000000)) && F[1,3]((omega_trans >= 26.974000) && (omega_trans <= 40.494100)) -> F[1,3]((U_d1 == 0.000000))",
ControlledPU,speed increasing,154,"G(F[0,0]((gear <= 1.000000)) && F[2,4]((error <= 43.026000)) && F[2,4]((omega_trans >= 16.205700) && (omega_trans <= 40.494100)) -> F[2,4]((@(U,1) == 0.000000)))","F[0,0]((gear <= 1.000000)) && F[2,4]((error <= 43.026000)) && F[2,4]((omega_trans >= 16.205700) && (omega_trans <= 40.494100)) -> F[2,4]((U_d1 == 0.000000))",
ControlledPU,speed increasing,155,"G(F[0,0]((omega_target == 70.000000)) && F[10,10]((error <= 43.026000)) && F[10,10]((omega_trans >= 26.974000) && (omega_trans <= 40.494100)) -> F[10,10]((@(U,1) == 0.000000)))","F[0,0]((omega_target == 70.000000)) && F[10,10]((error <= 43.026000)) && F[10,10]((omega_trans >= 26.974000) && (omega_trans <= 40.494100)) -> F[10,10]((U_d1 == 0.000000))",
ControlledPU,speed increasing,156,"G(F[0,0]((error == 43.026000)) && F[0,0]((omega_trans >= 26.974000) && (omega_trans <= 40.494100)) -> F[0,0]((@(U,1) == 0.000000)))","F[0,0]((error == 43.026000)) && F[0,0]((omega_trans >= 26.974000) && (omega_trans <= 40.494100)) -> F[0,0]((U_d1 == 0.000000))",
ControlledPU,speed increasing,157,"G(F[0,0]((error >= 48.005000)) && F[0,0]((omega_trans >= 26.974000) && (omega_trans <= 40.494100)) -> F[0,0]((@(U,1) == 0.000000)))","F[0,0]((error >= 48.005000)) && F[0,0]((omega_trans >= 26.974000) && (omega_trans <= 40.494100)) -> F[0,0]((U_d1 == 0.000000))",
ControlledPU,speed increasing,158,"G(F[0,0]((error == 48.005000)) && F[0,0]((omega_trans >= 26.974000) && (omega_trans <= 40.494100)) -> F[0,0]((@(U,1) == 0.000000)))","F[0,0]((error == 48.005000)) && F[0,0]((omega_trans >= 26.974000) && (omega_trans <= 40.494100)) -> F[0,0]((U_d1 == 0.000000))",
ControlledPU,speed increasing,159,"G(F[0,0]((error >= 54.700400)) && F[0,0]((omega_trans >= 16.205700) && (omega_trans <= 40.494100)) -> F[0,0]((@(U,1) == 0.000000)))","F[0,0]((error >= 54.700400)) && F[0,0]((omega_trans >= 16.205700) && (omega_trans <= 40.494100)) -> F[0,0]((U_d1 == 0.000000))",
ControlledPU,speed increasing,160,"G(F[0,0]((gear <= 3.000000)) && F[0,0]((omega_trans >= 26.974000) && (omega_trans <= 40.494100)) -> F[0,0]((@(U,1) == 0.000000)))","F[0,0]((gear <= 3.000000)) && F[0,0]((omega_trans >= 26.974000) && (omega_trans <= 40.494100)) -> F[0,0]((U_d1 == 0.000000))",
ControlledPU,speed increasing,161,"G(F[0,0]((omega_target == 70.000000)) && F[10,10]((gear >= 4.000000)) && F[10,10]((omega_trans >= 16.205700) && (omega_trans <= 40.494100)) -> F[10,10]((@(U,1) == 0.000000)))","F[0,0]((omega_target == 70.000000)) && F[10,10]((gear >= 4.000000)) && F[10,10]((omega_trans >= 16.205700) && (omega_trans <= 40.494100)) -> F[10,10]((U_d1 == 0.000000))",
ControlledPU,speed increasing,162,"G(F[0,0]((omega_target == 70.000000)) && F[10,10]((gear >= 4.000000)) && F[10,10]((omega_trans >= 26.974000) && (omega_trans <= 40.494100)) -> F[10,10]((@(U,1) == 0.000000)))","F[0,0]((omega_target == 70.000000)) && F[10,10]((gear >= 4.000000)) && F[10,10]((omega_trans >= 26.974000) && (omega_trans <= 40.494100)) -> F[10,10]((U_d1 == 0.000000))",
ControlledPU,speed increasing,163,"G(F[0,0]((omega_target == 70.000000)) && F[10,10]((error <= 43.026000)) && F[10,10]((omega_trans >= 16.205700) && (omega_trans <= 40.494100)) -> F[10,10]((@(U,1) == 0.000000)))","F[0,0]((omega_target == 70.000000)) && F[10,10]((error <= 43.026000)) && F[10,10]((omega_trans >= 16.205700) && (omega_trans <= 40.494100)) -> F[10,10]((U_d1 == 0.000000))",
ControlledPU,speed increasing,164,"G(F[0,0]((gear == 1.000000)) && F[10,10]((error <= 43.026000)) && F[10,10]((omega_trans >= 16.205700) && (omega_trans <= 40.494100)) -> F[10,10]((@(U,1) == 0.000000)))","F[0,0]((gear == 1.000000)) && F[10,10]((error <= 43.026000)) && F[10,10]((omega_trans >= 16.205700) && (omega_trans <= 40.494100)) -> F[10,10]((U_d1 == 0.000000))",
ControlledPU,speed increasing,165,"G(F[0,0]((gear == 1.000000)) && F[10,10]((error <= 43.026000)) && F[10,10]((omega_trans >= 26.974000) && (omega_trans <= 40.494100)) -> F[10,10]((@(U,1) == 0.000000)))","F[0,0]((gear == 1.000000)) && F[10,10]((error <= 43.026000)) && F[10,10]((omega_trans >= 26.974000) && (omega_trans <= 40.494100)) -> F[10,10]((U_d1 == 0.000000))",
ControlledPU,speed increasing,166,"G(F[0,0]((gear <= 3.000000)) && F[0,1]((error <= 43.026000)) && F[0,1]((omega_trans >= 16.205700) && (omega_trans <= 40.494100)) -> F[0,1]((@(U,1) == 0.000000)))","F[0,0]((gear <= 3.000000)) && F[0,1]((error <= 43.026000)) && F[0,1]((omega_trans >= 16.205700) && (omega_trans <= 40.494100)) -> F[0,1]((U_d1 == 0.000000))",
ControlledPU,speed increasing,167,"G(F[0,0]((error >= 53.794300)) && F[5,6]((gear >= 4.000000)) && F[5,6]((omega_trans >= 16.205700) && (omega_trans <= 40.494100)) -> F[5,6]((@(U,1) == 0.000000)))","F[0,0]((error >= 53.794300)) && F[5,6]((gear >= 4.000000)) && F[5,6]((omega_trans >= 16.205700) && (omega_trans <= 40.494100)) -> F[5,6]((U_d1 == 0.000000))",
ControlledPU,speed increasing,168,"G(F[0,0]((error >= 48.005000)) && F[0,1]((gear >= 4.000000)) && F[0,1]((omega_trans >= 16.205700) && (omega_trans <= 40.494100)) -> F[0,1]((@(U,1) == 0.000000)))","F[0,0]((error >= 48.005000)) && F[0,1]((gear >= 4.000000)) && F[0,1]((omega_trans >= 16.205700) && (omega_trans <= 40.494100)) -> F[0,1]((U_d1 == 0.000000))",
ControlledPU,speed increasing,169,"G(F[0,0]((error >= 58.296700)) && F[9,10]((gear >= 4.000000)) && F[9,10]((omega_trans >= 16.205700) && (omega_trans <= 40.494100)) -> F[9,10]((@(U,1) == 0.000000)))","F[0,0]((error >= 58.296700)) && F[9,10]((gear >= 4.000000)) && F[9,10]((omega_trans >= 16.205700) && (omega_trans <= 40.494100)) -> F[9,10]((U_d1 == 0.000000))",
ControlledPU,speed increasing,170,"G(F[0,0]((gear <= 3.000000)) && F[0,1]((error <= 43.026000)) && F[0,1]((omega_trans >= 26.974000) && (omega_trans <= 40.494100)) -> F[0,1]((@(U,1) == 0.000000)))","F[0,0]((gear <= 3.000000)) && F[0,1]((error <= 43.026000)) && F[0,1]((omega_trans >= 26.974000) && (omega_trans <= 40.494100)) -> F[0,1]((U_d1 == 0.000000))",
ControlledPU,speed increasing,171,"G(F[0,0]((error >= 58.296700)) && F[9,10]((gear >= 4.000000)) && F[9,10]((omega_trans >= 26.974000) && (omega_trans <= 40.494100)) -> F[9,10]((@(U,1) == 0.000000)))","F[0,0]((error >= 58.296700)) && F[9,10]((gear >= 4.000000)) && F[9,10]((omega_trans >= 26.974000) && (omega_trans <= 40.494100)) -> F[9,10]((U_d1 == 0.000000))",
ControlledPU,speed increasing,172,"G(F[0,0]((error >= 55.797100)) && F[7,8]((gear >= 4.000000)) && F[7,8]((omega_trans >= 26.974000) && (omega_trans <= 40.494100)) -> F[7,8]((@(U,1) == 0.000000)))","F[0,0]((error >= 55.797100)) && F[7,8]((gear >= 4.000000)) && F[7,8]((omega_trans >= 26.974000) && (omega_trans <= 40.494100)) -> F[7,8]((U_d1 == 0.000000))",
ControlledPU,speed increasing,173,"G(F[0,0]((error >= 53.794300)) && F[5,6]((gear >= 4.000000)) && F[5,6]((omega_trans >= 26.974000) && (omega_trans <= 40.494100)) -> F[5,6]((@(U,1) == 0.000000)))","F[0,0]((error >= 53.794300)) && F[5,6]((gear >= 4.000000)) && F[5,6]((omega_trans >= 26.974000) && (omega_trans <= 40.494100)) -> F[5,6]((U_d1 == 0.000000))",
ControlledPU,speed increasing,174,"G(F[0,0]((error >= 48.005000)) && F[0,1]((gear >= 4.000000)) && F[0,1]((omega_trans >= 26.974000) && (omega_trans <= 40.494100)) -> F[0,1]((@(U,1) == 0.000000)))","F[0,0]((error >= 48.005000)) && F[0,1]((gear >= 4.000000)) && F[0,1]((omega_trans >= 26.974000) && (omega_trans <= 40.494100)) -> F[0,1]((U_d1 == 0.000000))",
ControlledPU,speed increasing,175,"G(F[0,0]((error >= 55.797100)) && F[7,8]((gear >= 4.000000)) && F[7,8]((omega_trans >= 16.205700) && (omega_trans <= 40.494100)) -> F[7,8]((@(U,1) == 0.000000)))","F[0,0]((error >= 55.797100)) && F[7,8]((gear >= 4.000000)) && F[7,8]((omega_trans >= 16.205700) && (omega_trans <= 40.494100)) -> F[7,8]((U_d1 == 0.000000))",
ControlledPU,speed increasing,176,"G(F[0,0]((error >= 59.217000)) && F[9,10]((omega_trans >= 26.974000) && (omega_trans <= 40.494100)) -> F[9,10]((@(U,1) == 0.000000)))","F[0,0]((error >= 59.217000)) && F[9,10]((omega_trans >= 26.974000) && (omega_trans <= 40.494100)) -> F[9,10]((U_d1 == 0.000000))",
ControlledPU,speed increasing,177,"G(F[0,0]((gear <= 1.000000)) && F[0,2]((omega_trans >= 26.974000) && (omega_trans <= 40.494100)) -> F[0,2]((@(U,1) == 0.000000)))","F[0,0]((gear <= 1.000000)) && F[0,2]((omega_trans >= 26.974000) && (omega_trans <= 40.494100)) -> F[0,2]((U_d1 == 0.000000))",
ControlledPU,speed increasing,178,"G(F[0,0]((error >= 57.033200)) && F[0,2]((omega_trans >= 16.205700) && (omega_trans <= 40.494100)) -> F[0,2]((@(U,1) == 0.000000)))","F[0,0]((error >= 57.033200)) && F[0,2]((omega_trans >= 16.205700) && (omega_trans <= 40.494100)) -> F[0,2]((U_d1 == 0.000000))",
ControlledPU,speed increasing,179,"G(F[0,0]((error >= 58.296700)) && F[1,3]((omega_trans >= 16.205700) && (omega_trans <= 40.494100)) -> F[1,3]((@(U,1) == 0.000000)))","F[0,0]((error >= 58.296700)) && F[1,3]((omega_trans >= 16.205700) && (omega_trans <= 40.494100)) -> F[1,3]((U_d1 == 0.000000))",
ControlledPU,speed increasing,180,"G(F[0,0]((error >= 58.296700)) && F[8,10]((gear >= 4.000000)) && F[8,10]((omega_trans >= 26.974000) && (omega_trans <= 40.494100)) -> F[8,10]((@(U,1) == 0.000000)))","F[0,0]((error >= 58.296700)) && F[8,10]((gear >= 4.000000)) && F[8,10]((omega_trans >= 26.974000) && (omega_trans <= 40.494100)) -> F[8,10]((U_d1 == 0.000000))",
ControlledPU,speed increasing,181,"G(F[0,0]((error >= 58.296700)) && F[8,10]((gear >= 4.000000)) && F[8,10]((omega_trans >= 16.205700) && (omega_trans <= 40.494100)) -> F[8,10]((@(U,1) == 0.000000)))","F[0,0]((error >= 58.296700)) && F[8,10]((gear >= 4.000000)) && F[8,10]((omega_trans >= 16.205700) && (omega_trans <= 40.494100)) -> F[8,10]((U_d1 == 0.000000))",
ControlledPU,speed increasing,182,"G(F[0,0]((error >= 54.700400)) && F[5,7]((gear >= 4.000000)) && F[5,7]((omega_trans >= 26.974000) && (omega_trans <= 40.494100)) -> F[5,7]((@(U,1) == 0.000000)))","F[0,0]((error >= 54.700400)) && F[5,7]((gear >= 4.000000)) && F[5,7]((omega_trans >= 26.974000) && (omega_trans <= 40.494100)) -> F[5,7]((U_d1 == 0.000000))",
ControlledPU,speed increasing,183,"G(F[0,0]((error >= 52.571500)) && F[2,4]((gear >= 4.000000)) && F[2,4]((omega_trans >= 26.974000) && (omega_trans <= 40.494100)) -> F[2,4]((@(U,1) == 0.000000)))","F[0,0]((error >= 52.571500)) && F[2,4]((gear >= 4.000000)) && F[2,4]((omega_trans >= 26.974000) && (omega_trans <= 40.494100)) -> F[2,4]((U_d1 == 0.000000))",
ControlledPU,speed increasing,184,"G(F[0,0]((error >= 52.571500)) && F[2,4]((gear >= 4.000000)) && F[2,4]((omega_trans >= 16.205700) && (omega_trans <= 40.494100)) -> F[2,4]((@(U,1) == 0.000000)))","F[0,0]((error >= 52.571500)) && F[2,4]((gear >= 4.000000)) && F[2,4]((omega_trans >= 16.205700) && (omega_trans <= 40.494100)) -> F[2,4]((U_d1 == 0.000000))",
ControlledPU,speed increasing,185,"G(F[0,0]((error >= 54.700400)) && F[5,7]((gear >= 4.000000)) && F[5,7]((omega_trans >= 16.205700) && (omega_trans <= 40.494100)) -> F[5,7]((@(U,1) == 0.000000)))","F[0,0]((error >= 54.700400)) && F[5,7]((gear >= 4.000000)) && F[5,7]((omega_trans >= 16.205700) && (omega_trans <= 40.494100)) -> F[5,7]((U_d1 == 0.000000))",
EngineTiming,EngineSpeed,1,"G(F[0,0]((ThrottleAngle >= 11.004491) && (ThrottleAngle <= 13.672928)) -> F[0,2]((EngineSpeed > 2500.000000)))","F[0,0]((ThrottleAngle >= 11.004491) && (ThrottleAngle <= 13.672928)) -> F[0,2]((EngineSpeed > 2500.000000))",
EngineTiming,EngineSpeed,2,"G(F[0,0]((ThrottleAngle >= 11.004491) && (ThrottleAngle <= 12.253234)) -> F[0,0]((EngineSpeed > 2500.000000)))","F[0,0]((ThrottleAngle >= 11.004491) && (ThrottleAngle <= 12.253234)) -> F[0,0]((EngineSpeed > 2500.000000))",
EngineTiming,EngineSpeed,3,"G(F[0,0]((ThrottleAngle >= 11.004491) && (ThrottleAngle <= 11.577170)) -> F[0,0]((EngineSpeed > 2500.000000)))","F[0,0]((ThrottleAngle >= 11.004491) && (ThrottleAngle <= 11.577170)) -> F[0,0]((EngineSpeed > 2500.000000))",
EngineTiming,EngineSpeed,4,"G(F[0,0]((ThrottleAngle >= 11.585685) && (ThrottleAngle <= 12.460105)) -> F[0,0]((EngineSpeed > 2500.000000)))","F[0,0]((ThrottleAngle >= 11.585685) && (ThrottleAngle <= 12.460105)) -> F[0,0]((EngineSpeed > 2500.000000))",
EngineTiming,EngineSpeed,5,"G(F[0,0]((ThrottleAngle >= 11.585685) && (ThrottleAngle <= 12.437184)) -> F[0,0]((EngineSpeed > 2500.000000)))","F[0,0]((ThrottleAngle >= 11.585685) && (ThrottleAngle <= 12.437184)) -> F[0,0]((EngineSpeed > 2500.000000))",
EngineTiming,EngineSpeed,6,"G(F[0,0]((ThrottleAngle >= 13.625108) && (ThrottleAngle <= 13.793787)) -> F[2,5]((EngineSpeed > 2500.000000)))","F[0,0]((ThrottleAngle >= 13.625108) && (ThrottleAngle <= 13.793787)) -> F[2,5]((EngineSpeed > 2500.000000))",
FuelControl,EngineSpeed,1,"G(F[0,0]((fuel >= 1.314600) && (fuel <= 1.729058)) -> F[0,0]((air_fuel_ratio > 10.000000)))","F[0,0]((fuel >= 1.314600) && (fuel <= 1.729058)) -> F[0,0]((air_fuel_ratio > 10.000000))",
FuelControl,EngineSpeed,2,"G(F[0,0]((map >= 0.641793) && (map <= 0.875589)) -> F[0,0]((air_fuel_ratio > 10.000000)))","F[0,0]((map >= 0.641793) && (map <= 0.875589)) -> F[0,0]((air_fuel_ratio > 10.000000))",
FuelControl,EngineSpeed,3,"G(F[0,0]((ego >= 0.452271) && (ego <= 0.500951)) -> F[0,0]((air_fuel_ratio > 10.000000)))","F[0,0]((ego >= 0.452271) && (ego <= 0.500951)) -> F[0,0]((air_fuel_ratio > 10.000000))",
FuelControl,EngineSpeed,4,"G(F[0,0]((throttle >= 15.000000) && (throttle <= 20.000000)) -> F[0,0]((air_fuel_ratio > 10.000000)))","F[0,0]((throttle >= 15.000000) && (throttle <= 20.000000)) -> F[0,0]((air_fuel_ratio > 10.000000))",
FuelControl,EngineSpeed,5,"G(F[0,0]((fuel >= 1.473107) && (fuel <= 1.729058)) -> F[0,0]((air_fuel_ratio > 10.000000)))","F[0,0]((fuel >= 1.473107) && (fuel <= 1.729058)) -> F[0,0]((air_fuel_ratio > 10.000000))",
FuelControl,EngineSpeed,6,"G(F[0,0]((map >= 0.729370) && (map <= 0.875589)) -> F[0,0]((air_fuel_ratio > 10.000000)))","F[0,0]((map >= 0.729370) && (map <= 0.875589)) -> F[0,0]((air_fuel_ratio > 10.000000))",
FuelControl,EngineSpeed,7,"G(F[0,0]((fuel >= 1.538520) && (fuel <= 1.729058)) -> F[0,0]((air_fuel_ratio > 10.000000)))","F[0,0]((fuel >= 1.538520) && (fuel <= 1.729058)) -> F[0,0]((air_fuel_ratio > 10.000000))",
FuelControl,EngineSpeed,8,"G(F[0,0]((map >= 0.761193) && (map <= 0.875589)) -> F[0,0]((air_fuel_ratio > 10.000000)))","F[0,0]((map >= 0.761193) && (map <= 0.875589)) -> F[0,0]((air_fuel_ratio > 10.000000))",
FuelControl,EngineSpeed,9,"G(F[0,0]((throttle >= 12.450000) && (throttle <= 16.050000)) && F[0,10]((ego >= 0.474443) && (ego <= 1.000000)) && F[3,16]((map >= 0.549475) && (map <= 0.727315)) -> F[3,16]((air_fuel_ratio > 10.000000)))","F[0,0]((throttle >= 12.450000) && (throttle <= 16.050000)) && F[0,10]((ego >= 0.474443) && (ego <= 1.000000)) && F[3,16]((map >= 0.549475) && (map <= 0.727315)) -> F[3,16]((air_fuel_ratio > 10.000000))",
FuelControl,EngineSpeed,10,"G(F[0,0]((throttle >= 12.450000) && (throttle <= 16.000000)) && F[0,10]((ego >= 0.474443) && (ego <= 1.000000)) && F[3,15]((map >= 0.549475) && (map <= 0.727315)) -> F[3,15]((air_fuel_ratio > 10.000000)))","F[0,0]((throttle >= 12.450000) && (throttle <= 16.000000)) && F[0,10]((ego >= 0.474443) && (ego <= 1.000000)) && F[3,15]((map >= 0.549475) && (map <= 0.727315)) -> F[3,15]((air_fuel_ratio > 10.000000))",
FuelControl,EngineSpeed,11,"G(F[0,0]((throttle >= 12.300000) && (throttle <= 15.750000)) && F[0,10]((map >= 0.549475) && (map <= 0.727315)) -> F[0,10]((air_fuel_ratio > 10.000000)))","F[0,0]((throttle >= 12.300000) && (throttle <= 15.750000)) && F[0,10]((map >= 0.549475) && (map <= 0.727315)) -> F[0,10]((air_fuel_ratio > 10.000000))",
FuelControl,EngineSpeed,12,"G(F[0,0]((throttle >= 13.450000) && (throttle <= 16.700000)) -> F[0,0]((air_fuel_ratio > 10.000000)))","F[0,0]((throttle >= 13.450000) && (throttle <= 16.700000)) -> F[0,0]((air_fuel_ratio > 10.000000))",
FuelControl,EngineSpeed,13,"G(F[0,0]((speed == 314.159265)) && F[4,10]((ego >= 0.474443) && (ego <= 1.000000)) && F[7,16]((map >= 0.549475) && (map <= 0.727315)) -> F[7,16]((air_fuel_ratio > 10.000000)))","F[0,0]((speed == 314.159265)) && F[4,10]((ego >= 0.474443) && (ego <= 1.000000)) && F[7,16]((map >= 0.549475) && (map <= 0.727315)) -> F[7,16]((air_fuel_ratio > 10.000000))",
FuelControl,EngineSpeed,14,"G(F[0,0]((throttle >= 12.450000) && (throttle <= 16.050000)) && F[4,10]((ego >= 0.474443) && (ego <= 1.000000)) && F[7,16]((map >= 0.549475) && (map <= 0.727315)) -> F[7,16]((air_fuel_ratio > 10.000000)))","F[0,0]((throttle >= 12.450000) && (throttle <= 16.050000)) && F[4,10]((ego >= 0.474443) && (ego <= 1.000000)) && F[7,16]((map >= 0.549475) && (map <= 0.727315)) -> F[7,16]((air_fuel_ratio > 10.000000))",
FuelControl,EngineSpeed,15,"G(F[0,0]((fuel >= 1.082119) && (fuel <= 1.558710)) && F[4,10]((ego >= 0.474443) && (ego <= 1.000000)) && F[7,16]((map >= 0.549475) && (map <= 0.727315)) -> F[7,16]((air_fuel_ratio > 10.000000)))","F[0,0]((fuel >= 1.082119) && (fuel <= 1.558710)) && F[4,10]((ego >= 0.474443) && (ego <= 1.000000)) && F[7,16]((map >= 0.549475) && (map <= 0.727315)) -> F[7,16]((air_fuel_ratio > 10.000000))",
FuelControl,EngineSpeed,16,"G(F[0,0]((throttle >= 16.750000) && (throttle <= 20.000000)) -> F[0,0]((air_fuel_ratio > 10.000000)))","F[0,0]((throttle >= 16.750000) && (throttle <= 20.000000)) -> F[0,0]((air_fuel_ratio > 10.000000))",
FuelControl,EngineSpeed,17,"G(F[0,0]((speed == 314.159265)) && F[4,10]((ego >= 0.474443) && (ego <= 1.000000)) && F[7,15]((map >= 0.549475) && (map <= 0.727315)) -> F[7,15]((air_fuel_ratio > 10.000000)))","F[0,0]((speed == 314.159265)) && F[4,10]((ego >= 0.474443) && (ego <= 1.000000)) && F[7,15]((map >= 0.549475) && (map <= 0.727315)) -> F[7,15]((air_fuel_ratio > 10.000000))",
FuelControl,EngineSpeed,18,"G(F[0,0]((fuel >= 1.082119) && (fuel <= 1.558710)) && F[4,10]((ego >= 0.474443) && (ego <= 1.000000)) && F[7,15]((map >= 0.549475) && (map <= 0.727315)) -> F[7,15]((air_fuel_ratio > 10.000000)))","F[0,0]((fuel >= 1.082119) && (fuel <= 1.558710)) && F[4,10]((ego >= 0.474443) && (ego <= 1.000000)) && F[7,15]((map >= 0.549475) && (map <= 0.727315)) -> F[7,15]((air_fuel_ratio > 10.000000))",
FuelControl,EngineSpeed,19,"G(F[0,0]((throttle >= 12.456274) && (throttle <= 16.000000)) && F[4,10]((ego >= 0.474443) && (ego <= 1.000000)) && F[7,15]((map >= 0.549475) && (map <= 0.727315)) -> F[7,15]((air_fuel_ratio > 10.000000)))","F[0,0]((throttle >= 12.456274) && (throttle <= 16.000000)) && F[4,10]((ego >= 0.474443) && (ego <= 1.000000)) && F[7,15]((map >= 0.549475) && (map <= 0.727315)) -> F[7,15]((air_fuel_ratio > 10.000000))",
FuelControl,EngineSpeed,20,"G(F[0,0]((speed == 314.159265)) && F[6,10]((ego >= 0.474443) && (ego <= 1.000000)) && F[9,16]((map >= 0.549475) && (map <= 0.727315)) -> F[9,16]((air_fuel_ratio > 10.000000)))","F[0,0]((speed == 314.159265)) && F[6,10]((ego >= 0.474443) && (ego <= 1.000000)) && F[9,16]((map >= 0.549475) && (map <= 0.727315)) -> F[9,16]((air_fuel_ratio > 10.000000))",
FuelControl,EngineSpeed,21,"G(F[0,0]((fuel >= 1.082119) && (fuel <= 1.558710)) && F[6,10]((ego >= 0.474443) && (ego <= 1.000000)) && F[9,16]((map >= 0.549475) && (map <= 0.727315)) -> F[9,16]((air_fuel_ratio > 10.000000)))","F[0,0]((fuel >= 1.082119) && (fuel <= 1.558710)) && F[6,10]((ego >= 0.474443) && (ego <= 1.000000)) && F[9,16]((map >= 0.549475) && (map <= 0.727315)) -> F[9,16]((air_fuel_ratio > 10.000000))",
FuelControl,EngineSpeed,22,"G(F[0,0]((throttle >= 12.450000) && (throttle <= 16.050000)) && F[6,10]((ego >= 0.474443) && (ego <= 1.000000)) && F[9,16]((map >= 0.549475) && (map <= 0.727315)) -> F[9,16]((air_fuel_ratio > 10.000000)))","F[0,0]((throttle >= 12.450000) && (throttle <= 16.050000)) && F[6,10]((ego >= 0.474443) && (ego <= 1.000000)) && F[9,16]((map >= 0.549475) && (map <= 0.727315)) -> F[9,16]((air_fuel_ratio > 10.000000))",
FuelControl,EngineSpeed,23,"G(F[0,0]((throttle >= 12.536022) && (throttle <= 15.800000)) && F[2,6]((ego >= 0.474443) && (ego <= 1.000000)) && F[5,12]((map >= 0.549475) && (map <= 0.727315)) -> F[5,12]((air_fuel_ratio > 10.000000)))","F[0,0]((throttle >= 12.536022) && (throttle <= 15.800000)) && F[2,6]((ego >= 0.474443) && (ego <= 1.000000)) && F[5,12]((map >= 0.549475) && (map <= 0.727315)) -> F[5,12]((air_fuel_ratio > 10.000000))",
FuelControl,EngineSpeed,24,"G(F[0,0]((fuel >= 1.576867) && (fuel <= 1.729058)) -> F[0,0]((air_fuel_ratio > 10.000000)))","F[0,0]((fuel >= 1.576867) && (fuel <= 1.729058)) -> F[0,0]((air_fuel_ratio > 10.000000))",
FuelControl,EngineSpeed,25,"G(F[0,0]((speed == 314.159265)) && F[4,10]((map >= 0.549475) && (map <= 0.727315)) -> F[4,10]((air_fuel_ratio > 10.000000)))","F[0,0]((speed == 314.159265)) && F[4,10]((map >= 0.549475) && (map <= 0.727315)) -> F[4,10]((air_fuel_ratio > 10.000000))",
FuelControl,EngineSpeed,26,"G(F[0,0]((fuel >= 1.118445) && (fuel <= 1.533941)) && F[4,10]((map >= 0.549475) && (map <= 0.727315)) -> F[4,10]((air_fuel_ratio > 10.000000)))","F[0,0]((fuel >= 1.118445) && (fuel <= 1.533941)) && F[4,10]((map >= 0.549475) && (map <= 0.727315)) -> F[4,10]((air_fuel_ratio > 10.000000))",
FuelControl,EngineSpeed,27,"G(F[0,0]((speed == 314.159265)) && F[6,10]((ego >= 0.474443) && (ego <= 1.000000)) && F[9,15]((map >= 0.549475) && (map <= 0.727315)) -> F[9,15]((air_fuel_ratio > 10.000000)))","F[0,0]((speed == 314.159265)) && F[6,10]((ego >= 0.474443) && (ego <= 1.000000)) && F[9,15]((map >= 0.549475) && (map <= 0.727315)) -> F[9,15]((air_fuel_ratio > 10.000000))",
FuelControl,EngineSpeed,28,"G(F[0,0]((ego >= 0.464334) && (ego <= 1.000000)) && F[4,10]((map >= 0.549475) && (map <= 0.727315)) -> F[4,10]((air_fuel_ratio > 10.000000)))","F[0,0]((ego >= 0.464334) && (ego <= 1.000000)) && F[4,10]((map >= 0.549475) && (map <= 0.727315)) -> F[4,10]((air_fuel_ratio > 10.000000))",
FuelControl,EngineSpeed,29,"G(F[0,0]((fuel >= 1.082119) && (fuel <= 1.558710)) && F[6,10]((ego >= 0.474443) && (ego <= 1.000000)) && F[9,15]((map >= 0.549475) && (map <= 0.727315)) -> F[9,15]((air_fuel_ratio > 10.000000)))","F[0,0]((fuel >= 1.082119) && (fuel <= 1.558710)) && F[6,10]((ego >= 0.474443) && (ego <= 1.000000)) && F[9,15]((map >= 0.549475) && (map <= 0.727315)) -> F[9,15]((air_fuel_ratio > 10.000000))",
FuelControl,EngineSpeed,30,"G(F[0,0]((speed == 314.159265)) && F[2,5]((ego >= 0.474443) && (ego <= 1.000000)) && F[5,11]((map >= 0.549475) && (map <= 0.727315)) -> F[5,11]((air_fuel_ratio > 10.000000)))","F[0,0]((speed == 314.159265)) && F[2,5]((ego >= 0.474443) && (ego <= 1.000000)) && F[5,11]((map >= 0.549475) && (map <= 0.727315)) -> F[5,11]((air_fuel_ratio > 10.000000))",
FuelControl,EngineSpeed,31,"G(F[0,0]((fuel >= 1.103874) && (fuel <= 1.539465)) && F[2,5]((ego >= 0.474443) && (ego <= 1.000000)) && F[5,11]((map >= 0.549475) && (map <= 0.727315)) -> F[5,11]((air_fuel_ratio > 10.000000)))","F[0,0]((fuel >= 1.103874) && (fuel <= 1.539465)) && F[2,5]((ego >= 0.474443) && (ego <= 1.000000)) && F[5,11]((map >= 0.549475) && (map <= 0.727315)) -> F[5,11]((air_fuel_ratio > 10.000000))",
FuelControl,EngineSpeed,32,"G(F[0,0]((throttle >= 12.450000) && (throttle <= 15.700000)) && F[0,3]((ego >= 0.474443) && (ego <= 1.000000)) && F[3,9]((map >= 0.549475) && (map <= 0.727315)) -> F[3,9]((air_fuel_ratio > 10.000000)))","F[0,0]((throttle >= 12.450000) && (throttle <= 15.700000)) && F[0,3]((ego >= 0.474443) && (ego <= 1.000000)) && F[3,9]((map >= 0.549475) && (map <= 0.727315)) -> F[3,9]((air_fuel_ratio > 10.000000))",
FuelControl,EngineSpeed,33,"G(F[0,0]((throttle >= 12.600000) && (throttle <= 15.750000)) && F[4,10]((map >= 0.549475) && (map <= 0.727315)) -> F[4,10]((air_fuel_ratio > 10.000000)))","F[0,0]((throttle >= 12.600000) && (throttle <= 15.750000)) && F[4,10]((map >= 0.549475) && (map <= 0.727315)) -> F[4,10]((air_fuel_ratio > 10.000000))",
FuelControl,EngineSpeed,34,"G(F[0,0]((speed == 314.159265)) && F[2,5]((ego >= 0.474443) && (ego <= 1.000000)) && F[5,10]((map >= 0.549475) && (map <= 0.727315)) -> F[5,10]((air_fuel_ratio > 10.000000)))","F[0,0]((speed == 314.159265)) && F[2,5]((ego >= 0.474443) && (ego <= 1.000000)) && F[5,10]((map >= 0.549475) && (map <= 0.727315)) -> F[5,10]((air_fuel_ratio > 10.000000))",
FuelControl,EngineSpeed,35,"G(F[0,0]((throttle >= 12.450000) && (throttle <= 15.650000)) && F[0,3]((ego >= 0.474443) && (ego <= 1.000000)) && F[3,8]((map >= 0.549475) && (map <= 0.727315)) -> F[3,8]((air_fuel_ratio > 10.000000)))","F[0,0]((throttle >= 12.450000) && (throttle <= 15.650000)) && F[0,3]((ego >= 0.474443) && (ego <= 1.000000)) && F[3,8]((map >= 0.549475) && (map <= 0.727315)) -> F[3,8]((air_fuel_ratio > 10.000000))",
FuelControl,EngineSpeed,36,"G(F[0,0]((fuel >= 1.118445) && (fuel <= 1.533941)) && F[2,5]((ego >= 0.474443) && (ego <= 1.000000)) && F[5,10]((map >= 0.549475) && (map <= 0.727315)) -> F[5,10]((air_fuel_ratio > 10.000000)))","F[0,0]((fuel >= 1.118445) && (fuel <= 1.533941)) && F[2,5]((ego >= 0.474443) && (ego <= 1.000000)) && F[5,10]((map >= 0.549475) && (map <= 0.727315)) -> F[5,10]((air_fuel_ratio > 10.000000))",
FuelControl,EngineSpeed,37,"G(F[0,0]((speed == 314.159265)) && F[6,8]((ego >= 0.474443) && (ego <= 1.000000)) && F[9,14]((map >= 0.549475) && (map <= 0.727315)) -> F[9,14]((air_fuel_ratio > 10.000000)))","F[0,0]((speed == 314.159265)) && F[6,8]((ego >= 0.474443) && (ego <= 1.000000)) && F[9,14]((map >= 0.549475) && (map <= 0.727315)) -> F[9,14]((air_fuel_ratio > 10.000000))",
FuelControl,EngineSpeed,38,"G(F[0,0]((speed == 314.159265)) && F[5,7]((ego >= 0.474443) && (ego <= 1.000000)) && F[8,13]((map >= 0.549475) && (map <= 0.727315)) -> F[8,13]((air_fuel_ratio > 10.000000)))","F[0,0]((speed == 314.159265)) && F[5,7]((ego >= 0.474443) && (ego <= 1.000000)) && F[8,13]((map >= 0.549475) && (map <= 0.727315)) -> F[8,13]((air_fuel_ratio > 10.000000))",
FuelControl,EngineSpeed,39,"G(F[0,0]((speed == 314.159265)) && F[2,4]((ego >= 0.474443) && (ego <= 1.000000)) && F[5,10]((map >= 0.549475) && (map <= 0.727315)) -> F[5,10]((air_fuel_ratio > 10.000000)))","F[0,0]((speed == 314.159265)) && F[2,4]((ego >= 0.474443) && (ego <= 1.000000)) && F[5,10]((map >= 0.549475) && (map <= 0.727315)) -> F[5,10]((air_fuel_ratio > 10.000000))",
FuelControl,EngineSpeed,40,"G(F[0,0]((fuel >= 1.118445) && (fuel <= 1.533941)) && F[2,4]((ego >= 0.474443) && (ego <= 1.000000)) && F[5,10]((map >= 0.549475) && (map <= 0.727315)) -> F[5,10]((air_fuel_ratio > 10.000000)))","F[0,0]((fuel >= 1.118445) && (fuel <= 1.533941)) && F[2,4]((ego >= 0.474443) && (ego <= 1.000000)) && F[5,10]((map >= 0.549475) && (map <= 0.727315)) -> F[5,10]((air_fuel_ratio > 10.000000))",
FuelControl,EngineSpeed,41,"G(F[0,0]((fuel >= 1.086993) && (fuel <= 1.558710)) && F[5,7]((ego >= 0.474443) && (ego <= 1.000000)) && F[8,13]((map >= 0.549475) && (map <= 0.727315)) -> F[8,13]((air_fuel_ratio > 10.000000)))","F[0,0]((fuel >= 1.086993) && (fuel <= 1.558710)) && F[5,7]((ego >= 0.474443) && (ego <= 1.000000)) && F[8,13]((map >= 0.549475) && (map <= 0.727315)) -> F[8,13]((air_fuel_ratio > 10.000000))",
FuelControl,EngineSpeed,42,"G(F[0,0]((fuel >= 1.082119) && (fuel <= 1.558710)) && F[6,8]((ego >= 0.474443) && (ego <= 1.000000)) && F[9,14]((map >= 0.549475) && (map <= 0.727315)) -> F[9,14]((air_fuel_ratio > 10.000000)))","F[0,0]((fuel >= 1.082119) && (fuel <= 1.558710)) && F[6,8]((ego >= 0.474443) && (ego <= 1.000000)) && F[9,14]((map >= 0.549475) && (map <= 0.727315)) -> F[9,14]((air_fuel_ratio > 10.000000))",
FuelControl,EngineSpeed,43,"G(F[0,0]((speed == 314.159265)) && F[7,10]((map >= 0.549475) && (map <= 0.727315)) -> F[7,10]((air_fuel_ratio > 10.000000)))","F[0,0]((speed == 314.159265)) && F[7,10]((map >= 0.549475) && (map <= 0.727315)) -> F[7,10]((air_fuel_ratio > 10.000000))",
FuelControl,EngineSpeed,44,"G(F[0,0]((ego >= 0.464334) && (ego <= 1.000000)) && F[7,10]((map >= 0.549475) && (map <= 0.727315)) -> F[7,10]((air_fuel_ratio > 10.000000)))","F[0,0]((ego >= 0.464334) && (ego <= 1.000000)) && F[7,10]((map >= 0.549475) && (map <= 0.727315)) -> F[7,10]((air_fuel_ratio > 10.000000))",
FuelControl,EngineSpeed,45,"G(F[0,0]((throttle >= 12.600000) && (throttle <= 15.750000)) && F[7,10]((map >= 0.549475) && (map <= 0.727315)) -> F[7,10]((air_fuel_ratio > 10.000000)))","F[0,0]((throttle >= 12.600000) && (throttle <= 15.750000)) && F[7,10]((map >= 0.549475) && (map <= 0.727315)) -> F[7,10]((air_fuel_ratio > 10.000000))",
FuelControl,EngineSpeed,46,"G(F[0,0]((fuel >= 1.118445) && (fuel <= 1.533941)) && F[7,10]((map >= 0.549475) && (map <= 0.727315)) -> F[7,10]((air_fuel_ratio > 10.000000)))","F[0,0]((fuel >= 1.118445) && (fuel <= 1.533941)) && F[7,10]((map >= 0.549475) && (map <= 0.727315)) -> F[7,10]((air_fuel_ratio > 10.000000))",
FuelControl,EngineSpeed,47,"G(F[0,0]((throttle >= 12.300000) && (throttle <= 15.750000)) && F[0,3]((map >= 0.549475) && (map <= 0.727315)) -> F[0,3]((air_fuel_ratio > 10.000000)))","F[0,0]((throttle >= 12.300000) && (throttle <= 15.750000)) && F[0,3]((map >= 0.549475) && (map <= 0.727315)) -> F[0,3]((air_fuel_ratio > 10.000000))",
FuelControl,EngineSpeed,48,"G(F[0,0]((speed == 314.159265)) && F[2,4]((ego >= 0.474443) && (ego <= 1.000000)) && F[5,9]((map >= 0.549475) && (map <= 0.727315)) -> F[5,9]((air_fuel_ratio > 10.000000)))","F[0,0]((speed == 314.159265)) && F[2,4]((ego >= 0.474443) && (ego <= 1.000000)) && F[5,9]((map >= 0.549475) && (map <= 0.727315)) -> F[5,9]((air_fuel_ratio > 10.000000))",
FuelControl,EngineSpeed,49,"G(F[0,0]((speed == 314.159265)) && F[6,8]((ego >= 0.474443) && (ego <= 1.000000)) && F[9,13]((map >= 0.549475) && (map <= 0.727315)) -> F[9,13]((air_fuel_ratio > 10.000000)))","F[0,0]((speed == 314.159265)) && F[6,8]((ego >= 0.474443) && (ego <= 1.000000)) && F[9,13]((map >= 0.549475) && (map <= 0.727315)) -> F[9,13]((air_fuel_ratio > 10.000000))",
FuelControl,EngineSpeed,50,"G(F[0,0]((speed == 314.159265)) && F[5,7]((ego >= 0.474443) && (ego <= 1.000000)) && F[8,12]((map >= 0.549475) && (map <= 0.727315)) -> F[8,12]((air_fuel_ratio > 10.000000)))","F[0,0]((speed == 314.159265)) && F[5,7]((ego >= 0.474443) && (ego <= 1.000000)) && F[8,12]((map >= 0.549475) && (map <= 0.727315)) -> F[8,12]((air_fuel_ratio > 10.000000))",
FuelControl,EngineSpeed,51,"G(F[0,0]((fuel >= 1.086993) && (fuel <= 1.555367)) && F[5,7]((ego >= 0.474443) && (ego <= 1.000000)) && F[8,12]((map >= 0.549475) && (map <= 0.727315)) -> F[8,12]((air_fuel_ratio > 10.000000)))","F[0,0]((fuel >= 1.086993) && (fuel <= 1.555367)) && F[5,7]((ego >= 0.474443) && (ego <= 1.000000)) && F[8,12]((map >= 0.549475) && (map <= 0.727315)) -> F[8,12]((air_fuel_ratio > 10.000000))",
FuelControl,EngineSpeed,52,"G(F[0,0]((fuel >= 1.086993) && (fuel <= 1.558710)) && F[6,8]((ego >= 0.474443) && (ego <= 1.000000)) && F[9,13]((map >= 0.549475) && (map <= 0.727315)) -> F[9,13]((air_fuel_ratio > 10.000000)))","F[0,0]((fuel >= 1.086993) && (fuel <= 1.558710)) && F[6,8]((ego >= 0.474443) && (ego <= 1.000000)) && F[9,13]((map >= 0.549475) && (map <= 0.727315)) -> F[9,13]((air_fuel_ratio > 10.000000))",
FuelControl,EngineSpeed,53,"G(F[0,0]((fuel >= 1.131303) && (fuel <= 1.530726)) && F[2,4]((ego >= 0.474443) && (ego <= 1.000000)) && F[5,9]((map >= 0.549475) && (map <= 0.727315)) -> F[5,9]((air_fuel_ratio > 10.000000)))","F[0,0]((fuel >= 1.131303) && (fuel <= 1.530726)) && F[2,4]((ego >= 0.474443) && (ego <= 1.000000)) && F[5,9]((map >= 0.549475) && (map <= 0.727315)) -> F[5,9]((air_fuel_ratio > 10.000000))",
FuelControl,EngineSpeed,54,"G(F[0,0]((speed == 314.159265)) && F[8,10]((map >= 0.549475) && (map <= 0.727315)) -> F[8,10]((air_fuel_ratio > 10.000000)))","F[0,0]((speed == 314.159265)) && F[8,10]((map >= 0.549475) && (map <= 0.727315)) -> F[8,10]((air_fuel_ratio > 10.000000))",
FuelControl,EngineSpeed,55,"G(F[0,0]((speed == 314.159265)) && F[4,6]((map >= 0.549475) && (map <= 0.727315)) -> F[4,6]((air_fuel_ratio > 10.000000)))","F[0,0]((speed == 314.159265)) && F[4,6]((map >= 0.549475) && (map <= 0.727315)) -> F[4,6]((air_fuel_ratio > 10.000000))",
FuelControl,EngineSpeed,56,"G(F[0,0]((ego >= 0.452271) && (ego <= 1.000000)) && F[0,2]((map >= 0.549475) && (map <= 0.727315)) -> F[0,2]((air_fuel_ratio > 10.000000)))","F[0,0]((ego >= 0.452271) && (ego <= 1.000000)) && F[0,2]((map >= 0.549475) && (map <= 0.727315)) -> F[0,2]((air_fuel_ratio > 10.000000))",
FuelControl,EngineSpeed,57,"G(F[0,0]((fuel >= 1.137230) && (fuel <= 1.531258)) && F[4,6]((map >= 0.549475) && (map <= 0.727315)) -> F[4,6]((air_fuel_ratio > 10.000000)))","F[0,0]((fuel >= 1.137230) && (fuel <= 1.531258)) && F[4,6]((map >= 0.549475) && (map <= 0.727315)) -> F[4,6]((air_fuel_ratio > 10.000000))",
FuelControl,EngineSpeed,58,"G(F[0,0]((fuel >= 1.132998) && (fuel <= 1.531258)) && F[6,8]((map >= 0.549475) && (map <= 0.727315)) -> F[6,8]((air_fuel_ratio > 10.000000)))","F[0,0]((fuel >= 1.132998) && (fuel <= 1.531258)) && F[6,8]((map >= 0.549475) && (map <= 0.727315)) -> F[6,8]((air_fuel_ratio > 10.000000))",
FuelControl,EngineSpeed,59,"G(F[0,0]((speed == 314.159265)) && F[8,9]((ego >= 0.474443) && (ego <= 1.000000)) && F[11,15]((map >= 0.549475) && (map <= 0.727315)) -> F[11,15]((air_fuel_ratio > 10.000000)))","F[0,0]((speed == 314.159265)) && F[8,9]((ego >= 0.474443) && (ego <= 1.000000)) && F[11,15]((map >= 0.549475) && (map <= 0.727315)) -> F[11,15]((air_fuel_ratio > 10.000000))",
FuelControl,EngineSpeed,60,"G(F[0,0]((speed == 314.159265)) && F[9,10]((ego >= 0.474443) && (ego <= 1.000000)) && F[12,16]((map >= 0.549475) && (map <= 0.727315)) -> F[12,16]((air_fuel_ratio > 10.000000)))","F[0,0]((speed == 314.159265)) && F[9,10]((ego >= 0.474443) && (ego <= 1.000000)) && F[12,16]((map >= 0.549475) && (map <= 0.727315)) -> F[12,16]((air_fuel_ratio > 10.000000))",
FuelControl,EngineSpeed,61,"G(F[0,0]((fuel >= 1.082119) && (fuel <= 1.558053)) && F[8,9]((ego >= 0.474443) && (ego <= 1.000000)) && F[11,15]((map >= 0.549475) && (map <= 0.727315)) -> F[11,15]((air_fuel_ratio > 10.000000)))","F[0,0]((fuel >= 1.082119) && (fuel <= 1.558053)) && F[8,9]((ego >= 0.474443) && (ego <= 1.000000)) && F[11,15]((map >= 0.549475) && (map <= 0.727315)) -> F[11,15]((air_fuel_ratio > 10.000000))",
FuelControl,EngineSpeed,62,"G(F[0,0]((ego >= 0.467777) && (ego <= 1.000000)) && F[6,8]((map >= 0.549475) && (map <= 0.727315)) -> F[6,8]((air_fuel_ratio > 10.000000)))","F[0,0]((ego >= 0.467777) && (ego <= 1.000000)) && F[6,8]((map >= 0.549475) && (map <= 0.727315)) -> F[6,8]((air_fuel_ratio > 10.000000))",
FuelControl,EngineSpeed,63,"G(F[0,0]((fuel >= 1.082119) && (fuel <= 1.556353)) && F[9,10]((ego >= 0.474443) && (ego <= 1.000000)) && F[12,16]((map >= 0.549475) && (map <= 0.727315)) -> F[12,16]((air_fuel_ratio > 10.000000)))","F[0,0]((fuel >= 1.082119) && (fuel <= 1.556353)) && F[9,10]((ego >= 0.474443) && (ego <= 1.000000)) && F[12,16]((map >= 0.549475) && (map <= 0.727315)) -> F[12,16]((air_fuel_ratio > 10.000000))",
FuelControl,EngineSpeed,64,"G(F[0,0]((ego >= 0.452271) && (ego <= 1.000000)) && F[0,1]((map >= 0.549475) && (map <= 0.727315)) -> F[0,1]((air_fuel_ratio > 10.000000)))","F[0,0]((ego >= 0.452271) && (ego <= 1.000000)) && F[0,1]((map >= 0.549475) && (map <= 0.727315)) -> F[0,1]((air_fuel_ratio > 10.000000))",
FuelControl,EngineSpeed,65,"G(F[0,0]((ego >= 0.464334) && (ego <= 1.000000)) && F[9,10]((map >= 0.549475) && (map <= 0.727315)) -> F[9,10]((air_fuel_ratio > 10.000000)))","F[0,0]((ego >= 0.464334) && (ego <= 1.000000)) && F[9,10]((map >= 0.549475) && (map <= 0.727315)) -> F[9,10]((air_fuel_ratio > 10.000000))",
FuelControl,EngineSpeed,66,"G(F[0,0]((speed == 314.159265)) && F[6,7]((map >= 0.549475) && (map <= 0.727315)) -> F[6,7]((air_fuel_ratio > 10.000000)))","F[0,0]((speed == 314.159265)) && F[6,7]((map >= 0.549475) && (map <= 0.727315)) -> F[6,7]((air_fuel_ratio > 10.000000))",
FuelControl,EngineSpeed,67,"G(F[0,0]((fuel >= 1.118445) && (fuel <= 1.533941)) && F[9,10]((map >= 0.549475) && (map <= 0.727315)) -> F[9,10]((air_fuel_ratio > 10.000000)))","F[0,0]((fuel >= 1.118445) && (fuel <= 1.533941)) && F[9,10]((map >= 0.549475) && (map <= 0.727315)) -> F[9,10]((air_fuel_ratio > 10.000000))",
FuelControl,EngineSpeed,68,"G(F[0,0]((speed == 314.159265)) && F[9,10]((ego >= 0.474443) && (ego <= 1.000000)) && F[12,15]((map >= 0.549475) && (map <= 0.727315)) -> F[12,15]((air_fuel_ratio > 10.000000)))","F[0,0]((speed == 314.159265)) && F[9,10]((ego >= 0.474443) && (ego <= 1.000000)) && F[12,15]((map >= 0.549475) && (map <= 0.727315)) -> F[12,15]((air_fuel_ratio > 10.000000))",
FuelControl,EngineSpeed,69,"G(F[0,0]((speed == 314.159265)) && F[8,9]((ego >= 0.474443) && (ego <= 1.000000)) && F[11,14]((map >= 0.549475) && (map <= 0.727315)) -> F[11,14]((air_fuel_ratio > 10.000000)))","F[0,0]((speed == 314.159265)) && F[8,9]((ego >= 0.474443) && (ego <= 1.000000)) && F[11,14]((map >= 0.549475) && (map <= 0.727315)) -> F[11,14]((air_fuel_ratio > 10.000000))",
FuelControl,EngineSpeed,70,"G(F[0,0]((fuel >= 1.082119) && (fuel <= 1.558710)) && F[8,9]((ego >= 0.474443) && (ego <= 1.000000)) && F[11,14]((map >= 0.549475) && (map <= 0.727315)) -> F[11,14]((air_fuel_ratio > 10.000000)))","F[0,0]((fuel >= 1.082119) && (fuel <= 1.558710)) && F[8,9]((ego >= 0.474443) && (ego <= 1.000000)) && F[11,14]((map >= 0.549475) && (map <= 0.727315)) -> F[11,14]((air_fuel_ratio > 10.000000))",
FuelControl,EngineSpeed,71,"G(F[0,0]((fuel >= 1.132998) && (fuel <= 1.529941)) && F[7,8]((map >= 0.549475) && (map <= 0.727315)) -> F[7,8]((air_fuel_ratio > 10.000000)))","F[0,0]((fuel >= 1.132998) && (fuel <= 1.529941)) && F[7,8]((map >= 0.549475) && (map <= 0.727315)) -> F[7,8]((air_fuel_ratio > 10.000000))",
FuelControl,EngineSpeed,72,"G(F[0,0]((fuel >= 1.082119) && (fuel <= 1.558053)) && F[9,10]((ego >= 0.474443) && (ego <= 1.000000)) && F[12,15]((map >= 0.549475) && (map <= 0.727315)) -> F[12,15]((air_fuel_ratio > 10.000000)))","F[0,0]((fuel >= 1.082119) && (fuel <= 1.558053)) && F[9,10]((ego >= 0.474443) && (ego <= 1.000000)) && F[12,15]((map >= 0.549475) && (map <= 0.727315)) -> F[12,15]((air_fuel_ratio > 10.000000))",
FuelControl,EngineSpeed,73,"G(F[0,0]((ego >= 0.467777) && (ego <= 1.000000)) && F[7,8]((map >= 0.549475) && (map <= 0.727315)) -> F[7,8]((air_fuel_ratio > 10.000000)))","F[0,0]((ego >= 0.467777) && (ego <= 1.000000)) && F[7,8]((map >= 0.549475) && (map <= 0.727315)) -> F[7,8]((air_fuel_ratio > 10.000000))",
FuelControl,EngineSpeed,74,"G(F[0,0]((speed == 314.159265)) && F[7,7]((map >= 0.549475) && (map <= 0.727315)) -> F[7,7]((air_fuel_ratio > 10.000000)))","F[0,0]((speed == 314.159265)) && F[7,7]((map >= 0.549475) && (map <= 0.727315)) -> F[7,7]((air_fuel_ratio > 10.000000))",
FuelControl,EngineSpeed,75,"G(F[0,0]((speed == 314.159265)) && F[10,10]((ego >= 0.474443) && (ego <= 1.000000)) && F[13,16]((map >= 0.549475) && (map <= 0.727315)) -> F[13,16]((air_fuel_ratio > 10.000000)))","F[0,0]((speed == 314.159265)) && F[10,10]((ego >= 0.474443) && (ego <= 1.000000)) && F[13,16]((map >= 0.549475) && (map <= 0.727315)) -> F[13,16]((air_fuel_ratio > 10.000000))",
FuelControl,EngineSpeed,76,"G(F[0,0]((throttle >= 12.800000) && (throttle <= 15.550000)) && F[3,6]((map >= 0.549475) && (map <= 0.727315)) -> F[3,6]((air_fuel_ratio > 10.000000)))","F[0,0]((throttle >= 12.800000) && (throttle <= 15.550000)) && F[3,6]((map >= 0.549475) && (map <= 0.727315)) -> F[3,6]((air_fuel_ratio > 10.000000))",
FuelControl,EngineSpeed,77,"G(F[0,0]((fuel >= 1.082119) && (fuel <= 1.553256)) && F[10,10]((ego >= 0.474443) && (ego <= 1.000000)) && F[13,16]((map >= 0.549475) && (map <= 0.727315)) -> F[13,16]((air_fuel_ratio > 10.000000)))","F[0,0]((fuel >= 1.082119) && (fuel <= 1.553256)) && F[10,10]((ego >= 0.474443) && (ego <= 1.000000)) && F[13,16]((map >= 0.549475) && (map <= 0.727315)) -> F[13,16]((air_fuel_ratio > 10.000000))",
FuelControl,EngineSpeed,78,"G(F[0,0]((speed == 314.159265)) && F[10,10]((ego >= 0.474443) && (ego <= 1.000000)) && F[13,15]((map >= 0.549475) && (map <= 0.727315)) -> F[13,15]((air_fuel_ratio > 10.000000)))","F[0,0]((speed == 314.159265)) && F[10,10]((ego >= 0.474443) && (ego <= 1.000000)) && F[13,15]((map >= 0.549475) && (map <= 0.727315)) -> F[13,15]((air_fuel_ratio > 10.000000))",
FuelControl,EngineSpeed,79,"G(F[0,0]((fuel >= 1.082119) && (fuel <= 1.556353)) && F[10,10]((ego >= 0.474443) && (ego <= 1.000000)) && F[13,15]((map >= 0.549475) && (map <= 0.727315)) -> F[13,15]((air_fuel_ratio > 10.000000)))","F[0,0]((fuel >= 1.082119) && (fuel <= 1.556353)) && F[10,10]((ego >= 0.474443) && (ego <= 1.000000)) && F[13,15]((map >= 0.549475) && (map <= 0.727315)) -> F[13,15]((air_fuel_ratio > 10.000000))",
FuelControl,EngineSpeed,80,"G(F[0,0]((throttle >= 12.700000) && (throttle <= 15.150000)) -> F[0,0]((air_fuel_ratio > 10.000000)))","F[0,0]((throttle >= 12.700000) && (throttle <= 15.150000)) -> F[0,0]((air_fuel_ratio > 10.000000))",
FuelControl,EngineSpeed,81,"G(F[0,0]((map >= 0.623902) && (map <= 0.759072)) -> F[0,0]((air_fuel_ratio > 10.000000)))","F[0,0]((map >= 0.623902) && (map <= 0.759072)) -> F[0,0]((air_fuel_ratio > 10.000000))",
FuelControl,EngineSpeed,82,"G(F[0,0]((throttle >= 12.456274) && (throttle <= 15.200000)) && F[0,10]((ego >= 0.468074) && (ego <= 1.000000)) && F[3,16]((fuel >= 1.215924) && (fuel <= 1.409387)) -> F[3,16]((air_fuel_ratio > 10.000000)))","F[0,0]((throttle >= 12.456274) && (throttle <= 15.200000)) && F[0,10]((ego >= 0.468074) && (ego <= 1.000000)) && F[3,16]((fuel >= 1.215924) && (fuel <= 1.409387)) -> F[3,16]((air_fuel_ratio > 10.000000))",
FuelControl,EngineSpeed,83,"G(F[0,0]((throttle >= 15.200000) && (throttle <= 17.600000)) -> F[0,0]((air_fuel_ratio > 10.000000)))","F[0,0]((throttle >= 15.200000) && (throttle <= 17.600000)) -> F[0,0]((air_fuel_ratio > 10.000000))",
FuelControl,EngineSpeed,84,"G(F[0,0]((throttle >= 12.463978) && (throttle <= 15.150000)) && F[0,10]((ego >= 0.468074) && (ego <= 1.000000)) && F[3,15]((fuel >= 1.215924) && (fuel <= 1.409387)) -> F[3,15]((air_fuel_ratio > 10.000000)))","F[0,0]((throttle >= 12.463978) && (throttle <= 15.150000)) && F[0,10]((ego >= 0.468074) && (ego <= 1.000000)) && F[3,15]((fuel >= 1.215924) && (fuel <= 1.409387)) -> F[3,15]((air_fuel_ratio > 10.000000))",
FuelControl,EngineSpeed,85,"G(F[0,0]((throttle >= 17.650000) && (throttle <= 20.000000)) -> F[0,0]((air_fuel_ratio > 10.000000)))","F[0,0]((throttle >= 17.650000) && (throttle <= 20.000000)) -> F[0,0]((air_fuel_ratio > 10.000000))",
FuelControl,EngineSpeed,86,"G(F[0,0]((ego >= 0.483290) && (ego <= 1.000000)) && F[5,6]((map >= 0.549475) && (map <= 0.727315)) -> F[5,6]((air_fuel_ratio > 10.000000)))","F[0,0]((ego >= 0.483290) && (ego <= 1.000000)) && F[5,6]((map >= 0.549475) && (map <= 0.727315)) -> F[5,6]((air_fuel_ratio > 10.000000))",
FuelControl,EngineSpeed,87,"G(F[0,0]((fuel >= 1.328383) && (fuel <= 1.537301)) -> F[0,0]((air_fuel_ratio > 10.000000)))","F[0,0]((fuel >= 1.328383) && (fuel <= 1.537301)) -> F[0,0]((air_fuel_ratio > 10.000000))",
FuelControl,EngineSpeed,88,"G(F[0,0]((throttle >= 12.350000) && (throttle <= 15.200000)) && F[0,10]((fuel >= 1.215924) && (fuel <= 1.409387)) -> F[0,10]((air_fuel_ratio > 10.000000)))","F[0,0]((throttle >= 12.350000) && (throttle <= 15.200000)) && F[0,10]((fuel >= 1.215924) && (fuel <= 1.409387)) -> F[0,10]((air_fuel_ratio > 10.000000))",
FuelControl,EngineSpeed,89,"G(F[0,0]((speed == 314.159265)) && F[4,10]((ego >= 0.468074) && (ego <= 1.000000)) && F[7,16]((fuel >= 1.215924) && (fuel <= 1.409387)) -> F[7,16]((air_fuel_ratio > 10.000000)))","F[0,0]((speed == 314.159265)) && F[4,10]((ego >= 0.468074) && (ego <= 1.000000)) && F[7,16]((fuel >= 1.215924) && (fuel <= 1.409387)) -> F[7,16]((air_fuel_ratio > 10.000000))",
FuelControl,EngineSpeed,90,"G(F[0,0]((throttle >= 12.456274) && (throttle <= 15.200000)) && F[4,10]((ego >= 0.468074) && (ego <= 1.000000)) && F[7,16]((fuel >= 1.215924) && (fuel <= 1.409387)) -> F[7,16]((air_fuel_ratio > 10.000000)))","F[0,0]((throttle >= 12.456274) && (throttle <= 15.200000)) && F[4,10]((ego >= 0.468074) && (ego <= 1.000000)) && F[7,16]((fuel >= 1.215924) && (fuel <= 1.409387)) -> F[7,16]((air_fuel_ratio > 10.000000))",
FuelControl,EngineSpeed,91,"G(F[0,0]((map >= 0.500000) && (map <= 0.724895)) && F[4,10]((ego >= 0.468074) && (ego <= 1.000000)) && F[7,16]((fuel >= 1.215924) && (fuel <= 1.409387)) -> F[7,16]((air_fuel_ratio > 10.000000)))","F[0,0]((map >= 0.500000) && (map <= 0.724895)) && F[4,10]((ego >= 0.468074) && (ego <= 1.000000)) && F[7,16]((fuel >= 1.215924) && (fuel <= 1.409387)) -> F[7,16]((air_fuel_ratio > 10.000000))",
FuelControl,EngineSpeed,92,"G(F[0,0]((speed == 314.159265)) && F[4,10]((ego >= 0.468074) && (ego <= 1.000000)) && F[7,15]((fuel >= 1.215924) && (fuel <= 1.409387)) -> F[7,15]((air_fuel_ratio > 10.000000)))","F[0,0]((speed == 314.159265)) && F[4,10]((ego >= 0.468074) && (ego <= 1.000000)) && F[7,15]((fuel >= 1.215924) && (fuel <= 1.409387)) -> F[7,15]((air_fuel_ratio > 10.000000))",
FuelControl,EngineSpeed,93,"G(F[0,0]((throttle >= 12.463978) && (throttle <= 15.150000)) && F[4,10]((ego >= 0.468074) && (ego <= 1.000000)) && F[7,15]((fuel >= 1.215924) && (fuel <= 1.409387)) -> F[7,15]((air_fuel_ratio > 10.000000)))","F[0,0]((throttle >= 12.463978) && (throttle <= 15.150000)) && F[4,10]((ego >= 0.468074) && (ego <= 1.000000)) && F[7,15]((fuel >= 1.215924) && (fuel <= 1.409387)) -> F[7,15]((air_fuel_ratio > 10.000000))",
FuelControl,EngineSpeed,94,"G(F[0,0]((map >= 0.500000) && (map <= 0.722455)) && F[4,10]((ego >= 0.468074) && (ego <= 1.000000)) && F[7,15]((fuel >= 1.215924) && (fuel <= 1.409387)) -> F[7,15]((air_fuel_ratio > 10.000000)))","F[0,0]((map >= 0.500000) && (map <= 0.722455)) && F[4,10]((ego >= 0.468074) && (ego <= 1.000000)) && F[7,15]((fuel >= 1.215924) && (fuel <= 1.409387)) -> F[7,15]((air_fuel_ratio > 10.000000))",
FuelControl,EngineSpeed,95,"G(F[0,0]((fuel >= 1.409767) && (fuel <= 1.575476)) -> F[0,0]((air_fuel_ratio > 10.000000)))","F[0,0]((fuel >= 1.409767) && (fuel <= 1.575476)) -> F[0,0]((air_fuel_ratio > 10.000000))",
FuelControl,EngineSpeed,96,"G(F[0,0]((speed == 314.159265)) && F[2,6]((ego >= 0.468074) && (ego <= 1.000000)) && F[5,12]((fuel >= 1.215924) && (fuel <= 1.409387)) -> F[5,12]((air_fuel_ratio > 10.000000)))","F[0,0]((speed == 314.159265)) && F[2,6]((ego >= 0.468074) && (ego <= 1.000000)) && F[5,12]((fuel >= 1.215924) && (fuel <= 1.409387)) -> F[5,12]((air_fuel_ratio > 10.000000))",
FuelControl,EngineSpeed,97,"G(F[0,0]((throttle >= 12.550000) && (throttle <= 15.000000)) && F[2,6]((ego >= 0.468074) && (ego <= 1.000000)) && F[5,12]((fuel >= 1.215924) && (fuel <= 1.409387)) -> F[5,12]((air_fuel_ratio > 10.000000)))","F[0,0]((throttle >= 12.550000) && (throttle <= 15.000000)) && F[2,6]((ego >= 0.468074) && (ego <= 1.000000)) && F[5,12]((fuel >= 1.215924) && (fuel <= 1.409387)) -> F[5,12]((air_fuel_ratio > 10.000000))",
FuelControl,EngineSpeed,98,"G(F[0,0]((map >= 0.506594) && (map <= 0.715011)) && F[2,6]((ego >= 0.468074) && (ego <= 1.000000)) && F[5,12]((fuel >= 1.215924) && (fuel <= 1.409387)) -> F[5,12]((air_fuel_ratio > 10.000000)))","F[0,0]((map >= 0.506594) && (map <= 0.715011)) && F[2,6]((ego >= 0.468074) && (ego <= 1.000000)) && F[5,12]((fuel >= 1.215924) && (fuel <= 1.409387)) -> F[5,12]((air_fuel_ratio > 10.000000))",
FuelControl,EngineSpeed,99,"G(F[0,0]((throttle >= 12.150000) && (throttle <= 14.150000)) -> F[0,0]((air_fuel_ratio > 10.000000)))","F[0,0]((throttle >= 12.150000) && (throttle <= 14.150000)) -> F[0,0]((air_fuel_ratio > 10.000000))",
FuelControl,EngineSpeed,100,"G(F[0,0]((speed == 314.159265)) && F[4,10]((fuel >= 1.215924) && (fuel <= 1.409387)) -> F[4,10]((air_fuel_ratio > 10.000000)))","F[0,0]((speed == 314.159265)) && F[4,10]((fuel >= 1.215924) && (fuel <= 1.409387)) -> F[4,10]((air_fuel_ratio > 10.000000))",
FuelControl,EngineSpeed,101,"G(F[0,0]((speed == 314.159265)) && F[7,10]((ego >= 0.468074) && (ego <= 1.000000)) && F[10,16]((fuel >= 1.215924) && (fuel <= 1.409387)) -> F[10,16]((air_fuel_ratio > 10.000000)))","F[0,0]((speed == 314.159265)) && F[7,10]((ego >= 0.468074) && (ego <= 1.000000)) && F[10,16]((fuel >= 1.215924) && (fuel <= 1.409387)) -> F[10,16]((air_fuel_ratio > 10.000000))",
FuelControl,EngineSpeed,102,"G(F[0,0]((speed == 314.159265)) && F[2,6]((ego >= 0.468074) && (ego <= 1.000000)) && F[5,11]((fuel >= 1.215924) && (fuel <= 1.409387)) -> F[5,11]((air_fuel_ratio > 10.000000)))","F[0,0]((speed == 314.159265)) && F[2,6]((ego >= 0.468074) && (ego <= 1.000000)) && F[5,11]((fuel >= 1.215924) && (fuel <= 1.409387)) -> F[5,11]((air_fuel_ratio > 10.000000))",
FuelControl,EngineSpeed,103,"G(F[0,0]((speed == 314.159265)) && F[2,5]((ego >= 0.468074) && (ego <= 1.000000)) && F[5,11]((fuel >= 1.215924) && (fuel <= 1.409387)) -> F[5,11]((air_fuel_ratio > 10.000000)))","F[0,0]((speed == 314.159265)) && F[2,5]((ego >= 0.468074) && (ego <= 1.000000)) && F[5,11]((fuel >= 1.215924) && (fuel <= 1.409387)) -> F[5,11]((air_fuel_ratio > 10.000000))",
FuelControl,EngineSpeed,104,"G(F[0,0]((map >= 0.500000) && (map <= 0.724895)) && F[7,10]((ego >= 0.468074) && (ego <= 1.000000)) && F[10,16]((fuel >= 1.215924) && (fuel <= 1.409387)) -> F[10,16]((air_fuel_ratio > 10.000000)))","F[0,0]((map >= 0.500000) && (map <= 0.724895)) && F[7,10]((ego >= 0.468074) && (ego <= 1.000000)) && F[10,16]((fuel >= 1.215924) && (fuel <= 1.409387)) -> F[10,16]((air_fuel_ratio > 10.000000))",
FuelControl,EngineSpeed,105,"G(F[0,0]((map >= 0.514331) && (map <= 0.709944)) && F[4,10]((fuel >= 1.215924) && (fuel <= 1.409387)) -> F[4,10]((air_fuel_ratio > 10.000000)))","F[0,0]((map >= 0.514331) && (map <= 0.709944)) && F[4,10]((fuel >= 1.215924) && (fuel <= 1.409387)) -> F[4,10]((air_fuel_ratio > 10.000000))",
FuelControl,EngineSpeed,106,"G(F[0,0]((throttle >= 12.500000) && (throttle <= 15.050000)) && F[0,3]((ego >= 0.468074) && (ego <= 1.000000)) && F[3,9]((fuel >= 1.215924) && (fuel <= 1.409387)) -> F[3,9]((air_fuel_ratio > 10.000000)))","F[0,0]((throttle >= 12.500000) && (throttle <= 15.050000)) && F[0,3]((ego >= 0.468074) && (ego <= 1.000000)) && F[3,9]((fuel >= 1.215924) && (fuel <= 1.409387)) -> F[3,9]((air_fuel_ratio > 10.000000))",
FuelControl,EngineSpeed,107,"G(F[0,0]((throttle >= 12.550000) && (throttle <= 15.000000)) && F[3,6]((ego >= 0.468074) && (ego <= 1.000000)) && F[6,12]((fuel >= 1.215924) && (fuel <= 1.409387)) -> F[6,12]((air_fuel_ratio > 10.000000)))","F[0,0]((throttle >= 12.550000) && (throttle <= 15.000000)) && F[3,6]((ego >= 0.468074) && (ego <= 1.000000)) && F[6,12]((fuel >= 1.215924) && (fuel <= 1.409387)) -> F[6,12]((air_fuel_ratio > 10.000000))",
FuelControl,EngineSpeed,108,"G(F[0,0]((throttle >= 12.600000) && (throttle <= 14.950000)) && F[2,5]((ego >= 0.468074) && (ego <= 1.000000)) && F[5,11]((fuel >= 1.215924) && (fuel <= 1.409387)) -> F[5,11]((air_fuel_ratio > 10.000000)))","F[0,0]((throttle >= 12.600000) && (throttle <= 14.950000)) && F[2,5]((ego >= 0.468074) && (ego <= 1.000000)) && F[5,11]((fuel >= 1.215924) && (fuel <= 1.409387)) -> F[5,11]((air_fuel_ratio > 10.000000))",
FuelControl,EngineSpeed,109,"G(F[0,0]((throttle >= 12.600000) && (throttle <= 14.950000)) && F[2,6]((ego >= 0.468074) && (ego <= 1.000000)) && F[5,11]((fuel >= 1.215924) && (fuel <= 1.409387)) -> F[5,11]((air_fuel_ratio > 10.000000)))","F[0,0]((throttle >= 12.600000) && (throttle <= 14.950000)) && F[2,6]((ego >= 0.468074) && (ego <= 1.000000)) && F[5,11]((fuel >= 1.215924) && (fuel <= 1.409387)) -> F[5,11]((air_fuel_ratio > 10.000000))",
FuelControl,EngineSpeed,110,"G(F[0,0]((map >= 0.510455) && (map <= 0.712488)) && F[2,6]((ego >= 0.468074) && (ego <= 1.000000)) && F[5,11]((fuel >= 1.215924) && (fuel <= 1.409387)) -> F[5,11]((air_fuel_ratio > 10.000000)))","F[0,0]((map >= 0.510455) && (map <= 0.712488)) && F[2,6]((ego >= 0.468074) && (ego <= 1.000000)) && F[5,11]((fuel >= 1.215924) && (fuel <= 1.409387)) -> F[5,11]((air_fuel_ratio > 10.000000))",
FuelControl,EngineSpeed,111,"G(F[0,0]((throttle >= 12.456274) && (throttle <= 15.200000)) && F[7,10]((ego >= 0.468074) && (ego <= 1.000000)) && F[10,16]((fuel >= 1.215924) && (fuel <= 1.409387)) -> F[10,16]((air_fuel_ratio > 10.000000)))","F[0,0]((throttle >= 12.456274) && (throttle <= 15.200000)) && F[7,10]((ego >= 0.468074) && (ego <= 1.000000)) && F[10,16]((fuel >= 1.215924) && (fuel <= 1.409387)) -> F[10,16]((air_fuel_ratio > 10.000000))",
FuelControl,EngineSpeed,112,"G(F[0,0]((throttle >= 12.650000) && (throttle <= 14.900000)) && F[4,10]((fuel >= 1.215924) && (fuel <= 1.409387)) -> F[4,10]((air_fuel_ratio > 10.000000)))","F[0,0]((throttle >= 12.650000) && (throttle <= 14.900000)) && F[4,10]((fuel >= 1.215924) && (fuel <= 1.409387)) -> F[4,10]((air_fuel_ratio > 10.000000))",
FuelControl,EngineSpeed,113,"G(F[0,0]((ego >= 0.468404) && (ego <= 1.000000)) && F[4,10]((fuel >= 1.215924) && (fuel <= 1.409387)) -> F[4,10]((air_fuel_ratio > 10.000000)))","F[0,0]((ego >= 0.468404) && (ego <= 1.000000)) && F[4,10]((fuel >= 1.215924) && (fuel <= 1.409387)) -> F[4,10]((air_fuel_ratio > 10.000000))",
FuelControl,EngineSpeed,114,"G(F[0,0]((speed == 314.159265)) && F[7,10]((ego >= 0.468074) && (ego <= 1.000000)) && F[10,15]((fuel >= 1.215924) && (fuel <= 1.409387)) -> F[10,15]((air_fuel_ratio > 10.000000)))","F[0,0]((speed == 314.159265)) && F[7,10]((ego >= 0.468074) && (ego <= 1.000000)) && F[10,15]((fuel >= 1.215924) && (fuel <= 1.409387)) -> F[10,15]((air_fuel_ratio > 10.000000))",
FuelControl,EngineSpeed,115,"G(F[0,0]((speed == 314.159265)) && F[2,5]((ego >= 0.468074) && (ego <= 1.000000)) && F[5,10]((fuel >= 1.215924) && (fuel <= 1.409387)) -> F[5,10]((air_fuel_ratio > 10.000000)))","F[0,0]((speed == 314.159265)) && F[2,5]((ego >= 0.468074) && (ego <= 1.000000)) && F[5,10]((fuel >= 1.215924) && (fuel <= 1.409387)) -> F[5,10]((air_fuel_ratio > 10.000000))",
FuelControl,EngineSpeed,116,"G(F[0,0]((speed == 314.159265)) && F[6,8]((ego >= 0.468074) && (ego <= 1.000000)) && F[9,14]((fuel >= 1.215924) && (fuel <= 1.409387)) -> F[9,14]((air_fuel_ratio > 10.000000)))","F[0,0]((speed == 314.159265)) && F[6,8]((ego >= 0.468074) && (ego <= 1.000000)) && F[9,14]((fuel >= 1.215924) && (fuel <= 1.409387)) -> F[9,14]((air_fuel_ratio > 10.000000))",
FuelControl,EngineSpeed,117,"G(F[0,0]((map >= 0.500000) && (map <= 0.722455)) && F[7,10]((ego >= 0.468074) && (ego <= 1.000000)) && F[10,15]((fuel >= 1.215924) && (fuel <= 1.409387)) -> F[10,15]((air_fuel_ratio > 10.000000)))","F[0,0]((map >= 0.500000) && (map <= 0.722455)) && F[7,10]((ego >= 0.468074) && (ego <= 1.000000)) && F[10,15]((fuel >= 1.215924) && (fuel <= 1.409387)) -> F[10,15]((air_fuel_ratio > 10.000000))",
FuelControl,EngineSpeed,118,"G(F[0,0]((throttle >= 12.463978) && (throttle <= 15.150000)) && F[7,10]((ego >= 0.468074) && (ego <= 1.000000)) && F[10,15]((fuel >= 1.215924) && (fuel <= 1.409387)) -> F[10,15]((air_fuel_ratio > 10.000000)))","F[0,0]((throttle >= 12.463978) && (throttle <= 15.150000)) && F[7,10]((ego >= 0.468074) && (ego <= 1.000000)) && F[10,15]((fuel >= 1.215924) && (fuel <= 1.409387)) -> F[10,15]((air_fuel_ratio > 10.000000))",
FuelControl,EngineSpeed,119,"G(F[0,0]((map >= 0.500000) && (map <= 0.724895)) && F[8,10]((ego >= 0.468074) && (ego <= 1.000000)) && F[11,16]((fuel >= 1.215924) && (fuel <= 1.409387)) -> F[11,16]((air_fuel_ratio > 10.000000)))","F[0,0]((map >= 0.500000) && (map <= 0.724895)) && F[8,10]((ego >= 0.468074) && (ego <= 1.000000)) && F[11,16]((fuel >= 1.215924) && (fuel <= 1.409387)) -> F[11,16]((air_fuel_ratio > 10.000000))",
FuelControl,EngineSpeed,120,"G(F[0,0]((map >= 0.505518) && (map <= 0.717513)) && F[5,7]((ego >= 0.468074) && (ego <= 1.000000)) && F[8,13]((fuel >= 1.215924) && (fuel <= 1.409387)) -> F[8,13]((air_fuel_ratio > 10.000000)))","F[0,0]((map >= 0.505518) && (map <= 0.717513)) && F[5,7]((ego >= 0.468074) && (ego <= 1.000000)) && F[8,13]((fuel >= 1.215924) && (fuel <= 1.409387)) -> F[8,13]((air_fuel_ratio > 10.000000))",
FuelControl,EngineSpeed,121,"G(F[0,0]((map >= 0.514331) && (map <= 0.709944)) && F[2,4]((ego >= 0.468074) && (ego <= 1.000000)) && F[5,10]((fuel >= 1.215924) && (fuel <= 1.409387)) -> F[5,10]((air_fuel_ratio > 10.000000)))","F[0,0]((map >= 0.514331) && (map <= 0.709944)) && F[2,4]((ego >= 0.468074) && (ego <= 1.000000)) && F[5,10]((fuel >= 1.215924) && (fuel <= 1.409387)) -> F[5,10]((air_fuel_ratio > 10.000000))",
FuelControl,EngineSpeed,122,"G(F[0,0]((throttle >= 12.500000) && (throttle <= 15.100000)) && F[6,8]((ego >= 0.468074) && (ego <= 1.000000)) && F[9,14]((fuel >= 1.215924) && (fuel <= 1.409387)) -> F[9,14]((air_fuel_ratio > 10.000000)))","F[0,0]((throttle >= 12.500000) && (throttle <= 15.100000)) && F[6,8]((ego >= 0.468074) && (ego <= 1.000000)) && F[9,14]((fuel >= 1.215924) && (fuel <= 1.409387)) -> F[9,14]((air_fuel_ratio > 10.000000))",
FuelControl,EngineSpeed,123,"G(F[0,0]((throttle >= 12.500000) && (throttle <= 15.050000)) && F[0,3]((ego >= 0.468074) && (ego <= 1.000000)) && F[3,8]((fuel >= 1.215924) && (fuel <= 1.409387)) -> F[3,8]((air_fuel_ratio > 10.000000)))","F[0,0]((throttle >= 12.500000) && (throttle <= 15.050000)) && F[0,3]((ego >= 0.468074) && (ego <= 1.000000)) && F[3,8]((fuel >= 1.215924) && (fuel <= 1.409387)) -> F[3,8]((air_fuel_ratio > 10.000000))",
FuelControl,EngineSpeed,124,"G(F[0,0]((map >= 0.502753) && (map <= 0.719995)) && F[6,8]((ego >= 0.468074) && (ego <= 1.000000)) && F[9,14]((fuel >= 1.215924) && (fuel <= 1.409387)) -> F[9,14]((air_fuel_ratio > 10.000000)))","F[0,0]((map >= 0.502753) && (map <= 0.719995)) && F[6,8]((ego >= 0.468074) && (ego <= 1.000000)) && F[9,14]((fuel >= 1.215924) && (fuel <= 1.409387)) -> F[9,14]((air_fuel_ratio > 10.000000))",
FuelControl,EngineSpeed,125,"G(F[0,0]((throttle >= 12.650000) && (throttle <= 14.900000)) && F[2,5]((ego >= 0.468074) && (ego <= 1.000000)) && F[5,10]((fuel >= 1.215924) && (fuel <= 1.409387)) -> F[5,10]((air_fuel_ratio > 10.000000)))","F[0,0]((throttle >= 12.650000) && (throttle <= 14.900000)) && F[2,5]((ego >= 0.468074) && (ego <= 1.000000)) && F[5,10]((fuel >= 1.215924) && (fuel <= 1.409387)) -> F[5,10]((air_fuel_ratio > 10.000000))",
FuelControl,EngineSpeed,126,"G(F[0,0]((throttle >= 12.463978) && (throttle <= 15.000000)) && F[6,10]((ego >= 0.468074) && (ego <= 1.000000)) && F[9,15]((fuel >= 1.215924) && (fuel <= 1.409387)) -> F[9,15]((air_fuel_ratio > 10.000000)))","F[0,0]((throttle >= 12.463978) && (throttle <= 15.000000)) && F[6,10]((ego >= 0.468074) && (ego <= 1.000000)) && F[9,15]((fuel >= 1.215924) && (fuel <= 1.409387)) -> F[9,15]((air_fuel_ratio > 10.000000))",
FuelControl,EngineSpeed,127,"G(F[0,0]((speed == 314.159265)) && F[6,8]((ego >= 0.468074) && (ego <= 1.000000)) && F[9,13]((fuel >= 1.215924) && (fuel <= 1.409387)) -> F[9,13]((air_fuel_ratio > 10.000000)))","F[0,0]((speed == 314.159265)) && F[6,8]((ego >= 0.468074) && (ego <= 1.000000)) && F[9,13]((fuel >= 1.215924) && (fuel <= 1.409387)) -> F[9,13]((air_fuel_ratio > 10.000000))",
FuelControl,EngineSpeed,128,"G(F[0,0]((speed == 314.159265)) && F[3,5]((ego >= 0.468074) && (ego <= 1.000000)) && F[6,10]((fuel >= 1.215924) && (fuel <= 1.409387)) -> F[6,10]((air_fuel_ratio > 10.000000)))","F[0,0]((speed == 314.159265)) && F[3,5]((ego >= 0.468074) && (ego <= 1.000000)) && F[6,10]((fuel >= 1.215924) && (fuel <= 1.409387)) -> F[6,10]((air_fuel_ratio > 10.000000))",
FuelControl,EngineSpeed,129,"G(F[0,0]((map >= 0.506594) && (map <= 0.715011)) && F[5,7]((ego >= 0.468074) && (ego <= 1.000000)) && F[8,12]((fuel >= 1.215924) && (fuel <= 1.409387)) -> F[8,12]((air_fuel_ratio > 10.000000)))","F[0,0]((map >= 0.506594) && (map <= 0.715011)) && F[5,7]((ego >= 0.468074) && (ego <= 1.000000)) && F[8,12]((fuel >= 1.215924) && (fuel <= 1.409387)) -> F[8,12]((air_fuel_ratio > 10.000000))",
FuelControl,EngineSpeed,130,"G(F[0,0]((throttle >= 12.550000) && (throttle <= 15.000000)) && F[5,7]((ego >= 0.468074) && (ego <= 1.000000)) && F[8,12]((fuel >= 1.215924) && (fuel <= 1.409387)) -> F[8,12]((air_fuel_ratio > 10.000000)))","F[0,0]((throttle >= 12.550000) && (throttle <= 15.000000)) && F[5,7]((ego >= 0.468074) && (ego <= 1.000000)) && F[8,12]((fuel >= 1.215924) && (fuel <= 1.409387)) -> F[8,12]((air_fuel_ratio > 10.000000))",
FuelControl,EngineSpeed,131,"G(F[0,0]((map >= 0.500000) && (map <= 0.722455)) && F[8,10]((ego >= 0.468074) && (ego <= 1.000000)) && F[11,15]((fuel >= 1.215924) && (fuel <= 1.409387)) -> F[11,15]((air_fuel_ratio > 10.000000)))","F[0,0]((map >= 0.500000) && (map <= 0.722455)) && F[8,10]((ego >= 0.468074) && (ego <= 1.000000)) && F[11,15]((fuel >= 1.215924) && (fuel <= 1.409387)) -> F[11,15]((air_fuel_ratio > 10.000000))",
FuelControl,EngineSpeed,132,"G(F[0,0]((map >= 0.518220) && (map <= 0.707380)) && F[2,4]((ego >= 0.468074) && (ego <= 1.000000)) && F[5,9]((fuel >= 1.215924) && (fuel <= 1.409387)) -> F[5,9]((air_fuel_ratio > 10.000000)))","F[0,0]((map >= 0.518220) && (map <= 0.707380)) && F[2,4]((ego >= 0.468074) && (ego <= 1.000000)) && F[5,9]((fuel >= 1.215924) && (fuel <= 1.409387)) -> F[5,9]((air_fuel_ratio > 10.000000))",
FuelControl,EngineSpeed,133,"G(F[0,0]((map >= 0.514331) && (map <= 0.709944)) && F[3,5]((ego >= 0.468074) && (ego <= 1.000000)) && F[6,10]((fuel >= 1.215924) && (fuel <= 1.409387)) -> F[6,10]((air_fuel_ratio > 10.000000)))","F[0,0]((map >= 0.514331) && (map <= 0.709944)) && F[3,5]((ego >= 0.468074) && (ego <= 1.000000)) && F[6,10]((fuel >= 1.215924) && (fuel <= 1.409387)) -> F[6,10]((air_fuel_ratio > 10.000000))",
FuelControl,EngineSpeed,134,"G(F[0,0]((map >= 0.505518) && (map <= 0.717513)) && F[6,8]((ego >= 0.468074) && (ego <= 1.000000)) && F[9,13]((fuel >= 1.215924) && (fuel <= 1.409387)) -> F[9,13]((air_fuel_ratio > 10.000000)))","F[0,0]((map >= 0.505518) && (map <= 0.717513)) && F[6,8]((ego >= 0.468074) && (ego <= 1.000000)) && F[9,13]((fuel >= 1.215924) && (fuel <= 1.409387)) -> F[9,13]((air_fuel_ratio > 10.000000))",
FuelControl,EngineSpeed,135,"G(F[0,0]((throttle >= 12.700000) && (throttle <= 14.850000)) && F[2,4]((ego >= 0.468074) && (ego <= 1.000000)) && F[5,9]((fuel >= 1.215924) && (fuel <= 1.409387)) -> F[5,9]((air_fuel_ratio > 10.000000)))","F[0,0]((throttle >= 12.700000) && (throttle <= 14.850000)) && F[2,4]((ego >= 0.468074) && (ego <= 1.000000)) && F[5,9]((fuel >= 1.215924) && (fuel <= 1.409387)) -> F[5,9]((air_fuel_ratio > 10.000000))",
FuelControl,EngineSpeed,136,"G(F[0,0]((speed == 314.159265)) && F[4,5]((ego >= 0.468074) && (ego <= 1.000000)) && F[7,11]((fuel >= 1.215924) && (fuel <= 1.409387)) -> F[7,11]((air_fuel_ratio > 10.000000)))","F[0,0]((speed == 314.159265)) && F[4,5]((ego >= 0.468074) && (ego <= 1.000000)) && F[7,11]((fuel >= 1.215924) && (fuel <= 1.409387)) -> F[7,11]((air_fuel_ratio > 10.000000))",
FuelControl,EngineSpeed,137,"G(F[0,0]((speed == 314.159265)) && F[2,3]((ego >= 0.468074) && (ego <= 1.000000)) && F[5,9]((fuel >= 1.215924) && (fuel <= 1.409387)) -> F[5,9]((air_fuel_ratio > 10.000000)))","F[0,0]((speed == 314.159265)) && F[2,3]((ego >= 0.468074) && (ego <= 1.000000)) && F[5,9]((fuel >= 1.215924) && (fuel <= 1.409387)) -> F[5,9]((air_fuel_ratio > 10.000000))",
FuelControl,EngineSpeed,138,"G(F[0,0]((speed == 314.159265)) && F[9,10]((ego >= 0.468074) && (ego <= 1.000000)) && F[12,16]((fuel >= 1.215924) && (fuel <= 1.409387)) -> F[12,16]((air_fuel_ratio > 10.000000)))","F[0,0]((speed == 314.159265)) && F[9,10]((ego >= 0.468074) && (ego <= 1.000000)) && F[12,16]((fuel >= 1.215924) && (fuel <= 1.409387)) -> F[12,16]((air_fuel_ratio > 10.000000))",
FuelControl,EngineSpeed,139,"G(F[0,0]((throttle >= 12.456274) && (throttle <= 15.200000)) && F[9,10]((ego >= 0.468074) && (ego <= 1.000000)) && F[12,16]((fuel >= 1.215924) && (fuel <= 1.409387)) -> F[12,16]((air_fuel_ratio > 10.000000)))","F[0,0]((throttle >= 12.456274) && (throttle <= 15.200000)) && F[9,10]((ego >= 0.468074) && (ego <= 1.000000)) && F[12,16]((fuel >= 1.215924) && (fuel <= 1.409387)) -> F[12,16]((air_fuel_ratio > 10.000000))",
FuelControl,EngineSpeed,140,"G(F[0,0]((throttle >= 12.500000) && (throttle <= 15.050000)) && F[0,1]((ego >= 0.468074) && (ego <= 1.000000)) && F[3,7]((fuel >= 1.215924) && (fuel <= 1.409387)) -> F[3,7]((air_fuel_ratio > 10.000000)))","F[0,0]((throttle >= 12.500000) && (throttle <= 15.050000)) && F[0,1]((ego >= 0.468074) && (ego <= 1.000000)) && F[3,7]((fuel >= 1.215924) && (fuel <= 1.409387)) -> F[3,7]((air_fuel_ratio > 10.000000))",
FuelControl,EngineSpeed,141,"G(F[0,0]((map >= 0.500000) && (map <= 0.724895)) && F[9,10]((ego >= 0.468074) && (ego <= 1.000000)) && F[12,16]((fuel >= 1.215924) && (fuel <= 1.409387)) -> F[12,16]((air_fuel_ratio > 10.000000)))","F[0,0]((map >= 0.500000) && (map <= 0.724895)) && F[9,10]((ego >= 0.468074) && (ego <= 1.000000)) && F[12,16]((fuel >= 1.215924) && (fuel <= 1.409387)) -> F[12,16]((air_fuel_ratio > 10.000000))",
FuelControl,EngineSpeed,142,"G(F[0,0]((map >= 0.518220) && (map <= 0.707380)) && F[2,3]((ego >= 0.468074) && (ego <= 1.000000)) && F[5,9]((fuel >= 1.215924) && (fuel <= 1.409387)) -> F[5,9]((air_fuel_ratio > 10.000000)))","F[0,0]((map >= 0.518220) && (map <= 0.707380)) && F[2,3]((ego >= 0.468074) && (ego <= 1.000000)) && F[5,9]((fuel >= 1.215924) && (fuel <= 1.409387)) -> F[5,9]((air_fuel_ratio > 10.000000))",
FuelControl,EngineSpeed,143,"G(F[0,0]((map >= 0.510455) && (map <= 0.712488)) && F[4,5]((ego >= 0.468074) && (ego <= 1.000000)) && F[7,11]((fuel >= 1.215924) && (fuel <= 1.409387)) -> F[7,11]((air_fuel_ratio > 10.000000)))","F[0,0]((map >= 0.510455) && (map <= 0.712488)) && F[4,5]((ego >= 0.468074) && (ego <= 1.000000)) && F[7,11]((fuel >= 1.215924) && (fuel <= 1.409387)) -> F[7,11]((air_fuel_ratio > 10.000000))",
FuelControl,EngineSpeed,144,"G(F[0,0]((throttle >= 14.200000) && (throttle <= 16.150000)) -> F[0,0]((air_fuel_ratio > 10.000000)))","F[0,0]((throttle >= 14.200000) && (throttle <= 16.150000)) -> F[0,0]((air_fuel_ratio > 10.000000))",
FuelControl,EngineSpeed,145,"G(F[0,0]((speed == 314.159265)) && F[7,10]((fuel >= 1.215924) && (fuel <= 1.409387)) -> F[7,10]((air_fuel_ratio > 10.000000)))","F[0,0]((speed == 314.159265)) && F[7,10]((fuel >= 1.215924) && (fuel <= 1.409387)) -> F[7,10]((air_fuel_ratio > 10.000000))",
FuelControl,EngineSpeed,146,"G(F[0,0]((ego >= 0.464806) && (ego <= 1.000000)) && F[0,3]((fuel >= 1.215924) && (fuel <= 1.409387)) -> F[0,3]((air_fuel_ratio > 10.000000)))","F[0,0]((ego >= 0.464806) && (ego <= 1.000000)) && F[0,3]((fuel >= 1.215924) && (fuel <= 1.409387)) -> F[0,3]((air_fuel_ratio > 10.000000))",
FuelControl,EngineSpeed,147,"G(F[0,0]((map >= 0.514331) && (map <= 0.709944)) && F[7,10]((fuel >= 1.215924) && (fuel <= 1.409387)) -> F[7,10]((air_fuel_ratio > 10.000000)))","F[0,0]((map >= 0.514331) && (map <= 0.709944)) && F[7,10]((fuel >= 1.215924) && (fuel <= 1.409387)) -> F[7,10]((air_fuel_ratio > 10.000000))",
FuelControl,EngineSpeed,148,"G(F[0,0]((throttle >= 12.650000) && (throttle <= 14.900000)) && F[7,10]((fuel >= 1.215924) && (fuel <= 1.409387)) -> F[7,10]((air_fuel_ratio > 10.000000)))","F[0,0]((throttle >= 12.650000) && (throttle <= 14.900000)) && F[7,10]((fuel >= 1.215924) && (fuel <= 1.409387)) -> F[7,10]((air_fuel_ratio > 10.000000))",
FuelControl,EngineSpeed,149,"G(F[0,0]((throttle >= 12.350000) && (throttle <= 15.200000)) && F[0,3]((fuel >= 1.215924) && (fuel <= 1.409387)) -> F[0,3]((air_fuel_ratio > 10.000000)))","F[0,0]((throttle >= 12.350000) && (throttle <= 15.200000)) && F[0,3]((fuel >= 1.215924) && (fuel <= 1.409387)) -> F[0,3]((air_fuel_ratio > 10.000000))",
FuelControl,EngineSpeed,150,"G(F[0,0]((speed == 314.159265)) && F[9,10]((ego >= 0.468074) && (ego <= 1.000000)) && F[12,15]((fuel >= 1.215924) && (fuel <= 1.409387)) -> F[12,15]((air_fuel_ratio > 10.000000)))","F[0,0]((speed == 314.159265)) && F[9,10]((ego >= 0.468074) && (ego <= 1.000000)) && F[12,15]((fuel >= 1.215924) && (fuel <= 1.409387)) -> F[12,15]((air_fuel_ratio > 10.000000))",
FuelControl,EngineSpeed,151,"G(F[0,0]((map >= 0.526024) && (map <= 0.702187)) && F[1,2]((ego >= 0.468074) && (ego <= 1.000000)) && F[4,7]((fuel >= 1.215924) && (fuel <= 1.409387)) -> F[4,7]((air_fuel_ratio > 10.000000)))","F[0,0]((map >= 0.526024) && (map <= 0.702187)) && F[1,2]((ego >= 0.468074) && (ego <= 1.000000)) && F[4,7]((fuel >= 1.215924) && (fuel <= 1.409387)) -> F[4,7]((air_fuel_ratio > 10.000000))",
FuelControl,EngineSpeed,152,"G(F[0,0]((map >= 0.500000) && (map <= 0.722455)) && F[9,10]((ego >= 0.468074) && (ego <= 1.000000)) && F[12,15]((fuel >= 1.215924) && (fuel <= 1.409387)) -> F[12,15]((air_fuel_ratio > 10.000000)))","F[0,0]((map >= 0.500000) && (map <= 0.722455)) && F[9,10]((ego >= 0.468074) && (ego <= 1.000000)) && F[12,15]((fuel >= 1.215924) && (fuel <= 1.409387)) -> F[12,15]((air_fuel_ratio > 10.000000))",
FuelControl,EngineSpeed,153,"G(F[0,0]((throttle >= 12.500000) && (throttle <= 15.050000)) && F[0,1]((ego >= 0.468074) && (ego <= 1.000000)) && F[3,6]((fuel >= 1.215924) && (fuel <= 1.409387)) -> F[3,6]((air_fuel_ratio > 10.000000)))","F[0,0]((throttle >= 12.500000) && (throttle <= 15.050000)) && F[0,1]((ego >= 0.468074) && (ego <= 1.000000)) && F[3,6]((fuel >= 1.215924) && (fuel <= 1.409387)) -> F[3,6]((air_fuel_ratio > 10.000000))",
FuelControl,EngineSpeed,154,"G(F[0,0]((throttle >= 16.200000) && (throttle <= 18.100000)) -> F[0,0]((air_fuel_ratio > 10.000000)))","F[0,0]((throttle >= 16.200000) && (throttle <= 18.100000)) -> F[0,0]((air_fuel_ratio > 10.000000))",
FuelControl,EngineSpeed,155,"G(F[0,0]((speed == 314.159265)) && F[6,8]((fuel >= 1.215924) && (fuel <= 1.409387)) -> F[6,8]((air_fuel_ratio > 10.000000)))","F[0,0]((speed == 314.159265)) && F[6,8]((fuel >= 1.215924) && (fuel <= 1.409387)) -> F[6,8]((air_fuel_ratio > 10.000000))",
FuelControl,EngineSpeed,156,"G(F[0,0]((ego >= 0.464806) && (ego <= 1.000000)) && F[0,2]((fuel >= 1.215924) && (fuel <= 1.409387)) -> F[0,2]((air_fuel_ratio > 10.000000)))","F[0,0]((ego >= 0.464806) && (ego <= 1.000000)) && F[0,2]((fuel >= 1.215924) && (fuel <= 1.409387)) -> F[0,2]((air_fuel_ratio > 10.000000))",
FuelControl,EngineSpeed,157,"G(F[0,0]((throttle >= 12.350000) && (throttle <= 15.200000)) && F[0,2]((fuel >= 1.215924) && (fuel <= 1.409387)) -> F[0,2]((air_fuel_ratio > 10.000000)))","F[0,0]((throttle >= 12.350000) && (throttle <= 15.200000)) && F[0,2]((fuel >= 1.215924) && (fuel <= 1.409387)) -> F[0,2]((air_fuel_ratio > 10.000000))",
FuelControl,EngineSpeed,158,"G(F[0,0]((map >= 0.522118) && (map <= 0.704794)) && F[6,8]((fuel >= 1.215924) && (fuel <= 1.409387)) -> F[6,8]((air_fuel_ratio > 10.000000)))","F[0,0]((map >= 0.522118) && (map <= 0.704794)) && F[6,8]((fuel >= 1.215924) && (fuel <= 1.409387)) -> F[6,8]((air_fuel_ratio > 10.000000))",
FuelControl,EngineSpeed,159,"G(F[0,0]((throttle >= 12.750000) && (throttle <= 14.800000)) && F[6,8]((fuel >= 1.215924) && (fuel <= 1.409387)) -> F[6,8]((air_fuel_ratio > 10.000000)))","F[0,0]((throttle >= 12.750000) && (throttle <= 14.800000)) && F[6,8]((fuel >= 1.215924) && (fuel <= 1.409387)) -> F[6,8]((air_fuel_ratio > 10.000000))",
FuelControl,EngineSpeed,160,"G(F[0,0]((speed == 314.159265)) && F[2,2]((ego >= 0.468074) && (ego <= 1.000000)) && F[5,7]((fuel >= 1.215924) && (fuel <= 1.409387)) -> F[5,7]((air_fuel_ratio > 10.000000)))","F[0,0]((speed == 314.159265)) && F[2,2]((ego >= 0.468074) && (ego <= 1.000000)) && F[5,7]((fuel >= 1.215924) && (fuel <= 1.409387)) -> F[5,7]((air_fuel_ratio > 10.000000))",
FuelControl,EngineSpeed,161,"G(F[0,0]((ego >= 0.468404) && (ego <= 1.000000)) && F[4,6]((fuel >= 1.215924) && (fuel <= 1.409387)) -> F[4,6]((air_fuel_ratio > 10.000000)))","F[0,0]((ego >= 0.468404) && (ego <= 1.000000)) && F[4,6]((fuel >= 1.215924) && (fuel <= 1.409387)) -> F[4,6]((air_fuel_ratio > 10.000000))",
FuelControl,EngineSpeed,162,"G(F[0,0]((throttle >= 18.150000) && (throttle <= 20.000000)) -> F[0,0]((air_fuel_ratio > 10.000000)))","F[0,0]((throttle >= 18.150000) && (throttle <= 20.000000)) -> F[0,0]((air_fuel_ratio > 10.000000))",
FuelControl,EngineSpeed,163,"G(F[0,0]((throttle >= 12.850000) && (throttle <= 14.800000)) && F[3,6]((fuel >= 1.215924) && (fuel <= 1.409387)) -> F[3,6]((air_fuel_ratio > 10.000000)))","F[0,0]((throttle >= 12.850000) && (throttle <= 14.800000)) && F[3,6]((fuel >= 1.215924) && (fuel <= 1.409387)) -> F[3,6]((air_fuel_ratio > 10.000000))",
FuelControl,EngineSpeed,164,"G(F[0,0]((speed == 314.159265)) && F[4,5]((fuel >= 1.215924) && (fuel <= 1.409387)) -> F[4,5]((air_fuel_ratio > 10.000000)))","F[0,0]((speed == 314.159265)) && F[4,5]((fuel >= 1.215924) && (fuel <= 1.409387)) -> F[4,5]((air_fuel_ratio > 10.000000))",
FuelControl,EngineSpeed,165,"G(F[0,0]((speed == 314.159265)) && F[9,10]((fuel >= 1.215924) && (fuel <= 1.409387)) -> F[9,10]((air_fuel_ratio > 10.000000)))","F[0,0]((speed == 314.159265)) && F[9,10]((fuel >= 1.215924) && (fuel <= 1.409387)) -> F[9,10]((air_fuel_ratio > 10.000000))",
FuelControl,EngineSpeed,166,"G(F[0,0]((ego >= 0.464806) && (ego <= 1.000000)) && F[0,1]((fuel >= 1.215924) && (fuel <= 1.409387)) -> F[0,1]((air_fuel_ratio > 10.000000)))","F[0,0]((ego >= 0.464806) && (ego <= 1.000000)) && F[0,1]((fuel >= 1.215924) && (fuel <= 1.409387)) -> F[0,1]((air_fuel_ratio > 10.000000))",
FuelControl,EngineSpeed,167,"G(F[0,0]((map >= 0.514331) && (map <= 0.709944)) && F[9,10]((fuel >= 1.215924) && (fuel <= 1.409387)) -> F[9,10]((air_fuel_ratio > 10.000000)))","F[0,0]((map >= 0.514331) && (map <= 0.709944)) && F[9,10]((fuel >= 1.215924) && (fuel <= 1.409387)) -> F[9,10]((air_fuel_ratio > 10.000000))",
FuelControl,EngineSpeed,168,"G(F[0,0]((throttle >= 12.650000) && (throttle <= 14.900000)) && F[9,10]((fuel >= 1.215924) && (fuel <= 1.409387)) -> F[9,10]((air_fuel_ratio > 10.000000)))","F[0,0]((throttle >= 12.650000) && (throttle <= 14.900000)) && F[9,10]((fuel >= 1.215924) && (fuel <= 1.409387)) -> F[9,10]((air_fuel_ratio > 10.000000))",
FuelControl,EngineSpeed,169,"G(F[0,0]((map >= 0.533846) && (map <= 0.696911)) && F[4,5]((fuel >= 1.215924) && (fuel <= 1.409387)) -> F[4,5]((air_fuel_ratio > 10.000000)))","F[0,0]((map >= 0.533846) && (map <= 0.696911)) && F[4,5]((fuel >= 1.215924) && (fuel <= 1.409387)) -> F[4,5]((air_fuel_ratio > 10.000000))",
FuelControl,EngineSpeed,170,"G(F[0,0]((ego >= 0.465689) && (ego <= 1.000000)) && F[2,3]((fuel >= 1.215924) && (fuel <= 1.409387)) -> F[2,3]((air_fuel_ratio > 10.000000)))","F[0,0]((ego >= 0.465689) && (ego <= 1.000000)) && F[2,3]((fuel >= 1.215924) && (fuel <= 1.409387)) -> F[2,3]((air_fuel_ratio > 10.000000))",
FuelControl,EngineSpeed,171,"G(F[0,0]((throttle >= 12.900000) && (throttle <= 14.850000)) && F[2,5]((fuel >= 1.215924) && (fuel <= 1.409387)) -> F[2,5]((air_fuel_ratio > 10.000000)))","F[0,0]((throttle >= 12.900000) && (throttle <= 14.850000)) && F[2,5]((fuel >= 1.215924) && (fuel <= 1.409387)) -> F[2,5]((air_fuel_ratio > 10.000000))",
FuelControl,EngineSpeed,172,"G(F[0,0]((throttle >= 13.950000) && (throttle <= 15.800000)) && F[2,5]((ego >= 0.474443) && (ego <= 1.000000)) && F[5,11]((map >= 0.549475) && (map <= 0.727315)) -> F[5,11]((air_fuel_ratio > 10.000000)))","F[0,0]((throttle >= 13.950000) && (throttle <= 15.800000)) && F[2,5]((ego >= 0.474443) && (ego <= 1.000000)) && F[5,11]((map >= 0.549475) && (map <= 0.727315)) -> F[5,11]((air_fuel_ratio > 10.000000))",
FuelControl,EngineSpeed,173,"G(F[0,0]((ego >= 0.480809) && (ego <= 1.000000)) && F[7,10]((fuel >= 1.215924) && (fuel <= 1.409387)) -> F[7,10]((air_fuel_ratio > 10.000000)))","F[0,0]((ego >= 0.480809) && (ego <= 1.000000)) && F[7,10]((fuel >= 1.215924) && (fuel <= 1.409387)) -> F[7,10]((air_fuel_ratio > 10.000000))",
FuelControl,EngineSpeed,174,"G(F[0,0]((ego >= 0.480809) && (ego <= 1.000000)) && F[6,8]((fuel >= 1.215924) && (fuel <= 1.409387)) -> F[6,8]((air_fuel_ratio > 10.000000)))","F[0,0]((ego >= 0.480809) && (ego <= 1.000000)) && F[6,8]((fuel >= 1.215924) && (fuel <= 1.409387)) -> F[6,8]((air_fuel_ratio > 10.000000))",
FuelControl,EngineSpeed,175,"G(F[0,0]((ego >= 0.480809) && (ego <= 1.000000)) && F[7,8]((fuel >= 1.215924) && (fuel <= 1.409387)) -> F[7,8]((air_fuel_ratio > 10.000000)))","F[0,0]((ego >= 0.480809) && (ego <= 1.000000)) && F[7,8]((fuel >= 1.215924) && (fuel <= 1.409387)) -> F[7,8]((air_fuel_ratio > 10.000000))",
FuelControl,EngineSpeed,176,"G(F[0,0]((throttle >= 12.450000) && (throttle <= 14.100000)) && F[0,3]((ego >= 0.474443) && (ego <= 1.000000)) && F[3,9]((map >= 0.549475) && (map <= 0.727315)) -> F[3,9]((air_fuel_ratio > 10.000000)))","F[0,0]((throttle >= 12.450000) && (throttle <= 14.100000)) && F[0,3]((ego >= 0.474443) && (ego <= 1.000000)) && F[3,9]((map >= 0.549475) && (map <= 0.727315)) -> F[3,9]((air_fuel_ratio > 10.000000))",
FuelControl,EngineSpeed,177,"G(F[0,0]((throttle >= 14.150000) && (throttle <= 15.700000)) && F[0,3]((ego >= 0.474443) && (ego <= 1.000000)) && F[3,9]((map >= 0.549475) && (map <= 0.727315)) -> F[3,9]((air_fuel_ratio > 10.000000)))","F[0,0]((throttle >= 14.150000) && (throttle <= 15.700000)) && F[0,3]((ego >= 0.474443) && (ego <= 1.000000)) && F[3,9]((map >= 0.549475) && (map <= 0.727315)) -> F[3,9]((air_fuel_ratio > 10.000000))",
FuelControl,EngineSpeed,178,"G(F[0,0]((throttle >= 12.300000) && (throttle <= 14.100000)) && F[0,3]((map >= 0.549475) && (map <= 0.727315)) -> F[0,3]((air_fuel_ratio > 10.000000)))","F[0,0]((throttle >= 12.300000) && (throttle <= 14.100000)) && F[0,3]((map >= 0.549475) && (map <= 0.727315)) -> F[0,3]((air_fuel_ratio > 10.000000))",
FuelControl,EngineSpeed,179,"G(F[0,0]((ego >= 0.483290) && (ego <= 1.000000)) && F[9,10]((fuel >= 1.215924) && (fuel <= 1.409387)) -> F[9,10]((air_fuel_ratio > 10.000000)))","F[0,0]((ego >= 0.483290) && (ego <= 1.000000)) && F[9,10]((fuel >= 1.215924) && (fuel <= 1.409387)) -> F[9,10]((air_fuel_ratio > 10.000000))",
FuelControl,EngineSpeed,180,"G(F[0,0]((throttle >= 12.450000) && (throttle <= 14.100000)) && F[0,1]((ego >= 0.474443) && (ego <= 1.000000)) && F[3,7]((map >= 0.549475) && (map <= 0.727315)) -> F[3,7]((air_fuel_ratio > 10.000000)))","F[0,0]((throttle >= 12.450000) && (throttle <= 14.100000)) && F[0,1]((ego >= 0.474443) && (ego <= 1.000000)) && F[3,7]((map >= 0.549475) && (map <= 0.727315)) -> F[3,7]((air_fuel_ratio > 10.000000))",
FuelControl,EngineSpeed,181,"G(F[0,0]((throttle >= 14.100000) && (throttle <= 15.750000)) && F[0,2]((map >= 0.549475) && (map <= 0.727315)) -> F[0,2]((air_fuel_ratio > 10.000000)))","F[0,0]((throttle >= 14.100000) && (throttle <= 15.750000)) && F[0,2]((map >= 0.549475) && (map <= 0.727315)) -> F[0,2]((air_fuel_ratio > 10.000000))",
FuelControl,EngineSpeed,182,"G(F[0,0]((throttle >= 14.150000) && (throttle <= 15.650000)) && F[0,2]((ego >= 0.474443) && (ego <= 1.000000)) && F[3,8]((map >= 0.549475) && (map <= 0.727315)) -> F[3,8]((air_fuel_ratio > 10.000000)))","F[0,0]((throttle >= 14.150000) && (throttle <= 15.650000)) && F[0,2]((ego >= 0.474443) && (ego <= 1.000000)) && F[3,8]((map >= 0.549475) && (map <= 0.727315)) -> F[3,8]((air_fuel_ratio > 10.000000))",
FuelControl,EngineSpeed,183,"G(F[0,0]((throttle >= 14.150000) && (throttle <= 15.750000)) && F[0,3]((map >= 0.549475) && (map <= 0.727315)) -> F[0,3]((air_fuel_ratio > 10.000000)))","F[0,0]((throttle >= 14.150000) && (throttle <= 15.750000)) && F[0,3]((map >= 0.549475) && (map <= 0.727315)) -> F[0,3]((air_fuel_ratio > 10.000000))",
FuelControl,EngineSpeed,184,"G(F[0,0]((throttle >= 12.300000) && (throttle <= 14.050000)) && F[0,2]((map >= 0.549475) && (map <= 0.727315)) -> F[0,2]((air_fuel_ratio > 10.000000)))","F[0,0]((throttle >= 12.300000) && (throttle <= 14.050000)) && F[0,2]((map >= 0.549475) && (map <= 0.727315)) -> F[0,2]((air_fuel_ratio > 10.000000))",
FuelControl,EngineSpeed,185,"G(F[0,0]((throttle >= 14.150000) && (throttle <= 15.600000)) && F[0,1]((ego >= 0.474443) && (ego <= 1.000000)) && F[3,7]((map >= 0.549475) && (map <= 0.727315)) -> F[3,7]((air_fuel_ratio > 10.000000)))","F[0,0]((throttle >= 14.150000) && (throttle <= 15.600000)) && F[0,1]((ego >= 0.474443) && (ego <= 1.000000)) && F[3,7]((map >= 0.549475) && (map <= 0.727315)) -> F[3,7]((air_fuel_ratio > 10.000000))",
FuelControl,EngineSpeed,186,"G(F[0,0]((throttle >= 13.650000) && (throttle <= 14.650000)) && F[0,0]((map >= 0.549475) && (map <= 0.727315)) -> F[0,0]((air_fuel_ratio > 10.000000)))","F[0,0]((throttle >= 13.650000) && (throttle <= 14.650000)) && F[0,0]((map >= 0.549475) && (map <= 0.727315)) -> F[0,0]((air_fuel_ratio > 10.000000))",
FuelControl,EngineSpeed,187,"G(F[0,0]((throttle >= 12.500000) && (throttle <= 13.750000)) && F[0,2]((ego >= 0.468074) && (ego <= 1.000000)) && F[3,8]((fuel >= 1.215924) && (fuel <= 1.409387)) -> F[3,8]((air_fuel_ratio > 10.000000)))","F[0,0]((throttle >= 12.500000) && (throttle <= 13.750000)) && F[0,2]((ego >= 0.468074) && (ego <= 1.000000)) && F[3,8]((fuel >= 1.215924) && (fuel <= 1.409387)) -> F[3,8]((air_fuel_ratio > 10.000000))",
FuelControl,EngineSpeed,188,"G(F[0,0]((throttle >= 13.800000) && (throttle <= 15.050000)) && F[0,2]((ego >= 0.468074) && (ego <= 1.000000)) && F[3,8]((fuel >= 1.215924) && (fuel <= 1.409387)) -> F[3,8]((air_fuel_ratio > 10.000000)))","F[0,0]((throttle >= 13.800000) && (throttle <= 15.050000)) && F[0,2]((ego >= 0.468074) && (ego <= 1.000000)) && F[3,8]((fuel >= 1.215924) && (fuel <= 1.409387)) -> F[3,8]((air_fuel_ratio > 10.000000))",
FuelControl,EngineSpeed,189,"G(F[0,0]((throttle >= 12.500000) && (throttle <= 13.750000)) && F[0,1]((ego >= 0.468074) && (ego <= 1.000000)) && F[3,7]((fuel >= 1.215924) && (fuel <= 1.409387)) -> F[3,7]((air_fuel_ratio > 10.000000)))","F[0,0]((throttle >= 12.500000) && (throttle <= 13.750000)) && F[0,1]((ego >= 0.468074) && (ego <= 1.000000)) && F[3,7]((fuel >= 1.215924) && (fuel <= 1.409387)) -> F[3,7]((air_fuel_ratio > 10.000000))",
FuelControl,EngineSpeed,190,"G(F[0,0]((throttle >= 12.300000) && (throttle <= 13.600000)) && F[0,2]((map >= 0.549475) && (map <= 0.727315)) -> F[0,2]((air_fuel_ratio > 10.000000)))","F[0,0]((throttle >= 12.300000) && (throttle <= 13.600000)) && F[0,2]((map >= 0.549475) && (map <= 0.727315)) -> F[0,2]((air_fuel_ratio > 10.000000))",
FuelControl,EngineSpeed,191,"G(F[0,0]((throttle >= 13.800000) && (throttle <= 15.050000)) && F[0,1]((ego >= 0.468074) && (ego <= 1.000000)) && F[3,7]((fuel >= 1.215924) && (fuel <= 1.409387)) -> F[3,7]((air_fuel_ratio > 10.000000)))","F[0,0]((throttle >= 13.800000) && (throttle <= 15.050000)) && F[0,1]((ego >= 0.468074) && (ego <= 1.000000)) && F[3,7]((fuel >= 1.215924) && (fuel <= 1.409387)) -> F[3,7]((air_fuel_ratio > 10.000000))",
FuelControl,EngineSpeed,192,"G(F[0,0]((throttle >= 12.350000) && (throttle <= 13.750000)) && F[0,2]((fuel >= 1.215924) && (fuel <= 1.409387)) -> F[0,2]((air_fuel_ratio > 10.000000)))","F[0,0]((throttle >= 12.350000) && (throttle <= 13.750000)) && F[0,2]((fuel >= 1.215924) && (fuel <= 1.409387)) -> F[0,2]((air_fuel_ratio > 10.000000))",
FuelControl,EngineSpeed,193,"G(F[0,0]((throttle >= 12.350000) && (throttle <= 13.750000)) && F[0,1]((fuel >= 1.215924) && (fuel <= 1.409387)) -> F[0,1]((air_fuel_ratio > 10.000000)))","F[0,0]((throttle >= 12.350000) && (throttle <= 13.750000)) && F[0,1]((fuel >= 1.215924) && (fuel <= 1.409387)) -> F[0,1]((air_fuel_ratio > 10.000000))",
FuelControl,EngineSpeed,194,"G(F[0,0]((throttle >= 13.800000) && (throttle <= 15.200000)) && F[0,2]((fuel >= 1.215924) && (fuel <= 1.409387)) -> F[0,2]((air_fuel_ratio > 10.000000)))","F[0,0]((throttle >= 13.800000) && (throttle <= 15.200000)) && F[0,2]((fuel >= 1.215924) && (fuel <= 1.409387)) -> F[0,2]((air_fuel_ratio > 10.000000))",
FuelControl,EngineSpeed,195,"G(F[0,0]((throttle >= 14.700000) && (throttle <= 15.750000)) && F[0,2]((map >= 0.549475) && (map <= 0.727315)) -> F[0,2]((air_fuel_ratio > 10.000000)))","F[0,0]((throttle >= 14.700000) && (throttle <= 15.750000)) && F[0,2]((map >= 0.549475) && (map <= 0.727315)) -> F[0,2]((air_fuel_ratio > 10.000000))",
FuelControl,EngineSpeed,196,"G(F[0,0]((throttle >= 10.700000) && (throttle <= 11.700000)) && F[0,10]((fuel >= 0.941504) && (fuel <= 1.081182)) && F[4,17]((map >= 0.439703) && (map <= 0.457559)) -> F[8,27]((air_fuel_ratio > 10.000000)))","F[0,0]((throttle >= 10.700000) && (throttle <= 11.700000)) && F[0,10]((fuel >= 0.941504) && (fuel <= 1.081182)) && F[4,17]((map >= 0.439703) && (map <= 0.457559)) -> F[8,27]((air_fuel_ratio > 10.000000))",
FuelControl,EngineSpeed,197,"G(F[0,0]((throttle >= 13.800000) && (throttle <= 15.200000)) && F[0,1]((fuel >= 1.215924) && (fuel <= 1.409387)) -> F[0,1]((air_fuel_ratio > 10.000000)))","F[0,0]((throttle >= 13.800000) && (throttle <= 15.200000)) && F[0,1]((fuel >= 1.215924) && (fuel <= 1.409387)) -> F[0,1]((air_fuel_ratio > 10.000000))",
FuelControl,EngineSpeed,198,"G(F[0,0]((throttle >= 10.800000) && (throttle <= 11.700000)) && F[0,10]((fuel >= 0.960833) && (fuel <= 1.067023)) && F[3,15]((map >= 0.439703) && (map <= 0.457559)) -> F[7,25]((air_fuel_ratio > 10.000000)))","F[0,0]((throttle >= 10.800000) && (throttle <= 11.700000)) && F[0,10]((fuel >= 0.960833) && (fuel <= 1.067023)) && F[3,15]((map >= 0.439703) && (map <= 0.457559)) -> F[7,25]((air_fuel_ratio > 10.000000))",
FuelControl,EngineSpeed,199,"G(F[0,0]((throttle >= 10.900000) && (throttle <= 11.750000)) && F[0,10]((fuel >= 0.962030) && (fuel <= 1.052865)) && F[2,13]((map >= 0.439703) && (map <= 0.457559)) -> F[6,23]((air_fuel_ratio > 10.000000)))","F[0,0]((throttle >= 10.900000) && (throttle <= 11.750000)) && F[0,10]((fuel >= 0.962030) && (fuel <= 1.052865)) && F[2,13]((map >= 0.439703) && (map <= 0.457559)) -> F[6,23]((air_fuel_ratio > 10.000000))",
FuelControl,EngineSpeed,200,"G(F[0,0]((throttle >= 10.550000) && (throttle <= 11.850000)) && F[0,10]((ego >= 0.464370) && (ego <= 1.000000)) && F[10,20]((map >= 0.439703) && (map <= 0.457559)) -> F[14,30]((air_fuel_ratio > 10.000000)))","F[0,0]((throttle >= 10.550000) && (throttle <= 11.850000)) && F[0,10]((ego >= 0.464370) && (ego <= 1.000000)) && F[10,20]((map >= 0.439703) && (map <= 0.457559)) -> F[14,30]((air_fuel_ratio > 10.000000))",
FuelControl,EngineSpeed,201,"G(F[0,0]((throttle >= 10.800000) && (throttle <= 11.850000)) && F[0,10]((map >= 0.439703) && (map <= 0.457559)) -> F[4,20]((air_fuel_ratio > 10.000000)))","F[0,0]((throttle >= 10.800000) && (throttle <= 11.850000)) && F[0,10]((map >= 0.439703) && (map <= 0.457559)) -> F[4,20]((air_fuel_ratio > 10.000000))",
FuelControl,EngineSpeed,202,"G(F[0,0]((throttle >= 12.536022) && (throttle <= 13.200000)) && F[2,6]((ego >= 0.474443) && (ego <= 1.000000)) && F[5,12]((map >= 0.549475) && (map <= 0.727315)) -> F[5,12]((air_fuel_ratio > 10.000000)))","F[0,0]((throttle >= 12.536022) && (throttle <= 13.200000)) && F[2,6]((ego >= 0.474443) && (ego <= 1.000000)) && F[5,12]((map >= 0.549475) && (map <= 0.727315)) -> F[5,12]((air_fuel_ratio > 10.000000))",
FuelControl,EngineSpeed,203,"G(F[0,0]((throttle >= 10.700000) && (throttle <= 11.700000)) && F[4,10]((fuel >= 0.941504) && (fuel <= 1.081182)) && F[8,17]((map >= 0.439703) && (map <= 0.457559)) -> F[12,27]((air_fuel_ratio > 10.000000)))","F[0,0]((throttle >= 10.700000) && (throttle <= 11.700000)) && F[4,10]((fuel >= 0.941504) && (fuel <= 1.081182)) && F[8,17]((map >= 0.439703) && (map <= 0.457559)) -> F[12,27]((air_fuel_ratio > 10.000000))",
FuelControl,EngineSpeed,204,"G(F[0,0]((throttle >= 10.800000) && (throttle <= 11.618283)) && F[4,10]((fuel >= 0.960833) && (fuel <= 1.067023)) && F[7,15]((map >= 0.439703) && (map <= 0.457559)) -> F[11,25]((air_fuel_ratio > 10.000000)))","F[0,0]((throttle >= 10.800000) && (throttle <= 11.618283)) && F[4,10]((fuel >= 0.960833) && (fuel <= 1.067023)) && F[7,15]((map >= 0.439703) && (map <= 0.457559)) -> F[11,25]((air_fuel_ratio > 10.000000))",
FuelControl,EngineSpeed,205,"G(F[0,0]((throttle >= 10.900000) && (throttle <= 11.600000)) && F[5,10]((fuel >= 0.962030) && (fuel <= 1.052865)) && F[7,13]((map >= 0.439703) && (map <= 0.457559)) -> F[11,23]((air_fuel_ratio > 10.000000)))","F[0,0]((throttle >= 10.900000) && (throttle <= 11.600000)) && F[5,10]((fuel >= 0.962030) && (fuel <= 1.052865)) && F[7,13]((map >= 0.439703) && (map <= 0.457559)) -> F[11,23]((air_fuel_ratio > 10.000000))",
FuelControl,EngineSpeed,206,"G(F[0,0]((throttle >= 10.700000) && (throttle <= 11.700000)) && F[7,10]((fuel >= 0.941504) && (fuel <= 1.081182)) && F[11,17]((map >= 0.439703) && (map <= 0.457559)) -> F[15,27]((air_fuel_ratio > 10.000000)))","F[0,0]((throttle >= 10.700000) && (throttle <= 11.700000)) && F[7,10]((fuel >= 0.941504) && (fuel <= 1.081182)) && F[11,17]((map >= 0.439703) && (map <= 0.457559)) -> F[15,27]((air_fuel_ratio > 10.000000))",
FuelControl,EngineSpeed,207,"G(F[0,0]((throttle >= 10.900000) && (throttle <= 11.600000)) && F[3,6]((fuel >= 0.941504) && (fuel <= 1.081182)) && F[7,13]((map >= 0.439703) && (map <= 0.457559)) -> F[11,23]((air_fuel_ratio > 10.000000)))","F[0,0]((throttle >= 10.900000) && (throttle <= 11.600000)) && F[3,6]((fuel >= 0.941504) && (fuel <= 1.081182)) && F[7,13]((map >= 0.439703) && (map <= 0.457559)) -> F[11,23]((air_fuel_ratio > 10.000000))",
FuelControl,EngineSpeed,208,"G(F[0,0]((throttle >= 11.000000) && (throttle <= 11.650000)) && F[0,3]((fuel >= 0.941504) && (fuel <= 1.081182)) && F[4,10]((map >= 0.439703) && (map <= 0.457559)) -> F[8,20]((air_fuel_ratio > 10.000000)))","F[0,0]((throttle >= 11.000000) && (throttle <= 11.650000)) && F[0,3]((fuel >= 0.941504) && (fuel <= 1.081182)) && F[4,10]((map >= 0.439703) && (map <= 0.457559)) -> F[8,20]((air_fuel_ratio > 10.000000))",
FuelControl,EngineSpeed,209,"G(F[0,0]((throttle >= 10.550000) && (throttle <= 11.850000)) && F[5,10]((ego >= 0.464370) && (ego <= 1.000000)) && F[15,20]((map >= 0.439703) && (map <= 0.457559)) -> F[19,30]((air_fuel_ratio > 10.000000)))","F[0,0]((throttle >= 10.550000) && (throttle <= 11.850000)) && F[5,10]((ego >= 0.464370) && (ego <= 1.000000)) && F[15,20]((map >= 0.439703) && (map <= 0.457559)) -> F[19,30]((air_fuel_ratio > 10.000000))",
FuelControl,EngineSpeed,210,"G(F[0,0]((fuel >= 0.878930) && (fuel <= 1.150596)) && F[5,10]((ego >= 0.464370) && (ego <= 1.000000)) && F[15,20]((map >= 0.439703) && (map <= 0.457559)) -> F[19,30]((air_fuel_ratio > 10.000000)))","F[0,0]((fuel >= 0.878930) && (fuel <= 1.150596)) && F[5,10]((ego >= 0.464370) && (ego <= 1.000000)) && F[15,20]((map >= 0.439703) && (map <= 0.457559)) -> F[19,30]((air_fuel_ratio > 10.000000))",
FuelControl,EngineSpeed,211,"G(F[0,0]((fuel >= 0.911579) && (fuel <= 1.102353)) && F[5,10]((map >= 0.439703) && (map <= 0.457559)) -> F[9,20]((air_fuel_ratio > 10.000000)))","F[0,0]((fuel >= 0.911579) && (fuel <= 1.102353)) && F[5,10]((map >= 0.439703) && (map <= 0.457559)) -> F[9,20]((air_fuel_ratio > 10.000000))",
FuelControl,EngineSpeed,212,"G(F[0,0]((throttle >= 10.900000) && (throttle <= 11.750000)) && F[0,4]((fuel >= 0.962030) && (fuel <= 1.052865)) && F[2,7]((map >= 0.439703) && (map <= 0.457559)) -> F[6,17]((air_fuel_ratio > 10.000000)))","F[0,0]((throttle >= 10.900000) && (throttle <= 11.750000)) && F[0,4]((fuel >= 0.962030) && (fuel <= 1.052865)) && F[2,7]((map >= 0.439703) && (map <= 0.457559)) -> F[6,17]((air_fuel_ratio > 10.000000))",
FuelControl,EngineSpeed,213,"G(F[0,0]((throttle >= 10.800000) && (throttle <= 11.618283)) && F[7,10]((fuel >= 0.960833) && (fuel <= 1.067023)) && F[10,15]((map >= 0.439703) && (map <= 0.457559)) -> F[14,25]((air_fuel_ratio > 10.000000)))","F[0,0]((throttle >= 10.800000) && (throttle <= 11.618283)) && F[7,10]((fuel >= 0.960833) && (fuel <= 1.067023)) && F[10,15]((map >= 0.439703) && (map <= 0.457559)) -> F[14,25]((air_fuel_ratio > 10.000000))",
FuelControl,EngineSpeed,214,"G(F[0,0]((throttle >= 11.000000) && (throttle <= 11.650000)) && F[0,2]((fuel >= 0.941504) && (fuel <= 1.081182)) && F[4,9]((map >= 0.439703) && (map <= 0.457559)) -> F[8,19]((air_fuel_ratio > 10.000000)))","F[0,0]((throttle >= 11.000000) && (throttle <= 11.650000)) && F[0,2]((fuel >= 0.941504) && (fuel <= 1.081182)) && F[4,9]((map >= 0.439703) && (map <= 0.457559)) -> F[8,19]((air_fuel_ratio > 10.000000))",
FuelControl,EngineSpeed,215,"G(F[0,0]((throttle >= 11.000000) && (throttle <= 11.550000)) && F[3,6]((fuel >= 0.960833) && (fuel <= 1.067023)) && F[6,11]((map >= 0.439703) && (map <= 0.457559)) -> F[10,21]((air_fuel_ratio > 10.000000)))","F[0,0]((throttle >= 11.000000) && (throttle <= 11.550000)) && F[3,6]((fuel >= 0.960833) && (fuel <= 1.067023)) && F[6,11]((map >= 0.439703) && (map <= 0.457559)) -> F[10,21]((air_fuel_ratio > 10.000000))",
FuelControl,EngineSpeed,216,"G(F[0,0]((throttle >= 10.900000) && (throttle <= 11.600000)) && F[4,6]((fuel >= 0.941504) && (fuel <= 1.081182)) && F[8,13]((map >= 0.439703) && (map <= 0.457559)) -> F[12,23]((air_fuel_ratio > 10.000000)))","F[0,0]((throttle >= 10.900000) && (throttle <= 11.600000)) && F[4,6]((fuel >= 0.941504) && (fuel <= 1.081182)) && F[8,13]((map >= 0.439703) && (map <= 0.457559)) -> F[12,23]((air_fuel_ratio > 10.000000))",
FuelControl,EngineSpeed,217,"G(F[0,0]((throttle >= 10.800000) && (throttle <= 11.618283)) && F[6,8]((fuel >= 0.941504) && (fuel <= 1.081182)) && F[10,15]((map >= 0.439703) && (map <= 0.457559)) -> F[14,25]((air_fuel_ratio > 10.000000)))","F[0,0]((throttle >= 10.800000) && (throttle <= 11.618283)) && F[6,8]((fuel >= 0.941504) && (fuel <= 1.081182)) && F[10,15]((map >= 0.439703) && (map <= 0.457559)) -> F[14,25]((air_fuel_ratio > 10.000000))",
FuelControl,EngineSpeed,218,"G(F[0,0]((throttle >= 10.950000) && (throttle <= 11.700000)) && F[0,3]((fuel >= 0.960833) && (fuel <= 1.067023)) && F[3,8]((map >= 0.439703) && (map <= 0.457559)) -> F[7,18]((air_fuel_ratio > 10.000000)))","F[0,0]((throttle >= 10.950000) && (throttle <= 11.700000)) && F[0,3]((fuel >= 0.960833) && (fuel <= 1.067023)) && F[3,8]((map >= 0.439703) && (map <= 0.457559)) -> F[7,18]((air_fuel_ratio > 10.000000))",
FuelControl,EngineSpeed,219,"G(F[0,0]((throttle >= 10.950000) && (throttle <= 11.581717)) && F[3,5]((fuel >= 0.941504) && (fuel <= 1.081182)) && F[7,12]((map >= 0.439703) && (map <= 0.457559)) -> F[11,22]((air_fuel_ratio > 10.000000)))","F[0,0]((throttle >= 10.950000) && (throttle <= 11.581717)) && F[3,5]((fuel >= 0.941504) && (fuel <= 1.081182)) && F[7,12]((map >= 0.439703) && (map <= 0.457559)) -> F[11,22]((air_fuel_ratio > 10.000000))",
FuelControl,EngineSpeed,220,"G(F[0,0]((fuel >= 0.886318) && (fuel <= 1.123301)) && F[0,4]((ego >= 0.464370) && (ego <= 1.000000)) && F[10,14]((map >= 0.439703) && (map <= 0.457559)) -> F[14,24]((air_fuel_ratio > 10.000000)))","F[0,0]((fuel >= 0.886318) && (fuel <= 1.123301)) && F[0,4]((ego >= 0.464370) && (ego <= 1.000000)) && F[10,14]((map >= 0.439703) && (map <= 0.457559)) -> F[14,24]((air_fuel_ratio > 10.000000))",
FuelControl,EngineSpeed,221,"G(F[0,0]((throttle >= 10.850000) && (throttle <= 11.618283)) && F[0,4]((ego >= 0.464370) && (ego <= 1.000000)) && F[10,14]((map >= 0.439703) && (map <= 0.457559)) -> F[14,24]((air_fuel_ratio > 10.000000)))","F[0,0]((throttle >= 10.850000) && (throttle <= 11.618283)) && F[0,4]((ego >= 0.464370) && (ego <= 1.000000)) && F[10,14]((map >= 0.439703) && (map <= 0.457559)) -> F[14,24]((air_fuel_ratio > 10.000000))",
FuelControl,EngineSpeed,222,"G(F[0,0]((throttle >= 10.700000) && (throttle <= 11.700000)) && F[9,10]((fuel >= 0.941504) && (fuel <= 1.081182)) && F[13,17]((map >= 0.439703) && (map <= 0.457559)) -> F[17,27]((air_fuel_ratio > 10.000000)))","F[0,0]((throttle >= 10.700000) && (throttle <= 11.700000)) && F[9,10]((fuel >= 0.941504) && (fuel <= 1.081182)) && F[13,17]((map >= 0.439703) && (map <= 0.457559)) -> F[17,27]((air_fuel_ratio > 10.000000))",
FuelControl,EngineSpeed,223,"G(F[0,0]((throttle >= 10.900000) && (throttle <= 11.600000)) && F[6,8]((fuel >= 0.960833) && (fuel <= 1.067023)) && F[9,13]((map >= 0.439703) && (map <= 0.457559)) -> F[13,23]((air_fuel_ratio > 10.000000)))","F[0,0]((throttle >= 10.900000) && (throttle <= 11.600000)) && F[6,8]((fuel >= 0.960833) && (fuel <= 1.067023)) && F[9,13]((map >= 0.439703) && (map <= 0.457559)) -> F[13,23]((air_fuel_ratio > 10.000000))",
FuelControl,EngineSpeed,224,"G(F[0,0]((throttle >= 10.900000) && (throttle <= 11.600000)) && F[7,10]((fuel >= 0.962030) && (fuel <= 1.052865)) && F[9,13]((map >= 0.439703) && (map <= 0.457559)) -> F[13,23]((air_fuel_ratio > 10.000000)))","F[0,0]((throttle >= 10.900000) && (throttle <= 11.600000)) && F[7,10]((fuel >= 0.962030) && (fuel <= 1.052865)) && F[9,13]((map >= 0.439703) && (map <= 0.457559)) -> F[13,23]((air_fuel_ratio > 10.000000))",
FuelControl,EngineSpeed,225,"G(F[0,0]((throttle >= 10.800000) && (throttle <= 11.850000)) && F[0,4]((map >= 0.439703) && (map <= 0.457559)) -> F[4,14]((air_fuel_ratio > 10.000000)))","F[0,0]((throttle >= 10.800000) && (throttle <= 11.850000)) && F[0,4]((map >= 0.439703) && (map <= 0.457559)) -> F[4,14]((air_fuel_ratio > 10.000000))",
FuelControl,EngineSpeed,226,"G(F[0,0]((throttle >= 10.800000) && (throttle <= 11.618283)) && F[7,8]((fuel >= 0.941504) && (fuel <= 1.081182)) && F[11,15]((map >= 0.439703) && (map <= 0.457559)) -> F[15,25]((air_fuel_ratio > 10.000000)))","F[0,0]((throttle >= 10.800000) && (throttle <= 11.618283)) && F[7,8]((fuel >= 0.941504) && (fuel <= 1.081182)) && F[11,15]((map >= 0.439703) && (map <= 0.457559)) -> F[15,25]((air_fuel_ratio > 10.000000))",
FuelControl,EngineSpeed,227,"G(F[0,0]((throttle >= 11.000000) && (throttle <= 11.650000)) && F[0,1]((fuel >= 0.941504) && (fuel <= 1.081182)) && F[4,8]((map >= 0.439703) && (map <= 0.457559)) -> F[8,18]((air_fuel_ratio > 10.000000)))","F[0,0]((throttle >= 11.000000) && (throttle <= 11.650000)) && F[0,1]((fuel >= 0.941504) && (fuel <= 1.081182)) && F[4,8]((map >= 0.439703) && (map <= 0.457559)) -> F[8,18]((air_fuel_ratio > 10.000000))",
FuelControl,EngineSpeed,228,"G(F[0,0]((throttle >= 10.950000) && (throttle <= 11.700000)) && F[0,2]((fuel >= 0.960833) && (fuel <= 1.067023)) && F[3,7]((map >= 0.439703) && (map <= 0.457559)) -> F[7,17]((air_fuel_ratio > 10.000000)))","F[0,0]((throttle >= 10.950000) && (throttle <= 11.700000)) && F[0,2]((fuel >= 0.960833) && (fuel <= 1.067023)) && F[3,7]((map >= 0.439703) && (map <= 0.457559)) -> F[7,17]((air_fuel_ratio > 10.000000))",
FuelControl,EngineSpeed,229,"G(F[0,0]((throttle >= 11.050000) && (throttle <= 11.500000)) && F[5,10]((map >= 0.439703) && (map <= 0.457559)) -> F[9,20]((air_fuel_ratio > 10.000000)))","F[0,0]((throttle >= 11.050000) && (throttle <= 11.500000)) && F[5,10]((map >= 0.439703) && (map <= 0.457559)) -> F[9,20]((air_fuel_ratio > 10.000000))",
FuelControl,EngineSpeed,230,"G(F[0,0]((throttle >= 11.000000) && (throttle <= 11.500000)) && F[2,4]((fuel >= 0.941504) && (fuel <= 1.081182)) && F[6,11]((map >= 0.439703) && (map <= 0.457559)) -> F[10,21]((air_fuel_ratio > 10.000000)))","F[0,0]((throttle >= 11.000000) && (throttle <= 11.500000)) && F[2,4]((fuel >= 0.941504) && (fuel <= 1.081182)) && F[6,11]((map >= 0.439703) && (map <= 0.457559)) -> F[10,21]((air_fuel_ratio > 10.000000))",
FuelControl,EngineSpeed,231,"G(F[0,0]((throttle >= 11.050000) && (throttle <= 11.500000)) && F[3,5]((fuel >= 0.960833) && (fuel <= 1.067023)) && F[6,10]((map >= 0.439703) && (map <= 0.457559)) -> F[10,20]((air_fuel_ratio > 10.000000)))","F[0,0]((throttle >= 11.050000) && (throttle <= 11.500000)) && F[3,5]((fuel >= 0.960833) && (fuel <= 1.067023)) && F[6,10]((map >= 0.439703) && (map <= 0.457559)) -> F[10,20]((air_fuel_ratio > 10.000000))",
FuelControl,EngineSpeed,232,"G(F[0,0]((throttle >= 10.900000) && (throttle <= 11.600000)) && F[0,3]((ego >= 0.464370) && (ego <= 1.000000)) && F[10,13]((map >= 0.439703) && (map <= 0.457559)) -> F[14,23]((air_fuel_ratio > 10.000000)))","F[0,0]((throttle >= 10.900000) && (throttle <= 11.600000)) && F[0,3]((ego >= 0.464370) && (ego <= 1.000000)) && F[10,13]((map >= 0.439703) && (map <= 0.457559)) -> F[14,23]((air_fuel_ratio > 10.000000))",
FuelControl,EngineSpeed,233,"G(F[0,0]((throttle >= 10.700000) && (throttle <= 11.700000)) && F[4,7]((ego >= 0.464370) && (ego <= 1.000000)) && F[14,17]((map >= 0.439703) && (map <= 0.457559)) -> F[18,27]((air_fuel_ratio > 10.000000)))","F[0,0]((throttle >= 10.700000) && (throttle <= 11.700000)) && F[4,7]((ego >= 0.464370) && (ego <= 1.000000)) && F[14,17]((map >= 0.439703) && (map <= 0.457559)) -> F[18,27]((air_fuel_ratio > 10.000000))",
FuelControl,EngineSpeed,234,"G(F[0,0]((fuel >= 0.891677) && (fuel <= 1.116367)) && F[0,3]((ego >= 0.464370) && (ego <= 1.000000)) && F[10,13]((map >= 0.439703) && (map <= 0.457559)) -> F[14,23]((air_fuel_ratio > 10.000000)))","F[0,0]((fuel >= 0.891677) && (fuel <= 1.116367)) && F[0,3]((ego >= 0.464370) && (ego <= 1.000000)) && F[10,13]((map >= 0.439703) && (map <= 0.457559)) -> F[14,23]((air_fuel_ratio > 10.000000))",
FuelControl,EngineSpeed,235,"G(F[0,0]((throttle >= 10.800000) && (throttle <= 11.618283)) && F[9,10]((fuel >= 0.960833) && (fuel <= 1.067023)) && F[12,15]((map >= 0.439703) && (map <= 0.457559)) -> F[16,25]((air_fuel_ratio > 10.000000)))","F[0,0]((throttle >= 10.800000) && (throttle <= 11.618283)) && F[9,10]((fuel >= 0.960833) && (fuel <= 1.067023)) && F[12,15]((map >= 0.439703) && (map <= 0.457559)) -> F[16,25]((air_fuel_ratio > 10.000000))",
FuelControl,EngineSpeed,236,"G(F[0,0]((throttle >= 10.900000) && (throttle <= 11.750000)) && F[0,2]((fuel >= 0.962030) && (fuel <= 1.052865)) && F[2,5]((map >= 0.439703) && (map <= 0.457559)) -> F[6,15]((air_fuel_ratio > 10.000000)))","F[0,0]((throttle >= 10.900000) && (throttle <= 11.750000)) && F[0,2]((fuel >= 0.962030) && (fuel <= 1.052865)) && F[2,5]((map >= 0.439703) && (map <= 0.457559)) -> F[6,15]((air_fuel_ratio > 10.000000))",
FuelControl,EngineSpeed,237,"G(F[0,0]((fuel >= 0.880278) && (fuel <= 1.130183)) && F[4,7]((ego >= 0.464370) && (ego <= 1.000000)) && F[14,17]((map >= 0.439703) && (map <= 0.457559)) -> F[18,27]((air_fuel_ratio > 10.000000)))","F[0,0]((fuel >= 0.880278) && (fuel <= 1.130183)) && F[4,7]((ego >= 0.464370) && (ego <= 1.000000)) && F[14,17]((map >= 0.439703) && (map <= 0.457559)) -> F[18,27]((air_fuel_ratio > 10.000000))",
FuelControl,EngineSpeed,238,"G(F[0,0]((throttle >= 11.000000) && (throttle <= 11.550000)) && F[5,6]((fuel >= 0.960833) && (fuel <= 1.067023)) && F[8,11]((map >= 0.439703) && (map <= 0.457559)) -> F[12,21]((air_fuel_ratio > 10.000000)))","F[0,0]((throttle >= 11.000000) && (throttle <= 11.550000)) && F[5,6]((fuel >= 0.960833) && (fuel <= 1.067023)) && F[8,11]((map >= 0.439703) && (map <= 0.457559)) -> F[12,21]((air_fuel_ratio > 10.000000))",
FuelControl,EngineSpeed,239,"G(F[0,0]((throttle >= 10.900000) && (throttle <= 11.600000)) && F[7,8]((fuel >= 0.960833) && (fuel <= 1.067023)) && F[10,13]((map >= 0.439703) && (map <= 0.457559)) -> F[14,23]((air_fuel_ratio > 10.000000)))","F[0,0]((throttle >= 10.900000) && (throttle <= 11.600000)) && F[7,8]((fuel >= 0.960833) && (fuel <= 1.067023)) && F[10,13]((map >= 0.439703) && (map <= 0.457559)) -> F[14,23]((air_fuel_ratio > 10.000000))",
FuelControl,EngineSpeed,240,"G(F[0,0]((throttle >= 10.800000) && (throttle <= 11.850000)) && F[0,3]((map >= 0.439703) && (map <= 0.457559)) -> F[4,13]((air_fuel_ratio > 10.000000)))","F[0,0]((throttle >= 10.800000) && (throttle <= 11.850000)) && F[0,3]((map >= 0.439703) && (map <= 0.457559)) -> F[4,13]((air_fuel_ratio > 10.000000))",
FuelControl,EngineSpeed,241,"G(F[0,0]((throttle >= 11.000000) && (throttle <= 11.550000)) && F[6,8]((fuel >= 0.962030) && (fuel <= 1.052865)) && F[8,11]((map >= 0.439703) && (map <= 0.457559)) -> F[12,21]((air_fuel_ratio > 10.000000)))","F[0,0]((throttle >= 11.000000) && (throttle <= 11.550000)) && F[6,8]((fuel >= 0.962030) && (fuel <= 1.052865)) && F[8,11]((map >= 0.439703) && (map <= 0.457559)) -> F[12,21]((air_fuel_ratio > 10.000000))",
FuelControl,EngineSpeed,242,"G(F[0,0]((throttle >= 10.950000) && (throttle <= 11.700000)) && F[0,1]((fuel >= 0.960833) && (fuel <= 1.067023)) && F[3,6]((map >= 0.439703) && (map <= 0.457559)) -> F[7,16]((air_fuel_ratio > 10.000000)))","F[0,0]((throttle >= 10.950000) && (throttle <= 11.700000)) && F[0,1]((fuel >= 0.960833) && (fuel <= 1.067023)) && F[3,6]((map >= 0.439703) && (map <= 0.457559)) -> F[7,16]((air_fuel_ratio > 10.000000))",
FuelControl,EngineSpeed,243,"G(F[0,0]((fuel >= 0.883428) && (fuel <= 1.123301)) && F[3,5]((ego >= 0.464370) && (ego <= 1.000000)) && F[13,15]((map >= 0.439703) && (map <= 0.457559)) -> F[17,25]((air_fuel_ratio > 10.000000)))","F[0,0]((fuel >= 0.883428) && (fuel <= 1.123301)) && F[3,5]((ego >= 0.464370) && (ego <= 1.000000)) && F[13,15]((map >= 0.439703) && (map <= 0.457559)) -> F[17,25]((air_fuel_ratio > 10.000000))",
FuelControl,EngineSpeed,244,"G(F[0,0]((throttle >= 10.550000) && (throttle <= 11.850000)) && F[8,10]((ego >= 0.464370) && (ego <= 1.000000)) && F[18,20]((map >= 0.439703) && (map <= 0.457559)) -> F[22,30]((air_fuel_ratio > 10.000000)))","F[0,0]((throttle >= 10.550000) && (throttle <= 11.850000)) && F[8,10]((ego >= 0.464370) && (ego <= 1.000000)) && F[18,20]((map >= 0.439703) && (map <= 0.457559)) -> F[22,30]((air_fuel_ratio > 10.000000))",
FuelControl,EngineSpeed,245,"G(F[0,0]((throttle >= 10.650000) && (throttle <= 11.750000)) && F[6,8]((ego >= 0.464370) && (ego <= 1.000000)) && F[16,18]((map >= 0.439703) && (map <= 0.457559)) -> F[20,28]((air_fuel_ratio > 10.000000)))","F[0,0]((throttle >= 10.650000) && (throttle <= 11.750000)) && F[6,8]((ego >= 0.464370) && (ego <= 1.000000)) && F[16,18]((map >= 0.439703) && (map <= 0.457559)) -> F[20,28]((air_fuel_ratio > 10.000000))",
FuelControl,EngineSpeed,246,"G(F[0,0]((throttle >= 10.800000) && (throttle <= 11.618283)) && F[3,5]((ego >= 0.464370) && (ego <= 1.000000)) && F[13,15]((map >= 0.439703) && (map <= 0.457559)) -> F[17,25]((air_fuel_ratio > 10.000000)))","F[0,0]((throttle >= 10.800000) && (throttle <= 11.618283)) && F[3,5]((ego >= 0.464370) && (ego <= 1.000000)) && F[13,15]((map >= 0.439703) && (map <= 0.457559)) -> F[17,25]((air_fuel_ratio > 10.000000))",
FuelControl,EngineSpeed,247,"G(F[0,0]((fuel >= 0.897032) && (fuel <= 1.116367)) && F[0,2]((ego >= 0.464370) && (ego <= 1.000000)) && F[10,12]((map >= 0.439703) && (map <= 0.457559)) -> F[14,22]((air_fuel_ratio > 10.000000)))","F[0,0]((fuel >= 0.897032) && (fuel <= 1.116367)) && F[0,2]((ego >= 0.464370) && (ego <= 1.000000)) && F[10,12]((map >= 0.439703) && (map <= 0.457559)) -> F[14,22]((air_fuel_ratio > 10.000000))",
FuelControl,EngineSpeed,248,"G(F[0,0]((throttle >= 10.950000) && (throttle <= 11.581717)) && F[0,2]((ego >= 0.464370) && (ego <= 1.000000)) && F[10,12]((map >= 0.439703) && (map <= 0.457559)) -> F[14,22]((air_fuel_ratio > 10.000000)))","F[0,0]((throttle >= 10.950000) && (throttle <= 11.581717)) && F[0,2]((ego >= 0.464370) && (ego <= 1.000000)) && F[10,12]((map >= 0.439703) && (map <= 0.457559)) -> F[14,22]((air_fuel_ratio > 10.000000))",
FuelControl,EngineSpeed,249,"G(F[0,0]((throttle >= 10.900000) && (throttle <= 11.600000)) && F[9,10]((fuel >= 0.962030) && (fuel <= 1.052865)) && F[11,13]((map >= 0.439703) && (map <= 0.457559)) -> F[15,23]((air_fuel_ratio > 10.000000)))","F[0,0]((throttle >= 10.900000) && (throttle <= 11.600000)) && F[9,10]((fuel >= 0.962030) && (fuel <= 1.052865)) && F[11,13]((map >= 0.439703) && (map <= 0.457559)) -> F[15,23]((air_fuel_ratio > 10.000000))",
FuelControl,EngineSpeed,250,"G(F[0,0]((speed == 314.159265)) && F[8,10]((ego >= 0.464370) && (ego <= 1.000000)) && F[18,20]((map >= 0.439703) && (map <= 0.457559)) -> F[22,30]((air_fuel_ratio > 10.000000)))","F[0,0]((speed == 314.159265)) && F[8,10]((ego >= 0.464370) && (ego <= 1.000000)) && F[18,20]((map >= 0.439703) && (map <= 0.457559)) -> F[22,30]((air_fuel_ratio > 10.000000))",
FuelControl,EngineSpeed,251,"G(F[0,0]((throttle >= 11.000000) && (throttle <= 11.550000)) && F[7,8]((fuel >= 0.962030) && (fuel <= 1.052865)) && F[9,11]((map >= 0.439703) && (map <= 0.457559)) -> F[13,21]((air_fuel_ratio > 10.000000)))","F[0,0]((throttle >= 11.000000) && (throttle <= 11.550000)) && F[7,8]((fuel >= 0.962030) && (fuel <= 1.052865)) && F[9,11]((map >= 0.439703) && (map <= 0.457559)) -> F[13,21]((air_fuel_ratio > 10.000000))",
FuelControl,EngineSpeed,252,"G(F[0,0]((fuel >= 0.878930) && (fuel <= 1.150596)) && F[8,10]((ego >= 0.464370) && (ego <= 1.000000)) && F[18,20]((map >= 0.439703) && (map <= 0.457559)) -> F[22,30]((air_fuel_ratio > 10.000000)))","F[0,0]((fuel >= 0.878930) && (fuel <= 1.150596)) && F[8,10]((ego >= 0.464370) && (ego <= 1.000000)) && F[18,20]((map >= 0.439703) && (map <= 0.457559)) -> F[22,30]((air_fuel_ratio > 10.000000))",
FuelControl,EngineSpeed,253,"G(F[0,0]((throttle >= 11.050000) && (throttle <= 11.500000)) && F[8,10]((map >= 0.439703) && (map <= 0.457559)) -> F[12,20]((air_fuel_ratio > 10.000000)))","F[0,0]((throttle >= 11.050000) && (throttle <= 11.500000)) && F[8,10]((map >= 0.439703) && (map <= 0.457559)) -> F[12,20]((air_fuel_ratio > 10.000000))",
FuelControl,EngineSpeed,254,"G(F[0,0]((fuel >= 0.911579) && (fuel <= 1.102353)) && F[8,10]((map >= 0.439703) && (map <= 0.457559)) -> F[12,20]((air_fuel_ratio > 10.000000)))","F[0,0]((fuel >= 0.911579) && (fuel <= 1.102353)) && F[8,10]((map >= 0.439703) && (map <= 0.457559)) -> F[12,20]((air_fuel_ratio > 10.000000))",
FuelControl,EngineSpeed,255,"G(F[0,0]((throttle >= 10.800000) && (throttle <= 11.850000)) && F[0,2]((map >= 0.439703) && (map <= 0.457559)) -> F[4,12]((air_fuel_ratio > 10.000000)))","F[0,0]((throttle >= 10.800000) && (throttle <= 11.850000)) && F[0,2]((map >= 0.439703) && (map <= 0.457559)) -> F[4,12]((air_fuel_ratio > 10.000000))",
FuelControl,EngineSpeed,256,"G(F[0,0]((throttle >= 10.900000) && (throttle <= 11.750000)) && F[0,1]((fuel >= 0.962030) && (fuel <= 1.052865)) && F[2,4]((map >= 0.439703) && (map <= 0.457559)) -> F[6,14]((air_fuel_ratio > 10.000000)))","F[0,0]((throttle >= 10.900000) && (throttle <= 11.750000)) && F[0,1]((fuel >= 0.962030) && (fuel <= 1.052865)) && F[2,4]((map >= 0.439703) && (map <= 0.457559)) -> F[6,14]((air_fuel_ratio > 10.000000))",
FuelControl,EngineSpeed,257,"G(F[0,0]((throttle >= 11.100000) && (throttle <= 11.450000)) && F[3,6]((fuel >= 0.962030) && (fuel <= 1.052865)) && F[5,9]((map >= 0.439703) && (map <= 0.457559)) -> F[9,19]((air_fuel_ratio > 10.000000)))","F[0,0]((throttle >= 11.100000) && (throttle <= 11.450000)) && F[3,6]((fuel >= 0.962030) && (fuel <= 1.052865)) && F[5,9]((map >= 0.439703) && (map <= 0.457559)) -> F[9,19]((air_fuel_ratio > 10.000000))",
FuelControl,EngineSpeed,258,"G(F[0,0]((throttle >= 11.100000) && (throttle <= 11.450000)) && F[2,4]((fuel >= 0.960833) && (fuel <= 1.067023)) && F[5,9]((map >= 0.439703) && (map <= 0.457559)) -> F[9,19]((air_fuel_ratio > 10.000000)))","F[0,0]((throttle >= 11.100000) && (throttle <= 11.450000)) && F[2,4]((fuel >= 0.960833) && (fuel <= 1.067023)) && F[5,9]((map >= 0.439703) && (map <= 0.457559)) -> F[9,19]((air_fuel_ratio > 10.000000))",
FuelControl,EngineSpeed,259,"G(F[0,0]((throttle >= 11.100000) && (throttle <= 11.450000)) && F[5,6]((fuel >= 0.962030) && (fuel <= 1.052865)) && F[7,9]((map >= 0.439703) && (map <= 0.457559)) -> F[11,19]((air_fuel_ratio > 10.000000)))","F[0,0]((throttle >= 11.100000) && (throttle <= 11.450000)) && F[5,6]((fuel >= 0.962030) && (fuel <= 1.052865)) && F[7,9]((map >= 0.439703) && (map <= 0.457559)) -> F[11,19]((air_fuel_ratio > 10.000000))",
FuelControl,EngineSpeed,260,"G(F[0,0]((throttle >= 10.550000) && (throttle <= 11.850000)) && F[9,10]((ego >= 0.464370) && (ego <= 1.000000)) && F[19,20]((map >= 0.439703) && (map <= 0.457559)) -> F[23,30]((air_fuel_ratio > 10.000000)))","F[0,0]((throttle >= 10.550000) && (throttle <= 11.850000)) && F[9,10]((ego >= 0.464370) && (ego <= 1.000000)) && F[19,20]((map >= 0.439703) && (map <= 0.457559)) -> F[23,30]((air_fuel_ratio > 10.000000))",
FuelControl,EngineSpeed,261,"G(F[0,0]((fuel >= 0.883428) && (fuel <= 1.123301)) && F[4,5]((ego >= 0.464370) && (ego <= 1.000000)) && F[14,15]((map >= 0.439703) && (map <= 0.457559)) -> F[18,25]((air_fuel_ratio > 10.000000)))","F[0,0]((fuel >= 0.883428) && (fuel <= 1.123301)) && F[4,5]((ego >= 0.464370) && (ego <= 1.000000)) && F[14,15]((map >= 0.439703) && (map <= 0.457559)) -> F[18,25]((air_fuel_ratio > 10.000000))",
FuelControl,EngineSpeed,262,"G(F[0,0]((fuel >= 0.908866) && (fuel <= 1.109374)) && F[0,1]((ego >= 0.464370) && (ego <= 1.000000)) && F[10,11]((map >= 0.439703) && (map <= 0.457559)) -> F[14,21]((air_fuel_ratio > 10.000000)))","F[0,0]((fuel >= 0.908866) && (fuel <= 1.109374)) && F[0,1]((ego >= 0.464370) && (ego <= 1.000000)) && F[10,11]((map >= 0.439703) && (map <= 0.457559)) -> F[14,21]((air_fuel_ratio > 10.000000))",
FuelControl,EngineSpeed,263,"G(F[0,0]((throttle >= 10.600000) && (throttle <= 11.800000)) && F[8,9]((ego >= 0.464370) && (ego <= 1.000000)) && F[18,19]((map >= 0.439703) && (map <= 0.457559)) -> F[22,29]((air_fuel_ratio > 10.000000)))","F[0,0]((throttle >= 10.600000) && (throttle <= 11.800000)) && F[8,9]((ego >= 0.464370) && (ego <= 1.000000)) && F[18,19]((map >= 0.439703) && (map <= 0.457559)) -> F[22,29]((air_fuel_ratio > 10.000000))",
FuelControl,EngineSpeed,264,"G(F[0,0]((fuel >= 0.880278) && (fuel <= 1.130183)) && F[6,7]((ego >= 0.464370) && (ego <= 1.000000)) && F[16,17]((map >= 0.439703) && (map <= 0.457559)) -> F[20,27]((air_fuel_ratio > 10.000000)))","F[0,0]((fuel >= 0.880278) && (fuel <= 1.130183)) && F[6,7]((ego >= 0.464370) && (ego <= 1.000000)) && F[16,17]((map >= 0.439703) && (map <= 0.457559)) -> F[20,27]((air_fuel_ratio > 10.000000))",
FuelControl,EngineSpeed,265,"G(F[0,0]((fuel >= 0.941504) && (fuel <= 1.081182)) && F[6,7]((map >= 0.439703) && (map <= 0.457559)) -> F[10,17]((air_fuel_ratio > 10.000000)))","F[0,0]((fuel >= 0.941504) && (fuel <= 1.081182)) && F[6,7]((map >= 0.439703) && (map <= 0.457559)) -> F[10,17]((air_fuel_ratio > 10.000000))",
FuelControl,EngineSpeed,266,"G(F[0,0]((fuel >= 0.960833) && (fuel <= 1.067023)) && F[4,5]((map >= 0.439703) && (map <= 0.457559)) -> F[8,15]((air_fuel_ratio > 10.000000)))","F[0,0]((fuel >= 0.960833) && (fuel <= 1.067023)) && F[4,5]((map >= 0.439703) && (map <= 0.457559)) -> F[8,15]((air_fuel_ratio > 10.000000))",
FuelControl,EngineSpeed,267,"G(F[0,0]((throttle >= 11.050000) && (throttle <= 11.500000)) && F[9,10]((map >= 0.439703) && (map <= 0.457559)) -> F[13,20]((air_fuel_ratio > 10.000000)))","F[0,0]((throttle >= 11.050000) && (throttle <= 11.500000)) && F[9,10]((map >= 0.439703) && (map <= 0.457559)) -> F[13,20]((air_fuel_ratio > 10.000000))",
FuelControl,EngineSpeed,268,"G(F[0,0]((throttle >= 10.700000) && (throttle <= 11.700000)) && F[6,7]((ego >= 0.464370) && (ego <= 1.000000)) && F[16,17]((map >= 0.439703) && (map <= 0.457559)) -> F[20,27]((air_fuel_ratio > 10.000000)))","F[0,0]((throttle >= 10.700000) && (throttle <= 11.700000)) && F[6,7]((ego >= 0.464370) && (ego <= 1.000000)) && F[16,17]((map >= 0.439703) && (map <= 0.457559)) -> F[20,27]((air_fuel_ratio > 10.000000))",
FuelControl,EngineSpeed,269,"G(F[0,0]((throttle >= 10.800000) && (throttle <= 11.850000)) && F[0,1]((map >= 0.439703) && (map <= 0.457559)) -> F[4,11]((air_fuel_ratio > 10.000000)))","F[0,0]((throttle >= 10.800000) && (throttle <= 11.850000)) && F[0,1]((map >= 0.439703) && (map <= 0.457559)) -> F[4,11]((air_fuel_ratio > 10.000000))",
FuelControl,EngineSpeed,270,"G(F[0,0]((fuel >= 0.891677) && (fuel <= 1.116367)) && F[2,3]((ego >= 0.464370) && (ego <= 1.000000)) && F[12,13]((map >= 0.439703) && (map <= 0.457559)) -> F[16,23]((air_fuel_ratio > 10.000000)))","F[0,0]((fuel >= 0.891677) && (fuel <= 1.116367)) && F[2,3]((ego >= 0.464370) && (ego <= 1.000000)) && F[12,13]((map >= 0.439703) && (map <= 0.457559)) -> F[16,23]((air_fuel_ratio > 10.000000))",
FuelControl,EngineSpeed,271,"G(F[0,0]((throttle >= 11.150000) && (throttle <= 11.400000)) && F[7,8]((map >= 0.439703) && (map <= 0.457559)) -> F[11,18]((air_fuel_ratio > 10.000000)))","F[0,0]((throttle >= 11.150000) && (throttle <= 11.400000)) && F[7,8]((map >= 0.439703) && (map <= 0.457559)) -> F[11,18]((air_fuel_ratio > 10.000000))",
FuelControl,EngineSpeed,272,"G(F[0,0]((throttle >= 11.150000) && (throttle <= 11.400000)) && F[6,8]((map >= 0.439703) && (map <= 0.457559)) -> F[10,18]((air_fuel_ratio > 10.000000)))","F[0,0]((throttle >= 11.150000) && (throttle <= 11.400000)) && F[6,8]((map >= 0.439703) && (map <= 0.457559)) -> F[10,18]((air_fuel_ratio > 10.000000))",
FuelControl,EngineSpeed,273,"G(F[0,0]((throttle >= 11.150000) && (throttle <= 11.400000)) && F[3,5]((fuel >= 0.962030) && (fuel <= 1.052865)) && F[5,8]((map >= 0.439703) && (map <= 0.457559)) -> F[9,18]((air_fuel_ratio > 10.000000)))","F[0,0]((throttle >= 11.150000) && (throttle <= 11.400000)) && F[3,5]((fuel >= 0.962030) && (fuel <= 1.052865)) && F[5,8]((map >= 0.439703) && (map <= 0.457559)) -> F[9,18]((air_fuel_ratio > 10.000000))",
FuelControl,EngineSpeed,274,"G(F[0,0]((throttle >= 10.550000) && (throttle <= 11.850000)) && F[10,10]((ego >= 0.464370) && (ego <= 1.000000)) && F[20,20]((map >= 0.439703) && (map <= 0.457559)) -> F[24,30]((air_fuel_ratio > 10.000000)))","F[0,0]((throttle >= 10.550000) && (throttle <= 11.850000)) && F[10,10]((ego >= 0.464370) && (ego <= 1.000000)) && F[20,20]((map >= 0.439703) && (map <= 0.457559)) -> F[24,30]((air_fuel_ratio > 10.000000))",
FuelControl,EngineSpeed,275,"G(F[0,0]((throttle >= 14.750000) && (throttle <= 15.150000)) && F[8,10]((ego >= 0.468074) && (ego <= 1.000000)) && F[11,15]((fuel >= 1.215924) && (fuel <= 1.409387)) -> F[11,15]((air_fuel_ratio > 10.000000)))","F[0,0]((throttle >= 14.750000) && (throttle <= 15.150000)) && F[8,10]((ego >= 0.468074) && (ego <= 1.000000)) && F[11,15]((fuel >= 1.215924) && (fuel <= 1.409387)) -> F[11,15]((air_fuel_ratio > 10.000000))",
FuelControl,EngineSpeed,276,"G(F[0,0]((throttle >= 11.200000) && (throttle <= 11.450000)) && F[4,7]((map >= 0.439703) && (map <= 0.457559)) -> F[8,17]((air_fuel_ratio > 10.000000)))","F[0,0]((throttle >= 11.200000) && (throttle <= 11.450000)) && F[4,7]((map >= 0.439703) && (map <= 0.457559)) -> F[8,17]((air_fuel_ratio > 10.000000))",
FuelControl,EngineSpeed,277,"G(F[0,0]((throttle >= 11.200000) && (throttle <= 11.400000)) && F[2,4]((fuel >= 0.962030) && (fuel <= 1.052865)) && F[4,7]((map >= 0.439703) && (map <= 0.457559)) -> F[8,17]((air_fuel_ratio > 10.000000)))","F[0,0]((throttle >= 11.200000) && (throttle <= 11.400000)) && F[2,4]((fuel >= 0.962030) && (fuel <= 1.052865)) && F[4,7]((map >= 0.439703) && (map <= 0.457559)) -> F[8,17]((air_fuel_ratio > 10.000000))",
FuelControl,EngineSpeed,278,"G(F[0,0]((throttle >= 11.100000) && (throttle <= 11.550000)) && F[2,4]((map >= 0.439703) && (map <= 0.457559)) -> F[6,14]((air_fuel_ratio > 10.000000)))","F[0,0]((throttle >= 11.100000) && (throttle <= 11.550000)) && F[2,4]((map >= 0.439703) && (map <= 0.457559)) -> F[6,14]((air_fuel_ratio > 10.000000))",
FuelControl,EngineSpeed,279,"G(F[0,0]((throttle >= 11.150000) && (throttle <= 11.500000)) && F[3,5]((map >= 0.439703) && (map <= 0.457559)) -> F[7,15]((air_fuel_ratio > 10.000000)))","F[0,0]((throttle >= 11.150000) && (throttle <= 11.500000)) && F[3,5]((map >= 0.439703) && (map <= 0.457559)) -> F[7,15]((air_fuel_ratio > 10.000000))",
FuelControl,EngineSpeed,280,"G(F[0,0]((throttle >= 12.463978) && (throttle <= 12.650000)) && F[8,10]((ego >= 0.468074) && (ego <= 1.000000)) && F[11,15]((fuel >= 1.215924) && (fuel <= 1.409387)) -> F[11,15]((air_fuel_ratio > 10.000000)))","F[0,0]((throttle >= 12.463978) && (throttle <= 12.650000)) && F[8,10]((ego >= 0.468074) && (ego <= 1.000000)) && F[11,15]((fuel >= 1.215924) && (fuel <= 1.409387)) -> F[11,15]((air_fuel_ratio > 10.000000))",
FuelControl,EngineSpeed,281,"G(F[0,0]((throttle >= 11.250000) && (throttle <= 11.400000)) && F[5,6]((map >= 0.439703) && (map <= 0.457559)) -> F[9,16]((air_fuel_ratio > 10.000000)))","F[0,0]((throttle >= 11.250000) && (throttle <= 11.400000)) && F[5,6]((map >= 0.439703) && (map <= 0.457559)) -> F[9,16]((air_fuel_ratio > 10.000000))",
FuelControl,EngineSpeed,282,"G(F[0,0]((throttle >= 11.050000) && (throttle <= 12.950000)) && F[0,10]((ego == 1.000000)) -> F[4,20]((air_fuel_ratio > 10.000000)))","F[0,0]((throttle >= 11.050000) && (throttle <= 12.950000)) && F[0,10]((ego == 1.000000)) -> F[4,20]((air_fuel_ratio > 10.000000))",
FuelControl,EngineSpeed,283,"G(F[0,0]((throttle >= 11.400000) && (throttle <= 12.950000)) && F[0,3]((ego == 1.000000)) -> F[4,13]((air_fuel_ratio > 10.000000)))","F[0,0]((throttle >= 11.400000) && (throttle <= 12.950000)) && F[0,3]((ego == 1.000000)) -> F[4,13]((air_fuel_ratio > 10.000000))",
FuelControl,EngineSpeed,284,"G(F[0,0]((throttle >= 11.500000) && (throttle <= 12.950000)) && F[0,1]((ego == 1.000000)) -> F[4,11]((air_fuel_ratio > 10.000000)))","F[0,0]((throttle >= 11.500000) && (throttle <= 12.950000)) && F[0,1]((ego == 1.000000)) -> F[4,11]((air_fuel_ratio > 10.000000))",
FuelControl,EngineSpeed,285,"G(F[0,0]((throttle >= 12.250000) && (throttle <= 12.950000)) && F[0,0]((ego == 1.000000)) -> F[4,10]((air_fuel_ratio > 10.000000)))","F[0,0]((throttle >= 12.250000) && (throttle <= 12.950000)) && F[0,0]((ego == 1.000000)) -> F[4,10]((air_fuel_ratio > 10.000000))",
FuelControl,EngineSpeed,286,"G(F[0,0]((throttle >= 11.500000) && (throttle <= 12.200000)) && F[0,1]((ego == 1.000000)) -> F[4,11]((air_fuel_ratio > 10.000000)))","F[0,0]((throttle >= 11.500000) && (throttle <= 12.200000)) && F[0,1]((ego == 1.000000)) -> F[4,11]((air_fuel_ratio > 10.000000))",
FuelControl,EngineSpeed,287,"G(F[0,0]((throttle >= 10.550000) && (throttle <= 11.100000)) && F[0,10]((fuel >= 0.965154) && (fuel <= 0.967075)) && F[9,20]((ego == 1.000000)) -> F[13,30]((air_fuel_ratio > 10.000000)))","F[0,0]((throttle >= 10.550000) && (throttle <= 11.100000)) && F[0,10]((fuel >= 0.965154) && (fuel <= 0.967075)) && F[9,20]((ego == 1.000000)) -> F[13,30]((air_fuel_ratio > 10.000000))",
FuelControl,EngineSpeed,288,"G(F[0,0]((map >= 0.419458) && (map <= 0.436299)) && F[0,10]((fuel >= 0.965154) && (fuel <= 0.967075)) && F[9,20]((ego == 1.000000)) -> F[13,30]((air_fuel_ratio > 10.000000)))","F[0,0]((map >= 0.419458) && (map <= 0.436299)) && F[0,10]((fuel >= 0.965154) && (fuel <= 0.967075)) && F[9,20]((ego == 1.000000)) -> F[13,30]((air_fuel_ratio > 10.000000))",
FuelControl,EngineSpeed,289,"G(F[0,0]((throttle >= 10.950000) && (throttle <= 11.500000)) && F[0,10]((map >= 0.434516) && (map <= 0.437051)) && F[1,12]((ego == 1.000000)) -> F[5,22]((air_fuel_ratio > 10.000000)))","F[0,0]((throttle >= 10.950000) && (throttle <= 11.500000)) && F[0,10]((map >= 0.434516) && (map <= 0.437051)) && F[1,12]((ego == 1.000000)) -> F[5,22]((air_fuel_ratio > 10.000000))",
FuelControl,EngineSpeed,290,"G(F[0,0]((throttle >= 10.950000) && (throttle <= 11.500000)) && F[0,10]((fuel >= 0.993202) && (fuel <= 0.998218)) && F[1,12]((ego == 1.000000)) -> F[5,22]((air_fuel_ratio > 10.000000)))","F[0,0]((throttle >= 10.950000) && (throttle <= 11.500000)) && F[0,10]((fuel >= 0.993202) && (fuel <= 0.998218)) && F[1,12]((ego == 1.000000)) -> F[5,22]((air_fuel_ratio > 10.000000))",
FuelControl,EngineSpeed,291,"G(F[0,0]((throttle >= 10.550000) && (throttle <= 11.100000)) && F[0,10]((map >= 0.420410) && (map <= 0.421375)) && F[9,20]((ego == 1.000000)) -> F[13,30]((air_fuel_ratio > 10.000000)))","F[0,0]((throttle >= 10.550000) && (throttle <= 11.100000)) && F[0,10]((map >= 0.420410) && (map <= 0.421375)) && F[9,20]((ego == 1.000000)) -> F[13,30]((air_fuel_ratio > 10.000000))",
FuelControl,EngineSpeed,292,"G(F[0,0]((fuel >= 0.963284) && (fuel <= 0.997295)) && F[0,10]((map >= 0.420410) && (map <= 0.421375)) && F[9,20]((ego == 1.000000)) -> F[13,30]((air_fuel_ratio > 10.000000)))","F[0,0]((fuel >= 0.963284) && (fuel <= 0.997295)) && F[0,10]((map >= 0.420410) && (map <= 0.421375)) && F[9,20]((ego == 1.000000)) -> F[13,30]((air_fuel_ratio > 10.000000))",
FuelControl,EngineSpeed,293,"G(F[0,0]((throttle >= 11.050000) && (throttle <= 11.350000)) && F[4,10]((ego == 1.000000)) -> F[8,20]((air_fuel_ratio > 10.000000)))","F[0,0]((throttle >= 11.050000) && (throttle <= 11.350000)) && F[4,10]((ego == 1.000000)) -> F[8,20]((air_fuel_ratio > 10.000000))",
FuelControl,EngineSpeed,294,"G(F[0,0]((throttle >= 10.850000) && (throttle <= 11.100000)) && F[0,4]((fuel >= 0.965154) && (fuel <= 0.967075)) && F[9,14]((ego == 1.000000)) -> F[13,24]((air_fuel_ratio > 10.000000)))","F[0,0]((throttle >= 10.850000) && (throttle <= 11.100000)) && F[0,4]((fuel >= 0.965154) && (fuel <= 0.967075)) && F[9,14]((ego == 1.000000)) -> F[13,24]((air_fuel_ratio > 10.000000))",
FuelControl,EngineSpeed,295,"G(F[0,0]((throttle >= 10.850000) && (throttle <= 11.100000)) && F[0,4]((map >= 0.420410) && (map <= 0.421375)) && F[9,14]((ego == 1.000000)) -> F[13,24]((air_fuel_ratio > 10.000000)))","F[0,0]((throttle >= 10.850000) && (throttle <= 11.100000)) && F[0,4]((map >= 0.420410) && (map <= 0.421375)) && F[9,14]((ego == 1.000000)) -> F[13,24]((air_fuel_ratio > 10.000000))",
FuelControl,EngineSpeed,296,"G(F[0,0]((throttle >= 11.250000) && (throttle <= 11.500000)) && F[0,4]((map >= 0.434516) && (map <= 0.437051)) && F[1,6]((ego == 1.000000)) -> F[5,16]((air_fuel_ratio > 10.000000)))","F[0,0]((throttle >= 11.250000) && (throttle <= 11.500000)) && F[0,4]((map >= 0.434516) && (map <= 0.437051)) && F[1,6]((ego == 1.000000)) -> F[5,16]((air_fuel_ratio > 10.000000))",
FuelControl,EngineSpeed,297,"G(F[0,0]((throttle >= 11.250000) && (throttle <= 11.500000)) && F[0,4]((fuel >= 0.993202) && (fuel <= 0.998218)) && F[1,6]((ego == 1.000000)) -> F[5,16]((air_fuel_ratio > 10.000000)))","F[0,0]((throttle >= 11.250000) && (throttle <= 11.500000)) && F[0,4]((fuel >= 0.993202) && (fuel <= 0.998218)) && F[1,6]((ego == 1.000000)) -> F[5,16]((air_fuel_ratio > 10.000000))",
FuelControl,EngineSpeed,298,"G(F[0,0]((throttle >= 10.550000) && (throttle <= 10.800000)) && F[5,10]((map >= 0.420410) && (map <= 0.421375)) && F[14,20]((ego == 1.000000)) -> F[18,30]((air_fuel_ratio > 10.000000)))","F[0,0]((throttle >= 10.550000) && (throttle <= 10.800000)) && F[5,10]((map >= 0.420410) && (map <= 0.421375)) && F[14,20]((ego == 1.000000)) -> F[18,30]((air_fuel_ratio > 10.000000))",
FuelControl,EngineSpeed,299,"G(F[0,0]((fuel >= 0.963284) && (fuel <= 0.972536)) && F[5,10]((map >= 0.434516) && (map <= 0.437051)) && F[6,12]((ego == 1.000000)) -> F[10,22]((air_fuel_ratio > 10.000000)))","F[0,0]((fuel >= 0.963284) && (fuel <= 0.972536)) && F[5,10]((map >= 0.434516) && (map <= 0.437051)) && F[6,12]((ego == 1.000000)) -> F[10,22]((air_fuel_ratio > 10.000000))",
FuelControl,EngineSpeed,300,"G(F[0,0]((throttle >= 10.950000) && (throttle <= 11.200000)) && F[5,10]((map >= 0.434516) && (map <= 0.437051)) && F[6,12]((ego == 1.000000)) -> F[10,22]((air_fuel_ratio > 10.000000)))","F[0,0]((throttle >= 10.950000) && (throttle <= 11.200000)) && F[5,10]((map >= 0.434516) && (map <= 0.437051)) && F[6,12]((ego == 1.000000)) -> F[10,22]((air_fuel_ratio > 10.000000))",
FuelControl,EngineSpeed,301,"G(F[0,0]((map >= 0.421136) && (map <= 0.436299)) && F[5,10]((fuel >= 0.965154) && (fuel <= 0.967075)) && F[14,20]((ego == 1.000000)) -> F[18,30]((air_fuel_ratio > 10.000000)))","F[0,0]((map >= 0.421136) && (map <= 0.436299)) && F[5,10]((fuel >= 0.965154) && (fuel <= 0.967075)) && F[14,20]((ego == 1.000000)) -> F[18,30]((air_fuel_ratio > 10.000000))",
FuelControl,EngineSpeed,302,"G(F[0,0]((fuel >= 0.966734) && (fuel <= 0.997295)) && F[5,10]((map >= 0.420410) && (map <= 0.421375)) && F[14,20]((ego == 1.000000)) -> F[18,30]((air_fuel_ratio > 10.000000)))","F[0,0]((fuel >= 0.966734) && (fuel <= 0.997295)) && F[5,10]((map >= 0.420410) && (map <= 0.421375)) && F[14,20]((ego == 1.000000)) -> F[18,30]((air_fuel_ratio > 10.000000))",
FuelControl,EngineSpeed,303,"G(F[0,0]((map >= 0.419458) && (map <= 0.424117)) && F[5,10]((fuel >= 0.993202) && (fuel <= 0.998218)) && F[6,12]((ego == 1.000000)) -> F[10,22]((air_fuel_ratio > 10.000000)))","F[0,0]((map >= 0.419458) && (map <= 0.424117)) && F[5,10]((fuel >= 0.993202) && (fuel <= 0.998218)) && F[6,12]((ego == 1.000000)) -> F[10,22]((air_fuel_ratio > 10.000000))",
FuelControl,EngineSpeed,304,"G(F[0,0]((throttle >= 10.550000) && (throttle <= 10.800000)) && F[5,10]((fuel >= 0.965154) && (fuel <= 0.967075)) && F[14,20]((ego == 1.000000)) -> F[18,30]((air_fuel_ratio > 10.000000)))","F[0,0]((throttle >= 10.550000) && (throttle <= 10.800000)) && F[5,10]((fuel >= 0.965154) && (fuel <= 0.967075)) && F[14,20]((ego == 1.000000)) -> F[18,30]((air_fuel_ratio > 10.000000))",
FuelControl,EngineSpeed,305,"G(F[0,0]((throttle >= 10.950000) && (throttle <= 11.200000)) && F[5,10]((fuel >= 0.993202) && (fuel <= 0.998218)) && F[6,12]((ego == 1.000000)) -> F[10,22]((air_fuel_ratio > 10.000000)))","F[0,0]((throttle >= 10.950000) && (throttle <= 11.200000)) && F[5,10]((fuel >= 0.993202) && (fuel <= 0.998218)) && F[6,12]((ego == 1.000000)) -> F[10,22]((air_fuel_ratio > 10.000000))",
FuelControl,EngineSpeed,306,"G(F[0,0]((throttle >= 11.050000) && (throttle <= 11.250000)) && F[6,10]((ego == 1.000000)) -> F[10,20]((air_fuel_ratio > 10.000000)))","F[0,0]((throttle >= 11.050000) && (throttle <= 11.250000)) && F[6,10]((ego == 1.000000)) -> F[10,20]((air_fuel_ratio > 10.000000))",
FuelControl,EngineSpeed,307,"G(F[0,0]((throttle >= 11.100000) && (throttle <= 11.300000)) && F[3,7]((map >= 0.434516) && (map <= 0.437051)) && F[4,9]((ego == 1.000000)) -> F[8,19]((air_fuel_ratio > 10.000000)))","F[0,0]((throttle >= 11.100000) && (throttle <= 11.300000)) && F[3,7]((map >= 0.434516) && (map <= 0.437051)) && F[4,9]((ego == 1.000000)) -> F[8,19]((air_fuel_ratio > 10.000000))",
FuelControl,EngineSpeed,308,"G(F[0,0]((throttle >= 11.100000) && (throttle <= 11.300000)) && F[3,7]((fuel >= 0.993202) && (fuel <= 0.998218)) && F[4,9]((ego == 1.000000)) -> F[8,19]((air_fuel_ratio > 10.000000)))","F[0,0]((throttle >= 11.100000) && (throttle <= 11.300000)) && F[3,7]((fuel >= 0.993202) && (fuel <= 0.998218)) && F[4,9]((ego == 1.000000)) -> F[8,19]((air_fuel_ratio > 10.000000))",
FuelControl,EngineSpeed,309,"G(F[0,0]((map >= 0.419554) && (map <= 0.424972)) && F[3,7]((fuel >= 0.965154) && (fuel <= 0.967075)) && F[12,17]((ego == 1.000000)) -> F[16,27]((air_fuel_ratio > 10.000000)))","F[0,0]((map >= 0.419554) && (map <= 0.424972)) && F[3,7]((fuel >= 0.965154) && (fuel <= 0.967075)) && F[12,17]((ego == 1.000000)) -> F[16,27]((air_fuel_ratio > 10.000000))",
FuelControl,EngineSpeed,310,"G(F[0,0]((fuel >= 0.963500) && (fuel <= 0.974505)) && F[3,7]((map >= 0.420410) && (map <= 0.421375)) && F[12,17]((ego == 1.000000)) -> F[16,27]((air_fuel_ratio > 10.000000)))","F[0,0]((fuel >= 0.963500) && (fuel <= 0.974505)) && F[3,7]((map >= 0.420410) && (map <= 0.421375)) && F[12,17]((ego == 1.000000)) -> F[16,27]((air_fuel_ratio > 10.000000))",
FuelControl,EngineSpeed,311,"G(F[0,0]((throttle >= 10.950000) && (throttle <= 11.100000)) && F[0,2]((map >= 0.420410) && (map <= 0.421375)) && F[9,12]((ego == 1.000000)) -> F[13,22]((air_fuel_ratio > 10.000000)))","F[0,0]((throttle >= 10.950000) && (throttle <= 11.100000)) && F[0,2]((map >= 0.420410) && (map <= 0.421375)) && F[9,12]((ego == 1.000000)) -> F[13,22]((air_fuel_ratio > 10.000000))",
FuelControl,EngineSpeed,312,"G(F[0,0]((throttle >= 10.950000) && (throttle <= 11.100000)) && F[0,2]((fuel >= 0.965154) && (fuel <= 0.967075)) && F[9,12]((ego == 1.000000)) -> F[13,22]((air_fuel_ratio > 10.000000)))","F[0,0]((throttle >= 10.950000) && (throttle <= 11.100000)) && F[0,2]((fuel >= 0.965154) && (fuel <= 0.967075)) && F[9,12]((ego == 1.000000)) -> F[13,22]((air_fuel_ratio > 10.000000))",
FuelControl,EngineSpeed,313,"G(F[0,0]((throttle >= 11.350000) && (throttle <= 11.500000)) && F[0,2]((map >= 0.434516) && (map <= 0.437051)) && F[1,4]((ego == 1.000000)) -> F[5,14]((air_fuel_ratio > 10.000000)))","F[0,0]((throttle >= 11.350000) && (throttle <= 11.500000)) && F[0,2]((map >= 0.434516) && (map <= 0.437051)) && F[1,4]((ego == 1.000000)) -> F[5,14]((air_fuel_ratio > 10.000000))",
FuelControl,EngineSpeed,314,"G(F[0,0]((throttle >= 11.300000) && (throttle <= 11.450000)) && F[2,5]((ego == 1.000000)) -> F[6,15]((air_fuel_ratio > 10.000000)))","F[0,0]((throttle >= 11.300000) && (throttle <= 11.450000)) && F[2,5]((ego == 1.000000)) -> F[6,15]((air_fuel_ratio > 10.000000))",
FuelControl,EngineSpeed,315,"G(F[0,0]((throttle >= 11.350000) && (throttle <= 11.500000)) && F[0,2]((fuel >= 0.993202) && (fuel <= 0.998218)) && F[1,4]((ego == 1.000000)) -> F[5,14]((air_fuel_ratio > 10.000000)))","F[0,0]((throttle >= 11.350000) && (throttle <= 11.500000)) && F[0,2]((fuel >= 0.993202) && (fuel <= 0.998218)) && F[1,4]((ego == 1.000000)) -> F[5,14]((air_fuel_ratio > 10.000000))",
FuelControl,EngineSpeed,316,"G(F[0,0]((map >= 0.422621) && (map <= 0.427755)) && F[3,6]((fuel >= 0.993202) && (fuel <= 0.998218)) && F[4,8]((ego == 1.000000)) -> F[8,18]((air_fuel_ratio > 10.000000)))","F[0,0]((map >= 0.422621) && (map <= 0.427755)) && F[3,6]((fuel >= 0.993202) && (fuel <= 0.998218)) && F[4,8]((ego == 1.000000)) -> F[8,18]((air_fuel_ratio > 10.000000))",
FuelControl,EngineSpeed,317,"G(F[0,0]((throttle >= 10.550000) && (throttle <= 10.700000)) && F[7,10]((map >= 0.420410) && (map <= 0.421375)) && F[16,20]((ego == 1.000000)) -> F[20,30]((air_fuel_ratio > 10.000000)))","F[0,0]((throttle >= 10.550000) && (throttle <= 10.700000)) && F[7,10]((map >= 0.420410) && (map <= 0.421375)) && F[16,20]((ego == 1.000000)) -> F[20,30]((air_fuel_ratio > 10.000000))",
FuelControl,EngineSpeed,318,"G(F[0,0]((throttle >= 10.550000) && (throttle <= 10.700000)) && F[7,10]((fuel >= 0.965154) && (fuel <= 0.967075)) && F[16,20]((ego == 1.000000)) -> F[20,30]((air_fuel_ratio > 10.000000)))","F[0,0]((throttle >= 10.550000) && (throttle <= 10.700000)) && F[7,10]((fuel >= 0.965154) && (fuel <= 0.967075)) && F[16,20]((ego == 1.000000)) -> F[20,30]((air_fuel_ratio > 10.000000))",
FuelControl,EngineSpeed,319,"G(F[0,0]((map >= 0.419458) && (map <= 0.421375)) && F[7,10]((fuel >= 0.993202) && (fuel <= 0.998218)) && F[8,12]((ego == 1.000000)) -> F[12,22]((air_fuel_ratio > 10.000000)))","F[0,0]((map >= 0.419458) && (map <= 0.421375)) && F[7,10]((fuel >= 0.993202) && (fuel <= 0.998218)) && F[8,12]((ego == 1.000000)) -> F[12,22]((air_fuel_ratio > 10.000000))",
FuelControl,EngineSpeed,320,"G(F[0,0]((throttle >= 10.750000) && (throttle <= 10.900000)) && F[3,6]((fuel >= 0.965154) && (fuel <= 0.967075)) && F[12,16]((ego == 1.000000)) -> F[16,26]((air_fuel_ratio > 10.000000)))","F[0,0]((throttle >= 10.750000) && (throttle <= 10.900000)) && F[3,6]((fuel >= 0.965154) && (fuel <= 0.967075)) && F[12,16]((ego == 1.000000)) -> F[16,26]((air_fuel_ratio > 10.000000))",
FuelControl,EngineSpeed,321,"G(F[0,0]((throttle >= 10.750000) && (throttle <= 10.900000)) && F[3,6]((map >= 0.420410) && (map <= 0.421375)) && F[12,16]((ego == 1.000000)) -> F[16,26]((air_fuel_ratio > 10.000000)))","F[0,0]((throttle >= 10.750000) && (throttle <= 10.900000)) && F[3,6]((map >= 0.420410) && (map <= 0.421375)) && F[12,16]((ego == 1.000000)) -> F[16,26]((air_fuel_ratio > 10.000000))",
FuelControl,EngineSpeed,322,"G(F[0,0]((map >= 0.420095) && (map <= 0.424972)) && F[4,7]((fuel >= 0.965154) && (fuel <= 0.967075)) && F[13,17]((ego == 1.000000)) -> F[17,27]((air_fuel_ratio > 10.000000)))","F[0,0]((map >= 0.420095) && (map <= 0.424972)) && F[4,7]((fuel >= 0.965154) && (fuel <= 0.967075)) && F[13,17]((ego == 1.000000)) -> F[17,27]((air_fuel_ratio > 10.000000))",
FuelControl,EngineSpeed,323,"G(F[0,0]((throttle >= 11.100000) && (throttle <= 11.250000)) && F[4,7]((fuel >= 0.993202) && (fuel <= 0.998218)) && F[5,9]((ego == 1.000000)) -> F[9,19]((air_fuel_ratio > 10.000000)))","F[0,0]((throttle >= 11.100000) && (throttle <= 11.250000)) && F[4,7]((fuel >= 0.993202) && (fuel <= 0.998218)) && F[5,9]((ego == 1.000000)) -> F[9,19]((air_fuel_ratio > 10.000000))",
FuelControl,EngineSpeed,324,"G(F[0,0]((fuel >= 0.969556) && (fuel <= 0.979779)) && F[3,6]((map >= 0.434516) && (map <= 0.437051)) && F[4,8]((ego == 1.000000)) -> F[8,18]((air_fuel_ratio > 10.000000)))","F[0,0]((fuel >= 0.969556) && (fuel <= 0.979779)) && F[3,6]((map >= 0.434516) && (map <= 0.437051)) && F[4,8]((ego == 1.000000)) -> F[8,18]((air_fuel_ratio > 10.000000))",
FuelControl,EngineSpeed,325,"G(F[0,0]((fuel >= 0.963284) && (fuel <= 0.967075)) && F[7,10]((map >= 0.434516) && (map <= 0.437051)) && F[8,12]((ego == 1.000000)) -> F[12,22]((air_fuel_ratio > 10.000000)))","F[0,0]((fuel >= 0.963284) && (fuel <= 0.967075)) && F[7,10]((map >= 0.434516) && (map <= 0.437051)) && F[8,12]((ego == 1.000000)) -> F[12,22]((air_fuel_ratio > 10.000000))",
FuelControl,EngineSpeed,326,"G(F[0,0]((fuel >= 0.964613) && (fuel <= 0.974505)) && F[4,7]((map >= 0.420410) && (map <= 0.421375)) && F[13,17]((ego == 1.000000)) -> F[17,27]((air_fuel_ratio > 10.000000)))","F[0,0]((fuel >= 0.964613) && (fuel <= 0.974505)) && F[4,7]((map >= 0.420410) && (map <= 0.421375)) && F[13,17]((ego == 1.000000)) -> F[17,27]((air_fuel_ratio > 10.000000))",
FuelControl,EngineSpeed,327,"G(F[0,0]((throttle >= 11.100000) && (throttle <= 11.250000)) && F[4,7]((map >= 0.434516) && (map <= 0.437051)) && F[5,9]((ego == 1.000000)) -> F[9,19]((air_fuel_ratio > 10.000000)))","F[0,0]((throttle >= 11.100000) && (throttle <= 11.250000)) && F[4,7]((map >= 0.434516) && (map <= 0.437051)) && F[5,9]((ego == 1.000000)) -> F[9,19]((air_fuel_ratio > 10.000000))",
FuelControl,EngineSpeed,328,"G(F[0,0]((throttle >= 11.000000) && (throttle <= 11.100000)) && F[0,1]((fuel >= 0.965154) && (fuel <= 0.967075)) && F[9,11]((ego == 1.000000)) -> F[13,21]((air_fuel_ratio > 10.000000)))","F[0,0]((throttle >= 11.000000) && (throttle <= 11.100000)) && F[0,1]((fuel >= 0.965154) && (fuel <= 0.967075)) && F[9,11]((ego == 1.000000)) -> F[13,21]((air_fuel_ratio > 10.000000))",
FuelControl,EngineSpeed,329,"G(F[0,0]((throttle >= 11.400000) && (throttle <= 11.500000)) && F[0,1]((fuel >= 0.993202) && (fuel <= 0.998218)) && F[1,3]((ego == 1.000000)) -> F[5,13]((air_fuel_ratio > 10.000000)))","F[0,0]((throttle >= 11.400000) && (throttle <= 11.500000)) && F[0,1]((fuel >= 0.993202) && (fuel <= 0.998218)) && F[1,3]((ego == 1.000000)) -> F[5,13]((air_fuel_ratio > 10.000000))",
FuelControl,EngineSpeed,330,"G(F[0,0]((throttle >= 11.000000) && (throttle <= 11.100000)) && F[0,1]((map >= 0.420410) && (map <= 0.421375)) && F[9,11]((ego == 1.000000)) -> F[13,21]((air_fuel_ratio > 10.000000)))","F[0,0]((throttle >= 11.000000) && (throttle <= 11.100000)) && F[0,1]((map >= 0.420410) && (map <= 0.421375)) && F[9,11]((ego == 1.000000)) -> F[13,21]((air_fuel_ratio > 10.000000))",
FuelControl,EngineSpeed,331,"G(F[0,0]((throttle >= 11.150000) && (throttle <= 11.250000)) && F[6,8]((ego == 1.000000)) -> F[10,18]((air_fuel_ratio > 10.000000)))","F[0,0]((throttle >= 11.150000) && (throttle <= 11.250000)) && F[6,8]((ego == 1.000000)) -> F[10,18]((air_fuel_ratio > 10.000000))",
FuelControl,EngineSpeed,332,"G(F[0,0]((throttle >= 11.400000) && (throttle <= 11.500000)) && F[0,1]((map >= 0.434516) && (map <= 0.437051)) && F[1,3]((ego == 1.000000)) -> F[5,13]((air_fuel_ratio > 10.000000)))","F[0,0]((throttle >= 11.400000) && (throttle <= 11.500000)) && F[0,1]((map >= 0.434516) && (map <= 0.437051)) && F[1,3]((ego == 1.000000)) -> F[5,13]((air_fuel_ratio > 10.000000))",
FuelControl,EngineSpeed,333,"G(F[0,0]((throttle >= 11.150000) && (throttle <= 11.250000)) && F[4,6]((fuel >= 0.993202) && (fuel <= 0.998218)) && F[5,8]((ego == 1.000000)) -> F[9,18]((air_fuel_ratio > 10.000000)))","F[0,0]((throttle >= 11.150000) && (throttle <= 11.250000)) && F[4,6]((fuel >= 0.993202) && (fuel <= 0.998218)) && F[5,8]((ego == 1.000000)) -> F[9,18]((air_fuel_ratio > 10.000000))",
FuelControl,EngineSpeed,334,"G(F[0,0]((throttle >= 10.750000) && (throttle <= 10.850000)) && F[4,6]((map >= 0.420410) && (map <= 0.421375)) && F[13,16]((ego == 1.000000)) -> F[17,26]((air_fuel_ratio > 10.000000)))","F[0,0]((throttle >= 10.750000) && (throttle <= 10.850000)) && F[4,6]((map >= 0.420410) && (map <= 0.421375)) && F[13,16]((ego == 1.000000)) -> F[17,26]((air_fuel_ratio > 10.000000))",
FuelControl,EngineSpeed,335,"G(F[0,0]((map >= 0.422621) && (map <= 0.425836)) && F[4,6]((fuel >= 0.993202) && (fuel <= 0.998218)) && F[5,8]((ego == 1.000000)) -> F[9,18]((air_fuel_ratio > 10.000000)))","F[0,0]((map >= 0.422621) && (map <= 0.425836)) && F[4,6]((fuel >= 0.993202) && (fuel <= 0.998218)) && F[5,8]((ego == 1.000000)) -> F[9,18]((air_fuel_ratio > 10.000000))",
FuelControl,EngineSpeed,336,"G(F[0,0]((map >= 0.419458) && (map <= 0.420410)) && F[8,10]((fuel >= 0.993202) && (fuel <= 0.998218)) && F[9,12]((ego == 1.000000)) -> F[13,22]((air_fuel_ratio > 10.000000)))","F[0,0]((map >= 0.419458) && (map <= 0.420410)) && F[8,10]((fuel >= 0.993202) && (fuel <= 0.998218)) && F[9,12]((ego == 1.000000)) -> F[13,22]((air_fuel_ratio > 10.000000))",
FuelControl,EngineSpeed,337,"G(F[0,0]((fuel >= 0.963284) && (fuel <= 0.963865)) && F[1,3]((map >= 0.420410) && (map <= 0.421375)) && F[10,13]((ego == 1.000000)) -> F[14,23]((air_fuel_ratio > 10.000000)))","F[0,0]((fuel >= 0.963284) && (fuel <= 0.963865)) && F[1,3]((map >= 0.420410) && (map <= 0.421375)) && F[10,13]((ego == 1.000000)) -> F[14,23]((air_fuel_ratio > 10.000000))",
FuelControl,EngineSpeed,338,"G(F[0,0]((fuel >= 0.964613) && (fuel <= 0.969985)) && F[4,6]((map >= 0.420410) && (map <= 0.421375)) && F[13,16]((ego == 1.000000)) -> F[17,26]((air_fuel_ratio > 10.000000)))","F[0,0]((fuel >= 0.964613) && (fuel <= 0.969985)) && F[4,6]((map >= 0.420410) && (map <= 0.421375)) && F[13,16]((ego == 1.000000)) -> F[17,26]((air_fuel_ratio > 10.000000))",
FuelControl,EngineSpeed,339,"G(F[0,0]((map >= 0.427755) && (map <= 0.432112)) && F[1,3]((fuel >= 0.993202) && (fuel <= 0.998218)) && F[2,5]((ego == 1.000000)) -> F[6,15]((air_fuel_ratio > 10.000000)))","F[0,0]((map >= 0.427755) && (map <= 0.432112)) && F[1,3]((fuel >= 0.993202) && (fuel <= 0.998218)) && F[2,5]((ego == 1.000000)) -> F[6,15]((air_fuel_ratio > 10.000000))",
FuelControl,EngineSpeed,340,"G(F[0,0]((fuel >= 0.980448) && (fuel <= 0.997295)) && F[8,10]((map >= 0.420410) && (map <= 0.421375)) && F[17,20]((ego == 1.000000)) -> F[21,30]((air_fuel_ratio > 10.000000)))","F[0,0]((fuel >= 0.980448) && (fuel <= 0.997295)) && F[8,10]((map >= 0.420410) && (map <= 0.421375)) && F[17,20]((ego == 1.000000)) -> F[21,30]((air_fuel_ratio > 10.000000))",
FuelControl,EngineSpeed,341,"G(F[0,0]((throttle >= 10.750000) && (throttle <= 10.850000)) && F[4,6]((fuel >= 0.965154) && (fuel <= 0.967075)) && F[13,16]((ego == 1.000000)) -> F[17,26]((air_fuel_ratio > 10.000000)))","F[0,0]((throttle >= 10.750000) && (throttle <= 10.850000)) && F[4,6]((fuel >= 0.965154) && (fuel <= 0.967075)) && F[13,16]((ego == 1.000000)) -> F[17,26]((air_fuel_ratio > 10.000000))",
FuelControl,EngineSpeed,342,"G(F[0,0]((map >= 0.427917) && (map <= 0.436299)) && F[8,10]((fuel >= 0.965154) && (fuel <= 0.967075)) && F[17,20]((ego == 1.000000)) -> F[21,30]((air_fuel_ratio > 10.000000)))","F[0,0]((map >= 0.427917) && (map <= 0.436299)) && F[8,10]((fuel >= 0.965154) && (fuel <= 0.967075)) && F[17,20]((ego == 1.000000)) -> F[21,30]((air_fuel_ratio > 10.000000))",
FuelControl,EngineSpeed,343,"G(F[0,0]((throttle >= 11.150000) && (throttle <= 11.250000)) && F[4,6]((map >= 0.434516) && (map <= 0.437051)) && F[5,8]((ego == 1.000000)) -> F[9,18]((air_fuel_ratio > 10.000000)))","F[0,0]((throttle >= 11.150000) && (throttle <= 11.250000)) && F[4,6]((map >= 0.434516) && (map <= 0.437051)) && F[5,8]((ego == 1.000000)) -> F[9,18]((air_fuel_ratio > 10.000000))",
FuelControl,EngineSpeed,344,"G(F[0,0]((throttle >= 10.950000) && (throttle <= 11.050000)) && F[8,10]((fuel >= 0.993202) && (fuel <= 0.998218)) && F[9,12]((ego == 1.000000)) -> F[13,22]((air_fuel_ratio > 10.000000)))","F[0,0]((throttle >= 10.950000) && (throttle <= 11.050000)) && F[8,10]((fuel >= 0.993202) && (fuel <= 0.998218)) && F[9,12]((ego == 1.000000)) -> F[13,22]((air_fuel_ratio > 10.000000))",
FuelControl,EngineSpeed,345,"G(F[0,0]((fuel >= 0.963284) && (fuel <= 0.965154)) && F[8,10]((map >= 0.434516) && (map <= 0.437051)) && F[9,12]((ego == 1.000000)) -> F[13,22]((air_fuel_ratio > 10.000000)))","F[0,0]((fuel >= 0.963284) && (fuel <= 0.965154)) && F[8,10]((map >= 0.434516) && (map <= 0.437051)) && F[9,12]((ego == 1.000000)) -> F[13,22]((air_fuel_ratio > 10.000000))",
FuelControl,EngineSpeed,346,"G(F[0,0]((map >= 0.419458) && (map <= 0.419758)) && F[1,3]((fuel >= 0.965154) && (fuel <= 0.967075)) && F[10,13]((ego == 1.000000)) -> F[14,23]((air_fuel_ratio > 10.000000)))","F[0,0]((map >= 0.419458) && (map <= 0.419758)) && F[1,3]((fuel >= 0.965154) && (fuel <= 0.967075)) && F[10,13]((ego == 1.000000)) -> F[14,23]((air_fuel_ratio > 10.000000))",
FuelControl,EngineSpeed,347,"G(F[0,0]((fuel >= 0.969556) && (fuel <= 0.975960)) && F[4,6]((map >= 0.434516) && (map <= 0.437051)) && F[5,8]((ego == 1.000000)) -> F[9,18]((air_fuel_ratio > 10.000000)))","F[0,0]((fuel >= 0.969556) && (fuel <= 0.975960)) && F[4,6]((map >= 0.434516) && (map <= 0.437051)) && F[5,8]((ego == 1.000000)) -> F[9,18]((air_fuel_ratio > 10.000000))",
FuelControl,EngineSpeed,348,"G(F[0,0]((map >= 0.420095) && (map <= 0.422738)) && F[4,6]((fuel >= 0.965154) && (fuel <= 0.967075)) && F[13,16]((ego == 1.000000)) -> F[17,26]((air_fuel_ratio > 10.000000)))","F[0,0]((map >= 0.420095) && (map <= 0.422738)) && F[4,6]((fuel >= 0.965154) && (fuel <= 0.967075)) && F[13,16]((ego == 1.000000)) -> F[17,26]((air_fuel_ratio > 10.000000))",
FuelControl,EngineSpeed,349,"G(F[0,0]((fuel >= 0.979779) && (fuel <= 0.988436)) && F[1,3]((map >= 0.434516) && (map <= 0.437051)) && F[2,5]((ego == 1.000000)) -> F[6,15]((air_fuel_ratio > 10.000000)))","F[0,0]((fuel >= 0.979779) && (fuel <= 0.988436)) && F[1,3]((map >= 0.434516) && (map <= 0.437051)) && F[2,5]((ego == 1.000000)) -> F[6,15]((air_fuel_ratio > 10.000000))",
FuelControl,EngineSpeed,350,"G(F[0,0]((throttle >= 10.950000) && (throttle <= 11.050000)) && F[8,10]((map >= 0.434516) && (map <= 0.437051)) && F[9,12]((ego == 1.000000)) -> F[13,22]((air_fuel_ratio > 10.000000)))","F[0,0]((throttle >= 10.950000) && (throttle <= 11.050000)) && F[8,10]((map >= 0.434516) && (map <= 0.437051)) && F[9,12]((ego == 1.000000)) -> F[13,22]((air_fuel_ratio > 10.000000))",
FuelControl,EngineSpeed,351,"G(F[0,0]((throttle >= 11.050000) && (throttle <= 11.100000)) && F[9,10]((ego == 1.000000)) -> F[13,20]((air_fuel_ratio > 10.000000)))","F[0,0]((throttle >= 11.050000) && (throttle <= 11.100000)) && F[9,10]((ego == 1.000000)) -> F[13,20]((air_fuel_ratio > 10.000000))",
FuelControl,EngineSpeed,352,"G(F[0,0]((map >= 0.424117) && (map <= 0.425836)) && F[4,5]((fuel >= 0.993202) && (fuel <= 0.998218)) && F[5,7]((ego == 1.000000)) -> F[9,17]((air_fuel_ratio > 10.000000)))","F[0,0]((map >= 0.424117) && (map <= 0.425836)) && F[4,5]((fuel >= 0.993202) && (fuel <= 0.998218)) && F[5,7]((ego == 1.000000)) -> F[9,17]((air_fuel_ratio > 10.000000))",
FuelControl,EngineSpeed,353,"G(F[0,0]((fuel >= 0.974505) && (fuel <= 0.980448)) && F[7,8]((map >= 0.420410) && (map <= 0.421375)) && F[16,18]((ego == 1.000000)) -> F[20,28]((air_fuel_ratio > 10.000000)))","F[0,0]((fuel >= 0.974505) && (fuel <= 0.980448)) && F[7,8]((map >= 0.420410) && (map <= 0.421375)) && F[16,18]((ego == 1.000000)) -> F[20,28]((air_fuel_ratio > 10.000000))",
FuelControl,EngineSpeed,354,"G(F[0,0]((throttle >= 10.550000) && (throttle <= 10.600000)) && F[9,10]((fuel >= 0.965154) && (fuel <= 0.967075)) && F[18,20]((ego == 1.000000)) -> F[22,30]((air_fuel_ratio > 10.000000)))","F[0,0]((throttle >= 10.550000) && (throttle <= 10.600000)) && F[9,10]((fuel >= 0.965154) && (fuel <= 0.967075)) && F[18,20]((ego == 1.000000)) -> F[22,30]((air_fuel_ratio > 10.000000))",
FuelControl,EngineSpeed,355,"G(F[0,0]((fuel >= 0.987982) && (fuel <= 0.997295)) && F[9,10]((map >= 0.420410) && (map <= 0.421375)) && F[18,20]((ego == 1.000000)) -> F[22,30]((air_fuel_ratio > 10.000000)))","F[0,0]((fuel >= 0.987982) && (fuel <= 0.997295)) && F[9,10]((map >= 0.420410) && (map <= 0.421375)) && F[18,20]((ego == 1.000000)) -> F[22,30]((air_fuel_ratio > 10.000000))",
FuelControl,EngineSpeed,356,"G(F[0,0]((throttle >= 10.650000) && (throttle <= 10.700000)) && F[7,8]((fuel >= 0.965154) && (fuel <= 0.967075)) && F[16,18]((ego == 1.000000)) -> F[20,28]((air_fuel_ratio > 10.000000)))","F[0,0]((throttle >= 10.650000) && (throttle <= 10.700000)) && F[7,8]((fuel >= 0.965154) && (fuel <= 0.967075)) && F[16,18]((ego == 1.000000)) -> F[20,28]((air_fuel_ratio > 10.000000))",
FuelControl,EngineSpeed,357,"G(F[0,0]((throttle >= 10.550000) && (throttle <= 10.600000)) && F[9,10]((map >= 0.420410) && (map <= 0.421375)) && F[18,20]((ego == 1.000000)) -> F[22,30]((air_fuel_ratio > 10.000000)))","F[0,0]((throttle >= 10.550000) && (throttle <= 10.600000)) && F[9,10]((map >= 0.420410) && (map <= 0.421375)) && F[18,20]((ego == 1.000000)) -> F[22,30]((air_fuel_ratio > 10.000000))",
FuelControl,EngineSpeed,358,"G(F[0,0]((throttle >= 11.300000) && (throttle <= 11.350000)) && F[2,3]((map >= 0.434516) && (map <= 0.437051)) && F[3,5]((ego == 1.000000)) -> F[7,15]((air_fuel_ratio > 10.000000)))","F[0,0]((throttle >= 11.300000) && (throttle <= 11.350000)) && F[2,3]((map >= 0.434516) && (map <= 0.437051)) && F[3,5]((ego == 1.000000)) -> F[7,15]((air_fuel_ratio > 10.000000))",
FuelControl,EngineSpeed,359,"G(F[0,0]((throttle >= 10.900000) && (throttle <= 10.950000)) && F[2,3]((fuel >= 0.965154) && (fuel <= 0.967075)) && F[11,13]((ego == 1.000000)) -> F[15,23]((air_fuel_ratio > 10.000000)))","F[0,0]((throttle >= 10.900000) && (throttle <= 10.950000)) && F[2,3]((fuel >= 0.965154) && (fuel <= 0.967075)) && F[11,13]((ego == 1.000000)) -> F[15,23]((air_fuel_ratio > 10.000000))",
FuelControl,EngineSpeed,360,"G(F[0,0]((map >= 0.421375) && (map <= 0.422621)) && F[6,7]((fuel >= 0.993202) && (fuel <= 0.998218)) && F[7,9]((ego == 1.000000)) -> F[11,19]((air_fuel_ratio > 10.000000)))","F[0,0]((map >= 0.421375) && (map <= 0.422621)) && F[6,7]((fuel >= 0.993202) && (fuel <= 0.998218)) && F[7,9]((ego == 1.000000)) -> F[11,19]((air_fuel_ratio > 10.000000))",
FuelControl,EngineSpeed,361,"G(F[0,0]((throttle >= 11.050000) && (throttle <= 11.100000)) && F[7,8]((map >= 0.434516) && (map <= 0.437051)) && F[8,10]((ego == 1.000000)) -> F[12,20]((air_fuel_ratio > 10.000000)))","F[0,0]((throttle >= 11.050000) && (throttle <= 11.100000)) && F[7,8]((map >= 0.434516) && (map <= 0.437051)) && F[8,10]((ego == 1.000000)) -> F[12,20]((air_fuel_ratio > 10.000000))",
FuelControl,EngineSpeed,362,"G(F[0,0]((throttle >= 10.650000) && (throttle <= 10.700000)) && F[7,8]((map >= 0.420410) && (map <= 0.421375)) && F[16,18]((ego == 1.000000)) -> F[20,28]((air_fuel_ratio > 10.000000)))","F[0,0]((throttle >= 10.650000) && (throttle <= 10.700000)) && F[7,8]((map >= 0.420410) && (map <= 0.421375)) && F[16,18]((ego == 1.000000)) -> F[20,28]((air_fuel_ratio > 10.000000))",
FuelControl,EngineSpeed,363,"G(F[0,0]((map >= 0.424972) && (map <= 0.427917)) && F[7,8]((fuel >= 0.965154) && (fuel <= 0.967075)) && F[16,18]((ego == 1.000000)) -> F[20,28]((air_fuel_ratio > 10.000000)))","F[0,0]((map >= 0.424972) && (map <= 0.427917)) && F[7,8]((fuel >= 0.965154) && (fuel <= 0.967075)) && F[16,18]((ego == 1.000000)) -> F[20,28]((air_fuel_ratio > 10.000000))",
FuelControl,EngineSpeed,364,"G(F[0,0]((throttle >= 10.950000) && (throttle <= 11.000000)) && F[9,10]((map >= 0.434516) && (map <= 0.437051)) && F[10,12]((ego == 1.000000)) -> F[14,22]((air_fuel_ratio > 10.000000)))","F[0,0]((throttle >= 10.950000) && (throttle <= 11.000000)) && F[9,10]((map >= 0.434516) && (map <= 0.437051)) && F[10,12]((ego == 1.000000)) -> F[14,22]((air_fuel_ratio > 10.000000))",
FuelControl,EngineSpeed,365,"G(F[0,0]((throttle >= 11.300000) && (throttle <= 11.350000)) && F[2,3]((fuel >= 0.993202) && (fuel <= 0.998218)) && F[3,5]((ego == 1.000000)) -> F[7,15]((air_fuel_ratio > 10.000000)))","F[0,0]((throttle >= 11.300000) && (throttle <= 11.350000)) && F[2,3]((fuel >= 0.993202) && (fuel <= 0.998218)) && F[3,5]((ego == 1.000000)) -> F[7,15]((air_fuel_ratio > 10.000000))",
FuelControl,EngineSpeed,366,"G(F[0,0]((fuel >= 0.972536) && (fuel <= 0.975960)) && F[4,5]((map >= 0.434516) && (map <= 0.437051)) && F[5,7]((ego == 1.000000)) -> F[9,17]((air_fuel_ratio > 10.000000)))","F[0,0]((fuel >= 0.972536) && (fuel <= 0.975960)) && F[4,5]((map >= 0.434516) && (map <= 0.437051)) && F[5,7]((ego == 1.000000)) -> F[9,17]((air_fuel_ratio > 10.000000))",
FuelControl,EngineSpeed,367,"G(F[0,0]((throttle >= 10.900000) && (throttle <= 10.950000)) && F[2,3]((map >= 0.420410) && (map <= 0.421375)) && F[11,13]((ego == 1.000000)) -> F[15,23]((air_fuel_ratio > 10.000000)))","F[0,0]((throttle >= 10.900000) && (throttle <= 10.950000)) && F[2,3]((map >= 0.420410) && (map <= 0.421375)) && F[11,13]((ego == 1.000000)) -> F[15,23]((air_fuel_ratio > 10.000000))",
FuelControl,EngineSpeed,368,"G(F[0,0]((fuel >= 0.967075) && (fuel <= 0.969556)) && F[6,7]((map >= 0.434516) && (map <= 0.437051)) && F[7,9]((ego == 1.000000)) -> F[11,19]((air_fuel_ratio > 10.000000)))","F[0,0]((fuel >= 0.967075) && (fuel <= 0.969556)) && F[6,7]((map >= 0.434516) && (map <= 0.437051)) && F[7,9]((ego == 1.000000)) -> F[11,19]((air_fuel_ratio > 10.000000))",
FuelControl,EngineSpeed,369,"G(F[0,0]((throttle >= 11.050000) && (throttle <= 11.100000)) && F[7,8]((fuel >= 0.993202) && (fuel <= 0.998218)) && F[8,10]((ego == 1.000000)) -> F[12,20]((air_fuel_ratio > 10.000000)))","F[0,0]((throttle >= 11.050000) && (throttle <= 11.100000)) && F[7,8]((fuel >= 0.993202) && (fuel <= 0.998218)) && F[8,10]((ego == 1.000000)) -> F[12,20]((air_fuel_ratio > 10.000000))",
FuelControl,EngineSpeed,370,"G(F[0,0]((throttle >= 10.950000) && (throttle <= 11.000000)) && F[9,10]((fuel >= 0.993202) && (fuel <= 0.998218)) && F[10,12]((ego == 1.000000)) -> F[14,22]((air_fuel_ratio > 10.000000)))","F[0,0]((throttle >= 10.950000) && (throttle <= 11.000000)) && F[9,10]((fuel >= 0.993202) && (fuel <= 0.998218)) && F[10,12]((ego == 1.000000)) -> F[14,22]((air_fuel_ratio > 10.000000))",
FuelControl,EngineSpeed,371,"G(F[0,0]((map >= 0.431659) && (map <= 0.436299)) && F[9,10]((fuel >= 0.965154) && (fuel <= 0.967075)) && F[18,20]((ego == 1.000000)) -> F[22,30]((air_fuel_ratio > 10.000000)))","F[0,0]((map >= 0.431659) && (map <= 0.436299)) && F[9,10]((fuel >= 0.965154) && (fuel <= 0.967075)) && F[18,20]((ego == 1.000000)) -> F[22,30]((air_fuel_ratio > 10.000000))",
