rewrite,original,rewritten,1-G,1-VolJ,PH/2D,SD,error
G absorbs F,"G[2,3](y<=1)","(G[2,3](y<=1)) && (F[2,3](y<=1))",0.0,0.0,0.0,0.0,
U tautological,"((((x>-3 && x>=-2) || (y<=1 || x>=2))) U[1,2] (x<=2))","(((((x>-3 && x>=-2) || (y<=1 || x>=2))) U[1,2] (x<=2))) && ((y>0) || (y<=0))",0.0,0.0,0.0,0.0,
double negation,x<-3,!(!(x<-3)),0.0,0.0,0.0,0.0,
idempotent &&,(x>0 && y<=-3),((x>0 && y<=-3)) && ((x>0 && y<=-3)),0.0,0.0,0.0,0.0,
U with a true invariant,"(((y>0) || (y<=0)) U[0,0] (y>=2))","F[0,0](y>=2)",0.0,0.0,0.0,0.0,
U idempotent,"((((x>=-2 || y<-3) && (y>-3 && x>=1))) U[1,1] ((y>=1 && x<=-2)))","(((((x>=-2 || y<-3) && (y>-3 && x>=1))) U[1,1] ((y>=1 && x<=-2)))) || (((((x>=-2 || y<-3) && (y>-3 && x>=1))) U[1,1] ((y>=1 && x<=-2))))",0.0,0.0,0.0,0.0,
absorption,x<=0,(x<=0) || ((x<=0) && ((x>-3 || (y>=2 || y<0)))),0.0,0.0,0.0,0.0,
idempotent ||,x<-2,(x<-2) || (x<-2),0.0,0.0,0.0,0.0,
U idempotent,"((y<2) U[0,1] (((x>-3 || y<2) && (x>0 && x<-1))))","(((y<2) U[0,1] (((x>-3 || y<2) && (x>0 && x<-1))))) || (((y<2) U[0,1] (((x>-3 || y<2) && (x>0 && x<-1)))))",0.0,0.0,0.0,0.0,
F idempotent,"F[1,1](x<-1)","(F[1,1](x<-1)) || (F[1,1](x<-1))",0.0,0.0,0.0,0.0,
!F = G!,"!(F[2,2](y<=1))","G[2,2](!(y<=1))",0.0,0.0,0.0,0.0,
temporal absorption,"G[1,2]((y<=0 && (x>-1 && x<=-3)))","(G[1,2]((y<=0 && (x>-1 && x<=-3)))) || ((G[1,2]((y<=0 && (x>-1 && x<=-3)))) && (y<-3))",0.0,0.0,0.0,0.0,
U over ||,"((((y<=0 || x<0) || y>=-2)) U[0,1] ((y>=-2) || (((y<=0 || x<0) || y>=-2))))","(((((y<=0 || x<0) || y>=-2)) U[0,1] (y>=-2))) || (((((y<=0 || x<0) || y>=-2)) U[0,1] (((y<=0 || x<0) || y>=-2))))",0.0,0.0,0.0,0.0,
G absorbs F,"G[2,3]((x<3 && y<=-1))","(G[2,3]((x<3 && y<=-1))) && (F[2,3]((x<3 && y<=-1)))",0.0,0.0,0.0,0.0,
tautological conjunct,(x<=0 && y>=3),((x<=0 && y>=3)) && ((y>0) || (y<=0)),0.0,0.0,0.0,0.0,
triple &&,y>=0,((y>=0) && (y>=0)) && (y>=0),0.0,0.0,0.0,0.0,
commutative &&,(((x>=-2 || y>-1) && x<1)) && (y<=3),(y<=3) && (((x>=-2 || y>-1) && x<1)),0.0,0.0,0.0,0.0,
F idempotent,"F[1,1]((x>=1 || x<=-2))","(F[1,1]((x>=1 || x<=-2))) || (F[1,1]((x>=1 || x<=-2)))",0.0,0.0,0.0,0.0,
nested F collapses,"F[0,1](F[0,1](y>1))","F[0,2](y>1)",0.0,0.0,0.0,0.125,
triple &&,((y>2 || x>1) || y<-2),((((y>2 || x>1) || y<-2)) && (((y>2 || x>1) || y<-2))) && (((y>2 || x>1) || y<-2)),0.0,0.0,0.0,0.0,
U with a true invariant,"(((y>0) || (y<=0)) U[0,1] (x<-2))","F[0,1](x<-2)",0.0,0.0,0.0,0.16666666666666666,
de Morgan &&,!(((x<=-3 && y>=1)) && (((x>=3 || x>=2) && (y<-2 && x>=-3)))),(!((x<=-3 && y>=1))) || (!(((x>=3 || x>=2) && (y<-2 && x>=-3)))),0.0,0.0,0.0,0.0,
U at a point,"((y<=1) U[1,1] ((y>-3 || y<-3)))","(G[0,1](y<=1)) && (G[1,1]((y>-3 || y<-3)))",0.0,0.0,0.0,0.0,
!G = F!,"!(G[0,1](x>-3))","F[0,1](!(x>-3))",0.0,0.0,0.0,0.0,
nested G collapses,"G[0,1](G[0,1](y<=-2))","G[0,2](y<=-2)",0.0,0.0,0.0,0.0,
commutative ||,((x<=1 && (y<-1 || x>=3))) || (((y<=3 && x<=-2) && y<0)),(((y<=3 && x<=-2) && y<0)) || ((x<=1 && (y<-1 || x>=3))),0.0,0.0,0.0,0.0,
G absorbs F,"G[2,2](y<-2)","(G[2,2](y<-2)) && (F[2,2](y<-2))",0.0,0.0,0.0,0.0,
U at a point,"((x<-1) U[3,3] (y<=1))","(G[0,3](x<-1)) && (G[3,3](y<=1))",0.0,0.0,0.0,0.0,
temporal absorption,"G[1,3](((x<=-2 || y<=-2) || (x<=0 || y<1)))","(G[1,3](((x<=-2 || y<=-2) || (x<=0 || y<1)))) || ((G[1,3](((x<=-2 || y<=-2) || (x<=0 || y<1)))) && (y<=2))",0.0,0.0,0.0,0.0,
idempotent ||,(x>=1 || x<=3),((x>=1 || x<=3)) || ((x>=1 || x<=3)),0.0,0.0,0.0,0.0,
absorption,(y<3 && x<=-2),((y<3 && x<=-2)) || (((y<3 && x<=-2)) && ((y<=-3 && x<1))),0.0,0.0,0.0,0.0,
de Morgan &&,!(((y<=-1 || (x<2 && x>=0))) && (((y<-1 && x<3) && x>=2))),(!((y<=-1 || (x<2 && x>=0)))) || (!(((y<-1 && x<3) && x>=2))),0.0,0.0,0.0,0.0,
nested F collapses,"F[0,1](F[0,1](x>-3))","F[0,2](x>-3)",0.0,0.0,0.0,0.4375,
U at a point,"((y<=0) U[0,0] (y<0))","(G[0,0](y<=0)) && (G[0,0](y<0))",0.0,0.0,0.0,0.0,
nested F collapses,"F[0,1](F[0,1](x<=0))","F[0,2](x<=0)",0.0,0.0,0.0,0.25,
F over ||,"F[2,4]((y<=-1) || ((y>=2 || (y<=2 && y<-2))))","(F[2,4](y<=-1)) || (F[2,4]((y>=2 || (y<=2 && y<-2))))",0.0,0.0,0.0,0.0,
U at a point,"(((y<0 && (y<=-1 && x<=2))) U[3,3] (y>-1))","(G[0,3]((y<0 && (y<=-1 && x<=2)))) && (G[3,3](y>-1))",0.0,0.0,0.0,0.0,
commutative ||,(y<=1) || (x>=-3),(x>=-3) || (y<=1),0.0,0.0,0.0,0.0,
F = G at a point,"F[1,1](((y>2 || y>1) && (x<-3 && y>-1)))","G[1,1](((y>2 || y>1) && (x<-3 && y>-1)))",0.0,0.0,0.0,0.0,
commutative &&,(x>0) && (((y>3 && y>0) || (x>0 && y>=-2))),(((y>3 && y>0) || (x>0 && y>=-2))) && (x>0),0.0,0.0,0.0,0.0,
U absorbs its invariant,"((y<-3) U[0,0] (x<2))","((y<-3) U[0,0] ((y<-3) && (x<2)))",0.0,0.0,0.0,0.0,
G idempotent,"G[2,2](y>-1)","(G[2,2](y>-1)) && (G[2,2](y>-1))",0.0,0.0,0.0,0.0,
nested G collapses,"G[0,1](G[0,1]((y<=-2 && (y<=3 || y<=0))))","G[0,2]((y<=-2 && (y<=3 || y<=0)))",0.0,0.0,0.0,0.0,
U idempotent,"((((x>=-3 && y<0) || (x<=-2 && y>=-1))) U[2,3] ((x>-2 || (x>=-3 && y<1))))","(((((x>=-3 && y<0) || (x<=-2 && y>=-1))) U[2,3] ((x>-2 || (x>=-3 && y<1))))) || (((((x>=-3 && y<0) || (x<=-2 && y>=-1))) U[2,3] ((x>-2 || (x>=-3 && y<1)))))",0.0,0.0,2.4228173611333286e-14,0.0,
F over ||,"F[2,4]((((y>3 && x<=-2) || (y>=-3 || y<=-2))) || (x<0))","(F[2,4](((y>3 && x<=-2) || (y>=-3 || y<=-2)))) || (F[2,4](x<0))",0.0,0.0,0.0,0.0,
U tautological,"((x>2) U[1,1] (y>2))","(((x>2) U[1,1] (y>2))) && ((y>0) || (y<=0))",0.0,0.0,0.0,0.0,
!G = F!,"!(G[2,3]((x<=3 || x>=-1)))","F[2,3](!((x<=3 || x>=-1)))",0.0,0.0,0.0,0.0,
distributivity,((x>-2 && (x>=-2 || y>3))) && ((x>=-3) || ((x>-2 && (x>=-2 || y>3)))),(((x>-2 && (x>=-2 || y>3))) && (x>=-3)) || (((x>-2 && (x>=-2 || y>3))) && ((x>-2 && (x>=-2 || y>3)))),0.0,0.0,0.0,0.0,
U at a point,"(((x>=3 || y<=-1)) U[2,2] (((y>=2 && x<-1) || y>1)))","(G[0,2]((x>=3 || y<=-1))) && (G[2,2](((y>=2 && x<-1) || y>1)))",0.0,0.0,0.0,0.0,
idempotent ||,x>=-1,(x>=-1) || (x>=-1),0.0,0.0,0.0,0.0,
U over ||,"(((y>0 && (x>=1 || x<-2))) U[1,1] ((x<2) || ((y>0 && (x>=1 || x<-2)))))","((((y>0 && (x>=1 || x<-2))) U[1,1] (x<2))) || ((((y>0 && (x>=1 || x<-2))) U[1,1] ((y>0 && (x>=1 || x<-2)))))",0.0,0.0,0.0,0.0,
G idempotent,"G[2,4](x<=-3)","(G[2,4](x<=-3)) && (G[2,4](x<=-3))",0.0,0.0,0.0,0.0,
F = G at a point,"F[0,0](((x>=-2 && y<=-3) || (x<=-2 && y>=-1)))","G[0,0](((x>=-2 && y<=-3) || (x<=-2 && y>=-1)))",0.0,0.0,0.0,0.0,
U absorbs its invariant,"((y<0) U[2,3] ((y<=-3 || (y<=0 || x<-3))))","((y<0) U[2,3] ((y<0) && ((y<=-3 || (y<=0 || x<-3)))))",0.0,0.0,0.0,0.0,
double negation,((x>=-3 || y>=1) && (y>1 || x<2)),!(!(((x>=-3 || y>=1) && (y>1 || x<2)))),0.0,0.0,0.0,0.0,
commutative &&,(x<=0) && ((y>=-3 || y<-1)),((y>=-3 || y<-1)) && (x<=0),0.0,0.0,0.0,0.0,
distributivity,(x>=-1) && (((y>-2 || (x>=-2 || x>-1))) || (x>=-1)),((x>=-1) && ((y>-2 || (x>=-2 || x>-1)))) || ((x>=-1) && (x>=-1)),0.0,0.0,0.0,0.0,
nested G collapses,"G[0,1](G[0,1](((y<=-3 || x>=3) && x<-2)))","G[0,2](((y<=-3 || x>=3) && x<-2))",0.0,0.0,0.0,0.0,
U absorbs its invariant,"((x>1) U[0,2] (((y>-2 && y>=-2) && x>=3)))","((x>1) U[0,2] ((x>1) && (((y>-2 && y>=-2) && x>=3))))",0.0,0.0,0.0,0.0,
F idempotent,"F[0,0]((y>-2 || y<2))","(F[0,0]((y>-2 || y<2))) || (F[0,0]((y>-2 || y<2)))",0.0,0.0,0.0,0.0,
G absorbs F,"G[2,3](x<-2)","(G[2,3](x<-2)) && (F[2,3](x<-2))",0.0,0.0,0.0,0.0,
absorption,(y>=-2 || y>-1),((y>=-2 || y>-1)) || (((y>=-2 || y>-1)) && (x>-2)),0.0,0.0,0.0,0.0,
U idempotent,"((((x>-2 || y>=-3) && (y<=-3 || x>=-1))) U[1,3] ((y>-2 && y>=-3)))","(((((x>-2 || y>=-3) && (y<=-3 || x>=-1))) U[1,3] ((y>-2 && y>=-3)))) || (((((x>-2 || y>=-3) && (y<=-3 || x>=-1))) U[1,3] ((y>-2 && y>=-3))))",0.0,0.0,2.5461114698070258e-14,0.0,
F over ||,"F[0,0]((x<=3) || (x<=0))","(F[0,0](x<=3)) || (F[0,0](x<=0))",0.0,0.0,0.0,0.0,
U with a true invariant,"(((y>0) || (y<=0)) U[1,2] (x<=-2))","F[1,2](x<=-2)",0.0,0.0,0.0,0.3333333333333333,
U idempotent,"((y<=-3) U[2,2] (y<-1))","(((y<=-3) U[2,2] (y<-1))) || (((y<=-3) U[2,2] (y<-1)))",0.0,0.0,0.0,0.0,
U idempotent,"((y>=-1) U[1,1] (x>=2))","(((y>=-1) U[1,1] (x>=2))) || (((y>=-1) U[1,1] (x>=2)))",0.0,0.0,0.0,0.0,
idempotent &&,(y<=0 && y<-1),((y<=0 && y<-1)) && ((y<=0 && y<-1)),0.0,0.0,0.0,0.0,
G over &&,"G[2,4]((y<=0) && ((y<2 || y>=-2)))","(G[2,4](y<=0)) && (G[2,4]((y<2 || y>=-2)))",0.0,0.0,0.0,0.0,
F idempotent,"F[0,0](y>=-3)","(F[0,0](y>=-3)) || (F[0,0](y>=-3))",0.0,0.0,0.0,0.0,
idempotent ||,y>3,(y>3) || (y>3),0.0,0.0,0.0,0.0,
nested G collapses,"G[0,1](G[0,1]((y>0 || y<0)))","G[0,2]((y>0 || y<0))",0.0,0.0,0.0,0.0,
F over ||,"F[0,1]((y<=3) || (y<2))","(F[0,1](y<=3)) || (F[0,1](y<2))",0.0,0.0,0.0,0.0,
idempotent &&,((y>0 || y<0) || (x>-3 || y<-1)),(((y>0 || y<0) || (x>-3 || y<-1))) && (((y>0 || y<0) || (x>-3 || y<-1))),0.0,0.0,0.0,0.0,
de Morgan &&,!((((y<0 && y<=-3) || (y>=-1 && x>=1))) && (y>1)),(!(((y<0 && y<=-3) || (y>=-1 && x>=1)))) || (!(y>1)),0.0,0.0,0.0,0.0,
distributivity,(x<3) && ((((x>=3 || x>=-1) && (y<0 || y<2))) || (x<3)),((x<3) && (((x>=3 || x>=-1) && (y<0 || y<2)))) || ((x<3) && (x<3)),0.0,0.0,0.0,0.0,
U tautological,"((((x>-3 || x<-3) || (y>-2 || y<=-3))) U[2,3] (y<2))","(((((x>-3 || x<-3) || (y>-2 || y<=-3))) U[2,3] (y<2))) && ((y>0) || (y<=0))",0.0,0.0,0.0,0.0,
de Morgan &&,!(((x>=1 || (x<3 || x>=-2))) && (x>0)),(!((x>=1 || (x<3 || x>=-2)))) || (!(x>0)),0.0,0.0,0.0,0.0,
U absorbs its invariant,"(((y<=2 || (x>=2 || x>-2))) U[2,4] (((x<=-1 || x<=-2) || y<-2)))","(((y<=2 || (x>=2 || x>-2))) U[2,4] (((y<=2 || (x>=2 || x>-2))) && (((x<=-1 || x<=-2) || y<-2))))",0.0,0.0,0.0,0.0,
F = G at a point,"F[2,2](y>=1)","G[2,2](y>=1)",0.0,0.0,0.0,0.0,
commutative ||,(x<-3) || (x<2),(x<2) || (x<-3),0.0,0.0,0.0,0.0,
double negation,x<1,!(!(x<1)),0.0,0.0,0.0,0.0,
nested F collapses,"F[0,1](F[0,1](y>=3))","F[0,2](y>=3)",0.0,0.0,0.0,0.0625,
double negation,y<-2,!(!(y<-2)),0.0,0.0,0.0,0.0,
G over &&,"G[0,0](((x<=0 || x<=0)) && (x>1))","(G[0,0]((x<=0 || x<=0))) && (G[0,0](x>1))",0.0,0.0,0.0,0.0,
temporal absorption,"G[2,2](((y<2 || y<-1) || y>-1))","(G[2,2](((y<2 || y<-1) || y>-1))) || ((G[2,2](((y<2 || y<-1) || y>-1))) && (x>=-3))",0.0,0.0,0.0,0.0,
nested G collapses,"G[0,1](G[0,1](y>-2))","G[0,2](y>-2)",0.0,0.0,0.0,0.0,
distributivity,(x<1) && ((((x>=-1 || x>1) && x<=0)) || (x<1)),((x<1) && (((x>=-1 || x>1) && x<=0))) || ((x<1) && (x<1)),0.0,0.0,0.0,0.0,
idempotent &&,((x>=2 || y>-2) || (y>-3 || y<=2)),(((x>=2 || y>-2) || (y>-3 || y<=2))) && (((x>=2 || y>-2) || (y>-3 || y<=2))),0.0,0.0,0.0,0.0,
idempotent ||,(y>-2 && x>3),((y>-2 && x>3)) || ((y>-2 && x>3)),0.0,0.0,0.0,0.0,
U at a point,"((y<=-2) U[1,1] (y>3))","(G[0,1](y<=-2)) && (G[1,1](y>3))",0.0,0.0,0.0,0.0,
U idempotent,"((x<-3) U[2,2] (((x<-3 || y>=1) && y<=-3)))","(((x<-3) U[2,2] (((x<-3 || y>=1) && y<=-3)))) || (((x<-3) U[2,2] (((x<-3 || y>=1) && y<=-3))))",0.0,0.0,0.0,0.0,
de Morgan ||,!((((y<=-3 || y<3) && (x>=-2 || x>=2))) || (x<-1)),(!(((y<=-3 || y<3) && (x>=-2 || x>=2)))) && (!(x<-1)),0.0,0.0,0.0,0.0,
de Morgan ||,!((x>=2) || (((y>=-2 || x<0) || (y<0 || x>-3)))),(!(x>=2)) && (!(((y>=-2 || x<0) || (y<0 || x>-3)))),0.0,0.0,0.0,0.0,
de Morgan ||,!((y>2) || ((y<=-2 || (x<=2 || x<0)))),(!(y>2)) && (!((y<=-2 || (x<=2 || x<0)))),0.0,0.0,0.0,0.0,
double negation,(x>0 || y<=0),!(!((x>0 || y<=0))),0.0,0.0,0.0,0.0,
G absorbs F,"G[0,0](y>2)","(G[0,0](y>2)) && (F[0,0](y>2))",0.0,0.0,0.0,0.0,
tautological conjunct,x>=0,(x>=0) && ((y>0) || (y<=0)),0.0,0.0,0.0,0.0,
idempotent ||,((y<=3 && x<=0) || y>-3),(((y<=3 && x<=0) || y>-3)) || (((y<=3 && x<=0) || y>-3)),0.0,0.0,0.0,0.0,
absorption,(x<-1 || x>=1),((x<-1 || x>=1)) || (((x<-1 || x>=1)) && (x<=-2)),0.0,0.0,0.0,0.0,
G over &&,"G[1,2](((x>=1 || (y>0 && x>=-2))) && (x<=-3))","(G[1,2]((x>=1 || (y>0 && x>=-2)))) && (G[1,2](x<=-3))",0.0,0.0,0.0,0.0,
!F = G!,"!(F[0,1](x>=-1))","G[0,1](!(x>=-1))",0.0,0.0,0.0,0.0,
U idempotent,"(((y<0 || y>-2)) U[2,4] ((x>2 && y<0)))","((((y<0 || y>-2)) U[2,4] ((x>2 && y<0)))) || ((((y<0 || y>-2)) U[2,4] ((x>2 && y<0))))",0.0,0.0,0.0,0.0,
U with a true invariant,"(((y>0) || (y<=0)) U[2,3] (y>-3))","F[2,3](y>-3)",0.0,0.0,0.0,0.4583333333333333,
distributivity,(y<3) && (((y<=-3 && x>0)) || (y<3)),((y<3) && ((y<=-3 && x>0))) || ((y<3) && (y<3)),0.0,0.0,0.0,0.0,
distributivity,(x<2) && ((y>0) || (x<2)),((x<2) && (y>0)) || ((x<2) && (x<2)),0.0,0.0,0.0,0.0,
U tautological,"(((x>3 || (y<2 && x>=3))) U[1,3] ((y<=3 && y>3)))","((((x>3 || (y<2 && x>=3))) U[1,3] ((y<=3 && y>3)))) && ((y>0) || (y<=0))",0.0,0.0,0.0,0.0,
U with a true invariant,"(((y>0) || (y<=0)) U[0,0] (y>3))","F[0,0](y>3)",0.0,0.0,0.0,0.0,
G over &&,"G[0,2]((y>0) && ((y<=0 || (y<=-3 && x<-2))))","(G[0,2](y>0)) && (G[0,2]((y<=0 || (y<=-3 && x<-2))))",0.0,0.0,0.0,0.0,
de Morgan &&,!((((y<=1 && y<3) || y<-3)) && (y<2)),(!(((y<=1 && y<3) || y<-3))) || (!(y<2)),0.0,0.0,0.0,0.0,
U at a point,"((((y<=-2 && x<=1) && (y<=0 && y>-2))) U[1,1] (((x>2 || y>=1) || x<=3)))","(G[0,1](((y<=-2 && x<=1) && (y<=0 && y>-2)))) && (G[1,1](((x>2 || y>=1) || x<=3)))",0.0,0.0,0.0,0.0,
triple &&,x<-3,((x<-3) && (x<-3)) && (x<-3),0.0,0.0,0.0,0.0,
U over ||,"((((y<-3 && x<-3) && (y<-1 || y>=-1))) U[0,1] ((y<1) || (((y<-3 && x<-3) && (y<-1 || y>=-1)))))","(((((y<-3 && x<-3) && (y<-1 || y>=-1))) U[0,1] (y<1))) || (((((y<-3 && x<-3) && (y<-1 || y>=-1))) U[0,1] (((y<-3 && x<-3) && (y<-1 || y>=-1)))))",0.0,0.0,0.0,0.0,
F over ||,"F[2,2]((((x>=1 || y<-3) || (y>=0 && y<-1))) || ((x>1 && x<-3)))","(F[2,2](((x>=1 || y<-3) || (y>=0 && y<-1)))) || (F[2,2]((x>1 && x<-3)))",0.0,0.0,0.0,0.0,
!F = G!,"!(F[0,2](x>2))","G[0,2](!(x>2))",0.0,0.0,0.0,0.0,
U tautological,"((x>2) U[1,2] (x>=-1))","(((x>2) U[1,2] (x>=-1))) && ((y>0) || (y<=0))",0.0,0.0,0.0,0.0,
tautological conjunct,x>=3,(x>=3) && ((y>0) || (y<=0)),0.0,0.0,0.0,0.0,
U tautological,"((x>-3) U[0,0] (y>0))","(((x>-3) U[0,0] (y>0))) && ((y>0) || (y<=0))",0.0,0.0,0.0,0.0,
nested G collapses,"G[0,1](G[0,1](((x>-1 && x>=0) || y>=-1)))","G[0,2](((x>-1 && x>=0) || y>=-1))",0.0,0.0,0.0,0.0,
G idempotent,"G[2,4]((x<=-2 || x<0))","(G[2,4]((x<=-2 || x<0))) && (G[2,4]((x<=-2 || x<0)))",0.0,0.0,0.0,0.0,
absorption,(x>=-1 && y<2),((x>=-1 && y<2)) || (((x>=-1 && y<2)) && (((x>2 && x<=-2) || x<2))),0.0,0.0,0.0,0.0,
idempotent &&,x<3,(x<3) && (x<3),0.0,0.0,0.0,0.0,
absorption,x<=-2,(x<=-2) || ((x<=-2) && (x>=0)),0.0,0.0,0.0,0.0,
idempotent ||,(y>-2 || x<=-1),((y>-2 || x<=-1)) || ((y>-2 || x<=-1)),0.0,0.0,0.0,0.0,
nested F collapses,"F[0,1](F[0,1]((y>=-2 || (x<0 || y<1))))","F[0,2]((y>=-2 || (x<0 || y<1)))",0.0,0.0,0.0,0.25,
G idempotent,"G[0,1](x>-2)","(G[0,1](x>-2)) && (G[0,1](x>-2))",0.0,0.0,0.0,0.0,
commutative ||,((x<-3 || x<-1)) || ((y>=-1 || y<=1)),((y>=-1 || y<=1)) || ((x<-3 || x<-1)),0.0,0.0,0.0,0.0,
F = G at a point,"F[0,0](((x<=1 || y>=2) || y>=2))","G[0,0](((x<=1 || y>=2) || y>=2))",0.0,0.0,0.0,0.0,
!F = G!,"!(F[2,4](((y>2 || y<=-1) && (y>-3 || y<=2))))","G[2,4](!(((y>2 || y<=-1) && (y>-3 || y<=2))))",0.0,0.0,0.0,0.0,
de Morgan ||,!((x>0) || ((y<-2 || (y<2 || x>=3)))),(!(x>0)) && (!((y<-2 || (y<2 || x>=3)))),0.0,0.0,0.0,0.0,
U idempotent,"(((x<0 || (y>2 || x>-1))) U[2,4] (x<2))","((((x<0 || (y>2 || x>-1))) U[2,4] (x<2))) || ((((x<0 || (y>2 || x>-1))) U[2,4] (x<2)))",0.0,0.0,0.0,0.0,
U tautological,"(((y<=3 && (x<0 || y>=0))) U[0,0] (x<=3))","((((y<=3 && (x<0 || y>=0))) U[0,0] (x<=3))) && ((y>0) || (y<=0))",0.0,0.0,0.0,0.0,
distributivity,(y<0) && ((x>2) || (y<0)),((y<0) && (x>2)) || ((y<0) && (y<0)),0.0,0.0,0.0,0.0,
F = G at a point,"F[0,0](x>-1)","G[0,0](x>-1)",0.0,0.0,0.0,0.0,
double negation,((y>=1 || y>=0) || y>-1),!(!(((y>=1 || y>=0) || y>-1))),0.0,0.0,0.0,0.0,
commutative ||,((x>=-2 || (y<-1 && x>0))) || (((x<-3 || x>-1) || (y>=0 && y>=0))),(((x<-3 || x>-1) || (y>=0 && y>=0))) || ((x>=-2 || (y<-1 && x>0))),0.0,0.0,0.0,0.0,
U with a true invariant,"(((y>0) || (y<=0)) U[0,0] (y<=-3))","F[0,0](y<=-3)",0.0,0.0,0.0,0.0,
temporal absorption,"G[2,3](((y>-1 || y>-2) || (x<-3 && x<0)))","(G[2,3](((y>-1 || y>-2) || (x<-3 && x<0)))) || ((G[2,3](((y>-1 || y>-2) || (x<-3 && x<0)))) && ((y<-2 || (y<1 || x<=2))))",0.0,0.0,0.0,0.0,
commutative ||,(x<-2) || (((y<=-2 && y>=1) || (y<=-3 || y<3))),(((y<=-2 && y>=1) || (y<=-3 || y<3))) || (x<-2),0.0,0.0,0.0,0.0,
U tautological,"(((x<=-3 || x>=3)) U[1,2] (y<1))","((((x<=-3 || x>=3)) U[1,2] (y<1))) && ((y>0) || (y<=0))",0.0,0.0,0.0,0.0,
de Morgan ||,!(((x>-2 || (y>-1 && y<=-1))) || ((y>=-3 || (y<=1 || y>-1)))),(!((x>-2 || (y>-1 && y<=-1)))) && (!((y>=-3 || (y<=1 || y>-1)))),0.0,0.0,0.0,0.0,
U tautological,"(((y>=0 && (x<1 || x<0))) U[0,2] (((x>=-2 && x>-3) || (y>0 || x>2))))","((((y>=0 && (x<1 || x<0))) U[0,2] (((x>=-2 && x>-3) || (y>0 || x>2))))) && ((y>0) || (y<=0))",0.0,0.0,0.0,0.0,
nested F collapses,"F[0,1](F[0,1](x<=2))","F[0,2](x<=2)",0.0,0.0,0.0,0.4166666666666667,
commutative ||,(y>=2) || ((y<=-2 && (x<=-1 || y>=3))),((y<=-2 && (x<=-1 || y>=3))) || (y>=2),0.0,0.0,0.0,0.0,
U tautological,"((x>3) U[0,2] (((x>-1 || x<3) || (y>3 && x<=-3))))","(((x>3) U[0,2] (((x>-1 || x<3) || (y>3 && x<=-3))))) && ((y>0) || (y<=0))",0.0,0.0,0.0,0.0,
temporal absorption,"G[0,0]((y>=1 && x<-3))","(G[0,0]((y>=1 && x<-3))) || ((G[0,0]((y>=1 && x<-3))) && ((x>-1 && x<-2)))",0.0,0.0,0.0,0.0,
F over ||,"F[1,2](((y>=0 || (y<0 && y>=-1))) || (x>1))","(F[1,2]((y>=0 || (y<0 && y>=-1)))) || (F[1,2](x>1))",0.0,0.0,0.0,0.0,
U with a true invariant,"(((y>0) || (y<=0)) U[2,2] (((y<2 && y>0) || (x>-3 || x<1))))","F[2,2](((y<2 && y>0) || (x>-3 || x<1)))",0.0,0.0,0.0,0.5,
U absorbs its invariant,"((y>0) U[2,2] (((y>1 && x>0) && (x<=2 && y>-3))))","((y>0) U[2,2] ((y>0) && (((y>1 && x>0) && (x<=2 && y>-3)))))",0.0,0.0,0.0,0.0,
idempotent &&,x>2,(x>2) && (x>2),0.0,0.0,0.0,0.0,
F = G at a point,"F[3,3](((x>2 || x<=2) || (x<2 && x>2)))","G[3,3](((x>2 || x<=2) || (x<2 && x>2)))",0.0,0.0,0.0,0.0,
F over ||,"F[0,0](((y<-2 || (x<-2 && x<=-1))) || ((x>0 || y>1)))","(F[0,0]((y<-2 || (x<-2 && x<=-1)))) || (F[0,0]((x>0 || y>1)))",0.0,0.0,0.0,0.0,
G over &&,"G[0,0](((y<=-2 || (x>=1 && x<=2))) && (x>1))","(G[0,0]((y<=-2 || (x>=1 && x<=2)))) && (G[0,0](x>1))",0.0,0.0,0.0,0.0,
tautological conjunct,y<=2,(y<=2) && ((y>0) || (y<=0)),0.0,0.0,0.0,0.0,
!F = G!,"!(F[0,2](((x<=-2 || x>-2) && (x>-2 || y>=-2))))","G[0,2](!(((x<=-2 || x>-2) && (x>-2 || y>=-2))))",0.0,0.0,0.0,0.0,
U at a point,"((x<=-3) U[3,3] (x>-2))","(G[0,3](x<=-3)) && (G[3,3](x>-2))",0.0,0.0,0.0,0.0,
G absorbs F,"G[0,2]((y>=-2 && y>2))","(G[0,2]((y>=-2 && y>2))) && (F[0,2]((y>=-2 && y>2)))",0.0,0.0,0.0,0.0,
absorption,y<-3,(y<-3) || ((y<-3) && ((y<1 || (y>=3 && y<1)))),0.0,0.0,0.0,0.0,
U with a true invariant,"(((y>0) || (y<=0)) U[0,2] (((y<-2 || y<=-2) || x<-2)))","F[0,2](((y<-2 || y<=-2) || x<-2))",0.0,0.0,0.0,0.08333333333333333,
F idempotent,"F[2,4](y<-1)","(F[2,4](y<-1)) || (F[2,4](y<-1))",0.0,0.0,0.0,0.0,
triple &&,(x<-3 || (x<=2 || y<1)),(((x<-3 || (x<=2 || y<1))) && ((x<-3 || (x<=2 || y<1)))) && ((x<-3 || (x<=2 || y<1))),0.0,0.0,0.0,0.0,
U with a true invariant,"(((y>0) || (y<=0)) U[0,1] (y<=1))","F[0,1](y<=1)",0.0,0.0,0.0,0.25,
idempotent ||,x<-3,(x<-3) || (x<-3),0.0,0.0,0.0,0.0,
double negation,(y>2 && (y>=1 && y>1)),!(!((y>2 && (y>=1 && y>1)))),0.0,0.0,0.0,0.0,
!F = G!,"!(F[1,3]((x>=-2 || x>=-2)))","G[1,3](!((x>=-2 || x>=-2)))",0.0,0.0,0.0,0.0,
!F = G!,"!(F[0,2]((x<0 && x>1)))","G[0,2](!((x<0 && x>1)))",0.0,0.0,0.0,0.0,
F over ||,"F[1,2]((((x<-3 && y>3) || y>=-2)) || (((y>=-1 && y>=0) && x>=-2)))","(F[1,2](((x<-3 && y>3) || y>=-2))) || (F[1,2](((y>=-1 && y>=0) && x>=-2)))",0.0,0.0,0.0,0.0,
U over ||,"((x>=-2) U[2,4] ((((x>2 || y<=-2) || (y>2 || y<0))) || (x>=-2)))","(((x>=-2) U[2,4] (((x>2 || y<=-2) || (y>2 || y<0))))) || (((x>=-2) U[2,4] (x>=-2)))",0.0,0.0,0.0,0.0,
U tautological,"((x<0) U[2,3] (x>=-1))","(((x<0) U[2,3] (x>=-1))) && ((y>0) || (y<=0))",0.0,0.0,0.0,0.0,
double negation,x<3,!(!(x<3)),0.0,0.0,0.0,0.0,
commutative ||,(y<=-2) || (y>-3),(y>-3) || (y<=-2),0.0,0.0,0.0,0.0,
G idempotent,"G[1,1](y<-1)","(G[1,1](y<-1)) && (G[1,1](y<-1))",0.0,0.0,0.0,0.0,
!G = F!,"!(G[0,1](((x>=-1 && x>=1) || (x<=1 || x<-1))))","F[0,1](!(((x>=-1 && x>=1) || (x<=1 || x<-1))))",0.0,0.0,0.0,0.0,
de Morgan &&,!((y<-3) && (((x<=1 && y>-2) && x<=-1))),(!(y<-3)) || (!(((x<=1 && y>-2) && x<=-1))),0.0,0.0,0.0,0.0,
G absorbs F,"G[0,2](y>1)","(G[0,2](y>1)) && (F[0,2](y>1))",0.0,0.0,0.0,0.0,
U absorbs its invariant,"((y>=2) U[1,1] (((x>-1 && x<=-2) || (y>=-1 || x>=-1))))","((y>=2) U[1,1] ((y>=2) && (((x>-1 && x<=-2) || (y>=-1 || x>=-1)))))",0.0,0.0,0.0,0.0,
U at a point,"((y<1) U[2,2] ((y<-3 && (y>=3 || y>-3))))","(G[0,2](y<1)) && (G[2,2]((y<-3 && (y>=3 || y>-3))))",0.0,0.0,0.0,0.0,
commutative &&,(y<-2) && (y>0),(y>0) && (y<-2),0.0,0.0,0.0,0.0,
F = G at a point,"F[0,0](y<=3)","G[0,0](y<=3)",0.0,0.0,0.0,0.0,
U with a true invariant,"(((y>0) || (y<=0)) U[0,0] (y>-1))","F[0,0](y>-1)",0.0,0.0,0.0,0.0,
distributivity,((y<-1 || (y>1 && y>0))) && (((x<=-3 || (y<=-1 || y<=1))) || ((y<-1 || (y>1 && y>0)))),(((y<-1 || (y>1 && y>0))) && ((x<=-3 || (y<=-1 || y<=1)))) || (((y<-1 || (y>1 && y>0))) && ((y<-1 || (y>1 && y>0)))),0.0,0.0,0.0,0.0,
U at a point,"((((x<1 || x>-1) || x>3)) U[3,3] (((x<-3 || y>=-3) || y>-1)))","(G[0,3](((x<1 || x>-1) || x>3))) && (G[3,3](((x<-3 || y>=-3) || y>-1)))",0.0,0.0,0.0,0.0,
double negation,((x<0 || x>1) || x>=1),!(!(((x<0 || x>1) || x>=1))),0.0,0.0,0.0,0.0,
idempotent &&,y<-3,(y<-3) && (y<-3),0.0,0.0,0.0,0.0,
nested F collapses,"F[0,1](F[0,1](x<-2))","F[0,2](x<-2)",0.0,0.0,0.0,0.08333333333333333,
absorption,(y<=0 && (y>=1 && y>2)),((y<=0 && (y>=1 && y>2))) || (((y<=0 && (y>=1 && y>2))) && (y<2)),0.0,0.0,0.0,0.0,
!G = F!,"!(G[0,1](x>2))","F[0,1](!(x>2))",0.0,0.0,0.0,0.0,
U absorbs its invariant,"((((y>=2 || y<1) && (x>=-1 && x>=-2))) U[1,1] (((y>2 && x>0) || (y>1 || y>=2))))","((((y>=2 || y<1) && (x>=-1 && x>=-2))) U[1,1] ((((y>=2 || y<1) && (x>=-1 && x>=-2))) && (((y>2 && x>0) || (y>1 || y>=2)))))",0.0,0.0,0.0,0.0,
U idempotent,"((((y<=-2 && x<=0) && y>=3)) U[0,2] (y>=2))","(((((y<=-2 && x<=0) && y>=3)) U[0,2] (y>=2))) || (((((y<=-2 && x<=0) && y>=3)) U[0,2] (y>=2)))",0.0,0.0,0.0,0.0,
temporal absorption,"G[0,2](x<-3)","(G[0,2](x<-3)) || ((G[0,2](x<-3)) && (x<2))",0.0,0.0,0.0,0.0,
U absorbs its invariant,"((y>3) U[2,2] ((x>=3 || (y<-3 || x<1))))","((y>3) U[2,2] ((y>3) && ((x>=3 || (y<-3 || x<1)))))",0.0,0.0,0.0,0.0,
U idempotent,"(((y>1 || y>1)) U[1,3] (x>1))","((((y>1 || y>1)) U[1,3] (x>1))) || ((((y>1 || y>1)) U[1,3] (x>1)))",0.0,0.0,2.855291434362535e-14,0.0,
!F = G!,"!(F[1,1](y<3))","G[1,1](!(y<3))",0.0,0.0,0.0,0.0,
U over ||,"(((y<2 || (x<=-1 || y>=3))) U[0,2] ((x>=2) || ((y<2 || (x<=-1 || y>=3)))))","((((y<2 || (x<=-1 || y>=3))) U[0,2] (x>=2))) || ((((y<2 || (x<=-1 || y>=3))) U[0,2] ((y<2 || (x<=-1 || y>=3)))))",0.0,0.0,0.0,0.0,
U idempotent,"((((y>=0 || y<-3) && x>-1)) U[1,2] (y<=1))","(((((y>=0 || y<-3) && x>-1)) U[1,2] (y<=1))) || (((((y>=0 || y<-3) && x>-1)) U[1,2] (y<=1)))",0.0,0.0,0.0,0.0,
idempotent &&,(y>1 && (x<=-3 && x>=2)),((y>1 && (x<=-3 && x>=2))) && ((y>1 && (x<=-3 && x>=2))),0.0,0.0,0.0,0.0,
idempotent &&,(y>-1 || (y<2 || x<=1)),((y>-1 || (y<2 || x<=1))) && ((y>-1 || (y<2 || x<=1))),0.0,0.0,0.0,0.0,
U over ||,"(((y<-1 && x>-2)) U[2,3] ((y<=-1) || ((y<-1 && x>-2))))","((((y<-1 && x>-2)) U[2,3] (y<=-1))) || ((((y<-1 && x>-2)) U[2,3] ((y<-1 && x>-2))))",0.0,0.0,0.0,0.0,
temporal absorption,"G[0,0](y>0)","(G[0,0](y>0)) || ((G[0,0](y>0)) && (x>=2))",0.0,0.0,0.0,0.0,
!F = G!,"!(F[1,1](((x>=-1 && x<=-3) && (x<3 || x>-2))))","G[1,1](!(((x>=-1 && x<=-3) && (x<3 || x>-2))))",0.0,0.0,0.0,0.0,
U tautological,"((x>-1) U[2,3] ((y>3 && (y>-2 || y<-3))))","(((x>-1) U[2,3] ((y>3 && (y>-2 || y<-3))))) && ((y>0) || (y<=0))",0.0,0.0,0.0,0.0,
double negation,x>0,!(!(x>0)),0.0,0.0,0.0,0.0,
F = G at a point,"F[3,3](y>-1)","G[3,3](y>-1)",0.0,0.0,0.0,0.0,
nested F collapses,"F[0,1](F[0,1](((x<=-2 || y>=-1) || y<=0)))","F[0,2](((x<=-2 || y>=-1) || y<=0))",0.0,0.0,0.0,0.08333333333333333,
U over ||,"(((y>3 || x>3)) U[0,2] ((y>3) || ((y>3 || x>3))))","((((y>3 || x>3)) U[0,2] (y>3))) || ((((y>3 || x>3)) U[0,2] ((y>3 || x>3))))",0.0,0.0,0.0,0.0,
G idempotent,"G[0,0](y>-2)","(G[0,0](y>-2)) && (G[0,0](y>-2))",0.0,0.0,0.0,0.0,
U with a true invariant,"(((y>0) || (y<=0)) U[1,2] (y>=3))","F[1,2](y>=3)",0.0,0.0,0.0,0.3125,
absorption,(x<-2 && y<=3),((x<-2 && y<=3)) || (((x<-2 && y<=3)) && (x>0)),0.0,0.0,0.0,0.0,
U idempotent,"(((y>=-2 || (y<-1 && x<2))) U[2,2] (x<3))","((((y>=-2 || (y<-1 && x<2))) U[2,2] (x<3))) || ((((y>=-2 || (y<-1 && x<2))) U[2,2] (x<3)))",0.0,0.0,0.0,0.0,
F over ||,"F[1,2]((x>=-2) || (x>=3))","(F[1,2](x>=-2)) || (F[1,2](x>=3))",0.0,0.0,0.0,0.0,
commutative ||,((x>=1 || y>0)) || (y>=2),(y>=2) || ((x>=1 || y>0)),0.0,0.0,0.0,0.0,
F = G at a point,"F[3,3](y>=3)","G[3,3](y>=3)",0.0,0.0,0.0,0.0,
nested G collapses,"G[0,1](G[0,1](x>=2))","G[0,2](x>=2)",0.0,0.0,0.0,0.0,
F over ||,"F[2,4]((((y<=1 || x<1) && (x<2 || x<1))) || (y<=0))","(F[2,4](((y<=1 || x<1) && (x<2 || x<1)))) || (F[2,4](y<=0))",0.0,0.0,0.0,0.0,
tautological conjunct,((y<1 && x<=0) || y>=3),(((y<1 && x<=0) || y>=3)) && ((y>0) || (y<=0)),0.0,0.0,0.0,0.0,
G absorbs F,"G[2,4]((x<-3 && (y>1 || x<=-3)))","(G[2,4]((x<-3 && (y>1 || x<=-3)))) && (F[2,4]((x<-3 && (y>1 || x<=-3))))",0.0,0.0,0.0,0.0,
G idempotent,"G[0,1](y<0)","(G[0,1](y<0)) && (G[0,1](y<0))",0.0,0.0,0.0,0.0,
nested G collapses,"G[0,1](G[0,1]((y>=-2 || (y<-1 || y<=0))))","G[0,2]((y>=-2 || (y<-1 || y<=0)))",0.0,0.0,0.0,0.0,
F idempotent,"F[1,3]((x>=2 && y>-3))","(F[1,3]((x>=2 && y>-3))) || (F[1,3]((x>=2 && y>-3)))",0.0,0.0,0.0,0.0,
commutative &&,(x>=0) && (y>0),(y>0) && (x>=0),0.0,0.0,0.0,0.0,
U absorbs its invariant,"((y<-2) U[2,4] ((x>-2 && y>-2)))","((y<-2) U[2,4] ((y<-2) && ((x>-2 && y>-2))))",0.0,0.0,0.0,0.0,
U absorbs its invariant,"(((x<=0 && x<-3)) U[2,2] ((x>-2 || (y<-2 && y>=0))))","(((x<=0 && x<-3)) U[2,2] (((x<=0 && x<-3)) && ((x>-2 || (y<-2 && y>=0)))))",0.0,0.0,0.0,0.0,
U tautological,"((((x>=-2 || y<-3) && y<3)) U[1,3] (y<-3))","(((((x>=-2 || y<-3) && y<3)) U[1,3] (y<-3))) && ((y>0) || (y<=0))",0.0,0.0,0.0,0.0,
!G = F!,"!(G[1,2](x<3))","F[1,2](!(x<3))",0.0,0.0,0.0,0.0,
G over &&,"G[0,2](((y>-2 || y<=1)) && ((y<3 || y>2)))","(G[0,2]((y>-2 || y<=1))) && (G[0,2]((y<3 || y>2)))",0.0,0.0,0.0,0.0,
U at a point,"((x>-2) U[0,0] (((y>3 || y>=-3) && x>3)))","(G[0,0](x>-2)) && (G[0,0](((y>3 || y>=-3) && x>3)))",0.0,0.0,0.0,0.0,
nested G collapses,"G[0,1](G[0,1]((x>=-3 || (y<=0 || y<=0))))","G[0,2]((x>=-3 || (y<=0 || y<=0)))",0.0,0.0,0.0,0.0,
idempotent ||,y>3,(y>3) || (y>3),0.0,0.0,0.0,0.0,
commutative &&,(((y>2 || x>-1) || (x>3 || y>=0))) && (((y<3 || x<=0) && (x<2 || x<2))),(((y<3 || x<=0) && (x<2 || x<2))) && (((y>2 || x>-1) || (x>3 || y>=0))),0.0,0.0,0.0,0.0,
U over ||,"((((x<-1 && y>=0) || y>=2)) U[2,3] ((y>2) || (((x<-1 && y>=0) || y>=2))))","(((((x<-1 && y>=0) || y>=2)) U[2,3] (y>2))) || (((((x<-1 && y>=0) || y>=2)) U[2,3] (((x<-1 && y>=0) || y>=2))))",0.0,0.0,9.733138001655946e-14,0.0,
G over &&,"G[0,0]((((y<2 || y>=-2) || (x>2 || x>=-1))) && (y<-1))","(G[0,0](((y<2 || y>=-2) || (x>2 || x>=-1)))) && (G[0,0](y<-1))",0.0,0.0,0.0,0.0,
G absorbs F,"G[1,3]((y<2 || x>2))","(G[1,3]((y<2 || x>2))) && (F[1,3]((y<2 || x>2)))",0.0,0.0,0.0,0.0,
U over ||,"((y>=2) U[2,4] (((y>=-1 || (y<-1 && x>1))) || (y>=2)))","(((y>=2) U[2,4] ((y>=-1 || (y<-1 && x>1))))) || (((y>=2) U[2,4] (y>=2)))",0.0,0.0,0.0,0.0,
G absorbs F,"G[1,1](((x>2 && x<=-1) && y>-1))","(G[1,1](((x>2 && x<=-1) && y>-1))) && (F[1,1](((x>2 && x<=-1) && y>-1)))",0.0,0.0,0.0,0.0,
U at a point,"((x>0) U[0,0] (((y>=2 && y>=0) && y<=2)))","(G[0,0](x>0)) && (G[0,0](((y>=2 && y>=0) && y<=2)))",0.0,0.0,0.0,0.0,
nested F collapses,"F[0,1](F[0,1]((y>=3 || y<0)))","F[0,2]((y>=3 || y<0))",0.0,0.0,0.0,0.0625,
U at a point,"((((y<=-3 && y<=2) || (y<=-2 && x>=2))) U[0,0] (((y<=0 || y<=-3) || x>1)))","(G[0,0](((y<=-3 && y<=2) || (y<=-2 && x>=2)))) && (G[0,0](((y<=0 || y<=-3) || x>1)))",0.0,0.0,0.0,0.0,
temporal absorption,"G[1,1]((x<=-2 || y>3))","(G[1,1]((x<=-2 || y>3))) || ((G[1,1]((x<=-2 || y>3))) && ((x>=3 && (y>=-2 && y<0))))",0.0,0.0,0.0,0.0,
U idempotent,"((y<=-2) U[2,2] (((y<-3 && y>2) && y>=-3)))","(((y<=-2) U[2,2] (((y<-3 && y>2) && y>=-3)))) || (((y<=-2) U[2,2] (((y<-3 && y>2) && y>=-3))))",0.0,0.0,0.0,0.0,
U absorbs its invariant,"(((x<=0 || x<-3)) U[1,3] ((y>3 && y>2)))","(((x<=0 || x<-3)) U[1,3] (((x<=0 || x<-3)) && ((y>3 && y>2))))",0.0,0.0,0.0,0.0,
F = G at a point,"F[3,3](x>0)","G[3,3](x>0)",0.0,0.0,0.0,0.0,
idempotent &&,(x<1 || x>=2),((x<1 || x>=2)) && ((x<1 || x>=2)),0.0,0.0,0.0,0.0,
F idempotent,"F[0,2](x<=1)","(F[0,2](x<=1)) || (F[0,2](x<=1))",0.0,0.0,0.0,0.0,
U absorbs its invariant,"((y<=1) U[0,0] (((x<=-1 || y>=1) && (y<-1 && x<-1))))","((y<=1) U[0,0] ((y<=1) && (((x<=-1 || y>=1) && (y<-1 && x<-1)))))",0.0,0.0,0.0,0.0,
de Morgan ||,!((((y<-1 && y>-2) && y<1)) || (y<=1)),(!(((y<-1 && y>-2) && y<1))) && (!(y<=1)),0.0,0.0,0.0,0.0,
G absorbs F,"G[0,1](y>-1)","(G[0,1](y>-1)) && (F[0,1](y>-1))",0.0,0.0,0.0,0.0,
double negation,((x<3 && x>3) || (x>=1 || x<=0)),!(!(((x<3 && x>3) || (x>=1 || x<=0)))),0.0,0.0,0.0,0.0,
F = G at a point,"F[1,1](((x>0 || y>1) || y>=-3))","G[1,1](((x>0 || y>1) || y>=-3))",0.0,0.0,0.0,0.0,
U at a point,"(((x<=3 && (x>=0 || y>-3))) U[1,1] (((y>=1 || x<=-2) && (x>=-3 && x>=1))))","(G[0,1]((x<=3 && (x>=0 || y>-3)))) && (G[1,1](((y>=1 || x<=-2) && (x>=-3 && x>=1))))",0.0,0.0,0.0,0.0,
idempotent ||,y>=0,(y>=0) || (y>=0),0.0,0.0,0.0,0.0,
U absorbs its invariant,"(((y>=0 && (x<=0 || y<-2))) U[1,2] ((x<=1 || x<=-2)))","(((y>=0 && (x<=0 || y<-2))) U[1,2] (((y>=0 && (x<=0 || y<-2))) && ((x<=1 || x<=-2))))",0.0,0.0,0.0,0.0,
nested F collapses,"F[0,1](F[0,1](x>=-1))","F[0,2](x>=-1)",0.0,0.0,0.0,0.375,
double negation,y>=-2,!(!(y>=-2)),0.0,0.0,0.0,0.0,
U over ||,"((x<=0) U[2,3] (((x<=-1 || y>=1)) || (x<=0)))","(((x<=0) U[2,3] ((x<=-1 || y>=1)))) || (((x<=0) U[2,3] (x<=0)))",0.0,0.0,0.0,0.0,
de Morgan ||,!(((x>=-3 && x<=-2)) || (((x>-3 && y>=1) || (y<-1 && x>=1)))),(!((x>=-3 && x<=-2))) && (!(((x>-3 && y>=1) || (y<-1 && x>=1)))),0.0,0.0,0.0,0.0,
absorption,x<-1,(x<-1) || ((x<-1) && (((y>=-3 || x<=2) && (x>-1 && y>1)))),0.0,0.0,0.0,0.0,
F idempotent,"F[0,1](x>3)","(F[0,1](x>3)) || (F[0,1](x>3))",0.0,0.0,0.0,0.0,
temporal absorption,"G[2,4](x>2)","(G[2,4](x>2)) || ((G[2,4](x>2)) && (x<-2))",0.0,0.0,0.0,0.0,
G idempotent,"G[2,4](y>=-3)","(G[2,4](y>=-3)) && (G[2,4](y>=-3))",0.0,0.0,0.0,0.0,
nested G collapses,"G[0,1](G[0,1](x>-3))","G[0,2](x>-3)",0.0,0.0,0.0,0.0,
F = G at a point,"F[1,1](y>-2)","G[1,1](y>-2)",0.0,0.0,0.0,0.0,
idempotent &&,y<=0,(y<=0) && (y<=0),0.0,0.0,0.0,0.0,
G idempotent,"G[0,1](y>=3)","(G[0,1](y>=3)) && (G[0,1](y>=3))",0.0,0.0,0.0,0.0,
U absorbs its invariant,"((x<=-1) U[1,2] (y>-1))","((x<=-1) U[1,2] ((x<=-1) && (y>-1)))",0.0,0.0,0.0,0.0,
temporal absorption,"G[0,0](x<2)","(G[0,0](x<2)) || ((G[0,0](x<2)) && ((x>0 && (y<3 && x>=-3))))",0.0,0.0,0.0,0.0,
U with a true invariant,"(((y>0) || (y<=0)) U[2,3] (((y<3 && y<=-3) || x>=-1)))","F[2,3](((y<3 && y<=-3) || x>=-1))",0.0,0.0,0.0,0.375,
F idempotent,"F[1,1](x<1)","(F[1,1](x<1)) || (F[1,1](x<1))",0.0,0.0,0.0,0.0,
U over ||,"((y>=-2) U[1,3] ((y<2) || (y>=-2)))","(((y>=-2) U[1,3] (y<2))) || (((y>=-2) U[1,3] (y>=-2)))",0.0,0.0,0.0,0.0,
nested F collapses,"F[0,1](F[0,1]((y<=0 || (y>0 && x>=0))))","F[0,2]((y<=0 || (y>0 && x>=0)))",0.0,0.0,0.0,0.25,
G idempotent,"G[0,2](y>2)","(G[0,2](y>2)) && (G[0,2](y>2))",0.0,0.0,0.0,0.0,
nested F collapses,"F[0,1](F[0,1]((x<=-1 || (x>=0 || y<-3))))","F[0,2]((x<=-1 || (x>=0 || y<-3)))",0.0,0.0,0.0,0.0625,
F over ||,"F[0,1]((((x>=-3 || x>1) && (y<=-3 || y<2))) || ((y<2 || x>-2)))","(F[0,1](((x>=-3 || x>1) && (y<=-3 || y<2)))) || (F[0,1]((y<2 || x>-2)))",0.0,0.0,0.0,0.0,
de Morgan &&,!((y>=2) && (x>2)),(!(y>=2)) || (!(x>2)),0.0,0.0,0.0,0.0,
double negation,((x<=1 || y<=-1) && (x<-3 || y>1)),!(!(((x<=1 || y<=-1) && (x<-3 || y>1)))),0.0,0.0,0.0,0.0,
U absorbs its invariant,"((x>=1) U[0,1] (x>2))","((x>=1) U[0,1] ((x>=1) && (x>2)))",0.0,0.0,0.0,0.0,
!G = F!,"!(G[1,1](((y>2 && y>2) && y>-3)))","F[1,1](!(((y>2 && y>2) && y>-3)))",0.0,0.0,0.0,0.0,
temporal absorption,"G[0,2]((x>-3 && y>=-2))","(G[0,2]((x>-3 && y>=-2))) || ((G[0,2]((x>-3 && y>=-2))) && (((x<3 || y<=-3) || (x<-2 && x>=-2))))",0.0,0.0,0.0,0.0,
idempotent ||,x<=-2,(x<=-2) || (x<=-2),0.0,0.0,0.0,0.0,
distributivity,(y>=3) && ((x>-3) || (y>=3)),((y>=3) && (x>-3)) || ((y>=3) && (y>=3)),0.0,0.0,0.0,0.0,
F = G at a point,"F[0,0](y>1)","G[0,0](y>1)",0.0,0.0,0.0,0.0,
triple &&,y>3,((y>3) && (y>3)) && (y>3),0.0,0.0,0.0,0.0,
U tautological,"((y<=-1) U[2,3] (((y<=3 || x<=-2) || y>=3)))","(((y<=-1) U[2,3] (((y<=3 || x<=-2) || y>=3)))) && ((y>0) || (y<=0))",0.0,0.0,0.0,0.0,
F over ||,"F[1,1](((y>=3 || (y>=3 || y>-1))) || (x>=1))","(F[1,1]((y>=3 || (y>=3 || y>-1)))) || (F[1,1](x>=1))",0.0,0.0,0.0,0.0,
distributivity,(y<=-3) && ((y<=-1) || (y<=-3)),((y<=-3) && (y<=-1)) || ((y<=-3) && (y<=-3)),0.0,0.0,0.0,0.0,
F idempotent,"F[2,2](y<=0)","(F[2,2](y<=0)) || (F[2,2](y<=0))",0.0,0.0,0.0,0.0,
nested F collapses,"F[0,1](F[0,1]((y<=1 || x>-1)))","F[0,2]((y<=1 || x>-1))",0.0,0.0,0.0,0.375,
U tautological,"((((y>=-1 && x<=1) && (y<-2 || x<=-1))) U[1,2] (((y<=-1 || x<=-1) || y<-1)))","(((((y>=-1 && x<=1) && (y<-2 || x<=-1))) U[1,2] (((y<=-1 || x<=-1) || y<-1)))) && ((y>0) || (y<=0))",0.0,0.0,0.0,0.0,
G over &&,"G[2,2](((y<=2 || y<-2)) && (y>2))","(G[2,2]((y<=2 || y<-2))) && (G[2,2](y>2))",0.0,0.0,0.0,0.0,
de Morgan ||,!((x>=-3) || (((x>=2 || x<=-1) || y>=1))),(!(x>=-3)) && (!(((x>=2 || x<=-1) || y>=1))),0.0,0.0,0.0,0.0,
triple &&,(x>0 || x>=3),(((x>0 || x>=3)) && ((x>0 || x>=3))) && ((x>0 || x>=3)),0.0,0.0,0.0,0.0,
idempotent &&,((x>=-1 && x<=2) && (y<=-1 || x>-1)),(((x>=-1 && x<=2) && (y<=-1 || x>-1))) && (((x>=-1 && x<=2) && (y<=-1 || x>-1))),0.0,0.0,0.0,0.0,
U over ||,"((x>=2) U[0,1] ((x>=2) || (x>=2)))","(((x>=2) U[0,1] (x>=2))) || (((x>=2) U[0,1] (x>=2)))",0.0,0.0,0.0,0.0,
nested G collapses,"G[0,1](G[0,1](y>=-2))","G[0,2](y>=-2)",0.0,0.0,0.0,0.0,
!F = G!,"!(F[1,2](x>0))","G[1,2](!(x>0))",0.0,0.0,0.0,0.0,
double negation,(x<-1 || x<0),!(!((x<-1 || x<0))),0.0,0.0,0.0,0.0,
U idempotent,"(((y>-1 || (y>=-3 || x<3))) U[0,0] (((x<=1 || y>2) && y>=-2)))","((((y>-1 || (y>=-3 || x<3))) U[0,0] (((x<=1 || y>2) && y>=-2)))) || ((((y>-1 || (y>=-3 || x<3))) U[0,0] (((x<=1 || y>2) && y>=-2))))",0.0,0.0,0.0,0.0,
de Morgan &&,!((((y<=-1 || y<=3) && (y>-1 || x>=1))) && ((y<=3 || (y<=1 && y<=1)))),(!(((y<=-1 || y<=3) && (y>-1 || x>=1)))) || (!((y<=3 || (y<=1 && y<=1)))),0.0,0.0,0.0,0.0,
de Morgan &&,!((((x<-1 || x<=-3) && y<-1)) && (x>=-3)),(!(((x<-1 || x<=-3) && y<-1))) || (!(x>=-3)),0.0,0.0,0.0,0.0,
nested G collapses,"G[0,1](G[0,1](((x<1 && y>=3) && x>=3)))","G[0,2](((x<1 && y>=3) && x>=3))",0.0,0.0,0.0,0.0,
U idempotent,"(((x<=2 || x>3)) U[0,2] (x<=3))","((((x<=2 || x>3)) U[0,2] (x<=3))) || ((((x<=2 || x>3)) U[0,2] (x<=3)))",0.0,0.0,9.436895709313943e-16,0.0,
distributivity,(((x>=-2 || y<=-3) && (x>-3 && y>=2))) && (((x>3 || y<=-2)) || (((x>=-2 || y<=-3) && (x>-3 && y>=2)))),((((x>=-2 || y<=-3) && (x>-3 && y>=2))) && ((x>3 || y<=-2))) || ((((x>=-2 || y<=-3) && (x>-3 && y>=2))) && (((x>=-2 || y<=-3) && (x>-3 && y>=2)))),0.0,0.0,0.0,0.0,
nested G collapses,"G[0,1](G[0,1](((x<=1 && x<=1) && x<1)))","G[0,2](((x<=1 && x<=1) && x<1))",0.0,0.0,0.0,0.0,
U with a true invariant,"(((y>0) || (y<=0)) U[2,3] (x>=-2))","F[2,3](x>=-2)",0.0,0.0,0.0,0.6111111111111112,
F over ||,"F[0,0](((y<-3 || (x<=-3 && y<=-3))) || (x<-1))","(F[0,0]((y<-3 || (x<=-3 && y<=-3)))) || (F[0,0](x<-1))",0.0,0.0,0.0,0.0,
triple &&,((x<0 || y<3) || (y>=0 || y<=-1)),((((x<0 || y<3) || (y>=0 || y<=-1))) && (((x<0 || y<3) || (y>=0 || y<=-1)))) && (((x<0 || y<3) || (y>=0 || y<=-1))),0.0,0.0,0.0,0.0,
F idempotent,"F[2,3](y>=0)","(F[2,3](y>=0)) || (F[2,3](y>=0))",0.0,0.0,0.0,0.0,
tautological conjunct,((y>=0 && x>2) && (x>=-2 || x>3)),(((y>=0 && x>2) && (x>=-2 || x>3))) && ((y>0) || (y<=0)),0.0,0.0,0.0,0.0,
double negation,y>=0,!(!(y>=0)),0.0,0.0,0.0,0.0,
tautological conjunct,((x>=-2 || x<1) || (x>=1 || x<2)),(((x>=-2 || x<1) || (x>=1 || x<2))) && ((y>0) || (y<=0)),0.0,0.0,0.0,0.0,
de Morgan &&,!((((y>0 || y<=3) && (y>=3 && x<=-3))) && (y<0)),(!(((y>0 || y<=3) && (y>=3 && x<=-3)))) || (!(y<0)),0.0,0.0,0.0,0.0,
distributivity,(y<-3) && ((x<-2) || (y<-3)),((y<-3) && (x<-2)) || ((y<-3) && (y<-3)),0.0,0.0,0.0,0.0,
commutative ||,(x>=-2) || (((x>1 && x<1) && (x>=-3 || x>0))),(((x>1 && x<1) && (x>=-3 || x>0))) || (x>=-2),0.0,0.0,0.0,0.0,
U with a true invariant,"(((y>0) || (y<=0)) U[2,2] ((x<1 && x>-3)))","F[2,2]((x<1 && x>-3))",0.0,0.0,0.0,0.5,
F over ||,"F[0,0]((y<=-3) || ((x<=3 && (y<1 || y>=2))))","(F[0,0](y<=-3)) || (F[0,0]((x<=3 && (y<1 || y>=2))))",0.0,0.0,0.0,0.0,
U tautological,"(((x<-2 || x>3)) U[0,0] ((y<2 || x>=2)))","((((x<-2 || x>3)) U[0,0] ((y<2 || x>=2)))) && ((y>0) || (y<=0))",0.0,0.0,0.0,0.0,
de Morgan ||,!(((y>0 || (x<-2 && y<=1))) || (y>=-3)),(!((y>0 || (x<-2 && y<=1)))) && (!(y>=-3)),0.0,0.0,0.0,0.0,
G absorbs F,"G[1,2](((y<-1 || y>=-2) && x>-1))","(G[1,2](((y<-1 || y>=-2) && x>-1))) && (F[1,2](((y<-1 || y>=-2) && x>-1)))",0.0,0.0,0.0,0.0,
commutative &&,((x>3 && (x>=1 && x>3))) && (((y>-3 || x<=3) && x>-3)),(((y>-3 || x<=3) && x>-3)) && ((x>3 && (x>=1 && x>3))),0.0,0.0,0.0,0.0,
G absorbs F,"G[2,4](((x>0 || x>=-1) || (x>0 && x<=2)))","(G[2,4](((x>0 || x>=-1) || (x>0 && x<=2)))) && (F[2,4](((x>0 || x>=-1) || (x>0 && x<=2))))",0.0,0.0,0.0,0.0,
G over &&,"G[0,1]((x>-1) && (x<3))","(G[0,1](x>-1)) && (G[0,1](x<3))",0.0,0.0,0.0,0.0,
U absorbs its invariant,"((y<=0) U[2,4] ((x>0 && x>2)))","((y<=0) U[2,4] ((y<=0) && ((x>0 && x>2))))",0.0,0.0,0.0,0.0,
triple &&,(y>2 && x<2),(((y>2 && x<2)) && ((y>2 && x<2))) && ((y>2 && x<2)),0.0,0.0,0.0,0.0,
nested F collapses,"F[0,1](F[0,1](y>1))","F[0,2](y>1)",0.0,0.0,0.0,0.125,
!G = F!,"!(G[1,2](y>=1))","F[1,2](!(y>=1))",0.0,0.0,0.0,0.0,
de Morgan &&,!((y<0) && (x>=3)),(!(y<0)) || (!(x>=3)),0.0,0.0,0.0,0.0,
G absorbs F,"G[1,2](((x>2 || x>-2) || (y<=-2 && x>=2)))","(G[1,2](((x>2 || x>-2) || (y<=-2 && x>=2)))) && (F[1,2](((x>2 || x>-2) || (y<=-2 && x>=2))))",0.0,0.0,0.0,0.0,
de Morgan &&,!(((x<2 && x>2)) && ((x<=-2 || x>=-3))),(!((x<2 && x>2))) || (!((x<=-2 || x>=-3))),0.0,0.0,0.0,0.0,
temporal absorption,"G[2,2](((x>=-2 && x<=-3) || y>=0))","(G[2,2](((x>=-2 && x<=-3) || y>=0))) || ((G[2,2](((x>=-2 && x<=-3) || y>=0))) && (x>3))",0.0,0.0,0.0,0.0,
commutative &&,(y<=-2) && ((y<2 || y<=-1)),((y<2 || y<=-1)) && (y<=-2),0.0,0.0,0.0,0.0,
tautological conjunct,x>=1,(x>=1) && ((y>0) || (y<=0)),0.0,0.0,0.0,0.0,
!F = G!,"!(F[0,1]((x<=-1 || (y<=1 && y>=-3))))","G[0,1](!((x<=-1 || (y<=1 && y>=-3))))",0.0,0.0,0.0,0.0,
nested F collapses,"F[0,1](F[0,1](x>=0))","F[0,2](x>=0)",0.0,0.0,0.0,0.25,
G over &&,"G[0,1]((y>1) && (((x>=-3 || x<=-2) || y>0)))","(G[0,1](y>1)) && (G[0,1](((x>=-3 || x<=-2) || y>0)))",0.0,0.0,0.0,0.0,
nested F collapses,"F[0,1](F[0,1](y>2))","F[0,2](y>2)",0.0,0.0,0.0,0.08333333333333331,
commutative ||,(y<-2) || ((y<0 && (y<0 || x>=2))),((y<0 && (y<0 || x>=2))) || (y<-2),0.0,0.0,0.0,0.0,
tautological conjunct,y>1,(y>1) && ((y>0) || (y<=0)),0.0,0.0,0.0,0.0,
nested F collapses,"F[0,1](F[0,1](x>0))","F[0,2](x>0)",0.0,0.0,0.0,0.25,
commutative &&,((y>-1 || x>2)) && ((y<=2 && x>3)),((y<=2 && x>3)) && ((y>-1 || x>2)),0.0,0.0,0.0,0.0,
idempotent ||,y<-1,(y<-1) || (y<-1),0.0,0.0,0.0,0.0,
de Morgan &&,!(((x<=1 && x<=-2)) && (y<1)),(!((x<=1 && x<=-2))) || (!(y<1)),0.0,0.0,0.0,0.0,
U tautological,"(((y>=-1 && y>-3)) U[0,2] ((x>=0 && x<2)))","((((y>=-1 && y>-3)) U[0,2] ((x>=0 && x<2)))) && ((y>0) || (y<=0))",0.0,0.0,0.0,0.0,
nested F collapses,"F[0,1](F[0,1](y>=-1))","F[0,2](y>=-1)",0.0,0.0,0.0,0.375,
de Morgan &&,!((x>3) && (x<0)),(!(x>3)) || (!(x<0)),0.0,0.0,0.0,0.0,
G absorbs F,"G[0,2](y<-1)","(G[0,2](y<-1)) && (F[0,2](y<-1))",0.0,0.0,0.0,0.0,
nested F collapses,"F[0,1](F[0,1](x>0))","F[0,2](x>0)",0.0,0.0,0.0,0.25,
!F = G!,"!(F[1,2](y<-2))","G[1,2](!(y<-2))",0.0,0.0,0.0,0.0,
nested F collapses,"F[0,1](F[0,1](x<=1))","F[0,2](x<=1)",0.0,0.0,0.0,0.375,
tautological conjunct,(x>0 || (y>0 || x<=2)),((x>0 || (y>0 || x<=2))) && ((y>0) || (y<=0)),0.0,0.0,0.0,0.0,
absorption,(y<=3 || x<=-1),((y<=3 || x<=-1)) || (((y<=3 || x<=-1)) && (y>=1)),0.0,0.0,0.0,0.0,
U idempotent,"((x<-2) U[2,3] (y>0))","(((x<-2) U[2,3] (y>0))) || (((x<-2) U[2,3] (y>0)))",0.0,0.0,0.0,0.0,
tautological conjunct,((x>3 || y>=-3) || y<-3),(((x>3 || y>=-3) || y<-3)) && ((y>0) || (y<=0)),0.0,0.0,0.0,0.0,
de Morgan &&,!((((y<2 || y>=0) || x>-2)) && ((x>=0 && (y>-1 && y>=-3)))),(!(((y<2 || y>=0) || x>-2))) || (!((x>=0 && (y>-1 && y>=-3)))),0.0,0.0,0.0,0.0,
double negation,(x>=2 || y>-3),!(!((x>=2 || y>-3))),0.0,0.0,0.0,0.0,
!F = G!,"!(F[2,3]((y<2 && (y<2 && x>=1))))","G[2,3](!((y<2 && (y<2 && x>=1))))",0.0,0.0,0.0,0.0,
double negation,y>=2,!(!(y>=2)),0.0,0.0,0.0,0.0,
F = G at a point,"F[2,2]((x>=-1 && (y<-1 || x>-1)))","G[2,2]((x>=-1 && (y<-1 || x>-1)))",0.0,0.0,0.0,0.0,
G idempotent,"G[2,2](((y<0 && x<0) && x>=2))","(G[2,2](((y<0 && x<0) && x>=2))) && (G[2,2](((y<0 && x<0) && x>=2)))",0.0,0.0,0.0,0.0,
G idempotent,"G[2,3]((y>2 || x>0))","(G[2,3]((y>2 || x>0))) && (G[2,3]((y>2 || x>0)))",0.0,0.0,0.0,0.0,
U tautological,"((((x>-2 || x>1) || (x>=0 || x>=0))) U[2,3] (y<2))","(((((x>-2 || x>1) || (x>=0 || x>=0))) U[2,3] (y<2))) && ((y>0) || (y<=0))",0.0,0.0,0.0,0.0,
G idempotent,"G[1,1](y<=-3)","(G[1,1](y<=-3)) && (G[1,1](y<=-3))",0.0,0.0,0.0,0.0,
F over ||,"F[2,2]((((y<-2 || x>1) && (y<1 || x<-2))) || (((x<=1 || x>=0) || (x>=1 && y<-1))))","(F[2,2](((y<-2 || x>1) && (y<1 || x<-2)))) || (F[2,2](((x<=1 || x>=0) || (x>=1 && y<-1))))",0.0,0.0,0.0,0.0,
de Morgan &&,!((x>=-2) && (x<3)),(!(x>=-2)) || (!(x<3)),0.0,0.0,0.0,0.0,
U absorbs its invariant,"((y<-3) U[1,1] ((x<2 || x>-3)))","((y<-3) U[1,1] ((y<-3) && ((x<2 || x>-3))))",0.0,0.0,0.0,0.0,
commutative &&,((y>-2 && (x>=3 || y<3))) && ((x>=-3 && y<=-3)),((x>=-3 && y<=-3)) && ((y>-2 && (x>=3 || y<3))),0.0,0.0,0.0,0.0,
nested F collapses,"F[0,1](F[0,1](y<0))","F[0,2](y<0)",0.0,0.0,0.0,0.25,
temporal absorption,"G[0,2](((y<1 || y>=-2) && x>-3))","(G[0,2](((y<1 || y>=-2) && x>-3))) || ((G[0,2](((y<1 || y>=-2) && x>-3))) && ((y>=1 && (y>2 && x<=-2))))",0.0,0.0,0.0,0.0,
double negation,((y<=1 || y>=-2) && y<1),!(!(((y<=1 || y>=-2) && y<1))),0.0,0.0,0.0,0.0,
de Morgan ||,!(((x>=1 && x>3)) || (((x>=-3 || y>-2) && x<2))),(!((x>=1 && x>3))) && (!(((x>=-3 || y>-2) && x<2))),0.0,0.0,0.0,0.0,
de Morgan &&,!((((x>-3 || x<=0) && x>=1)) && (((x<=-1 || y<0) && (x<=-3 && x<=-2)))),(!(((x>-3 || x<=0) && x>=1))) || (!(((x<=-1 || y<0) && (x<=-3 && x<=-2)))),0.0,0.0,0.0,0.0,
commutative ||,(y>=-3) || (((y>0 || y>2) && (y<=3 || y>=-2))),(((y>0 || y>2) && (y<=3 || y>=-2))) || (y>=-3),0.0,0.0,0.0,0.0,
F = G at a point,"F[1,1](y<=2)","G[1,1](y<=2)",0.0,0.0,0.0,0.0,
idempotent ||,((x>3 || y<-1) && x>=1),(((x>3 || y<-1) && x>=1)) || (((x>3 || y<-1) && x>=1)),0.0,0.0,0.0,0.0,
nested F collapses,"F[0,1](F[0,1](x<=-2))","F[0,2](x<=-2)",0.0,0.0,0.0,0.08333333333333333,
de Morgan ||,!((y<-3) || (y>=-1)),(!(y<-3)) && (!(y>=-1)),0.0,0.0,0.0,0.0,
U with a true invariant,"(((y>0) || (y<=0)) U[0,2] (y<=-2))","F[0,2](y<=-2)",0.0,0.0,0.0,0.08333333333333333,
distributivity,((x>3 || (x<-2 || x>1))) && ((((x<=-1 || x<3) && x<1)) || ((x>3 || (x<-2 || x>1)))),(((x>3 || (x<-2 || x>1))) && (((x<=-1 || x<3) && x<1))) || (((x>3 || (x<-2 || x>1))) && ((x>3 || (x<-2 || x>1)))),0.0,0.0,0.0,0.0,
F over ||,"F[1,1]((x<=1) || (x<=3))","(F[1,1](x<=1)) || (F[1,1](x<=3))",0.0,0.0,0.0,0.0,
U absorbs its invariant,"((((y>-1 || y>=3) && y>2)) U[0,0] ((x>-2 || y<-3)))","((((y>-1 || y>=3) && y>2)) U[0,0] ((((y>-1 || y>=3) && y>2)) && ((x>-2 || y<-3))))",0.0,0.0,0.0,0.0,
tautological conjunct,x>=0,(x>=0) && ((y>0) || (y<=0)),0.0,0.0,0.0,0.0,
de Morgan &&,!((y>-2) && (((y<3 && y<-2) || (y<=-1 || x>=-1)))),(!(y>-2)) || (!(((y<3 && y<-2) || (y<=-1 || x>=-1)))),0.0,0.0,0.0,0.0,
idempotent &&,x>=2,(x>=2) && (x>=2),0.0,0.0,0.0,0.0,
!F = G!,"!(F[2,2](((x>=-3 || y>-2) && (x<=-1 && x<-1))))","G[2,2](!(((x>=-3 || y>-2) && (x<=-1 && x<-1))))",0.0,0.0,0.0,0.0,
tautological conjunct,((x<3 || x>3) && (x<-2 && x>=2)),(((x<3 || x>3) && (x<-2 && x>=2))) && ((y>0) || (y<=0)),0.0,0.0,0.0,0.0,
distributivity,((x>-2 || y>=-3)) && ((((y<=1 || y<=-3) && (y<=-3 && y<2))) || ((x>-2 || y>=-3))),(((x>-2 || y>=-3)) && (((y<=1 || y<=-3) && (y<=-3 && y<2)))) || (((x>-2 || y>=-3)) && ((x>-2 || y>=-3))),0.0,0.0,0.0,0.0,
U absorbs its invariant,"((y>=-1) U[2,4] (x<=0))","((y>=-1) U[2,4] ((y>=-1) && (x<=0)))",0.0,0.0,0.0,0.0,
U absorbs its invariant,"((y>=3) U[0,1] (y>=-2))","((y>=3) U[0,1] ((y>=3) && (y>=-2)))",0.0,0.0,0.0,0.0,
F over ||,"F[2,2]((((x>-1 || y>=-1) && y<=-1)) || (y>=-1))","(F[2,2](((x>-1 || y>=-1) && y<=-1))) || (F[2,2](y>=-1))",0.0,0.0,0.0,0.0,
F over ||,"F[0,1]((((y>3 || y<=1) || x<-1)) || (((y>-3 && x<=0) || y<2)))","(F[0,1](((y>3 || y<=1) || x<-1))) || (F[0,1](((y>-3 && x<=0) || y<2)))",0.0,0.0,0.0,0.0,
idempotent &&,x>-1,(x>-1) && (x>-1),0.0,0.0,0.0,0.0,
commutative ||,(((x>=3 || y<-1) || y>=1)) || ((y<=1 && (y>=-3 && x>=-2))),((y<=1 && (y>=-3 && x>=-2))) || (((x>=3 || y<-1) || y>=1)),0.0,0.0,0.0,0.0,
commutative &&,(((x>=2 && y<=1) && y>=2)) && (((x>3 || y<-2) || (y>=2 && x<=3))),(((x>3 || y<-2) || (y>=2 && x<=3))) && (((x>=2 && y<=1) && y>=2)),0.0,0.0,0.0,0.0,
nested G collapses,"G[0,1](G[0,1](((x<-1 && x<=-2) && x<2)))","G[0,2](((x<-1 && x<=-2) && x<2))",0.0,0.0,0.0,0.0,
U absorbs its invariant,"(((x>=-3 || (x>=0 || y<3))) U[2,3] (((y<=3 || x<=-3) && y>-3)))","(((x>=-3 || (x>=0 || y<3))) U[2,3] (((x>=-3 || (x>=0 || y<3))) && (((y<=3 || x<=-3) && y>-3))))",0.0,0.0,0.0,0.0,
U absorbs its invariant,"((x<=1) U[2,2] ((y>=-1 && y>=3)))","((x<=1) U[2,2] ((x<=1) && ((y>=-1 && y>=3))))",0.0,0.0,0.0,0.0,
de Morgan &&,!(((y<=-1 && x<=-2)) && (y<=-3)),(!((y<=-1 && x<=-2))) || (!(y<=-3)),0.0,0.0,0.0,0.0,
absorption,(y<=3 || (x<=2 || x>-3)),((y<=3 || (x<=2 || x>-3))) || (((y<=3 || (x<=2 || x>-3))) && (x>=-3)),0.0,0.0,0.0,0.0,
U idempotent,"((x>-1) U[0,1] ((y>=-2 || x<=1)))","(((x>-1) U[0,1] ((y>=-2 || x<=1)))) || (((x>-1) U[0,1] ((y>=-2 || x<=1))))",0.0,0.0,0.0,0.0,
U tautological,"((x>-1) U[1,2] ((y<=3 && (y<0 && y>-2))))","(((x>-1) U[1,2] ((y<=3 && (y<0 && y>-2))))) && ((y>0) || (y<=0))",0.0,0.0,0.0,0.0,
triple &&,x>=2,((x>=2) && (x>=2)) && (x>=2),0.0,0.0,0.0,0.0,
commutative &&,((y>=2 && x<-2)) && (y<-2),(y<-2) && ((y>=2 && x<-2)),0.0,0.0,0.0,0.0,
F idempotent,"F[1,1](x<-2)","(F[1,1](x<-2)) || (F[1,1](x<-2))",0.0,0.0,0.0,0.0,
F over ||,"F[2,3]((((y>2 && y>-3) && y<=3)) || (x<2))","(F[2,3](((y>2 && y>-3) && y<=3))) || (F[2,3](x<2))",0.0,0.0,0.0,0.0,
U over ||,"((x>3) U[2,2] (((x>=2 || x>=3)) || (x>3)))","(((x>3) U[2,2] ((x>=2 || x>=3)))) || (((x>3) U[2,2] (x>3)))",0.0,0.0,0.0,0.0,
F idempotent,"F[0,0](((x<=1 || x<=2) || x>-3))","(F[0,0](((x<=1 || x<=2) || x>-3))) || (F[0,0](((x<=1 || x<=2) || x>-3)))",0.0,0.0,0.0,0.0,
G idempotent,"G[2,3](y>=0)","(G[2,3](y>=0)) && (G[2,3](y>=0))",0.0,0.0,0.0,0.0,
F = G at a point,"F[0,0](((x<=0 && x>0) && y<-2))","G[0,0](((x<=0 && x>0) && y<-2))",0.0,0.0,0.0,0.0,
de Morgan &&,!((y<-1) && ((x>1 && (x<=3 && y<0)))),(!(y<-1)) || (!((x>1 && (x<=3 && y<0)))),0.0,0.0,0.0,0.0,
!G = F!,"!(G[0,2](y<=-3))","F[0,2](!(y<=-3))",0.0,0.0,0.0,0.0,
U at a point,"((y<=-1) U[3,3] (((x>=-2 || y>=-2) || y>-2)))","(G[0,3](y<=-1)) && (G[3,3](((x>=-2 || y>=-2) || y>-2)))",0.0,0.0,0.0,0.0,
G over &&,"G[0,1]((y<=1) && (((y>-1 && y<=-2) && x<=1)))","(G[0,1](y<=1)) && (G[0,1](((y>-1 && y<=-2) && x<=1)))",0.0,0.0,0.0,0.0,
commutative &&,(y<=1) && ((x>=0 || y<=-3)),((x>=0 || y<=-3)) && (y<=1),0.0,0.0,0.0,0.0,
nested F collapses,"F[0,1](F[0,1]((x<=3 || (x<2 || x<=0))))","F[0,2]((x<=3 || (x<2 || x<=0)))",0.0,0.0,0.0,0.25,
G idempotent,"G[0,1]((x>=2 || (x>=2 || x<=1)))","(G[0,1]((x>=2 || (x>=2 || x<=1)))) && (G[0,1]((x>=2 || (x>=2 || x<=1))))",0.0,0.0,0.0,0.0,
F idempotent,"F[1,2](x<2)","(F[1,2](x<2)) || (F[1,2](x<2))",0.0,0.0,0.0,0.0,
F = G at a point,"F[3,3](y>=3)","G[3,3](y>=3)",0.0,0.0,0.0,0.0,
triple &&,y<3,((y<3) && (y<3)) && (y<3),0.0,0.0,0.0,0.0,
idempotent &&,((y<-2 || y<-1) && (x<-2 && x>1)),(((y<-2 || y<-1) && (x<-2 && x>1))) && (((y<-2 || y<-1) && (x<-2 && x>1))),0.0,0.0,0.0,0.0,
F over ||,"F[1,2]((y<=-2) || (((y<=0 || x>=1) || (x<=3 && x<-2))))","(F[1,2](y<=-2)) || (F[1,2](((y<=0 || x>=1) || (x<=3 && x<-2))))",0.0,0.0,0.0,0.0,
G idempotent,"G[0,2]((x<=1 && y<=1))","(G[0,2]((x<=1 && y<=1))) && (G[0,2]((x<=1 && y<=1)))",0.0,0.0,0.0,0.0,
nested F collapses,"F[0,1](F[0,1](x<=1))","F[0,2](x<=1)",0.0,0.0,0.0,0.375,
U tautological,"((y<0) U[2,2] (x<=-3))","(((y<0) U[2,2] (x<=-3))) && ((y>0) || (y<=0))",0.0,0.0,0.0,0.0,
F over ||,"F[1,2](((y<=-2 || y<=-3)) || ((x<1 && x>-2)))","(F[1,2]((y<=-2 || y<=-3))) || (F[1,2]((x<1 && x>-2)))",0.0,0.0,0.0,0.0,
nested F collapses,"F[0,1](F[0,1]((y>=0 && (x>3 && y<0))))","F[0,2]((y>=0 && (x>3 && y<0)))",0.0,0.0,0.0,0.0625,
U with a true invariant,"(((y>0) || (y<=0)) U[1,3] (y<=2))","F[1,3](y<=2)",0.0,0.0,0.0,0.27777777777777785,
nested F collapses,"F[0,1](F[0,1]((x<-2 && (y<=-2 || x>-3))))","F[0,2]((x<-2 && (y<=-2 || x>-3)))",0.0,0.0,0.0,0.0625,
commutative ||,(x>-2) || (x>=3),(x>=3) || (x>-2),0.0,0.0,0.0,0.0,
G absorbs F,"G[2,4](y<2)","(G[2,4](y<2)) && (F[2,4](y<2))",0.0,0.0,0.0,0.0,
idempotent ||,((x>3 && y>=-2) && (y>3 || x>2)),(((x>3 && y>=-2) && (y>3 || x>2))) || (((x>3 && y>=-2) && (y>3 || x>2))),0.0,0.0,0.0,0.0,
U idempotent,"((y<=-3) U[0,1] ((y>-3 && (x<-1 && x<=-2))))","(((y<=-3) U[0,1] ((y>-3 && (x<-1 && x<=-2))))) || (((y<=-3) U[0,1] ((y>-3 && (x<-1 && x<=-2)))))",0.0,0.0,0.0,0.0,
U tautological,"((((y<-1 || y<=3) || x<0)) U[0,1] ((x<2 && (x>=1 && x>=-3))))","(((((y<-1 || y<=3) || x<0)) U[0,1] ((x<2 && (x>=1 && x>=-3))))) && ((y>0) || (y<=0))",0.0,0.0,0.0,0.0,
F over ||,"F[2,2]((x<=0) || (x>2))","(F[2,2](x<=0)) || (F[2,2](x>2))",0.0,0.0,0.0,0.0,
G idempotent,"G[0,2](((x<1 || x>=-1) || (y>=-3 && x>-1)))","(G[0,2](((x<1 || x>=-1) || (y>=-3 && x>-1)))) && (G[0,2](((x<1 || x>=-1) || (y>=-3 && x>-1))))",0.0,0.0,0.0,0.0,
G absorbs F,"G[1,3](((y<-2 && y<1) || (x>0 || x<-2)))","(G[1,3](((y<-2 && y<1) || (x>0 || x<-2)))) && (F[1,3](((y<-2 && y<1) || (x>0 || x<-2))))",0.0,0.0,0.0,0.0,
F = G at a point,"F[1,1](y<3)","G[1,1](y<3)",0.0,0.0,0.0,0.0,
U tautological,"((x>1) U[0,1] (((x>1 && y>=-2) || x<=2)))","(((x>1) U[0,1] (((x>1 && y>=-2) || x<=2)))) && ((y>0) || (y<=0))",0.0,0.0,0.0,0.0,
!G = F!,"!(G[2,2](((x>0 || y>=2) || (y>=1 || x>=-3))))","F[2,2](!(((x>0 || y>=2) || (y>=1 || x>=-3))))",0.0,0.0,0.0,0.0,
temporal absorption,"G[2,4]((x>=2 || x>2))","(G[2,4]((x>=2 || x>2))) || ((G[2,4]((x>=2 || x>2))) && (((x>=1 && y<-1) || y>2)))",0.0,0.0,0.0,0.0,
commutative ||,(((y>=-1 && y>2) || y>=3)) || (x>3),(x>3) || (((y>=-1 && y>2) || y>=3)),0.0,0.0,0.0,0.0,
double negation,x<=0,!(!(x<=0)),0.0,0.0,0.0,0.0,
absorption,((y>0 || x>0) || (x<=1 || y<=2)),(((y>0 || x>0) || (x<=1 || y<=2))) || ((((y>0 || x>0) || (x<=1 || y<=2))) && (((x>=-2 || x<-2) && (y<0 && y<=1)))),0.0,0.0,0.0,0.0,
U over ||,"((((y>=0 || y>-2) && x>3)) U[0,1] ((((y<=-3 || y<-2) || (y<=-1 && x>-3))) || (((y>=0 || y>-2) && x>3))))","(((((y>=0 || y>-2) && x>3)) U[0,1] (((y<=-3 || y<-2) || (y<=-1 && x>-3))))) || (((((y>=0 || y>-2) && x>3)) U[0,1] (((y>=0 || y>-2) && x>3))))",0.0,0.0,0.0,0.0,
U at a point,"((((x>=-3 && x>=3) && (x>=-3 && x>=0))) U[1,1] ((y>=-3 && x<3)))","(G[0,1](((x>=-3 && x>=3) && (x>=-3 && x>=0)))) && (G[1,1]((y>=-3 && x<3)))",0.0,0.0,0.0,0.0,
nested F collapses,"F[0,1](F[0,1](x>0))","F[0,2](x>0)",0.0,0.0,0.0,0.25,
F = G at a point,"F[1,1](((x>-2 || y<=-2) || (x<2 || y<-2)))","G[1,1](((x>-2 || y<=-2) || (x<2 || y<-2)))",0.0,0.0,0.0,0.0,
F idempotent,"F[2,2](((y<0 && x<2) && (y<-1 || y>2)))","(F[2,2](((y<0 && x<2) && (y<-1 || y>2)))) || (F[2,2](((y<0 && x<2) && (y<-1 || y>2))))",0.0,0.0,0.0,0.0,
U over ||,"((((x>=1 && x<=-1) && x>=2)) U[2,3] ((y<3) || (((x>=1 && x<=-1) && x>=2))))","(((((x>=1 && x<=-1) && x>=2)) U[2,3] (y<3))) || (((((x>=1 && x<=-1) && x>=2)) U[2,3] (((x>=1 && x<=-1) && x>=2))))",0.0,0.0,0.0,0.0,
triple &&,(y>=-3 || (y<-2 || y>3)),(((y>=-3 || (y<-2 || y>3))) && ((y>=-3 || (y<-2 || y>3)))) && ((y>=-3 || (y<-2 || y>3))),0.0,0.0,0.0,0.0,
U absorbs its invariant,"((((x<=1 && x<-1) || (x<1 && y<=1))) U[1,3] (y>=-1))","((((x<=1 && x<-1) || (x<1 && y<=1))) U[1,3] ((((x<=1 && x<-1) || (x<1 && y<=1))) && (y>=-1)))",0.0,0.0,0.0,0.0,
absorption,y>0,(y>0) || ((y>0) && (x>-3)),0.0,0.0,0.0,0.0,
F idempotent,"F[1,1](((y>3 && y<=-1) || x>1))","(F[1,1](((y>3 && y<=-1) || x>1))) || (F[1,1](((y>3 && y<=-1) || x>1)))",0.0,0.0,0.0,0.0,
U absorbs its invariant,"((((x<=0 && x>-1) || (x<=0 || x>0))) U[2,4] (y>0))","((((x<=0 && x>-1) || (x<=0 || x>0))) U[2,4] ((((x<=0 && x>-1) || (x<=0 || x>0))) && (y>0)))",0.0,0.0,0.0,0.0,
commutative &&,(x>0) && (x<-1),(x<-1) && (x>0),0.0,0.0,0.0,0.0,
tautological conjunct,(y>3 || (y<-1 && y<-3)),((y>3 || (y<-1 && y<-3))) && ((y>0) || (y<=0)),0.0,0.0,0.0,0.0,
!G = F!,"!(G[1,1](((x<=3 && x>1) || (y<3 || x<=-2))))","F[1,1](!(((x<=3 && x>1) || (y<3 || x<=-2))))",0.0,0.0,0.0,0.0,
U over ||,"((((y>0 || x>=-3) && y>-2)) U[2,3] ((x<1) || (((y>0 || x>=-3) && y>-2))))","(((((y>0 || x>=-3) && y>-2)) U[2,3] (x<1))) || (((((y>0 || x>=-3) && y>-2)) U[2,3] (((y>0 || x>=-3) && y>-2))))",0.0,0.0,0.0,0.0,
G absorbs F,"G[2,4](x<0)","(G[2,4](x<0)) && (F[2,4](x<0))",0.0,0.0,0.0,0.0,
commutative &&,(x>-3) && (((y>=2 || y>=-3) || (y<=-3 && y>=3))),(((y>=2 || y>=-3) || (y<=-3 && y>=3))) && (x>-3),0.0,0.0,0.0,0.0,
!F = G!,"!(F[1,3](y>-2))","G[1,3](!(y>-2))",0.0,0.0,0.0,0.0,
idempotent &&,y<=-3,(y<=-3) && (y<=-3),0.0,0.0,0.0,0.0,
U idempotent,"((x>=-3) U[0,1] ((y<2 || x<=-1)))","(((x>=-3) U[0,1] ((y<2 || x<=-1)))) || (((x>=-3) U[0,1] ((y<2 || x<=-1))))",0.0,0.0,0.0,0.0,
G idempotent,"G[1,1](y>-1)","(G[1,1](y>-1)) && (G[1,1](y>-1))",0.0,0.0,0.0,0.0,
triple &&,(x<2 && (y<=0 || x<2)),(((x<2 && (y<=0 || x<2))) && ((x<2 && (y<=0 || x<2)))) && ((x<2 && (y<=0 || x<2))),0.0,0.0,0.0,0.0,
commutative &&,(((y<-2 || x<=2) || (y>=-1 || x>=1))) && ((x>0 && (y>=2 && x<=2))),((x>0 && (y>=2 && x<=2))) && (((y<-2 || x<=2) || (y>=-1 || x>=1))),0.0,0.0,0.0,0.0,
!G = F!,"!(G[0,2](y<=-3))","F[0,2](!(y<=-3))",0.0,0.0,0.0,0.0,
idempotent ||,(y>=0 || y>=-3),((y>=0 || y>=-3)) || ((y>=0 || y>=-3)),0.0,0.0,0.0,0.0,
idempotent &&,(y>=1 || (x<=-2 || y>=0)),((y>=1 || (x<=-2 || y>=0))) && ((y>=1 || (x<=-2 || y>=0))),0.0,0.0,0.0,0.0,
commutative ||,(((x>=-1 || y<0) && (y>=2 && y>=-1))) || (y<2),(y<2) || (((x>=-1 || y<0) && (y>=2 && y>=-1))),0.0,0.0,0.0,0.0,
U at a point,"((((y<2 && x<=1) && y<2)) U[2,2] (y>=1))","(G[0,2](((y<2 && x<=1) && y<2))) && (G[2,2](y>=1))",0.0,0.0,0.0,0.0,
de Morgan ||,!((y>=1) || (((x<=-1 || x<=-1) || x<2))),(!(y>=1)) && (!(((x<=-1 || x<=-1) || x<2))),0.0,0.0,0.0,0.0,
F = G at a point,"F[2,2]((x>-1 && y>1))","G[2,2]((x>-1 && y>1))",0.0,0.0,0.0,0.0,
tautological conjunct,((y>3 && y<-1) && x>=-3),(((y>3 && y<-1) && x>=-3)) && ((y>0) || (y<=0)),0.0,0.0,0.0,0.0,
U over ||,"((x>=3) U[2,2] ((y>-3) || (x>=3)))","(((x>=3) U[2,2] (y>-3))) || (((x>=3) U[2,2] (x>=3)))",0.0,0.0,0.0,0.0,
F = G at a point,"F[2,2](((x>-1 && y<-3) || (y>1 || y<-1)))","G[2,2](((x>-1 && y<-3) || (y>1 || y<-1)))",0.0,0.0,0.0,0.0,
de Morgan ||,!(((x>=1 && x<=-3)) || (x<0)),(!((x>=1 && x<=-3))) && (!(x<0)),0.0,0.0,0.0,0.0,
idempotent ||,(x>=1 && x<-1),((x>=1 && x<-1)) || ((x>=1 && x<-1)),0.0,0.0,0.0,0.0,
!F = G!,"!(F[2,2](x>-3))","G[2,2](!(x>-3))",0.0,0.0,0.0,0.0,
!G = F!,"!(G[1,1]((y<-2 && x<-1)))","F[1,1](!((y<-2 && x<-1)))",0.0,0.0,0.0,0.0,
U absorbs its invariant,"((y>=2) U[1,3] ((y>-3 || x<3)))","((y>=2) U[1,3] ((y>=2) && ((y>-3 || x<3))))",0.0,0.0,0.0,0.0,
U absorbs its invariant,"((y<=-3) U[1,2] ((x>=-3 || y<=0)))","((y<=-3) U[1,2] ((y<=-3) && ((x>=-3 || y<=0))))",0.0,0.0,0.0,0.0,
F over ||,"F[1,2](((y<=2 && y<-2)) || (x>-1))","(F[1,2]((y<=2 && y<-2))) || (F[1,2](x>-1))",0.0,0.0,0.0,0.0,
tautological conjunct,x>-2,(x>-2) && ((y>0) || (y<=0)),0.0,0.0,0.0,0.0,
F over ||,"F[1,1]((y>=-2) || ((y<=-1 && (x<0 && x>=-3))))","(F[1,1](y>=-2)) || (F[1,1]((y<=-1 && (x<0 && x>=-3))))",0.0,0.0,0.0,0.0,
triple &&,(y<=1 && (y<0 && y>-3)),(((y<=1 && (y<0 && y>-3))) && ((y<=1 && (y<0 && y>-3)))) && ((y<=1 && (y<0 && y>-3))),0.0,0.0,0.0,0.0,
U absorbs its invariant,"((((x<-1 || x<2) || (x>=1 && x<0))) U[2,2] (y<=3))","((((x<-1 || x<2) || (x>=1 && x<0))) U[2,2] ((((x<-1 || x<2) || (x>=1 && x<0))) && (y<=3)))",0.0,0.0,0.0,0.0,
!G = F!,"!(G[2,2](x>-1))","F[2,2](!(x>-1))",0.0,0.0,0.0,0.0,
U with a true invariant,"(((y>0) || (y<=0)) U[1,3] (x>=-3))","F[1,3](x>=-3)",0.0,0.0,0.0,0.4583333333333333,
idempotent &&,y<=-2,(y<=-2) && (y<=-2),0.0,0.0,0.0,0.0,
nested G collapses,"G[0,1](G[0,1](((y>-3 && x<=2) && y<1)))","G[0,2](((y>-3 && x<=2) && y<1))",0.0,0.0,0.0,0.0,
commutative &&,(((x<-2 && x<2) && y>-1)) && ((x>-1 || x<3)),((x>-1 || x<3)) && (((x<-2 && x<2) && y>-1)),0.0,0.0,0.0,0.0,
nested G collapses,"G[0,1](G[0,1]((y<1 && y<-1)))","G[0,2]((y<1 && y<-1))",0.0,0.0,0.0,0.0,
absorption,x>-2,(x>-2) || ((x>-2) && (x>=2)),0.0,0.0,0.0,0.0,
distributivity,(x<0) && ((((x<=-1 && x<=-2) || x<0)) || (x<0)),((x<0) && (((x<=-1 && x<=-2) || x<0))) || ((x<0) && (x<0)),0.0,0.0,0.0,0.0,
commutative &&,(y>0) && (((y>=-3 && x<2) || (y>=-3 && y>=-3))),(((y>=-3 && x<2) || (y>=-3 && y>=-3))) && (y>0),0.0,0.0,0.0,0.0,
nested F collapses,"F[0,1](F[0,1](x>=0))","F[0,2](x>=0)",0.0,0.0,0.0,0.25,
U absorbs its invariant,"((x>=0) U[2,4] (x<=-3))","((x>=0) U[2,4] ((x>=0) && (x<=-3)))",0.0,0.0,0.0,0.0,
absorption,(y<=0 || x<-1),((y<=0 || x<-1)) || (((y<=0 || x<-1)) && (y>=-1)),0.0,0.0,0.0,0.0,
distributivity,(((x>=-1 && y<=3) || (x>=0 && x<-2))) && ((((y>=2 || x>=1) || y>=0)) || (((x>=-1 && y<=3) || (x>=0 && x<-2)))),((((x>=-1 && y<=3) || (x>=0 && x<-2))) && (((y>=2 || x>=1) || y>=0))) || ((((x>=-1 && y<=3) || (x>=0 && x<-2))) && (((x>=-1 && y<=3) || (x>=0 && x<-2)))),0.0,0.0,0.0,0.0,
de Morgan &&,!((y>1) && (y<=-3)),(!(y>1)) || (!(y<=-3)),0.0,0.0,0.0,0.0,
!F = G!,"!(F[0,0](x<=-3))","G[0,0](!(x<=-3))",0.0,0.0,0.0,0.0,
U idempotent,"(((x<3 && y>0)) U[2,2] (y>-3))","((((x<3 && y>0)) U[2,2] (y>-3))) || ((((x<3 && y>0)) U[2,2] (y>-3)))",0.0,0.0,0.0,0.0,
!F = G!,"!(F[0,2](y>=0))","G[0,2](!(y>=0))",0.0,0.0,0.0,0.0,
triple &&,y<=3,((y<=3) && (y<=3)) && (y<=3),0.0,0.0,0.0,0.0,
idempotent &&,x<=-3,(x<=-3) && (x<=-3),0.0,0.0,0.0,0.0,
U absorbs its invariant,"((((x<=1 || x>=-2) || (y<-3 && x<-1))) U[0,1] (((y<=-3 && x<=-3) || (y>0 && y<=2))))","((((x<=1 || x>=-2) || (y<-3 && x<-1))) U[0,1] ((((x<=1 || x>=-2) || (y<-3 && x<-1))) && (((y<=-3 && x<=-3) || (y>0 && y<=2)))))",0.0,0.0,0.0,0.0,
idempotent &&,y<0,(y<0) && (y<0),0.0,0.0,0.0,0.0,
nested F collapses,"F[0,1](F[0,1]((x>=2 && (x>-2 && x>0))))","F[0,2]((x>=2 && (x>-2 && x>0)))",0.0,0.0,0.0,0.08333333333333331,
double negation,y>2,!(!(y>2)),0.0,0.0,0.0,0.0,
nested G collapses,"G[0,1](G[0,1](y>0))","G[0,2](y>0)",0.0,0.0,0.0,0.0,
double negation,x<0,!(!(x<0)),0.0,0.0,0.0,0.0,
!F = G!,"!(F[0,1](y>3))","G[0,1](!(y>3))",0.0,0.0,0.0,0.0,
F over ||,"F[0,1](((x>-2 && x<=2)) || ((y<3 && (y>=2 && x<-2))))","(F[0,1]((x>-2 && x<=2))) || (F[0,1]((y<3 && (y>=2 && x<-2))))",0.0,0.0,0.0,0.0,
!G = F!,"!(G[1,1](x<=-2))","F[1,1](!(x<=-2))",0.0,0.0,0.0,0.0,
!F = G!,"!(F[2,2]((y<=1 && x<=-2)))","G[2,2](!((y<=1 && x<=-2)))",0.0,0.0,0.0,0.0,
distributivity,((x<0 || x<1)) && (((y<-2 && y>3)) || ((x<0 || x<1))),(((x<0 || x<1)) && ((y<-2 && y>3))) || (((x<0 || x<1)) && ((x<0 || x<1))),0.0,0.0,0.0,0.0,
F idempotent,"F[2,3](y<=-1)","(F[2,3](y<=-1)) || (F[2,3](y<=-1))",0.0,0.0,0.0,0.0,
idempotent ||,x>0,(x>0) || (x>0),0.0,0.0,0.0,0.0,
idempotent ||,(x<2 && (x<3 || x<=-2)),((x<2 && (x<3 || x<=-2))) || ((x<2 && (x<3 || x<=-2))),0.0,0.0,0.0,0.0,
commutative &&,(y>=-1) && ((x>=2 && y>=-3)),((x>=2 && y>=-3)) && (y>=-1),0.0,0.0,0.0,0.0,
F idempotent,"F[0,1](y<=-2)","(F[0,1](y<=-2)) || (F[0,1](y<=-2))",0.0,0.0,0.0,0.0,
F = G at a point,"F[1,1]((y>=-1 && (x>=0 || y<0)))","G[1,1]((y>=-1 && (x>=0 || y<0)))",0.0,0.0,0.0,0.0,
de Morgan &&,!(((x>=-3 || y>0)) && ((x>-1 && (x>-2 && y>=-2)))),(!((x>=-3 || y>0))) || (!((x>-1 && (x>-2 && y>=-2)))),0.0,0.0,0.0,0.0,
U absorbs its invariant,"(((x>-3 || x>=-1)) U[2,2] (((x<=1 && x<=-3) && (y>=-1 && y<=-3))))","(((x>-3 || x>=-1)) U[2,2] (((x>-3 || x>=-1)) && (((x<=1 && x<=-3) && (y>=-1 && y<=-3)))))",0.0,0.0,0.0,0.0,
U at a point,"(((x<=-2 || (x<=2 && y>=-1))) U[3,3] (x<=-2))","(G[0,3]((x<=-2 || (x<=2 && y>=-1)))) && (G[3,3](x<=-2))",0.0,0.0,0.0,0.0,
F over ||,"F[2,2]((y<=3) || (((x<=-1 && y<=1) || x<=-3)))","(F[2,2](y<=3)) || (F[2,2](((x<=-1 && y<=1) || x<=-3)))",0.0,0.0,0.0,0.0,
F over ||,"F[0,1]((((x>-2 && x>-2) && (x<=1 && x>=3))) || ((y<3 && (x>=1 && y<=0))))","(F[0,1](((x>-2 && x>-2) && (x<=1 && x>=3)))) || (F[0,1]((y<3 && (x>=1 && y<=0))))",0.0,0.0,0.0,0.0,
idempotent &&,x<-1,(x<-1) && (x<-1),0.0,0.0,0.0,0.0,
absorption,x<3,(x<3) || ((x<3) && (((y>=-3 || y>3) && (x>-3 && y<=-1)))),0.0,0.0,0.0,0.0,
!G = F!,"!(G[0,1](y<=-1))","F[0,1](!(y<=-1))",0.0,0.0,0.0,0.0,
de Morgan ||,!((((x<2 || x>-1) && (x>=2 || x<=1))) || ((y>2 || y<1))),(!(((x<2 || x>-1) && (x>=2 || x<=1)))) && (!((y>2 || y<1))),0.0,0.0,0.0,0.0,
G absorbs F,"G[1,2](((y<=2 || x>=0) || (y>2 || x>1)))","(G[1,2](((y<=2 || x>=0) || (y>2 || x>1)))) && (F[1,2](((y<=2 || x>=0) || (y>2 || x>1))))",0.0,0.0,0.0,0.0,
commutative &&,(x>=-3) && (x<=3),(x<=3) && (x>=-3),0.0,0.0,0.0,0.0,
idempotent &&,((x>=2 || x>=-2) && y>1),(((x>=2 || x>=-2) && y>1)) && (((x>=2 || x>=-2) && y>1)),0.0,0.0,0.0,0.0,
U tautological,"((((x>1 || y>0) && y<=3)) U[2,2] (y>=-2))","(((((x>1 || y>0) && y<=3)) U[2,2] (y>=-2))) && ((y>0) || (y<=0))",0.0,0.0,0.0,0.0,
F = G at a point,"F[2,2](((y<2 && y<1) && y>1))","G[2,2](((y<2 && y<1) && y>1))",0.0,0.0,0.0,0.0,
commutative &&,(y>=-3) && (x>-3),(x>-3) && (y>=-3),0.0,0.0,0.0,0.0,
double negation,(y<3 || x>=-2),!(!((y<3 || x>=-2))),0.0,0.0,0.0,0.0,
F idempotent,"F[1,3](((y>=-2 || y>=1) || (x<=-1 && y<-2)))","(F[1,3](((y>=-2 || y>=1) || (x<=-1 && y<-2)))) || (F[1,3](((y>=-2 || y>=1) || (x<=-1 && y<-2))))",0.0,0.0,0.0,0.0,
absorption,x<=1,(x<=1) || ((x<=1) && ((y<-2 || y>0))),0.0,0.0,0.0,0.0,
!F = G!,"!(F[1,1](((x>=1 || x<3) || y>0)))","G[1,1](!(((x>=1 || x<3) || y>0)))",0.0,0.0,0.0,0.0,
temporal absorption,"G[2,4](x>=3)","(G[2,4](x>=3)) || ((G[2,4](x>=3)) && (y>-3))",0.0,0.0,0.0,0.0,
de Morgan &&,!(((y>1 || x<=-1)) && (x<-3)),(!((y>1 || x<=-1))) || (!(x<-3)),0.0,0.0,0.0,0.0,
absorption,((y<-1 || y>1) || y>2),(((y<-1 || y>1) || y>2)) || ((((y<-1 || y>1) || y>2)) && (x<=0)),0.0,0.0,0.0,0.0,
U tautological,"((((y>=-1 && x<=-1) && (y>1 && y<3))) U[2,2] ((y<=1 || (y<-1 || y<-2))))","(((((y>=-1 && x<=-1) && (y>1 && y<3))) U[2,2] ((y<=1 || (y<-1 || y<-2))))) && ((y>0) || (y<=0))",0.0,0.0,0.0,0.0,
nested G collapses,"G[0,1](G[0,1](((x<=-2 || x>-2) && (x>1 && y>=-2))))","G[0,2](((x<=-2 || x>-2) && (x>1 && y>=-2)))",0.0,0.0,0.0,0.0,
nested F collapses,"F[0,1](F[0,1](x<=-1))","F[0,2](x<=-1)",0.0,0.0,0.0,0.125,
nested G collapses,"G[0,1](G[0,1](x<=1))","G[0,2](x<=1)",0.0,0.0,0.0,0.0,
U tautological,"(((y>-1 && x>2)) U[0,1] (y>-2))","((((y>-1 && x>2)) U[0,1] (y>-2))) && ((y>0) || (y<=0))",0.0,0.0,0.0,0.0,
temporal absorption,"G[2,2]((y>=-2 || (y>=-2 && y<0)))","(G[2,2]((y>=-2 || (y>=-2 && y<0)))) || ((G[2,2]((y>=-2 || (y>=-2 && y<0)))) && (((y<=0 || x>1) || y>=-1)))",0.0,0.0,0.0,0.0,
temporal absorption,"G[2,2](y<-1)","(G[2,2](y<-1)) || ((G[2,2](y<-1)) && (((y>=2 && x>=1) || (x>=0 || x>-3))))",0.0,0.0,0.0,0.0,
U with a true invariant,"(((y>0) || (y<=0)) U[0,0] (((x<=-3 || x>=3) || (y<2 || x<-1))))","F[0,0](((x<=-3 || x>=3) || (y<2 || x<-1)))",0.0,0.0,0.0,0.0,
F over ||,"F[2,3]((y>=-2) || (((x<-2 || x<=0) && y>-1)))","(F[2,3](y>=-2)) || (F[2,3](((x<-2 || x<=0) && y>-1)))",0.0,0.0,0.0,0.0,
nested G collapses,"G[0,1](G[0,1](y<0))","G[0,2](y<0)",0.0,0.0,0.0,0.0,
U at a point,"((((x>=1 || y<=2) || y>2)) U[1,1] (x>=-3))","(G[0,1](((x>=1 || y<=2) || y>2))) && (G[1,1](x>=-3))",0.0,0.0,0.0,0.0,
!F = G!,"!(F[1,2](((x<=-1 && y<=-1) && y<-2)))","G[1,2](!(((x<=-1 && y<=-1) && y<-2)))",0.0,0.0,0.0,0.0,
F idempotent,"F[2,4](x<3)","(F[2,4](x<3)) || (F[2,4](x<3))",0.0,0.0,0.0,0.0,
F idempotent,"F[2,4](y<1)","(F[2,4](y<1)) || (F[2,4](y<1))",0.0,0.0,0.0,0.0,
idempotent &&,x>1,(x>1) && (x>1),0.0,0.0,0.0,0.0,
de Morgan ||,!((((x<-3 && x>=2) && x>=0)) || (((x>1 && x<1) && (x>1 || y>-2)))),(!(((x<-3 && x>=2) && x>=0))) && (!(((x>1 && x<1) && (x>1 || y>-2)))),0.0,0.0,0.0,0.0,
de Morgan ||,!(((y>=1 || (y<=-3 || y<-1))) || (y>2)),(!((y>=1 || (y<=-3 || y<-1)))) && (!(y>2)),0.0,0.0,0.0,0.0,
F idempotent,"F[1,2](x>-1)","(F[1,2](x>-1)) || (F[1,2](x>-1))",0.0,0.0,0.0,0.0,
G over &&,"G[0,0](((x>3 || (y>=1 || y>3))) && ((y>=3 || (x>2 || y>=-1))))","(G[0,0]((x>3 || (y>=1 || y>3)))) && (G[0,0]((y>=3 || (x>2 || y>=-1))))",0.0,0.0,0.0,0.0,
idempotent &&,x<=2,(x<=2) && (x<=2),0.0,0.0,0.0,0.0,
F idempotent,"F[0,0](y<=1)","(F[0,0](y<=1)) || (F[0,0](y<=1))",0.0,0.0,0.0,0.0,
!F = G!,"!(F[2,4]((y>3 || y>-1)))","G[2,4](!((y>3 || y>-1)))",0.0,0.0,0.0,0.0,
!F = G!,"!(F[2,4](y<=-3))","G[2,4](!(y<=-3))",0.0,0.0,0.0,0.0,
double negation,x<0,!(!(x<0)),0.0,0.0,0.0,0.0,
nested F collapses,"F[0,1](F[0,1](y>-3))","F[0,2](y>-3)",0.0,0.0,0.0,0.4375,
F over ||,"F[2,2]((y<=-1) || ((y>3 && y<-3)))","(F[2,2](y<=-1)) || (F[2,2]((y>3 && y<-3)))",0.0,0.0,0.0,0.0,
de Morgan &&,!((y<1) && (y>-1)),(!(y<1)) || (!(y>-1)),0.0,0.0,0.0,0.0,
nested F collapses,"F[0,1](F[0,1](((x<=2 && y>=-3) || (y>0 && x<-1))))","F[0,2](((x<=2 && y>=-3) || (y>0 && x<-1)))",0.0,0.0,0.0,0.4375,
U absorbs its invariant,"(((x>2 && (y>3 || y<=1))) U[2,3] (((x<2 || x>-2) && (x>=1 && y<=-2))))","(((x>2 && (y>3 || y<=1))) U[2,3] (((x>2 && (y>3 || y<=1))) && (((x<2 || x>-2) && (x>=1 && y<=-2)))))",0.0,0.0,0.0,0.0,
G absorbs F,"G[0,1](y<=0)","(G[0,1](y<=0)) && (F[0,1](y<=0))",0.0,0.0,0.0,0.0,
temporal absorption,"G[2,3]((y>-2 || (y<0 || x>=2)))","(G[2,3]((y>-2 || (y<0 || x>=2)))) || ((G[2,3]((y>-2 || (y<0 || x>=2)))) && (((x>=1 || y>=0) || y>=2)))",0.0,0.0,0.0,0.0,
G idempotent,"G[0,1]((x>-3 && x>1))","(G[0,1]((x>-3 && x>1))) && (G[0,1]((x>-3 && x>1)))",0.0,0.0,0.0,0.0,
tautological conjunct,(y>2 && (x>1 && y>3)),((y>2 && (x>1 && y>3))) && ((y>0) || (y<=0)),0.0,0.0,0.0,0.0,
U idempotent,"((x<-2) U[0,1] ((y>=1 || (y<-3 || x<=-2))))","(((x<-2) U[0,1] ((y>=1 || (y<-3 || x<=-2))))) || (((x<-2) U[0,1] ((y>=1 || (y<-3 || x<=-2)))))",0.0,0.0,0.0,0.0,
tautological conjunct,y<2,(y<2) && ((y>0) || (y<=0)),0.0,0.0,0.0,0.0,
U with a true invariant,"(((y>0) || (y<=0)) U[2,4] ((y<-2 && x<=0)))","F[2,4]((y<-2 && x<=0))",0.0,0.0,0.0,0.4166666666666667,
U tautological,"(((x<=3 || (y>1 || y<=1))) U[2,3] (((x<=-2 || y>2) && (y>2 && x>0))))","((((x<=3 || (y>1 || y<=1))) U[2,3] (((x<=-2 || y>2) && (y>2 && x>0))))) && ((y>0) || (y<=0))",0.0,0.0,0.0,0.0,
U over ||,"(((x<=3 && x<3)) U[2,4] ((((y<-3 || y>1) && y>1)) || ((x<=3 && x<3))))","((((x<=3 && x<3)) U[2,4] (((y<-3 || y>1) && y>1)))) || ((((x<=3 && x<3)) U[2,4] ((x<=3 && x<3))))",0.0,0.0,9.188052617587424e-16,0.0,
idempotent &&,y>=2,(y>=2) && (y>=2),0.0,0.0,0.0,0.0,
!F = G!,"!(F[0,0]((y<=1 || y<-1)))","G[0,0](!((y<=1 || y<-1)))",0.0,0.0,0.0,0.0,
de Morgan ||,!((y<-3) || (((y<-2 && y>=-2) && (y<=-1 || y>3)))),(!(y<-3)) && (!(((y<-2 && y>=-2) && (y<=-1 || y>3)))),0.0,0.0,0.0,0.0,
U at a point,"((((x<0 && x<2) || y>=-2)) U[1,1] (y<-2))","(G[0,1](((x<0 && x<2) || y>=-2))) && (G[1,1](y<-2))",0.0,0.0,0.0,0.0,
F idempotent,"F[0,2](y<-1)","(F[0,2](y<-1)) || (F[0,2](y<-1))",0.0,0.0,0.0,0.0,
distributivity,((x<=3 || (y>2 || y>0))) && (((x<=-3 || y>-2)) || ((x<=3 || (y>2 || y>0)))),(((x<=3 || (y>2 || y>0))) && ((x<=-3 || y>-2))) || (((x<=3 || (y>2 || y>0))) && ((x<=3 || (y>2 || y>0)))),0.0,0.0,0.0,0.0,
G idempotent,"G[1,1](((x<=2 || x<0) || x<-2))","(G[1,1](((x<=2 || x<0) || x<-2))) && (G[1,1](((x<=2 || x<0) || x<-2)))",0.0,0.0,0.0,0.0,
F idempotent,"F[2,2]((x>=3 || (x<=0 || y>=-2)))","(F[2,2]((x>=3 || (x<=0 || y>=-2)))) || (F[2,2]((x>=3 || (x<=0 || y>=-2))))",0.0,0.0,0.0,0.0,
F = G at a point,"F[2,2](((y<2 || y>=-1) && x<-3))","G[2,2](((y<2 || y>=-1) && x<-3))",0.0,0.0,0.0,0.0,
temporal absorption,"G[1,3](x<0)","(G[1,3](x<0)) || ((G[1,3](x<0)) && (((y<=3 || y>=1) && (y<=3 && x<=1))))",0.0,0.0,0.0,0.0,
G over &&,"G[2,2]((((y>3 && x<=1) || x<=0)) && (((x<2 && y<=2) && (x>-1 && y<-2))))","(G[2,2](((y>3 && x<=1) || x<=0))) && (G[2,2](((x<2 && y<=2) && (x>-1 && y<-2))))",0.0,0.0,0.0,0.0,
de Morgan ||,!((((x<=3 || x<-2) && (x<2 || y<=3))) || (x>=-3)),(!(((x<=3 || x<-2) && (x<2 || y<=3)))) && (!(x>=-3)),0.0,0.0,0.0,0.0,
nested F collapses,"F[0,1](F[0,1](x<=1))","F[0,2](x<=1)",0.0,0.0,0.0,0.375,
nested F collapses,"F[0,1](F[0,1](x>=-1))","F[0,2](x>=-1)",0.0,0.0,0.0,0.375,
temporal absorption,"G[1,3]((x<3 && (x>1 || y>=3)))","(G[1,3]((x<3 && (x>1 || y>=3)))) || ((G[1,3]((x<3 && (x>1 || y>=3)))) && (((y<0 && y>-3) || (x>3 || x>0))))",0.0,0.0,0.0,0.0,
temporal absorption,"G[1,2](((x<-3 && x>=3) && (x>-1 || x>=-3)))","(G[1,2](((x<-3 && x>=3) && (x>-1 || x>=-3)))) || ((G[1,2](((x<-3 && x>=3) && (x>-1 || x>=-3)))) && (((x>-2 || x<2) || x>-1)))",0.0,0.0,0.0,0.0,
idempotent &&,((x<=2 || x<2) || y>1),(((x<=2 || x<2) || y>1)) && (((x<=2 || x<2) || y>1)),0.0,0.0,0.0,0.0,
U tautological,"(((y>=0 && (x<3 || x<-2))) U[2,3] ((x<=-2 || x<-1)))","((((y>=0 && (x<3 || x<-2))) U[2,3] ((x<=-2 || x<-1)))) && ((y>0) || (y<=0))",0.0,0.0,0.0,0.0,
nested G collapses,"G[0,1](G[0,1](y<=0))","G[0,2](y<=0)",0.0,0.0,0.0,0.0,
temporal absorption,"G[0,0](((y>-3 || x>=-2) || y<-2))","(G[0,0](((y>-3 || x>=-2) || y<-2))) || ((G[0,0](((y>-3 || x>=-2) || y<-2))) && (x<-2))",0.0,0.0,0.0,0.0,
distributivity,((x<-1 || y<-3)) && (((y>-3 && (x>=3 || y>=3))) || ((x<-1 || y<-3))),(((x<-1 || y<-3)) && ((y>-3 && (x>=3 || y>=3)))) || (((x<-1 || y<-3)) && ((x<-1 || y<-3))),0.0,0.0,0.0,0.0,
idempotent &&,y<=1,(y<=1) && (y<=1),0.0,0.0,0.0,0.0,
absorption,y>-1,(y>-1) || ((y>-1) && (y>=-3)),0.0,0.0,0.0,0.0,
commutative ||,(((y>3 || x>=0) && x>-1)) || ((x<0 && (y>2 && x>=-1))),((x<0 && (y>2 && x>=-1))) || (((y>3 || x>=0) && x>-1)),0.0,0.0,0.0,0.0,
F over ||,"F[2,3]((((x>=0 || x<-3) || (y>-2 && x<0))) || ((x>3 || y>2)))","(F[2,3](((x>=0 || x<-3) || (y>-2 && x<0)))) || (F[2,3]((x>3 || y>2)))",0.0,0.0,0.0,0.0,
!G = F!,"!(G[2,3]((x>3 || (y>0 && y<0))))","F[2,3](!((x>3 || (y>0 && y<0))))",0.0,0.0,0.0,0.0,
G idempotent,"G[2,3](y>=1)","(G[2,3](y>=1)) && (G[2,3](y>=1))",0.0,0.0,0.0,0.0,
tautological conjunct,y>=-2,(y>=-2) && ((y>0) || (y<=0)),0.0,0.0,0.0,0.0,
commutative &&,(((x<=-3 || y<0) && (y<-2 || y>0))) && (((x<-1 || y>3) || x<=1)),(((x<-1 || y>3) || x<=1)) && (((x<=-3 || y<0) && (y<-2 || y>0))),0.0,0.0,0.0,0.0,
commutative &&,((y<=2 || (x<=0 || x<2))) && ((y>2 || (x>=-3 && x<-1))),((y>2 || (x>=-3 && x<-1))) && ((y<=2 || (x<=0 || x<2))),0.0,0.0,0.0,0.0,
U idempotent,"((x>=3) U[0,2] (x>1))","(((x>=3) U[0,2] (x>1))) || (((x>=3) U[0,2] (x>1)))",0.0,0.0,0.0,0.0,
U idempotent,"((y<=1) U[0,1] (x>=-1))","(((y<=1) U[0,1] (x>=-1))) || (((y<=1) U[0,1] (x>=-1)))",0.0,0.0,0.0,0.0,
F idempotent,"F[1,3](y<3)","(F[1,3](y<3)) || (F[1,3](y<3))",0.0,0.0,0.0,0.0,
triple &&,x<=2,((x<=2) && (x<=2)) && (x<=2),0.0,0.0,0.0,0.0,
idempotent ||,x<=3,(x<=3) || (x<=3),0.0,0.0,0.0,0.0,
U absorbs its invariant,"((y<-1) U[1,1] (x<-3))","((y<-1) U[1,1] ((y<-1) && (x<-3)))",0.0,0.0,0.0,0.0,
tautological conjunct,((y<2 && y<=2) || (y>=0 && y<2)),(((y<2 && y<=2) || (y>=0 && y<2))) && ((y>0) || (y<=0)),0.0,0.0,0.0,0.0,
nested G collapses,"G[0,1](G[0,1](x<=0))","G[0,2](x<=0)",0.0,0.0,0.0,0.0,
F over ||,"F[1,3]((((x<=1 || x<=3) && (y>-3 && x>-2))) || (((y>-3 || x<-3) || y<2)))","(F[1,3](((x<=1 || x<=3) && (y>-3 && x>-2)))) || (F[1,3](((y>-3 || x<-3) || y<2)))",0.0,0.0,0.0,0.0,
F over ||,"F[1,2]((((x>=-1 || x>3) && y<=3)) || (x<-3))","(F[1,2](((x>=-1 || x>3) && y<=3))) || (F[1,2](x<-3))",0.0,0.0,0.0,0.0,
tautological conjunct,x>=0,(x>=0) && ((y>0) || (y<=0)),0.0,0.0,0.0,0.0,
temporal absorption,"G[2,3](x>=-2)","(G[2,3](x>=-2)) || ((G[2,3](x>=-2)) && (y>=-2))",0.0,0.0,0.0,0.0,
U absorbs its invariant,"((y<=1) U[1,2] (y<=1))","((y<=1) U[1,2] ((y<=1) && (y<=1)))",0.0,0.0,0.0,0.0,
U absorbs its invariant,"(((x>=3 || (x>=1 || x>=1))) U[0,1] (((y<-2 && x>=2) && (x<0 && y<=3))))","(((x>=3 || (x>=1 || x>=1))) U[0,1] (((x>=3 || (x>=1 || x>=1))) && (((y<-2 && x>=2) && (x<0 && y<=3)))))",0.0,0.0,0.0,0.0,
commutative &&,(x>-3) && (y<=2),(y<=2) && (x>-3),0.0,0.0,0.0,0.0,
idempotent &&,(x>=1 && (y<=0 && y<=1)),((x>=1 && (y<=0 && y<=1))) && ((x>=1 && (y<=0 && y<=1))),0.0,0.0,0.0,0.0,
idempotent ||,((y>-1 && x<=3) && y>=1),(((y>-1 && x<=3) && y>=1)) || (((y>-1 && x<=3) && y>=1)),0.0,0.0,0.0,0.0,
absorption,y>=1,(y>=1) || ((y>=1) && (x<=0)),0.0,0.0,0.0,0.0,
distributivity,(x<=-1) && ((((x<2 || y<0) && x<=-3)) || (x<=-1)),((x<=-1) && (((x<2 || y<0) && x<=-3))) || ((x<=-1) && (x<=-1)),0.0,0.0,0.0,0.0,
!F = G!,"!(F[2,4](y>-1))","G[2,4](!(y>-1))",0.0,0.0,0.0,0.0,
F = G at a point,"F[2,2]((y<=-2 || x<=-1))","G[2,2]((y<=-2 || x<=-1))",0.0,0.0,0.0,0.0,
triple &&,(x>=0 || x>=1),(((x>=0 || x>=1)) && ((x>=0 || x>=1))) && ((x>=0 || x>=1)),0.0,0.0,0.0,0.0,
de Morgan ||,!((((y>=1 || x>=1) && x<0)) || (x<=-3)),(!(((y>=1 || x>=1) && x<0))) && (!(x<=-3)),0.0,0.0,0.0,0.0,
U over ||,"((((y<0 && y<=3) && (x<-3 && x>3))) U[2,2] ((y<2) || (((y<0 && y<=3) && (x<-3 && x>3)))))","(((((y<0 && y<=3) && (x<-3 && x>3))) U[2,2] (y<2))) || (((((y<0 && y<=3) && (x<-3 && x>3))) U[2,2] (((y<0 && y<=3) && (x<-3 && x>3)))))",0.0,0.0,0.0,0.0,
double negation,x<2,!(!(x<2)),0.0,0.0,0.0,0.0,
U idempotent,"((x<=1) U[1,1] (y>=1))","(((x<=1) U[1,1] (y>=1))) || (((x<=1) U[1,1] (y>=1)))",0.0,0.0,0.0,0.0,
U with a true invariant,"(((y>0) || (y<=0)) U[1,2] ((x<-2 && (y<=3 && y<=0))))","F[1,2]((x<-2 && (y<=3 && y<=0)))",0.0,0.0,0.0,0.375,
!F = G!,"!(F[1,2](x>-2))","G[1,2](!(x>-2))",0.0,0.0,0.0,0.0,
G absorbs F,"G[0,2](x>=0)","(G[0,2](x>=0)) && (F[0,2](x>=0))",0.0,0.0,0.0,0.0,
!G = F!,"!(G[0,0](((y>=2 || x<0) || y>=3)))","F[0,0](!(((y>=2 || x<0) || y>=3)))",0.0,0.0,0.0,0.0,
F idempotent,"F[2,2](y>0)","(F[2,2](y>0)) || (F[2,2](y>0))",0.0,0.0,0.0,0.0,
nested F collapses,"F[0,1](F[0,1](((y>=-2 || y>=-2) || y<=-1)))","F[0,2](((y>=-2 || y>=-2) || y<=-1))",0.0,0.0,0.0,0.16666666666666666,
idempotent ||,y<=-3,(y<=-3) || (y<=-3),0.0,0.0,0.0,0.0,
de Morgan ||,!((y>1) || (y<=0)),(!(y>1)) && (!(y<=0)),0.0,0.0,0.0,0.0,
de Morgan ||,!(((y>=1 && (y<1 && x<=-3))) || (y>=-3)),(!((y>=1 && (y<1 && x<=-3)))) && (!(y>=-3)),0.0,0.0,0.0,0.0,
U with a true invariant,"(((y>0) || (y<=0)) U[0,1] (((y>=-3 && y>=-1) && y>=-3)))","F[0,1](((y>=-3 && y>=-1) && y>=-3))",0.0,0.0,0.0,0.125,
U over ||,"((x<=3) U[2,4] (((x<=-1 && y<3)) || (x<=3)))","(((x<=3) U[2,4] ((x<=-1 && y<3)))) || (((x<=3) U[2,4] (x<=3)))",0.0,0.0,0.0,0.0,
absorption,x>-3,(x>-3) || ((x>-3) && (x>3)),0.0,0.0,0.0,0.0,
temporal absorption,"G[2,4]((y<0 && x<=0))","(G[2,4]((y<0 && x<=0))) || ((G[2,4]((y<0 && x<=0))) && (y>1))",0.0,0.0,0.0,0.0,
U at a point,"((x<-3) U[0,0] (((y>3 || x>=3) || x>1)))","(G[0,0](x<-3)) && (G[0,0](((y>3 || x>=3) || x>1)))",0.0,0.0,0.0,0.0,
U with a true invariant,"(((y>0) || (y<=0)) U[2,2] ((x<=-1 || (x<-3 && y<=0))))","F[2,2]((x<=-1 || (x<-3 && y<=0)))",0.0,0.0,0.0,0.5,
idempotent &&,x<=2,(x<=2) && (x<=2),0.0,0.0,0.0,0.0,
temporal absorption,"G[2,2](((x<=-1 && y>=2) || (y<=2 || y<=-3)))","(G[2,2](((x<=-1 && y>=2) || (y<=2 || y<=-3)))) || ((G[2,2](((x<=-1 && y>=2) || (y<=2 || y<=-3)))) && ((y>=2 || (x>=-2 && y<-2))))",0.0,0.0,0.0,0.0,
commutative ||,(x<=-3) || (x>-2),(x>-2) || (x<=-3),0.0,0.0,0.0,0.0,
G idempotent,"G[0,0](x>-2)","(G[0,0](x>-2)) && (G[0,0](x>-2))",0.0,0.0,0.0,0.0,
triple &&,x<=-3,((x<=-3) && (x<=-3)) && (x<=-3),0.0,0.0,0.0,0.0,
de Morgan &&,!((y>=1) && (x>-2)),(!(y>=1)) || (!(x>-2)),0.0,0.0,0.0,0.0,
commutative &&,(((x>=0 && y>=3) && (x<=3 && x<=0))) && (((x>2 && y<=0) || x>0)),(((x>2 && y<=0) || x>0)) && (((x>=0 && y>=3) && (x<=3 && x<=0))),0.0,0.0,0.0,0.0,
double negation,((x<=-3 || y>1) && x<3),!(!(((x<=-3 || y>1) && x<3))),0.0,0.0,0.0,0.0,
double negation,(x<=1 || x<=-2),!(!((x<=1 || x<=-2))),0.0,0.0,0.0,0.0,
F idempotent,"F[1,1](((x<=-3 || x>3) || x>=-3))","(F[1,1](((x<=-3 || x>3) || x>=-3))) || (F[1,1](((x<=-3 || x>3) || x>=-3)))",0.0,0.0,0.0,0.0,
U with a true invariant,"(((y>0) || (y<=0)) U[0,0] (y>-3))","F[0,0](y>-3)",0.0,0.0,0.0,0.0,
!F = G!,"!(F[0,2](y>=-2))","G[0,2](!(y>=-2))",0.0,0.0,0.0,0.0,
G over &&,"G[0,2](((y<=1 || (y<=-2 && y>=0))) && (x<-2))","(G[0,2]((y<=1 || (y<=-2 && y>=0)))) && (G[0,2](x<-2))",0.0,0.0,0.0,0.0,
U at a point,"((((y>=-3 || y<2) && y<-3)) U[2,2] ((x>2 && y>1)))","(G[0,2](((y>=-3 || y<2) && y<-3))) && (G[2,2]((x>2 && y>1)))",0.0,0.0,0.0,0.0,
G over &&,"G[1,3]((x>1) && (((y<-1 && x>=3) || x>=3)))","(G[1,3](x>1)) && (G[1,3](((y<-1 && x>=3) || x>=3)))",0.0,0.0,0.0,0.0,
G idempotent,"G[2,4](x>3)","(G[2,4](x>3)) && (G[2,4](x>3))",0.0,0.0,0.0,0.0,
tautological conjunct,((y>=2 || y>-3) || x<0),(((y>=2 || y>-3) || x<0)) && ((y>0) || (y<=0)),0.0,0.0,0.0,0.0,
U tautological,"(((y<2 || (y<2 && y>=-2))) U[2,4] (x<1))","((((y<2 || (y<2 && y>=-2))) U[2,4] (x<1))) && ((y>0) || (y<=0))",0.0,0.0,3.2998295454136695e-15,0.0,
commutative &&,((y>2 || y>=0)) && (x>0),(x>0) && ((y>2 || y>=0)),0.0,0.0,0.0,0.0,
G over &&,"G[2,3]((x>3) && (y<=-1))","(G[2,3](x>3)) && (G[2,3](y<=-1))",0.0,0.0,0.0,0.0,
U idempotent,"(((x<=1 && y<-1)) U[0,0] (x<-3))","((((x<=1 && y<-1)) U[0,0] (x<-3))) || ((((x<=1 && y<-1)) U[0,0] (x<-3)))",0.0,0.0,0.0,0.0,
temporal absorption,"G[2,3](((y>2 && x>-2) || x>=2))","(G[2,3](((y>2 && x>-2) || x>=2))) || ((G[2,3](((y>2 && x>-2) || x>=2))) && (x<=0))",0.0,0.0,0.0,0.0,
!G = F!,"!(G[2,4]((y>3 || y<0)))","F[2,4](!((y>3 || y<0)))",0.0,0.0,0.0,0.0,
tautological conjunct,(x>=-1 || x<-1),((x>=-1 || x<-1)) && ((y>0) || (y<=0)),0.0,0.0,0.0,0.0,
distributivity,(x>-1) && ((y>-1) || (x>-1)),((x>-1) && (y>-1)) || ((x>-1) && (x>-1)),0.0,0.0,0.0,0.0,
absorption,(x>3 && (x>-2 || x<3)),((x>3 && (x>-2 || x<3))) || (((x>3 && (x>-2 || x<3))) && (((x<2 && y>-1) || x>=2))),0.0,0.0,0.0,0.0,
U absorbs its invariant,"((x>-1) U[0,1] (x<=2))","((x>-1) U[0,1] ((x>-1) && (x<=2)))",0.0,0.0,0.0,0.0,
U at a point,"((x<-2) U[2,2] (x>-2))","(G[0,2](x<-2)) && (G[2,2](x>-2))",0.0,0.0,0.0,0.0,
triple &&,(x>=-3 || x>=-1),(((x>=-3 || x>=-1)) && ((x>=-3 || x>=-1))) && ((x>=-3 || x>=-1)),0.0,0.0,0.0,0.0,
nested G collapses,"G[0,1](G[0,1]((y<1 || (x>=0 && y<=2))))","G[0,2]((y<1 || (x>=0 && y<=2)))",0.0,0.0,0.0,0.0,
U tautological,"((((y>=-3 && x>=-1) || x<=-3)) U[2,3] (((y<-3 && x>-1) && y<=1)))","(((((y>=-3 && x>=-1) || x<=-3)) U[2,3] (((y<-3 && x>-1) && y<=1)))) && ((y>0) || (y<=0))",0.0,0.0,0.0,0.0,
commutative ||,(((x<-2 && x>0) || y<=0)) || (y>=-3),(y>=-3) || (((x<-2 && x>0) || y<=0)),0.0,0.0,0.0,0.0,
F = G at a point,"F[1,1](((y<-1 && x>0) && y>-1))","G[1,1](((y<-1 && x>0) && y>-1))",0.0,0.0,0.0,0.0,
!G = F!,"!(G[1,1](y<=3))","F[1,1](!(y<=3))",0.0,0.0,0.0,0.0,
F = G at a point,"F[0,0](((y>=1 && y>=2) && x<0))","G[0,0](((y>=1 && y>=2) && x<0))",0.0,0.0,0.0,0.0,
F idempotent,"F[1,2](x<-2)","(F[1,2](x<-2)) || (F[1,2](x<-2))",0.0,0.0,0.0,0.0,
U idempotent,"(((x>=-2 || (x<=-2 || y>-1))) U[2,4] (x>-3))","((((x>=-2 || (x<=-2 || y>-1))) U[2,4] (x>-3))) || ((((x>=-2 || (x<=-2 || y>-1))) U[2,4] (x>-3)))",0.0,0.0,0.0,0.0,
de Morgan ||,!(((y<-3 || x>=-2)) || (x>=-2)),(!((y<-3 || x>=-2))) && (!(x>=-2)),0.0,0.0,0.0,0.0,
F idempotent,"F[1,3](x<=-3)","(F[1,3](x<=-3)) || (F[1,3](x<=-3))",0.0,0.0,0.0,0.0,
triple &&,y>=-2,((y>=-2) && (y>=-2)) && (y>=-2),0.0,0.0,0.0,0.0,
absorption,y<=2,(y<=2) || ((y<=2) && (x<=-3)),0.0,0.0,0.0,0.0,
double negation,((x>-2 && y>=3) || (y<-3 && x>1)),!(!(((x>-2 && y>=3) || (y<-3 && x>1)))),0.0,0.0,0.0,0.0,
U tautological,"((x>-3) U[2,4] (y>0))","(((x>-3) U[2,4] (y>0))) && ((y>0) || (y<=0))",0.0,0.0,0.0,0.0,
de Morgan &&,!(((y>3 || (x>2 || x>2))) && ((x>=-2 || (x<=2 && y<1)))),(!((y>3 || (x>2 || x>2)))) || (!((x>=-2 || (x<=2 && y<1)))),0.0,0.0,0.0,0.0,
U with a true invariant,"(((y>0) || (y<=0)) U[1,1] (((y<-1 || y>1) && y<=-3)))","F[1,1](((y<-1 || y>1) && y<=-3))",0.0,0.0,0.0,0.5,
tautological conjunct,x<=0,(x<=0) && ((y>0) || (y<=0)),0.0,0.0,0.0,0.0,
U absorbs its invariant,"(((x<=-2 || y<=0)) U[0,1] ((y>3 && (y<=3 && y>=1))))","(((x<=-2 || y<=0)) U[0,1] (((x<=-2 || y<=0)) && ((y>3 && (y<=3 && y>=1)))))",0.0,0.0,0.0,0.0,
tautological conjunct,y<2,(y<2) && ((y>0) || (y<=0)),0.0,0.0,0.0,0.0,
G absorbs F,"G[1,2](x>=3)","(G[1,2](x>=3)) && (F[1,2](x>=3))",0.0,0.0,0.0,0.0,
F over ||,"F[1,2](((y>1 && x<-1)) || (((x<3 || x>0) || (y>1 || y<=-1))))","(F[1,2]((y>1 && x<-1))) || (F[1,2](((x<3 || x>0) || (y>1 || y<=-1))))",0.0,0.0,0.0,0.0,
U idempotent,"((((x>0 || y<=2) || (x>=-2 && y>-2))) U[0,2] (x>=0))","(((((x>0 || y<=2) || (x>=-2 && y>-2))) U[0,2] (x>=0))) || (((((x>0 || y<=2) || (x>=-2 && y>-2))) U[0,2] (x>=0)))",0.0,0.0,0.0,0.0,
U at a point,"((y<-2) U[3,3] (y>=1))","(G[0,3](y<-2)) && (G[3,3](y>=1))",0.0,0.0,0.0,0.0,
U at a point,"((((x<=1 || x<-2) || y<=3)) U[3,3] ((x>2 && (y>-2 || x<=-2))))","(G[0,3](((x<=1 || x<-2) || y<=3))) && (G[3,3]((x>2 && (y>-2 || x<=-2))))",0.0,0.0,0.0,0.0,
tautological conjunct,y>3,(y>3) && ((y>0) || (y<=0)),0.0,0.0,0.0,0.0,
idempotent ||,(x>-3 && (y<0 && x<=-2)),((x>-3 && (y<0 && x<=-2))) || ((x>-3 && (y<0 && x<=-2))),0.0,0.0,0.0,0.0,
F over ||,"F[0,1]((((x<-1 || x>=1) || (x>2 || x>0))) || (y<=3))","(F[0,1](((x<-1 || x>=1) || (x>2 || x>0)))) || (F[0,1](y<=3))",0.0,0.0,0.0,0.0,
F over ||,"F[1,2]((((x>2 && x<=-3) || y<-2)) || (y>=3))","(F[1,2](((x>2 && x<=-3) || y<-2))) || (F[1,2](y>=3))",0.0,0.0,0.0,0.0,
commutative &&,(y<=1) && (((y<=1 && y>0) || (x>=-1 && x<0))),(((y<=1 && y>0) || (x>=-1 && x<0))) && (y<=1),0.0,0.0,0.0,0.0,
temporal absorption,"G[1,1]((y<=1 || y<0))","(G[1,1]((y<=1 || y<0))) || ((G[1,1]((y<=1 || y<0))) && (((x>-1 || x>=-3) || (y<2 || y<3))))",0.0,0.0,0.0,0.0,
F idempotent,"F[1,2](((y>2 || x>0) && x<=0))","(F[1,2](((y>2 || x>0) && x<=0))) || (F[1,2](((y>2 || x>0) && x<=0)))",0.0,0.0,0.0,0.0,
triple &&,((x<=-3 && x<1) || (x<=-3 && y<=2)),((((x<=-3 && x<1) || (x<=-3 && y<=2))) && (((x<=-3 && x<1) || (x<=-3 && y<=2)))) && (((x<=-3 && x<1) || (x<=-3 && y<=2))),0.0,0.0,0.0,0.0,
U at a point,"((((x>0 && x<=-2) || (y<-1 || x<=-1))) U[0,0] (x>3))","(G[0,0](((x>0 && x<=-2) || (y<-1 || x<=-1)))) && (G[0,0](x>3))",0.0,0.0,0.0,0.0,
distributivity,(x<-2) && ((x>=0) || (x<-2)),((x<-2) && (x>=0)) || ((x<-2) && (x<-2)),0.0,0.0,0.0,0.0,
F = G at a point,"F[3,3](y<=1)","G[3,3](y<=1)",0.0,0.0,0.0,0.0,
F = G at a point,"F[2,2]((y>=0 || (y<3 || x>=-2)))","G[2,2]((y>=0 || (y<3 || x>=-2)))",0.0,0.0,0.0,0.0,
F = G at a point,"F[1,1](((x<3 || y<-2) || (y>3 || y>-3)))","G[1,1](((x<3 || y<-2) || (y>3 || y>-3)))",0.0,0.0,0.0,0.0,
commutative &&,(x<=1) && ((x>2 || y>2)),((x>2 || y>2)) && (x<=1),0.0,0.0,0.0,0.0,
nested G collapses,"G[0,1](G[0,1](y>=1))","G[0,2](y>=1)",0.0,0.0,0.0,0.0,
distributivity,(((y>-3 || y<=-2) || (x>=-1 || x>=-1))) && ((((x>0 && x<=3) && y>=-1)) || (((y>-3 || y<=-2) || (x>=-1 || x>=-1)))),((((y>-3 || y<=-2) || (x>=-1 || x>=-1))) && (((x>0 && x<=3) && y>=-1))) || ((((y>-3 || y<=-2) || (x>=-1 || x>=-1))) && (((y>-3 || y<=-2) || (x>=-1 || x>=-1)))),0.0,0.0,0.0,0.0,
U at a point,"((((x<=-1 || x<-2) || y>0)) U[3,3] (((x>=1 && y>=-1) || (x<=-1 || y>2))))","(G[0,3](((x<=-1 || x<-2) || y>0))) && (G[3,3](((x>=1 && y>=-1) || (x<=-1 || y>2))))",0.0,0.0,0.0,0.0,
tautological conjunct,((y>-3 || x>=-1) && (y>-1 && y>3)),(((y>-3 || x>=-1) && (y>-1 && y>3))) && ((y>0) || (y<=0)),0.0,0.0,0.0,0.0,
U over ||,"((((y>3 && x>=0) && x>=-2)) U[0,0] ((y>2) || (((y>3 && x>=0) && x>=-2))))","(((((y>3 && x>=0) && x>=-2)) U[0,0] (y>2))) || (((((y>3 && x>=0) && x>=-2)) U[0,0] (((y>3 && x>=0) && x>=-2))))",0.0,0.0,0.0,0.0,
commutative ||,(((x<3 || y>=1) || x<2)) || ((y<-1 && y<=-1)),((y<-1 && y<=-1)) || (((x<3 || y>=1) || x<2)),0.0,0.0,0.0,0.0,
double negation,((x>-1 || x<=-3) || y<=0),!(!(((x>-1 || x<=-3) || y<=0))),0.0,0.0,0.0,0.0,
tautological conjunct,x>2,(x>2) && ((y>0) || (y<=0)),0.0,0.0,0.0,0.0,
commutative &&,(x<=0) && ((y<-3 || (x>=3 || x<=-1))),((y<-3 || (x>=3 || x<=-1))) && (x<=0),0.0,0.0,0.0,0.0,
F over ||,"F[1,2](((x>=2 || (x>3 && x>1))) || (y>=0))","(F[1,2]((x>=2 || (x>3 && x>1)))) || (F[1,2](y>=0))",0.0,0.0,0.0,0.0,
F idempotent,"F[1,3](((y>-2 && x<-1) && (y<3 && y<=-3)))","(F[1,3](((y>-2 && x<-1) && (y<3 && y<=-3)))) || (F[1,3](((y>-2 && x<-1) && (y<3 && y<=-3))))",0.0,0.0,0.0,0.0,
de Morgan &&,!((y>-2) && (((x>=-1 || x>=-2) || (y>-3 || y<=3)))),(!(y>-2)) || (!(((x>=-1 || x>=-2) || (y>-3 || y<=3)))),0.0,0.0,0.0,0.0,
F idempotent,"F[1,1](((x>=-3 || x<-1) || x>-3))","(F[1,1](((x>=-3 || x<-1) || x>-3))) || (F[1,1](((x>=-3 || x<-1) || x>-3)))",0.0,0.0,0.0,0.0,
idempotent ||,(y<3 && (y<0 || y<=3)),((y<3 && (y<0 || y<=3))) || ((y<3 && (y<0 || y<=3))),0.0,0.0,0.0,0.0,
U idempotent,"((x>2) U[0,0] (((x<-2 && y<0) && y>-2)))","(((x>2) U[0,0] (((x<-2 && y<0) && y>-2)))) || (((x>2) U[0,0] (((x<-2 && y<0) && y>-2))))",0.0,0.0,0.0,0.0,
U tautological,"((x>=3) U[1,3] (((y<1 || x>2) && y>=-3)))","(((x>=3) U[1,3] (((y<1 || x>2) && y>=-3)))) && ((y>0) || (y<=0))",0.0,0.0,0.0,0.0,
tautological conjunct,((y>=1 || y<-2) && y>=-2),(((y>=1 || y<-2) && y>=-2)) && ((y>0) || (y<=0)),0.0,0.0,0.0,0.0,
F = G at a point,"F[2,2](y<-2)","G[2,2](y<-2)",0.0,0.0,0.0,0.0,
!F = G!,"!(F[0,2](((x<=3 || y>-3) || y>0)))","G[0,2](!(((x<=3 || y>-3) || y>0)))",0.0,0.0,0.0,0.0,
commutative &&,(((x>3 && x<3) || (x<=-1 || y<=-2))) && (y<0),(y<0) && (((x>3 && x<3) || (x<=-1 || y<=-2))),0.0,0.0,0.0,0.0,
distributivity,(y<2) && (((x>=3 || (y>=0 || x<-2))) || (y<2)),((y<2) && ((x>=3 || (y>=0 || x<-2)))) || ((y<2) && (y<2)),0.0,0.0,0.0,0.0,
commutative &&,(((y>-2 && x<3) && (x<=-1 && y>=0))) && (x<-1),(x<-1) && (((y>-2 && x<3) && (x<=-1 && y>=0))),0.0,0.0,0.0,0.0,
nested F collapses,"F[0,1](F[0,1](x>=-2))","F[0,2](x>=-2)",0.0,0.0,0.0,0.4166666666666667,
F idempotent,"F[0,2](x<=-1)","(F[0,2](x<=-1)) || (F[0,2](x<=-1))",0.0,0.0,0.0,0.0,
commutative &&,(((x>=-1 && x<=0) && x>1)) && (y<1),(y<1) && (((x>=-1 && x<=0) && x>1)),0.0,0.0,0.0,0.0,
de Morgan &&,!((y>=3) && (x>=1)),(!(y>=3)) || (!(x>=1)),0.0,0.0,0.0,0.0,
idempotent &&,x<0,(x<0) && (x<0),0.0,0.0,0.0,0.0,
commutative &&,((y<=-2 && x<=3)) && (x>0),(x>0) && ((y<=-2 && x<=3)),0.0,0.0,0.0,0.0,
F = G at a point,"F[3,3](x<-2)","G[3,3](x<-2)",0.0,0.0,0.0,0.0,
U tautological,"((x<=-2) U[2,2] (x<=-3))","(((x<=-2) U[2,2] (x<=-3))) && ((y>0) || (y<=0))",0.0,0.0,0.0,0.0,
F = G at a point,"F[0,0](y<=-3)","G[0,0](y<=-3)",0.0,0.0,0.0,0.0,
idempotent ||,((y>=-1 && x>-1) && (y>-2 && x>=2)),(((y>=-1 && x>-1) && (y>-2 && x>=2))) || (((y>=-1 && x>-1) && (y>-2 && x>=2))),0.0,0.0,0.0,0.0,
!F = G!,"!(F[2,4](((y>=2 && y<=-3) && y<-1)))","G[2,4](!(((y>=2 && y<=-3) && y<-1)))",0.0,0.0,0.0,0.0,
G idempotent,"G[2,3]((y<=-1 && y<=2))","(G[2,3]((y<=-1 && y<=2))) && (G[2,3]((y<=-1 && y<=2)))",0.0,0.0,0.0,0.0,
distributivity,(((y<2 || x<1) && (x>2 && y>=3))) && ((y<0) || (((y<2 || x<1) && (x>2 && y>=3)))),((((y<2 || x<1) && (x>2 && y>=3))) && (y<0)) || ((((y<2 || x<1) && (x>2 && y>=3))) && (((y<2 || x<1) && (x>2 && y>=3)))),0.0,0.0,0.0,0.0,
U tautological,"((((x>1 && x<0) || x<=3)) U[0,2] (y>1))","(((((x>1 && x<0) || x<=3)) U[0,2] (y>1))) && ((y>0) || (y<=0))",0.0,0.0,0.0,0.0,
de Morgan ||,!((y>2) || (((x<=-2 || y>=-2) || x>=1))),(!(y>2)) && (!(((x<=-2 || y>=-2) || x>=1))),0.0,0.0,0.0,0.0,
commutative &&,(y>=1) && ((y>-2 || (x>=-2 && x>=2))),((y>-2 || (x>=-2 && x>=2))) && (y>=1),0.0,0.0,0.0,0.0,
G idempotent,"G[1,3]((y>=2 || (x<1 && x<2)))","(G[1,3]((y>=2 || (x<1 && x<2)))) && (G[1,3]((y>=2 || (x<1 && x<2))))",0.0,0.0,0.0,0.0,
U idempotent,"((x>-1) U[1,3] (x>=-2))","(((x>-1) U[1,3] (x>=-2))) || (((x>-1) U[1,3] (x>=-2)))",0.0,0.0,0.0,0.0,
nested F collapses,"F[0,1](F[0,1]((x<-3 || y<=0)))","F[0,2]((x<-3 || y<=0))",0.0,0.0,0.0,0.0625,
de Morgan &&,!((y<=2) && ((y>3 && y<3))),(!(y<=2)) || (!((y>3 && y<3))),0.0,0.0,0.0,0.0,
U at a point,"((((y>=0 && x>-3) && (x>=-3 && y<=-2))) U[1,1] (x<-2))","(G[0,1](((y>=0 && x>-3) && (x>=-3 && y<=-2)))) && (G[1,1](x<-2))",0.0,0.0,0.0,0.0,
U idempotent,"((((x>0 && x>=-1) && y>=-1)) U[0,1] ((x<-2 || x>-2)))","(((((x>0 && x>=-1) && y>=-1)) U[0,1] ((x<-2 || x>-2)))) || (((((x>0 && x>=-1) && y>=-1)) U[0,1] ((x<-2 || x>-2))))",0.0,0.0,0.0,0.0,
commutative &&,(y<0) && (x<1),(x<1) && (y<0),0.0,0.0,0.0,0.0,
U over ||,"((((x>3 || x<=3) && (x<1 || y>=2))) U[2,3] ((x<-3) || (((x>3 || x<=3) && (x<1 || y>=2)))))","(((((x>3 || x<=3) && (x<1 || y>=2))) U[2,3] (x<-3))) || (((((x>3 || x<=3) && (x<1 || y>=2))) U[2,3] (((x>3 || x<=3) && (x<1 || y>=2)))))",0.0,0.0,0.0,0.0,
idempotent ||,((x>=1 && x>=-1) && (x<=2 || y<=0)),(((x>=1 && x>=-1) && (x<=2 || y<=0))) || (((x>=1 && x>=-1) && (x<=2 || y<=0))),0.0,0.0,0.0,0.0,
!G = F!,"!(G[2,2](x>1))","F[2,2](!(x>1))",0.0,0.0,0.0,0.0,
U tautological,"(((y<=-1 || (x<=-1 || x<1))) U[1,3] (y>-1))","((((y<=-1 || (x<=-1 || x<1))) U[1,3] (y>-1))) && ((y>0) || (y<=0))",0.0,0.0,0.0,0.0,
U over ||,"((((x>2 || y<=0) || (y<=3 && x<=3))) U[1,1] ((((x>3 && y>=1) || (y>-3 || x>=3))) || (((x>2 || y<=0) || (y<=3 && x<=3)))))","(((((x>2 || y<=0) || (y<=3 && x<=3))) U[1,1] (((x>3 && y>=1) || (y>-3 || x>=3))))) || (((((x>2 || y<=0) || (y<=3 && x<=3))) U[1,1] (((x>2 || y<=0) || (y<=3 && x<=3)))))",0.0,0.0,0.0,0.0,
absorption,y>-2,(y>-2) || ((y>-2) && (y<3)),0.0,0.0,0.0,0.0,
G idempotent,"G[1,3](x<=3)","(G[1,3](x<=3)) && (G[1,3](x<=3))",0.0,0.0,0.0,0.0,
de Morgan &&,!((((y>3 || y>3) || (x>=2 || y<=-3))) && (x<0)),(!(((y>3 || y>3) || (x>=2 || y<=-3)))) || (!(x<0)),0.0,0.0,0.0,0.0,
!F = G!,"!(F[2,4]((x<0 || x>-3)))","G[2,4](!((x<0 || x>-3)))",0.0,0.0,0.0,0.0,
!G = F!,"!(G[0,2](y>=0))","F[0,2](!(y>=0))",0.0,0.0,0.0,0.0,
U idempotent,"((x<-1) U[2,3] ((y>-2 || (x<=-1 && x<2))))","(((x<-1) U[2,3] ((y>-2 || (x<=-1 && x<2))))) || (((x<-1) U[2,3] ((y>-2 || (x<=-1 && x<2)))))",0.0,0.0,0.0,0.0,
U tautological,"((x<-2) U[2,3] (((x>=3 && x>=1) && y>3)))","(((x<-2) U[2,3] (((x>=3 && x>=1) && y>3)))) && ((y>0) || (y<=0))",0.0,0.0,0.0,0.0,
distributivity,((y>1 || (y>0 || x<=-1))) && (((y<=-2 && y<=3)) || ((y>1 || (y>0 || x<=-1)))),(((y>1 || (y>0 || x<=-1))) && ((y<=-2 && y<=3))) || (((y>1 || (y>0 || x<=-1))) && ((y>1 || (y>0 || x<=-1)))),0.0,0.0,0.0,0.0,
U absorbs its invariant,"(((x<=-1 || y<-1)) U[0,2] (x<=3))","(((x<=-1 || y<-1)) U[0,2] (((x<=-1 || y<-1)) && (x<=3)))",0.0,0.0,0.0,0.0,
triple &&,((y<-1 && x>2) || (y<0 || y>-2)),((((y<-1 && x>2) || (y<0 || y>-2))) && (((y<-1 && x>2) || (y<0 || y>-2)))) && (((y<-1 && x>2) || (y<0 || y>-2))),0.0,0.0,0.0,0.0,
idempotent &&,(y<=3 || (x<3 || x>=2)),((y<=3 || (x<3 || x>=2))) && ((y<=3 || (x<3 || x>=2))),0.0,0.0,0.0,0.0,
U absorbs its invariant,"(((y<-1 || y<2)) U[1,3] (x>3))","(((y<-1 || y<2)) U[1,3] (((y<-1 || y<2)) && (x>3)))",0.0,0.0,0.0,0.0,
idempotent ||,(y<=-1 && (x>0 || x<=3)),((y<=-1 && (x>0 || x<=3))) || ((y<=-1 && (x>0 || x<=3))),0.0,0.0,0.0,0.0,
de Morgan &&,!((y>=3) && (x>2)),(!(y>=3)) || (!(x>2)),0.0,0.0,0.0,0.0,
U tautological,"((x>2) U[2,2] ((y>0 && x<=1)))","(((x>2) U[2,2] ((y>0 && x<=1)))) && ((y>0) || (y<=0))",0.0,0.0,0.0,0.0,
absorption,((y>=-3 && y<1) && x<=-1),(((y>=-3 && y<1) && x<=-1)) || ((((y>=-3 && y<1) && x<=-1)) && ((x<=3 && x>0))),0.0,0.0,0.0,0.0,
double negation,x>=-3,!(!(x>=-3)),0.0,0.0,0.0,0.0,
de Morgan ||,!((((x>1 || y>=-3) && y<=1)) || ((x<-2 && y>=-1))),(!(((x>1 || y>=-3) && y<=1))) && (!((x<-2 && y>=-1))),0.0,0.0,0.0,0.0,
G absorbs F,"G[2,3](y>=3)","(G[2,3](y>=3)) && (F[2,3](y>=3))",0.0,0.0,0.0,0.0,
idempotent ||,x>3,(x>3) || (x>3),0.0,0.0,0.0,0.0,
F over ||,"F[2,2]((y>=2) || ((x>1 && (x<-1 || x>=-3))))","(F[2,2](y>=2)) || (F[2,2]((x>1 && (x<-1 || x>=-3))))",0.0,0.0,0.0,0.0,
!G = F!,"!(G[2,4](y>=0))","F[2,4](!(y>=0))",0.0,0.0,0.0,0.0,
triple &&,x>=-1,((x>=-1) && (x>=-1)) && (x>=-1),0.0,0.0,0.0,0.0,
temporal absorption,"G[1,1](((y<0 || x<=-1) || y>=-1))","(G[1,1](((y<0 || x<=-1) || y>=-1))) || ((G[1,1](((y<0 || x<=-1) || y>=-1))) && (x<-2))",0.0,0.0,0.0,0.0,
idempotent ||,((x<=2 || x<=3) || (y>=1 || y<-3)),(((x<=2 || x<=3) || (y>=1 || y<-3))) || (((x<=2 || x<=3) || (y>=1 || y<-3))),0.0,0.0,0.0,0.0,
U at a point,"(((x>=-1 && x>-2)) U[3,3] (((x>=2 && x<-1) || (y<=-1 && y<=-1))))","(G[0,3]((x>=-1 && x>-2))) && (G[3,3](((x>=2 && x<-1) || (y<=-1 && y<=-1))))",0.0,0.0,0.0,0.0,
idempotent &&,((x<-3 && y>0) && y<=0),(((x<-3 && y>0) && y<=0)) && (((x<-3 && y>0) && y<=0)),0.0,0.0,0.0,0.0,
F idempotent,"F[2,2]((x>-2 && x>=1))","(F[2,2]((x>-2 && x>=1))) || (F[2,2]((x>-2 && x>=1)))",0.0,0.0,0.0,0.0,
commutative ||,((y>1 && x>-2)) || (y>=1),(y>=1) || ((y>1 && x>-2)),0.0,0.0,0.0,0.0,
absorption,x<=3,(x<=3) || ((x<=3) && (x>-2)),0.0,0.0,0.0,0.0,
de Morgan &&,!((y<=-2) && ((x>=-1 || (y<-3 && x<=1)))),(!(y<=-2)) || (!((x>=-1 || (y<-3 && x<=1)))),0.0,0.0,0.0,0.0,
commutative &&,((y<0 || (y<=-2 && y<=2))) && (((y<-1 && y<=-2) || y>3)),(((y<-1 && y<=-2) || y>3)) && ((y<0 || (y<=-2 && y<=2))),0.0,0.0,0.0,0.0,
U tautological,"((((y<-2 && x<=3) && x>2)) U[0,2] (((x<=-1 && x>2) || (x<=-3 && y>=3))))","(((((y<-2 && x<=3) && x>2)) U[0,2] (((x<=-1 && x>2) || (x<=-3 && y>=3))))) && ((y>0) || (y<=0))",0.0,0.0,0.0,0.0,
U with a true invariant,"(((y>0) || (y<=0)) U[2,3] (y>=-3))","F[2,3](y>=-3)",0.0,0.0,0.0,0.4583333333333333,
double negation,(x<=3 && (y<=0 || y<3)),!(!((x<=3 && (y<=0 || y<3)))),0.0,0.0,0.0,0.0,
!F = G!,"!(F[2,3](x>-3))","G[2,3](!(x>-3))",0.0,0.0,0.0,0.0,
idempotent ||,(x>=-1 && (y<2 && x>=-1)),((x>=-1 && (y<2 && x>=-1))) || ((x>=-1 && (y<2 && x>=-1))),0.0,0.0,0.0,0.0,
G absorbs F,"G[1,3](y<0)","(G[1,3](y<0)) && (F[1,3](y<0))",0.0,0.0,0.0,0.0,
F over ||,"F[2,3](((y<-2 && y>3)) || (((y>-1 || y<=-2) || y>=0)))","(F[2,3]((y<-2 && y>3))) || (F[2,3](((y>-1 || y<=-2) || y>=0)))",0.0,0.0,0.0,0.0,
idempotent &&,x>=1,(x>=1) && (x>=1),0.0,0.0,0.0,0.0,
double negation,((x>0 && x<=-2) || x<0),!(!(((x>0 && x<=-2) || x<0))),0.0,0.0,0.0,0.0,
!G = F!,"!(G[0,0]((x<-2 || (x<=-3 && y>-2))))","F[0,0](!((x<-2 || (x<=-3 && y>-2))))",0.0,0.0,0.0,0.0,
absorption,((x>-1 || x<=-3) && (y>-2 && y>=1)),(((x>-1 || x<=-3) && (y>-2 && y>=1))) || ((((x>-1 || x<=-3) && (y>-2 && y>=1))) && (((y<=0 && y>=-1) && (y<-3 && y>=-2)))),0.0,0.0,0.0,0.0,
F over ||,"F[0,0]((y<-3) || (x<3))","(F[0,0](y<-3)) || (F[0,0](x<3))",0.0,0.0,0.0,0.0,
F over ||,"F[1,1]((((x<-1 || x>=1) && (y<-3 && y<=-2))) || (y<=3))","(F[1,1](((x<-1 || x>=1) && (y<-3 && y<=-2)))) || (F[1,1](y<=3))",0.0,0.0,0.0,0.0,
U idempotent,"((x<=1) U[0,0] (((y>=2 || x>3) && x>-2)))","(((x<=1) U[0,0] (((y>=2 || x>3) && x>-2)))) || (((x<=1) U[0,0] (((y>=2 || x>3) && x>-2))))",0.0,0.0,0.0,0.0,
U with a true invariant,"(((y>0) || (y<=0)) U[2,2] (x<=-3))","F[2,2](x<=-3)",0.0,0.0,0.0,0.5,
U with a true invariant,"(((y>0) || (y<=0)) U[1,2] (y<-3))","F[1,2](y<-3)",0.0,0.0,0.0,0.3125,
double negation,((x<=2 && y<0) && y>1),!(!(((x<=2 && y<0) && y>1))),0.0,0.0,0.0,0.0,
commutative &&,((x>-2 && x<=1)) && (x>0),(x>0) && ((x>-2 && x<=1)),0.0,0.0,0.0,0.0,
U idempotent,"((x<=3) U[0,2] ((x<2 || (y>=1 || y<1))))","(((x<=3) U[0,2] ((x<2 || (y>=1 || y<1))))) || (((x<=3) U[0,2] ((x<2 || (y>=1 || y<1)))))",0.0,0.0,0.0,0.0,
F idempotent,"F[1,3](((y<-1 || y>=-3) && y<=-1))","(F[1,3](((y<-1 || y>=-3) && y<=-1))) || (F[1,3](((y<-1 || y>=-3) && y<=-1)))",0.0,0.0,0.0,0.0,
F = G at a point,"F[1,1]((x>1 && x>=-2))","G[1,1]((x>1 && x>=-2))",0.0,0.0,0.0,0.0,
!F = G!,"!(F[0,2](x<=0))","G[0,2](!(x<=0))",0.0,0.0,0.0,0.0,
idempotent ||,(x>=3 && (y>2 || y<2)),((x>=3 && (y>2 || y<2))) || ((x>=3 && (y>2 || y<2))),0.0,0.0,0.0,0.0,
F = G at a point,"F[2,2](x>3)","G[2,2](x>3)",0.0,0.0,0.0,0.0,
U over ||,"((y>=3) U[2,2] ((((x<=2 && y<-1) || x<=3)) || (y>=3)))","(((y>=3) U[2,2] (((x<=2 && y<-1) || x<=3)))) || (((y>=3) U[2,2] (y>=3)))",0.0,0.0,0.0,0.0,
!G = F!,"!(G[1,1](y>=-3))","F[1,1](!(y>=-3))",0.0,0.0,0.0,0.0,
U over ||,"((x>=1) U[1,3] (((y<-1 || (x>2 && y<=3))) || (x>=1)))","(((x>=1) U[1,3] ((y<-1 || (x>2 && y<=3))))) || (((x>=1) U[1,3] (x>=1)))",0.0,0.0,0.0,0.0,
tautological conjunct,((y<=1 && x>=1) && y<=2),(((y<=1 && x>=1) && y<=2)) && ((y>0) || (y<=0)),0.0,0.0,0.0,0.0,
distributivity,(x<0) && ((y>=0) || (x<0)),((x<0) && (y>=0)) || ((x<0) && (x<0)),0.0,0.0,0.0,0.0,
U with a true invariant,"(((y>0) || (y<=0)) U[2,4] (y>-3))","F[2,4](y>-3)",0.0,0.0,0.0,0.34375,
F over ||,"F[2,2]((y<-1) || (((y>=2 || x>-1) && y>=-1)))","(F[2,2](y<-1)) || (F[2,2](((y>=2 || x>-1) && y>=-1)))",0.0,0.0,0.0,0.0,
nested F collapses,"F[0,1](F[0,1]((x>=0 || x<=-2)))","F[0,2]((x>=0 || x<=-2))",0.0,0.0,0.0,0.08333333333333333,
G over &&,"G[1,1]((x>2) && (y<=2))","(G[1,1](x>2)) && (G[1,1](y<=2))",0.0,0.0,0.0,0.0,
commutative &&,(((x<=-1 && x<=1) && y>=-3)) && (y<=3),(y<=3) && (((x<=-1 && x<=1) && y>=-3)),0.0,0.0,0.0,0.0,
U at a point,"((((y>=-1 || y<-2) || x>=-2)) U[0,0] (x<-2))","(G[0,0](((y>=-1 || y<-2) || x>=-2))) && (G[0,0](x<-2))",0.0,0.0,0.0,0.0,
temporal absorption,"G[0,2](((y>=-2 || x<2) && (x<=2 && y>=0)))","(G[0,2](((y>=-2 || x<2) && (x<=2 && y>=0)))) || ((G[0,2](((y>=-2 || x<2) && (x<=2 && y>=0)))) && (((y>=3 || x>=-1) || y<=3)))",0.0,0.0,0.0,0.0,
!G = F!,"!(G[0,1]((x>=0 || (x>-1 || x<=-1))))","F[0,1](!((x>=0 || (x>-1 || x<=-1))))",0.0,0.0,0.0,0.0,
absorption,(x>2 || (y>=-2 && x>3)),((x>2 || (y>=-2 && x>3))) || (((x>2 || (y>=-2 && x>3))) && (x<-2)),0.0,0.0,0.0,0.0,
F idempotent,"F[1,1](((y>3 || x>-1) && (y>-2 || y<=-3)))","(F[1,1](((y>3 || x>-1) && (y>-2 || y<=-3)))) || (F[1,1](((y>3 || x>-1) && (y>-2 || y<=-3))))",0.0,0.0,0.0,0.0,
U tautological,"(((x<=-1 && x>3)) U[2,3] (((y>=0 || y>0) && x>=3)))","((((x<=-1 && x>3)) U[2,3] (((y>=0 || y>0) && x>=3)))) && ((y>0) || (y<=0))",0.0,0.0,0.0,0.0,
triple &&,y>=2,((y>=2) && (y>=2)) && (y>=2),0.0,0.0,0.0,0.0,
distributivity,(x>=1) && ((x<2) || (x>=1)),((x>=1) && (x<2)) || ((x>=1) && (x>=1)),0.0,0.0,0.0,0.0,
U absorbs its invariant,"((x>=3) U[1,3] (x<-1))","((x>=3) U[1,3] ((x>=3) && (x<-1)))",0.0,0.0,0.0,0.0,
G absorbs F,"G[2,2](y<3)","(G[2,2](y<3)) && (F[2,2](y<3))",0.0,0.0,0.0,0.0,
U idempotent,"((((x<=3 && x>-1) || y<3)) U[1,1] (x>=-1))","(((((x<=3 && x>-1) || y<3)) U[1,1] (x>=-1))) || (((((x<=3 && x>-1) || y<3)) U[1,1] (x>=-1)))",0.0,0.0,0.0,0.0,
tautological conjunct,y<1,(y<1) && ((y>0) || (y<=0)),0.0,0.0,0.0,0.0,
commutative &&,((x>=1 || (y<-1 && y<=2))) && (((y>=0 && y>=-3) || (y<=3 && y>3))),(((y>=0 && y>=-3) || (y<=3 && y>3))) && ((x>=1 || (y<-1 && y<=2))),0.0,0.0,0.0,0.0,
U at a point,"((y<=3) U[0,0] (x>1))","(G[0,0](y<=3)) && (G[0,0](x>1))",0.0,0.0,0.0,0.0,
nested G collapses,"G[0,1](G[0,1](x>=-3))","G[0,2](x>=-3)",0.0,0.0,0.0,0.0,
commutative ||,(x<3) || (((y<=-1 && x>2) && (x>=0 || x>=-3))),(((y<=-1 && x>2) && (x>=0 || x>=-3))) || (x<3),0.0,0.0,0.0,0.0,
triple &&,((y>0 || y<=1) || x<-1),((((y>0 || y<=1) || x<-1)) && (((y>0 || y<=1) || x<-1))) && (((y>0 || y<=1) || x<-1)),0.0,0.0,0.0,0.0,
!F = G!,"!(F[0,1](x>-2))","G[0,1](!(x>-2))",0.0,0.0,0.0,0.0,
nested F collapses,"F[0,1](F[0,1]((y>-1 && (y>=-3 && y<=-2))))","F[0,2]((y>-1 && (y>=-3 && y<=-2)))",0.0,0.0,0.0,0.0,
F over ||,"F[2,3]((x>=1) || (((x>-1 || y>1) || (y<-1 && x>=-2))))","(F[2,3](x>=1)) || (F[2,3](((x>-1 || y>1) || (y<-1 && x>=-2))))",0.0,0.0,0.0,0.0,
de Morgan ||,!((x<=1) || ((x>0 && (y>=-2 && x<3)))),(!(x<=1)) && (!((x>0 && (y>=-2 && x<3)))),0.0,0.0,0.0,0.0,
triple &&,(y<=-2 || (y<-3 && y>=-3)),(((y<=-2 || (y<-3 && y>=-3))) && ((y<=-2 || (y<-3 && y>=-3)))) && ((y<=-2 || (y<-3 && y>=-3))),0.0,0.0,0.0,0.0,
F idempotent,"F[0,1](((y>0 && x>=-3) || (y>=-3 && x>=0)))","(F[0,1](((y>0 && x>=-3) || (y>=-3 && x>=0)))) || (F[0,1](((y>0 && x>=-3) || (y>=-3 && x>=0))))",0.0,0.0,0.0,0.0,
F = G at a point,"F[1,1]((y>-2 && (x<3 && y>-3)))","G[1,1]((y>-2 && (x<3 && y>-3)))",0.0,0.0,0.0,0.0,
U absorbs its invariant,"((x<3) U[2,3] (x>=-1))","((x<3) U[2,3] ((x<3) && (x>=-1)))",0.0,0.0,0.0,0.0,
temporal absorption,"G[1,2](x>1)","(G[1,2](x>1)) || ((G[1,2](x>1)) && (((y<=-1 || x<=0) || y<3)))",0.0,0.0,0.0,0.0,
U tautological,"(((x<=-1 && (x<1 && x<=-1))) U[2,4] (y<2))","((((x<=-1 && (x<1 && x<=-1))) U[2,4] (y<2))) && ((y>0) || (y<=0))",0.0,0.0,0.0,0.0,
idempotent &&,(y<1 || (x>=3 || y>3)),((y<1 || (x>=3 || y>3))) && ((y<1 || (x>=3 || y>3))),0.0,0.0,0.0,0.0,
!G = F!,"!(G[2,3](y<=0))","F[2,3](!(y<=0))",0.0,0.0,0.0,0.0,
de Morgan &&,!((x>2) && ((x<=3 && (x<=1 && y>=-2)))),(!(x>2)) || (!((x<=3 && (x<=1 && y>=-2)))),0.0,0.0,0.0,0.0,
!G = F!,"!(G[0,1](x<=-3))","F[0,1](!(x<=-3))",0.0,0.0,0.0,0.0,
U tautological,"((x<-2) U[0,2] (y>-2))","(((x<-2) U[0,2] (y>-2))) && ((y>0) || (y<=0))",0.0,0.0,0.0,0.0,
G absorbs F,"G[0,1](((x<2 && x<-1) && x<3))","(G[0,1](((x<2 && x<-1) && x<3))) && (F[0,1](((x<2 && x<-1) && x<3)))",0.0,0.0,0.0,0.0,
G absorbs F,"G[1,3]((x>=1 && (y<=2 || x>0)))","(G[1,3]((x>=1 && (y<=2 || x>0)))) && (F[1,3]((x>=1 && (y<=2 || x>0))))",0.0,0.0,0.0,0.0,
U absorbs its invariant,"((((x>=0 && x<-1) && (x>=-3 || x<=-3))) U[1,3] (y<-1))","((((x>=0 && x<-1) && (x>=-3 || x<=-3))) U[1,3] ((((x>=0 && x<-1) && (x>=-3 || x<=-3))) && (y<-1)))",0.0,0.0,0.0,0.0,
double negation,x>-3,!(!(x>-3)),0.0,0.0,0.0,0.0,
nested F collapses,"F[0,1](F[0,1](y>=2))","F[0,2](y>=2)",0.0,0.0,0.0,0.08333333333333331,
U at a point,"((((y>=1 && x<2) && x<=-3)) U[2,2] (x<0))","(G[0,2](((y>=1 && x<2) && x<=-3))) && (G[2,2](x<0))",0.0,0.0,0.0,0.0,
U with a true invariant,"(((y>0) || (y<=0)) U[2,4] ((x<=-1 && x>=2)))","F[2,4]((x<=-1 && x>=2))",0.0,0.0,0.0,0.25,
G over &&,"G[1,2]((x>=0) && (x<-3))","(G[1,2](x>=0)) && (G[1,2](x<-3))",0.0,0.0,0.0,0.0,
F = G at a point,"F[1,1](y<1)","G[1,1](y<1)",0.0,0.0,0.0,0.0,
nested G collapses,"G[0,1](G[0,1](x>2))","G[0,2](x>2)",0.0,0.0,0.0,0.0,
commutative ||,(x<=3) || (y<=3),(y<=3) || (x<=3),0.0,0.0,0.0,0.0,
U tautological,"((((y<-3 || x<=3) && (x>=3 || x<1))) U[1,2] (((y<=3 || x<0) || y>3)))","(((((y<-3 || x<=3) && (x>=3 || x<1))) U[1,2] (((y<=3 || x<0) || y>3)))) && ((y>0) || (y<=0))",0.0,0.0,0.0,0.0,
F idempotent,"F[1,2](((x<=0 && x>=0) && y<-1))","(F[1,2](((x<=0 && x>=0) && y<-1))) || (F[1,2](((x<=0 && x>=0) && y<-1)))",0.0,0.0,0.0,0.0,
G over &&,"G[1,3]((y<3) && ((y<=-3 && x<2)))","(G[1,3](y<3)) && (G[1,3]((y<=-3 && x<2)))",0.0,0.0,0.0,0.0,
!G = F!,"!(G[0,0](x>=-3))","F[0,0](!(x>=-3))",0.0,0.0,0.0,0.0,
!F = G!,"!(F[2,4](((x<1 && y<=2) || x>-2)))","G[2,4](!(((x<1 && y<=2) || x>-2)))",0.0,0.0,0.0,0.0,
U idempotent,"(((y<=-3 || (y>=2 || y>=-2))) U[0,1] (x>=-2))","((((y<=-3 || (y>=2 || y>=-2))) U[0,1] (x>=-2))) || ((((y<=-3 || (y>=2 || y>=-2))) U[0,1] (x>=-2)))",0.0,0.0,0.0,0.0,
!G = F!,"!(G[2,4](x<=2))","F[2,4](!(x<=2))",0.0,0.0,0.0,0.0,
double negation,(x<=2 || y<=-1),!(!((x<=2 || y<=-1))),0.0,0.0,0.0,0.0,
U at a point,"((y>0) U[3,3] (((y<=0 || y<1) && y>2)))","(G[0,3](y>0)) && (G[3,3](((y<=0 || y<1) && y>2)))",0.0,0.0,0.0,0.0,
F idempotent,"F[0,0]((x<=2 || (x<=-1 && x>=-2)))","(F[0,0]((x<=2 || (x<=-1 && x>=-2)))) || (F[0,0]((x<=2 || (x<=-1 && x>=-2))))",0.0,0.0,0.0,0.0,
tautological conjunct,((x>=-1 || y<=3) && (y>=1 || x>2)),(((x>=-1 || y<=3) && (y>=1 || x>2))) && ((y>0) || (y<=0)),0.0,0.0,0.0,0.0,
tautological conjunct,y<=-2,(y<=-2) && ((y>0) || (y<=0)),0.0,0.0,0.0,0.0,
U with a true invariant,"(((y>0) || (y<=0)) U[0,0] (x<0))","F[0,0](x<0)",0.0,0.0,0.0,0.0,
U over ||,"((((y>2 || y>1) && (x>-1 || y>=1))) U[0,0] (((y>=-3 && y>-3)) || (((y>2 || y>1) && (x>-1 || y>=1)))))","(((((y>2 || y>1) && (x>-1 || y>=1))) U[0,0] ((y>=-3 && y>-3)))) || (((((y>2 || y>1) && (x>-1 || y>=1))) U[0,0] (((y>2 || y>1) && (x>-1 || y>=1)))))",0.0,0.0,0.0,0.0,
tautological conjunct,x>=2,(x>=2) && ((y>0) || (y<=0)),0.0,0.0,0.0,0.0,
U with a true invariant,"(((y>0) || (y<=0)) U[1,2] (((x<=2 && y<-3) || (x<=0 || y<=-2))))","F[1,2](((x<=2 && y<-3) || (x<=0 || y<=-2)))",0.0,0.0,0.0,0.375,
!F = G!,"!(F[0,0](x<3))","G[0,0](!(x<3))",0.0,0.0,0.0,0.0,
G idempotent,"G[2,2](((x<3 && x>=-2) && x>=-3))","(G[2,2](((x<3 && x>=-2) && x>=-3))) && (G[2,2](((x<3 && x>=-2) && x>=-3)))",0.0,0.0,0.0,0.0,
idempotent &&,x>=-2,(x>=-2) && (x>=-2),0.0,0.0,0.0,0.0,
F = G at a point,"F[1,1]((x>=-2 || y>3))","G[1,1]((x>=-2 || y>3))",0.0,0.0,0.0,0.0,
nested F collapses,"F[0,1](F[0,1](y<=1))","F[0,2](y<=1)",0.0,0.0,0.0,0.375,
U with a true invariant,"(((y>0) || (y<=0)) U[0,2] (((x<-1 && y>1) || x<0)))","F[0,2](((x<-1 && y>1) || x<0))",0.0,0.0,0.0,0.25,
F = G at a point,"F[3,3]((y<-3 && y<3))","G[3,3]((y<-3 && y<3))",0.0,0.0,0.0,0.0,
temporal absorption,"G[2,3](y>0)","(G[2,3](y>0)) || ((G[2,3](y>0)) && (x>2))",0.0,0.0,0.0,0.0,
tautological conjunct,y<=0,(y<=0) && ((y>0) || (y<=0)),0.0,0.0,0.0,0.0,
de Morgan ||,!(((x<=-1 || x<=1)) || (((y>1 && y<3) && y>-2))),(!((x<=-1 || x<=1))) && (!(((y>1 && y<3) && y>-2))),0.0,0.0,0.0,0.0,
idempotent &&,((y<-1 && y<=-1) && (x<-2 && y>=2)),(((y<-1 && y<=-1) && (x<-2 && y>=2))) && (((y<-1 && y<=-1) && (x<-2 && y>=2))),0.0,0.0,0.0,0.0,
F = G at a point,"F[2,2](y>=-2)","G[2,2](y>=-2)",0.0,0.0,0.0,0.0,
F over ||,"F[2,3]((y<2) || (y<=3))","(F[2,3](y<2)) || (F[2,3](y<=3))",0.0,0.0,0.0,0.0,
tautological conjunct,y<-3,(y<-3) && ((y>0) || (y<=0)),0.0,0.0,0.0,0.0,
temporal absorption,"G[1,1](x>=-1)","(G[1,1](x>=-1)) || ((G[1,1](x>=-1)) && (x>-1))",0.0,0.0,0.0,0.0,
U tautological,"((((y<=-3 || y>=3) || (y<=-3 || x<1))) U[0,0] (((y>-1 && y>0) || (x<=1 || y<-1))))","(((((y<=-3 || y>=3) || (y<=-3 || x<1))) U[0,0] (((y>-1 && y>0) || (x<=1 || y<-1))))) && ((y>0) || (y<=0))",0.0,0.0,0.0,0.0,
de Morgan &&,!((x>-1) && ((y>-1 || (y<=2 && x<=-1)))),(!(x>-1)) || (!((y>-1 || (y<=2 && x<=-1)))),0.0,0.0,0.0,0.0,
U over ||,"((x>-2) U[1,1] (((x<-2 && y<-1)) || (x>-2)))","(((x>-2) U[1,1] ((x<-2 && y<-1)))) || (((x>-2) U[1,1] (x>-2)))",0.0,0.0,0.0,0.0,
idempotent &&,x>-2,(x>-2) && (x>-2),0.0,0.0,0.0,0.0,
idempotent ||,y<-3,(y<-3) || (y<-3),0.0,0.0,0.0,0.0,
temporal absorption,"G[0,0](x>=1)","(G[0,0](x>=1)) || ((G[0,0](x>=1)) && (x>=-2))",0.0,0.0,0.0,0.0,
U absorbs its invariant,"((((x<=0 && x<=2) || (y<1 && y<1))) U[1,2] (x<=0))","((((x<=0 && x<=2) || (y<1 && y<1))) U[1,2] ((((x<=0 && x<=2) || (y<1 && y<1))) && (x<=0)))",0.0,0.0,0.0,0.0,
U absorbs its invariant,"((x<=1) U[1,3] (x>0))","((x<=1) U[1,3] ((x<=1) && (x>0)))",0.0,0.0,0.0,0.0,
F idempotent,"F[1,2]((x<1 || x<=1))","(F[1,2]((x<1 || x<=1))) || (F[1,2]((x<1 || x<=1)))",0.0,0.0,0.0,0.0,
!F = G!,"!(F[2,2](x<0))","G[2,2](!(x<0))",0.0,0.0,0.0,0.0,
tautological conjunct,x<-1,(x<-1) && ((y>0) || (y<=0)),0.0,0.0,0.0,0.0,
nested F collapses,"F[0,1](F[0,1](((y<=2 && y<-2) || x>=0)))","F[0,2](((y<=2 && y<-2) || x>=0))",0.0,0.0,0.0,0.08333333333333333,
triple &&,((x<=1 && y<=-3) || y<2),((((x<=1 && y<=-3) || y<2)) && (((x<=1 && y<=-3) || y<2))) && (((x<=1 && y<=-3) || y<2)),0.0,0.0,0.0,0.0,
U absorbs its invariant,"((x>=1) U[1,1] (((y<=1 && x<-2) || (x<=2 && x>=3))))","((x>=1) U[1,1] ((x>=1) && (((y<=1 && x<-2) || (x<=2 && x>=3)))))",0.0,0.0,0.0,0.0,
de Morgan ||,!(((x<-3 && (x>=0 || y>=-3))) || (((y<0 && y>-2) && (y<=3 && y>=2)))),(!((x<-3 && (x>=0 || y>=-3)))) && (!(((y<0 && y>-2) && (y<=3 && y>=2)))),0.0,0.0,0.0,0.0,
U with a true invariant,"(((y>0) || (y<=0)) U[2,4] (y>0))","F[2,4](y>0)",0.0,0.0,0.0,0.25,
commutative &&,(x<=2) && (y<=-2),(y<=-2) && (x<=2),0.0,0.0,0.0,0.0,
F idempotent,"F[1,3]((y>2 || x<=1))","(F[1,3]((y>2 || x<=1))) || (F[1,3]((y>2 || x<=1)))",0.0,0.0,0.0,0.0,
F idempotent,"F[2,3]((x<-1 || x>-1))","(F[2,3]((x<-1 || x>-1))) || (F[2,3]((x<-1 || x>-1)))",0.0,0.0,0.0,0.0,
U idempotent,"((((y>1 || x<0) && x<-2)) U[1,2] (y<=-1))","(((((y>1 || x<0) && x<-2)) U[1,2] (y<=-1))) || (((((y>1 || x<0) && x<-2)) U[1,2] (y<=-1)))",0.0,0.0,0.0,0.0,
triple &&,((y>-1 || y<1) || (x>=-2 && x>-3)),((((y>-1 || y<1) || (x>=-2 && x>-3))) && (((y>-1 || y<1) || (x>=-2 && x>-3)))) && (((y>-1 || y<1) || (x>=-2 && x>-3))),0.0,0.0,0.0,0.0,
triple &&,x<-1,((x<-1) && (x<-1)) && (x<-1),0.0,0.0,0.0,0.0,
absorption,(x<-3 && x>0),((x<-3 && x>0)) || (((x<-3 && x>0)) && (((y>2 && x>0) && (x>=-3 || y>=-2)))),0.0,0.0,0.0,0.0,
nested F collapses,"F[0,1](F[0,1](((x>0 && y<-2) && y<0)))","F[0,2](((x>0 && y<-2) && y<0))",0.0,0.0,0.0,0.3333333333333333,
double negation,(y<=-2 && y<-1),!(!((y<=-2 && y<-1))),0.0,0.0,0.0,0.0,
triple &&,(x>=0 && (x>=2 && x>-2)),(((x>=0 && (x>=2 && x>-2))) && ((x>=0 && (x>=2 && x>-2)))) && ((x>=0 && (x>=2 && x>-2))),0.0,0.0,0.0,0.0,
F over ||,"F[0,1]((((x<=3 || x<=3) && (x>=0 || x>1))) || (x>-2))","(F[0,1](((x<=3 || x<=3) && (x>=0 || x>1)))) || (F[0,1](x>-2))",0.0,0.0,0.0,0.0,
tautological conjunct,y>=-2,(y>=-2) && ((y>0) || (y<=0)),0.0,0.0,0.0,0.0,
triple &&,x>=-3,((x>=-3) && (x>=-3)) && (x>=-3),0.0,0.0,0.0,0.0,
!F = G!,"!(F[0,0]((x>-3 && y>=-2)))","G[0,0](!((x>-3 && y>=-2)))",0.0,0.0,0.0,0.0,
U with a true invariant,"(((y>0) || (y<=0)) U[2,3] (((x<=-1 || y>0) || x>=0)))","F[2,3](((x<=-1 || y>0) || x>=0))",0.0,0.0,0.0,0.3333333333333333,
idempotent ||,y<0,(y<0) || (y<0),0.0,0.0,0.0,0.0,
tautological conjunct,((x<-2 && y>=3) || y<=2),(((x<-2 && y>=3) || y<=2)) && ((y>0) || (y<=0)),0.0,0.0,0.0,0.0,
G idempotent,"G[1,2](((x>-3 || x>=-3) && x<-1))","(G[1,2](((x>-3 || x>=-3) && x<-1))) && (G[1,2](((x>-3 || x>=-3) && x<-1)))",0.0,0.0,0.0,0.0,
U over ||,"(((x>-2 && x>=-3)) U[1,2] ((x>=3) || ((x>-2 && x>=-3))))","((((x>-2 && x>=-3)) U[1,2] (x>=3))) || ((((x>-2 && x>=-3)) U[1,2] ((x>-2 && x>=-3))))",0.0,0.0,0.0,0.0,
commutative ||,(x>3) || (x<3),(x<3) || (x>3),0.0,0.0,0.0,0.0,
nested G collapses,"G[0,1](G[0,1](x>=2))","G[0,2](x>=2)",0.0,0.0,0.0,0.0,
commutative &&,(((y<-1 && y>=2) || y<0)) && (x>0),(x>0) && (((y<-1 && y>=2) || y<0)),0.0,0.0,0.0,0.0,
tautological conjunct,(x>2 || x>=-3),((x>2 || x>=-3)) && ((y>0) || (y<=0)),0.0,0.0,0.0,0.0,
U idempotent,"(((x>=-1 || y<3)) U[1,2] ((x>-2 && (x>=3 && x<-2))))","((((x>=-1 || y<3)) U[1,2] ((x>-2 && (x>=3 && x<-2))))) || ((((x>=-1 || y<3)) U[1,2] ((x>-2 && (x>=3 && x<-2)))))",0.0,0.0,0.0,0.0,
tautological conjunct,x<=0,(x<=0) && ((y>0) || (y<=0)),0.0,0.0,0.0,0.0,
temporal absorption,"G[1,3](y<=-2)","(G[1,3](y<=-2)) || ((G[1,3](y<=-2)) && (x>=1))",0.0,0.0,0.0,0.0,
triple &&,(y>=-2 || (y<=-2 || x<=-1)),(((y>=-2 || (y<=-2 || x<=-1))) && ((y>=-2 || (y<=-2 || x<=-1)))) && ((y>=-2 || (y<=-2 || x<=-1))),0.0,0.0,0.0,0.0,
temporal absorption,"G[1,3](y<-2)","(G[1,3](y<-2)) || ((G[1,3](y<-2)) && ((y<=2 || (x>=-3 || y>3))))",0.0,0.0,0.0,0.0,
U absorbs its invariant,"((((y<=-2 || x<2) || (x<0 && x<=1))) U[2,3] (y>2))","((((y<=-2 || x<2) || (x<0 && x<=1))) U[2,3] ((((y<=-2 || x<2) || (x<0 && x<=1))) && (y>2)))",0.0,0.0,0.0,0.0,
G idempotent,"G[0,2]((x<=2 || (x<-1 && y<=2)))","(G[0,2]((x<=2 || (x<-1 && y<=2)))) && (G[0,2]((x<=2 || (x<-1 && y<=2))))",0.0,0.0,0.0,0.0,
F idempotent,"F[1,3](((x>-1 || y<=0) && (y<=-2 || y>0)))","(F[1,3](((x>-1 || y<=0) && (y<=-2 || y>0)))) || (F[1,3](((x>-1 || y<=0) && (y<=-2 || y>0))))",0.0,0.0,0.0,0.0,
G over &&,"G[2,4]((y>=2) && (y>1))","(G[2,4](y>=2)) && (G[2,4](y>1))",0.0,0.0,0.0,0.0,
!G = F!,"!(G[1,1](x>-1))","F[1,1](!(x>-1))",0.0,0.0,0.0,0.0,
nested G collapses,"G[0,1](G[0,1](x>=3))","G[0,2](x>=3)",0.0,0.0,0.0,0.0,
idempotent &&,(x<2 && (y<=-1 && x<0)),((x<2 && (y<=-1 && x<0))) && ((x<2 && (y<=-1 && x<0))),0.0,0.0,0.0,0.0,
U absorbs its invariant,"((y<-2) U[0,1] (y>=2))","((y<-2) U[0,1] ((y<-2) && (y>=2)))",0.0,0.0,0.0,0.0,
distributivity,(x>0) && ((((y>1 && y<=3) && y<=0)) || (x>0)),((x>0) && (((y>1 && y<=3) && y<=0))) || ((x>0) && (x>0)),0.0,0.0,0.0,0.0,
!G = F!,"!(G[0,0](((y<=-1 || y>-1) && y<3)))","F[0,0](!(((y<=-1 || y>-1) && y<3)))",0.0,0.0,0.0,0.0,
absorption,y<=1,(y<=1) || ((y<=1) && (x>=-1)),0.0,0.0,0.0,0.0,
commutative ||,((x>=2 && (x>=0 || y<1))) || (((x<1 || y>=-2) || (y>-2 || y>=3))),(((x<1 || y>=-2) || (y>-2 || y>=3))) || ((x>=2 && (x>=0 || y<1))),0.0,0.0,0.0,0.0,
F over ||,"F[2,4](((y>=-1 || (y<1 && x>=-2))) || (x>3))","(F[2,4]((y>=-1 || (y<1 && x>=-2)))) || (F[2,4](x>3))",0.0,0.0,0.0,0.0,
F over ||,"F[1,3]((((y<=-3 && x<1) || (x<2 || y<=-3))) || (y>=0))","(F[1,3](((y<=-3 && x<1) || (x<2 || y<=-3)))) || (F[1,3](y>=0))",0.0,0.0,0.0,0.0,
de Morgan &&,!((((y>=2 && y>-2) && x<2)) && (y<=-2)),(!(((y>=2 && y>-2) && x<2))) || (!(y<=-2)),0.0,0.0,0.0,0.0,
triple &&,x>=-3,((x>=-3) && (x>=-3)) && (x>=-3),0.0,0.0,0.0,0.0,
de Morgan ||,!((((y<=2 || y<-1) || (y>1 && y<=0))) || (y<=3)),(!(((y<=2 || y<-1) || (y>1 && y<=0)))) && (!(y<=3)),0.0,0.0,0.0,0.0,
absorption,x<-1,(x<-1) || ((x<-1) && (x>-1)),0.0,0.0,0.0,0.0,
temporal absorption,"G[0,0](((y<0 || x<=3) && (y<2 || y>-1)))","(G[0,0](((y<0 || x<=3) && (y<2 || y>-1)))) || ((G[0,0](((y<0 || x<=3) && (y<2 || y>-1)))) && (x<=-2))",0.0,0.0,0.0,0.0,
!G = F!,"!(G[2,4](y<=-2))","F[2,4](!(y<=-2))",0.0,0.0,0.0,0.0,
F idempotent,"F[1,1](x>=2)","(F[1,1](x>=2)) || (F[1,1](x>=2))",0.0,0.0,0.0,0.0,
U with a true invariant,"(((y>0) || (y<=0)) U[0,1] ((x>0 && y>-2)))","F[0,1]((x>0 && y>-2))",0.0,0.0,0.0,0.8333333333333335,
!G = F!,"!(G[1,2](y<=-2))","F[1,2](!(y<=-2))",0.0,0.0,0.0,0.0,
U idempotent,"((x<-1) U[1,3] ((x>2 && (y>=-1 && x<1))))","(((x<-1) U[1,3] ((x>2 && (y>=-1 && x<1))))) || (((x<-1) U[1,3] ((x>2 && (y>=-1 && x<1)))))",0.0,0.0,0.0,0.0,
F over ||,"F[0,1]((y<=1) || (((x<=2 || x<-2) && (y<1 && y>=0))))","(F[0,1](y<=1)) || (F[0,1](((x<=2 || x<-2) && (y<1 && y>=0))))",0.0,0.0,0.0,0.0,
commutative ||,((y>=2 || (y>=0 || y<=3))) || (y>-3),(y>-3) || ((y>=2 || (y>=0 || y<=3))),0.0,0.0,0.0,0.0,
!F = G!,"!(F[2,4]((x>=0 && (y>-3 && y<1))))","G[2,4](!((x>=0 && (y>-3 && y<1))))",0.0,0.0,0.0,0.0,
de Morgan ||,!((y<1) || (x<-1)),(!(y<1)) && (!(x<-1)),0.0,0.0,0.0,0.0,
G over &&,"G[2,2]((y>2) && (x<=2))","(G[2,2](y>2)) && (G[2,2](x<=2))",0.0,0.0,0.0,0.0,
!F = G!,"!(F[2,4](y<=2))","G[2,4](!(y<=2))",0.0,0.0,0.0,0.0,
idempotent &&,(y<1 && (x<=1 || y>3)),((y<1 && (x<=1 || y>3))) && ((y<1 && (x<=1 || y>3))),0.0,0.0,0.0,0.0,
de Morgan &&,!(((y<=-1 || (y>=2 && x>-1))) && (((y>=-2 && x>-1) || (x>0 && y>=-1)))),(!((y<=-1 || (y>=2 && x>-1)))) || (!(((y>=-2 && x>-1) || (x>0 && y>=-1)))),0.0,0.0,0.0,0.0,
distributivity,(x>-3) && ((x<=2) || (x>-3)),((x>-3) && (x<=2)) || ((x>-3) && (x>-3)),0.0,0.0,0.0,0.0,
!F = G!,"!(F[2,4](y<3))","G[2,4](!(y<3))",0.0,0.0,0.0,0.0,
F idempotent,"F[2,2](((y>3 && x<-1) || (y<=2 || y>=3)))","(F[2,2](((y>3 && x<-1) || (y<=2 || y>=3)))) || (F[2,2](((y>3 && x<-1) || (y<=2 || y>=3))))",0.0,0.0,0.0,0.0,
idempotent ||,x>-2,(x>-2) || (x>-2),0.0,0.0,0.0,0.0,
nested F collapses,"F[0,1](F[0,1](((y>=3 || y<0) && x>2)))","F[0,2](((y>=3 || y<0) && x>2))",0.0,0.0,0.0,0.1875,
!G = F!,"!(G[2,3](x>=2))","F[2,3](!(x>=2))",0.0,0.0,0.0,0.0,
G idempotent,"G[2,4](y<=1)","(G[2,4](y<=1)) && (G[2,4](y<=1))",0.0,0.0,0.0,0.0,
U absorbs its invariant,"((x>=-3) U[0,2] (y<=-3))","((x>=-3) U[0,2] ((x>=-3) && (y<=-3)))",0.0,0.0,0.0,0.0,
G idempotent,"G[1,3](((x<=0 || y<=1) || (y<=-2 || x>1)))","(G[1,3](((x<=0 || y<=1) || (y<=-2 || x>1)))) && (G[1,3](((x<=0 || y<=1) || (y<=-2 || x>1))))",0.0,0.0,0.0,0.0,
de Morgan ||,!((y>=-2) || (x>=0)),(!(y>=-2)) && (!(x>=0)),0.0,0.0,0.0,0.0,
U with a true invariant,"(((y>0) || (y<=0)) U[2,3] ((x>=1 || (x>2 || x<=-2))))","F[2,3]((x>=1 || (x>2 || x<=-2)))",0.0,0.0,0.0,0.38888888888888884,
U idempotent,"(((x>=3 || x>-1)) U[2,4] (x<0))","((((x>=3 || x>-1)) U[2,4] (x<0))) || ((((x>=3 || x>-1)) U[2,4] (x<0)))",0.0,0.0,0.0,0.0,
G absorbs F,"G[0,0](y<=-3)","(G[0,0](y<=-3)) && (F[0,0](y<=-3))",0.0,0.0,0.0,0.0,
idempotent ||,y>=-1,(y>=-1) || (y>=-1),0.0,0.0,0.0,0.0,
double negation,((x>=-2 || x>3) || (y>=-3 || x<=3)),!(!(((x>=-2 || x>3) || (y>=-3 || x<=3)))),0.0,0.0,0.0,0.0,
U at a point,"((y>=-2) U[1,1] (x<=0))","(G[0,1](y>=-2)) && (G[1,1](x<=0))",0.0,0.0,0.0,0.0,
