base_id,base,family,severity,mutant,1-G,1-VolJ,PH/2D,SD,error
0,"G[1,4](((x>=3 || x>0) || x<=0))",const,1,"G[1,4](((x>=2 || x>0) || x<=0))",0.0,0.0,0.0,0.0,
0,"G[1,4](((x>=3 || x>0) || x<=0))",const,2,"G[1,4](((x>=1 || x>0) || x<=0))",0.0,0.0,0.0,0.0,
0,"G[1,4](((x>=3 || x>0) || x<=0))",const,3,"G[1,4](((x>=0 || x>0) || x<=0))",0.0,0.0,0.0,0.0,
0,"G[1,4](((x>=3 || x>0) || x<=0))",const,4,"G[1,4](((x>=-1 || x>0) || x<=0))",0.0,0.0,0.0,0.0,
0,"G[1,4](((x>=3 || x>0) || x<=0))",shift,1,"G[2,5](((x>=3 || x>0) || x<=0))",0.0,0.0,0.0,0.125,
0,"G[1,4](((x>=3 || x>0) || x<=0))",shift,2,"G[3,6](((x>=3 || x>0) || x<=0))",0.0,0.0,0.0,0.20833333333333334,
0,"G[1,4](((x>=3 || x>0) || x<=0))",shift,3,"G[4,7](((x>=3 || x>0) || x<=0))",0.0,0.0,0.0,0.26785714285714285,
0,"G[1,4](((x>=3 || x>0) || x<=0))",widen,1,"G[1,5](((x>=3 || x>0) || x<=0))",0.0,0.0,0.0,0.0625,
0,"G[1,4](((x>=3 || x>0) || x<=0))",widen,2,"G[1,6](((x>=3 || x>0) || x<=0))",0.0,0.0,0.0,0.10416666666666667,
0,"G[1,4](((x>=3 || x>0) || x<=0))",widen,3,"G[1,7](((x>=3 || x>0) || x<=0))",0.0,0.0,0.0,0.13392857142857142,
0,"G[1,4](((x>=3 || x>0) || x<=0))",strict,0,"G[1,4](((x>3 || x>0) || x<=0))",0.0,0.0,0.0,0.0,
1,"F[2,3](x>3)",const,1,"F[2,3](x>2)",0.0707071294000512,0.1346155004930807,0.0625,0.020833333333333332,
1,"F[2,3](x>3)",const,2,"F[2,3](x>1)",0.12554116919659764,0.22857151706121448,0.125,0.041666666666666664,
1,"F[2,3](x>3)",const,3,"F[2,3](x>0)",0.17045457838325995,0.2968750716145765,0.1875,0.0625,
1,"F[2,3](x>3)",const,4,"F[2,3](x>-1)",0.20875423346256872,0.34782614786808974,0.25,0.08333333333333333,
1,"F[2,3](x>3)",shift,1,"F[3,4](x>3)",0.4,0.4376130353586706,0.6875,0.15625,
1,"F[2,3](x>3)",shift,2,"F[4,5](x>3)",0.6666666666666667,0.6419098390898392,0.6875,0.125,
1,"F[2,3](x>3)",shift,3,"F[5,6](x>3)",0.7142857142857143,0.6419098390898392,0.6875,0.10416666666666667,
1,"F[2,3](x>3)",widen,1,"F[2,4](x>3)",0.2142857142857142,0.21880651767933523,0.6875,0.0,
1,"F[2,3](x>3)",widen,2,"F[2,5](x>3)",0.3500000000000001,0.3209549195449196,0.6875,0.0,
1,"F[2,3](x>3)",widen,3,"F[2,6](x>3)",0.4447004608294931,0.3769640448517819,0.6875,0.0,
1,"F[2,3](x>3)",strict,0,"F[2,3](x>=3)",8.181816701924305e-08,1.6296293170459109e-07,0.0,0.0,
2,"G[2,4](G[0,2](x<=2))",const,1,"G[2,4](G[0,2](x<=3))",0.06493511806374475,0.3790789309540257,0.0625,0.041666666666666664,
2,"G[2,4](G[0,2](x<=2))",const,2,"G[2,4](G[0,2](x<=4))",0.1190476587301521,0.5981225619426895,0.125,0.08333333333333333,
2,"G[2,4](G[0,2](x<=2))",const,3,"G[2,4](G[0,2](x<=5))",0.16483519442095906,0.7306709981687505,0.1875,0.125,
2,"G[2,4](G[0,2](x<=2))",const,4,"G[2,4](G[0,2](x<=6))",0.20408165451894733,0.8140656077612128,0.25,0.16666666666666666,
2,"G[2,4](G[0,2](x<=2))",shift,1,"G[3,5](G[0,2](x<=2))",0.25,0.5454545206611582,0.375,0.17857142857142858,
2,"G[2,4](G[0,2](x<=2))",shift,2,"G[4,6](G[0,2](x<=2))",0.4444444444444444,0.7572815307757571,0.375,0.3125,
2,"G[2,4](G[0,2](x<=2))",shift,3,"G[5,7](G[0,2](x<=2))",0.6,0.8609566006476114,0.375,0.4166666666666667,
2,"G[2,4](G[0,2](x<=2))",widen,1,"G[2,5](G[0,2](x<=2))",0.125,0.3749999765625015,0.375,0.08928571428571429,
2,"G[2,4](G[0,2](x<=2))",widen,2,"G[2,6](G[0,2](x<=2))",0.2222222222222222,0.6093749707031264,0.375,0.15625,
2,"G[2,4](G[0,2](x<=2))",widen,3,"G[2,7](G[0,2](x<=2))",0.30000000000000004,0.7558593475341804,0.375,0.20833333333333334,
2,"G[2,4](G[0,2](x<=2))",strict,0,"G[2,4](G[0,2](x<2))",7.142856417452492e-08,4.999998498567138e-07,0.0,0.0,
3,"F[0,1](y<=-3)",const,1,"F[0,1](y<=-4)",0.16111121657403993,0.17037046737992878,0.0625,0.0625,
3,"F[0,1](y<=-3)",const,2,"F[0,1](y<=-5)",0.3179487663116247,0.35555557958846284,0.125,0.125,
3,"F[0,1](y<=-3)",const,3,"F[0,1](y<=-6)",0.471428563469397,0.5555554995884948,0.1875,0.1875,
3,"F[0,1](y<=-3)",const,4,"F[0,1](y<=-7)",0.6180554992477124,0.7703702273800249,0.25,0.25,
3,"F[0,1](y<=-3)",shift,1,"F[1,2](y<=-3)",0.6666666666666667,0.4376129858637272,0.6875,0.3125,
3,"F[0,1](y<=-3)",shift,2,"F[2,3](y<=-3)",1.0,0.6419097598378967,0.6875,0.20833333333333334,
3,"F[0,1](y<=-3)",shift,3,"F[3,4](y<=-3)",1.0,0.6419097598378967,0.6875,0.15625,
3,"F[0,1](y<=-3)",widen,1,"F[0,2](y<=-3)",0.3571428571428572,0.2188064929318635,0.6875,0.0,
3,"F[0,1](y<=-3)",widen,2,"F[0,3](y<=-3)",0.525,0.3209548799189482,0.6875,0.0,
3,"F[0,1](y<=-3)",widen,3,"F[0,4](y<=-3)",0.6225806451612903,0.37696399470936426,0.6875,0.0,
3,"F[0,1](y<=-3)",strict,0,"F[0,1](y<-3)",1.636363342605307e-07,1.6296293170459109e-07,0.0,0.0,
4,"G[0,1](((y>-1 || x<=3)) U[0,1] (x>-3))",const,1,"G[0,1](((y>-1 || x<=4)) U[0,1] (x>-3))",0.060846606689331284,0.0792133403683053,0.0625000625,0.0,
4,"G[0,1](((y>-1 || x<=3)) U[0,1] (x>-3))",const,2,"G[0,1](((y>-1 || x<=5)) U[0,1] (x>-3))",0.11342595706017833,0.14929621052145248,0.125,0.0,
4,"G[0,1](((y>-1 || x<=3)) U[0,1] (x>-3))",const,3,"G[0,1](((y>-1 || x<=6)) U[0,1] (x>-3))",0.1604938468449889,0.21161030902862543,0.1875,0.0,
4,"G[0,1](((y>-1 || x<=3)) U[0,1] (x>-3))",const,4,"G[0,1](((y>-1 || x<=7)) U[0,1] (x>-3))",0.19234007302571043,0.26727087562017515,0.25,0.0,
4,"G[0,1](((y>-1 || x<=3)) U[0,1] (x>-3))",shift,1,"G[1,2](((y>-1 || x<=3)) U[0,1] (x>-3))",0.5086805555555556,0.3753523203010436,0.3125,0.1875,
4,"G[0,1](((y>-1 || x<=3)) U[0,1] (x>-3))",shift,2,"G[2,3](((y>-1 || x<=3)) U[0,1] (x>-3))",0.8069444444444445,0.575853583879877,0.3125,0.1875,
4,"G[0,1](((y>-1 || x<=3)) U[0,1] (x>-3))",shift,3,"G[3,4](((y>-1 || x<=3)) U[0,1] (x>-3))",1.0,0.6011255656240364,0.3125,0.15,
4,"G[0,1](((y>-1 || x<=3)) U[0,1] (x>-3))",widen,1,"G[0,2](((y>-1 || x<=3)) U[0,1] (x>-3))",0.2586805555555556,0.23103613478252427,0.3125,0.10416666666666667,
4,"G[0,1](((y>-1 || x<=3)) U[0,1] (x>-3))",widen,2,"G[0,3](((y>-1 || x<=3)) U[0,1] (x>-3))",0.40694444444444444,0.4043499863228285,0.3125,0.171875,
4,"G[0,1](((y>-1 || x<=3)) U[0,1] (x>-3))",widen,3,"G[0,4](((y>-1 || x<=3)) U[0,1] (x>-3))",0.505787037037037,0.5395737458153196,0.31250006249999956,0.2125,
4,"G[0,1](((y>-1 || x<=3)) U[0,1] (x>-3))",strict,0,"G[0,1](((y>-1 || x<3)) U[0,1] (x>-3))",6.635801264032182e-08,8.430702269635049e-08,0.0,0.0,
5,"F[0,3]((x>-1) U[0,2] ((x>=-2 || x>-2)))",const,1,"F[0,3]((x>0) U[0,2] ((x>=-2 || x>-2)))",0.11759268901747277,0.026847266240183743,0.0625,0.0125,
5,"F[0,3]((x>-1) U[0,2] ((x>=-2 || x>-2)))",const,2,"F[0,3]((x>1) U[0,2] ((x>=-2 || x>-2)))",0.22222229711933006,0.06589059865607783,0.125,0.025,
5,"F[0,3]((x>-1) U[0,2] ((x>=-2 || x>-2)))",const,3,"F[0,3]((x>2) U[0,2] ((x>=-2 || x>-2)))",0.31777783595060916,0.12036118904380533,0.1875,0.0375,
5,"F[0,3]((x>-1) U[0,2] ((x>=-2 || x>-2)))",const,4,"F[0,3]((x>3) U[0,2] ((x>=-2 || x>-2)))",0.40673405122605955,0.19387034498880074,0.25,0.05,
5,"F[0,3]((x>-1) U[0,2] ((x>=-2 || x>-2)))",shift,1,"F[1,4]((x>-1) U[0,2] ((x>=-2 || x>-2)))",0.4,0.041887305149180376,0.4375,0.0,
5,"F[0,3]((x>-1) U[0,2] ((x>=-2 || x>-2)))",shift,2,"F[2,5]((x>-1) U[0,2] ((x>=-2 || x>-2)))",0.6666666666666667,0.059666290855368787,0.4375,0.0,
5,"F[0,3]((x>-1) U[0,2] ((x>=-2 || x>-2)))",shift,3,"F[3,6]((x>-1) U[0,2] ((x>=-2 || x>-2)))",0.8571428571428572,0.06734347754456582,0.4375,0.0703125,
5,"F[0,3]((x>-1) U[0,2] ((x>=-2 || x>-2)))",widen,1,"F[0,4]((x>-1) U[0,2] ((x>=-2 || x>-2)))",0.2032258064516128,0.020943652574590188,0.4375,0.0,
5,"F[0,3]((x>-1) U[0,2] ((x>=-2 || x>-2)))",widen,2,"F[0,5]((x>-1) U[0,2] ((x>=-2 || x>-2)))",0.3373015873015873,0.02983314542768456,0.4375,0.0,
5,"F[0,3]((x>-1) U[0,2] ((x>=-2 || x>-2)))",widen,3,"F[0,6]((x>-1) U[0,2] ((x>=-2 || x>-2)))",0.43250843644544434,0.03367173877228302,0.4375,0.0,
5,"F[0,3]((x>-1) U[0,2] ((x>=-2 || x>-2)))",strict,0,"F[0,3]((x>=-1) U[0,2] ((x>=-2 || x>-2)))",1.2592590981075347e-07,2.173121405046885e-08,0.0,0.0,
6,"G[1,2]((x>-2 && y<1))",const,1,"G[1,2]((x>-2 && y<0))",0.03703706995884415,0.20987671879283798,0.0625,0.03125,
6,"G[1,2]((x>-2 && y<1))",const,2,"G[1,2]((x>-2 && y<-1))",0.07407410288065519,0.3950618628257665,0.125,0.0625,
6,"G[1,2]((x>-2 && y<1))",const,3,"G[1,2]((x>-2 && y<-2))",0.11111113580246634,0.5555556543209712,0.1875,0.09375,
6,"G[1,2]((x>-2 && y<1))",const,4,"G[1,2]((x>-2 && y<-3))",0.1481481687242775,0.6913580932784522,0.25,0.125,
6,"G[1,2]((x>-2 && y<1))",shift,1,"G[2,3]((x>-2 && y<1))",0.5,0.7867298901641883,0.4375,0.7916666666666666,
6,"G[1,2]((x>-2 && y<1))",shift,2,"G[3,4]((x>-2 && y<1))",0.8,0.9341313645251248,0.4375,0.59375,
6,"G[1,2]((x>-2 && y<1))",shift,3,"G[4,5]((x>-2 && y<1))",0.8333333333333334,0.9341313645251248,0.4375,0.475,
6,"G[1,2]((x>-2 && y<1))",widen,1,"G[1,3]((x>-2 && y<1))",0.25,0.6484375439453084,0.4375,0.3958333333333333,
6,"G[1,2]((x>-2 && y<1))",widen,2,"G[1,4]((x>-2 && y<1))",0.4,0.876403839492793,0.4375,0.59375,
6,"G[1,2]((x>-2 && y<1))",widen,3,"G[1,5]((x>-2 && y<1))",0.5,0.9565482302531565,0.4375,0.7125,
6,"G[1,2]((x>-2 && y<1))",strict,0,"G[1,2]((x>-2 && y<=1))",3.7037032996067865e-08,2.222221852088424e-07,0.0,0.0,
7,"F[1,2](G[0,2](x>=2))",const,1,"F[1,2](G[0,2](x>=3))",0.1232324083256553,0.39903868137728105,0.0625,0.046875,
7,"F[1,2](G[0,2](x>=2))",const,2,"F[1,2](G[0,2](x>=4))",0.24444449074072772,0.6809117510409518,0.125,0.09375,
7,"F[1,2](G[0,2](x>=2))",const,3,"F[1,2](G[0,2](x>=5))",0.36410257199210994,0.8605769193786985,0.1875,0.140625,
7,"F[1,2](G[0,2](x>=2))",const,4,"F[1,2](G[0,2](x>=6))",0.48253965230537854,0.9572649349112458,0.25,0.1875,
7,"F[1,2](G[0,2](x>=2))",shift,1,"F[2,3](G[0,2](x>=2))",0.38888888888888895,0.5555555401234572,0.625,0.15,
7,"F[1,2](G[0,2](x>=2))",shift,2,"F[3,4](G[0,2](x>=2))",0.6190476190476191,0.8695651984877131,0.6250000625,0.25,
7,"F[1,2](G[0,2](x>=2))",shift,3,"F[4,5](G[0,2](x>=2))",0.75,0.9435758923513278,0.625,0.32142857142857145,
7,"F[1,2](G[0,2](x>=2))",widen,1,"F[1,3](G[0,2](x>=2))",0.1875,0.27777777006172855,0.625,0.0,
7,"F[1,2](G[0,2](x>=2))",widen,2,"F[1,4](G[0,2](x>=2))",0.3214285714285714,0.4347825992438564,0.625,0.0,
7,"F[1,2](G[0,2](x>=2))",widen,3,"F[1,5](G[0,2](x>=2))",0.41755319148936176,0.5313006016628257,0.625,0.0,
7,"F[1,2](G[0,2](x>=2))",strict,0,"F[1,2](G[0,2](x>2))",1.2444442454295768e-07,4.6153831578799043e-07,0.0,0.0,
8,"F[0,1](((y<1 && x>=-2)) U[0,2] ((x<-2 && x>-1)))",const,1,"F[0,1](((y<1 && x>=-2)) U[0,2] ((x<-2 && x>0)))",0.0,0.0,0.0,0.0,
8,"F[0,1](((y<1 && x>=-2)) U[0,2] ((x<-2 && x>-1)))",const,2,"F[0,1](((y<1 && x>=-2)) U[0,2] ((x<-2 && x>1)))",0.0,0.0,0.0,0.0,
8,"F[0,1](((y<1 && x>=-2)) U[0,2] ((x<-2 && x>-1)))",const,3,"F[0,1](((y<1 && x>=-2)) U[0,2] ((x<-2 && x>2)))",0.0,0.0,0.0,0.0,
8,"F[0,1](((y<1 && x>=-2)) U[0,2] ((x<-2 && x>-1)))",const,4,"F[0,1](((y<1 && x>=-2)) U[0,2] ((x<-2 && x>3)))",0.0,0.0,0.0,0.0,
8,"F[0,1](((y<1 && x>=-2)) U[0,2] ((x<-2 && x>-1)))",shift,1,"F[1,2](((y<1 && x>=-2)) U[0,2] ((x<-2 && x>-1)))",0.0,0.0,0.0,0.28125,
8,"F[0,1](((y<1 && x>=-2)) U[0,2] ((x<-2 && x>-1)))",shift,2,"F[2,3](((y<1 && x>=-2)) U[0,2] ((x<-2 && x>-1)))",0.0,0.0,0.0,0.225,
8,"F[0,1](((y<1 && x>=-2)) U[0,2] ((x<-2 && x>-1)))",shift,3,"F[3,4](((y<1 && x>=-2)) U[0,2] ((x<-2 && x>-1)))",0.0,0.0,0.0,0.1875,
8,"F[0,1](((y<1 && x>=-2)) U[0,2] ((x<-2 && x>-1)))",widen,1,"F[0,2](((y<1 && x>=-2)) U[0,2] ((x<-2 && x>-1)))",0.0,0.0,0.0,0.0,
8,"F[0,1](((y<1 && x>=-2)) U[0,2] ((x<-2 && x>-1)))",widen,2,"F[0,3](((y<1 && x>=-2)) U[0,2] ((x<-2 && x>-1)))",0.0,0.0,0.0,0.0,
8,"F[0,1](((y<1 && x>=-2)) U[0,2] ((x<-2 && x>-1)))",widen,3,"F[0,4](((y<1 && x>=-2)) U[0,2] ((x<-2 && x>-1)))",0.0,0.0,0.0,0.0,
8,"F[0,1](((y<1 && x>=-2)) U[0,2] ((x<-2 && x>-1)))",strict,0,"F[0,1](((y<1 && x>=-2)) U[0,2] ((x<-2 && x>=-1)))",0.0,0.0,0.0,0.0,
9,"F[0,1](G[1,2](y>=-3))",const,1,"F[0,1](G[1,2](y>=-4))",0.08194451162035843,0.11770842920137115,0.0625,0.041666666666666664,
9,"F[0,1](G[1,2](y>=-3))",const,2,"F[0,1](G[1,2](y>=-5))",0.15641030747533635,0.20865780888190621,0.125,0.08333333333333333,
9,"F[0,1](G[1,2](y>=-3))",const,3,"F[0,1](G[1,2](y>=-6))",0.2250000371428511,0.27976195672712756,0.1875,0.125,
9,"F[0,1](G[1,2](y>=-3))",const,4,"F[0,1](G[1,2](y>=-7))",0.28472224109953426,0.3356863141284069,0.25,0.16666666666666666,
9,"F[0,1](G[1,2](y>=-3))",shift,1,"F[1,2](G[1,2](y>=-3))",0.4666666666666667,0.3846153698224858,0.3125,0.34375,
9,"F[0,1](G[1,2](y>=-3))",shift,2,"F[2,3](G[1,2](y>=-3))",0.6666666666666667,0.5333514954366358,0.3125,0.55,
9,"F[0,1](G[1,2](y>=-3))",shift,3,"F[3,4](G[1,2](y>=-3))",0.8571428571428572,0.5503450443321808,0.3125,0.4583333333333333,
9,"F[0,1](G[1,2](y>=-3))",widen,1,"F[0,2](G[1,2](y>=-3))",0.22499999999999987,0.19230768491124284,0.3125,0.0,
9,"F[0,1](G[1,2](y>=-3))",widen,2,"F[0,3](G[1,2](y>=-3))",0.368421052631579,0.2666757477183179,0.3125,0.0,
9,"F[0,1](G[1,2](y>=-3))",widen,3,"F[0,4](G[1,2](y>=-3))",0.4651162790697675,0.31226261864286464,0.3125,0.0,
9,"F[0,1](G[1,2](y>=-3))",strict,0,"F[0,1](G[1,2](y>-3))",8.636362480718418e-08,1.3419912026080283e-07,0.0,0.0,
10,"G[1,3]((x<=-3 || x>0))",const,1,"G[1,3]((x<=-2 || x>0))",0.0625000416666528,0.19934418169509371,0.0625,0.0,
10,"G[1,3]((x<=-3 || x>0))",const,2,"G[1,3]((x<=-1 || x>0))",0.10714288010203432,0.349037147199979,0.09375,0.0,
10,"G[1,3]((x<=-3 || x>0))",const,3,"G[1,3]((x<=0 || x>0))",1.0,0.4636231242370472,0.09374999999999975,0.0,
10,"G[1,3]((x<=-3 || x>0))",const,4,"G[1,3]((x<=1 || x>0))",1.0,0.4636231010284304,0.09375,0.0,
10,"G[1,3]((x<=-3 || x>0))",shift,1,"G[2,4]((x<=-3 || x>0))",0.4,0.315789529085864,0.09375000000000007,0.15625,
10,"G[1,3]((x<=-3 || x>0))",shift,2,"G[3,5]((x<=-3 || x>0))",0.6666666666666667,0.5072887004564286,0.09375000000000004,0.25,
10,"G[1,3]((x<=-3 || x>0))",shift,3,"G[4,6]((x<=-3 || x>0))",0.8571428571428572,0.6335280121769369,0.09375,0.20833333333333334,
10,"G[1,3]((x<=-3 || x>0))",widen,1,"G[1,4]((x<=-3 || x>0))",0.19999999999999996,0.18750003906249524,0.09375,0.078125,
10,"G[1,3]((x<=-3 || x>0))",widen,2,"G[1,5]((x<=-3 || x>0))",0.33333333333333337,0.3398438134765531,0.09375,0.125,
10,"G[1,3]((x<=-3 || x>0))",widen,3,"G[1,6]((x<=-3 || x>0))",0.4285714285714286,0.4636231242370472,0.09375,0.15625,
10,"G[1,3]((x<=-3 || x>0))",strict,0,"G[1,3]((x<-3 || x>0))",7.499998511129036e-08,2.3076919519748884e-07,0.0,0.0,
11,"G[1,2](G[1,3](((y>3 || x<=0) && (x>2 && y<=2))))",const,1,"G[1,2](G[1,3](((y>2 || x<=0) && (x>2 && y<=2))))",0.0,0.0,0.0625,0.0,
11,"G[1,2](G[1,3](((y>3 || x<=0) && (x>2 && y<=2))))",const,2,"G[1,2](G[1,3](((y>1 || x<=0) && (x>2 && y<=2))))",1.0,1.0,0.125,0.0,
11,"G[1,2](G[1,3](((y>3 || x<=0) && (x>2 && y<=2))))",const,3,"G[1,2](G[1,3](((y>0 || x<=0) && (x>2 && y<=2))))",1.0,1.0,0.1875,0.0,
11,"G[1,2](G[1,3](((y>3 || x<=0) && (x>2 && y<=2))))",const,4,"G[1,2](G[1,3](((y>-1 || x<=0) && (x>2 && y<=2))))",1.0,1.0,0.25,0.0,
11,"G[1,2](G[1,3](((y>3 || x<=0) && (x>2 && y<=2))))",shift,1,"G[2,3](G[1,3](((y>3 || x<=0) && (x>2 && y<=2))))",0.0,0.0,0.0,0.125,
11,"G[1,2](G[1,3](((y>3 || x<=0) && (x>2 && y<=2))))",shift,2,"G[3,4](G[1,3](((y>3 || x<=0) && (x>2 && y<=2))))",0.0,0.0,0.0,0.21428571428571427,
11,"G[1,2](G[1,3](((y>3 || x<=0) && (x>2 && y<=2))))",shift,3,"G[4,5](G[1,3](((y>3 || x<=0) && (x>2 && y<=2))))",0.0,0.0,0.0,0.28125,
11,"G[1,2](G[1,3](((y>3 || x<=0) && (x>2 && y<=2))))",widen,1,"G[1,3](G[1,3](((y>3 || x<=0) && (x>2 && y<=2))))",0.0,0.0,0.0,0.0625,
11,"G[1,2](G[1,3](((y>3 || x<=0) && (x>2 && y<=2))))",widen,2,"G[1,4](G[1,3](((y>3 || x<=0) && (x>2 && y<=2))))",0.0,0.0,0.0,0.10714285714285714,
11,"G[1,2](G[1,3](((y>3 || x<=0) && (x>2 && y<=2))))",widen,3,"G[1,5](G[1,3](((y>3 || x<=0) && (x>2 && y<=2))))",0.0,0.0,0.0,0.140625,
11,"G[1,2](G[1,3](((y>3 || x<=0) && (x>2 && y<=2))))",strict,0,"G[1,2](G[1,3](((y>=3 || x<=0) && (x>2 && y<=2))))",0.0,0.0,0.0,0.0,
12,"F[1,4](F[0,2]((x<=3 || x<-1)))",const,1,"F[1,4](F[0,2]((x<=3 || x<0)))",0.0,0.0,0.0,0.0,
12,"F[1,4](F[0,2]((x<=3 || x<-1)))",const,2,"F[1,4](F[0,2]((x<=3 || x<1)))",0.0,0.0,0.0,0.0,
12,"F[1,4](F[0,2]((x<=3 || x<-1)))",const,3,"F[1,4](F[0,2]((x<=3 || x<2)))",0.0,0.0,0.0,0.0,
12,"F[1,4](F[0,2]((x<=3 || x<-1)))",const,4,"F[1,4](F[0,2]((x<=3 || x<3)))",0.0,0.0,0.0,0.0,
12,"F[1,4](F[0,2]((x<=3 || x<-1)))",shift,1,"F[2,5](F[0,2]((x<=3 || x<-1)))",0.25,0.001280940454841728,0.3125,0.0,
12,"F[1,4](F[0,2]((x<=3 || x<-1)))",shift,2,"F[3,6](F[0,2]((x<=3 || x<-1)))",0.4444444444444444,0.0016808978704097033,0.3125,0.0,
12,"F[1,4](F[0,2]((x<=3 || x<-1)))",shift,3,"F[4,7](F[0,2]((x<=3 || x<-1)))",0.6,0.0018058517226707815,0.3125,0.0,
12,"F[1,4](F[0,2]((x<=3 || x<-1)))",widen,1,"F[1,5](F[0,2]((x<=3 || x<-1)))",0.12549212598425197,0.000640470227420753,0.3125,0.0,
12,"F[1,4](F[0,2]((x<=3 || x<-1)))",widen,2,"F[1,6](F[0,2]((x<=3 || x<-1)))",0.22287581699346404,0.0008404489352048516,0.3125,0.0,
12,"F[1,4](F[0,2]((x<=3 || x<-1)))",widen,3,"F[1,7](F[0,2]((x<=3 || x<-1)))",0.3006849315068494,0.0009029258613353353,0.3125,0.0,
12,"F[1,4](F[0,2]((x<=3 || x<-1)))",strict,0,"F[1,4](F[0,2]((x<=3 || x<=-1)))",0.0,0.0,0.0,0.0,
13,"G[0,2](F[1,2]((y>=-2 || y>=-2)))",const,1,"G[0,2](F[1,2]((y>=-2 || y>=-3)))",0.09166674229796656,0.1099810151196361,0.062499999999999944,0.0,
13,"G[0,2](F[1,2]((y>=-2 || y>=-2)))",const,2,"G[0,2](F[1,2]((y>=-2 || y>=-4)))",0.17500005833332355,0.18981487461418634,0.125,0.0,
13,"G[0,2](F[1,2]((y>=-2 || y>=-2)))",const,3,"G[0,2](F[1,2]((y>=-2 || y>=-5)))",0.25192312053746824,0.24690698119523669,0.18750006249999995,0.0,
13,"G[0,2](F[1,2]((y>=-2 || y>=-2)))",const,4,"G[0,2](F[1,2]((y>=-2 || y>=-6)))",0.3238095545351427,0.2857143163265261,0.25,0.0,
13,"G[0,2](F[1,2]((y>=-2 || y>=-2)))",shift,1,"G[1,3](F[1,2]((y>=-2 || y>=-2)))",0.33333333333333337,0.1989949542203494,0.3750000000000009,0.25,
13,"G[0,2](F[1,2]((y>=-2 || y>=-2)))",shift,2,"G[2,4](F[1,2]((y>=-2 || y>=-2)))",0.5714285714285714,0.3466727860734007,0.375,0.4166666666666667,
13,"G[0,2](F[1,2]((y>=-2 || y>=-2)))",shift,3,"G[3,5](F[1,2]((y>=-2 || y>=-2)))",0.75,0.4586603227069196,0.375,0.5357142857142857,
13,"G[0,2](F[1,2]((y>=-2 || y>=-2)))",widen,1,"G[0,3](F[1,2]((y>=-2 || y>=-2)))",0.16666666666666663,0.11049105869340026,0.375,0.125,
13,"G[0,2](F[1,2]((y>=-2 || y>=-2)))",widen,2,"G[0,4](F[1,2]((y>=-2 || y>=-2)))",0.2857142857142857,0.2096818966948858,0.3750000000000005,0.20833333333333334,
13,"G[0,2](F[1,2]((y>=-2 || y>=-2)))",widen,3,"G[0,5](F[1,2]((y>=-2 || y>=-2)))",0.375,0.2975725140044565,0.375,0.26785714285714285,
13,"G[0,2](F[1,2]((y>=-2 || y>=-2)))",strict,0,"G[0,2](F[1,2]((y>=-2 || y>-2)))",0.0,0.0,0.0,0.0,
14,"G[0,2](x<=0)",const,1,"G[0,2](x<=1)",0.11111119753084486,0.29766824325553576,0.0625,0.0625,
14,"G[0,2](x<=0)",const,2,"G[0,2](x<=2)",0.20000005999998793,0.4880001151999682,0.125,0.125,
14,"G[0,2](x<=0)",const,3,"G[0,2](x<=3)",0.2727273140495793,0.6153268875076683,0.1875,0.1875,
14,"G[0,2](x<=0)",const,4,"G[0,2](x<=4)",0.33333336111110645,0.7037037407407329,0.25,0.25,
14,"G[0,2](x<=0)",shift,1,"G[1,3](x<=0)",0.5,0.66666663888889,0.5,0.3333333333333333,
14,"G[0,2](x<=0)",shift,2,"G[2,4](x<=0)",0.8,0.857142836734694,0.5,0.5,
14,"G[0,2](x<=0)",shift,3,"G[3,5](x<=0)",1.0,0.9333333199999998,0.5,0.4,
14,"G[0,2](x<=0)",widen,1,"G[0,3](x<=0)",0.25,0.49999996875000197,0.5,0.16666666666666666,
14,"G[0,2](x<=0)",widen,2,"G[0,4](x<=0)",0.4,0.749999968750001,0.5,0.25,
14,"G[0,2](x<=0)",widen,3,"G[0,5](x<=0)",0.5,0.8749999765625,0.5,0.3,
14,"G[0,2](x<=0)",strict,0,"G[0,2](x<0)",1.249999842523053e-07,3.7499990646061576e-07,0.0,0.0,
15,"F[1,2](F[0,2](x<1))",const,1,"F[1,2](F[0,2](x<0))",0.09407415121397844,0.026847261916598586,0.0625,0.03125,
15,"F[1,2](F[0,2](x<1))",const,2,"F[1,2](F[0,2](x<-1))",0.17777783769546407,0.06589058986774843,0.125,0.0625,
15,"F[1,2](F[0,2](x<1))",const,3,"F[1,2](F[0,2](x<-2))",0.25422226876048726,0.12036117603772734,0.1875,0.09375,
15,"F[1,2](F[0,2](x<1))",const,4,"F[1,2](F[0,2](x<-3))",0.3253872409808476,0.19387032849051455,0.25,0.125,
15,"F[1,2](F[0,2](x<1))",shift,1,"F[2,3](F[0,2](x<1))",0.33333333333333337,0.04188729402921787,0.4375,0.0,
15,"F[1,2](F[0,2](x<1))",shift,2,"F[3,4](F[0,2](x<1))",0.5714285714285714,0.05966627374368405,0.4375,0.1875,
15,"F[1,2](F[0,2](x<1))",shift,3,"F[4,5](F[0,2](x<1))",0.75,0.06734345726562141,0.4375,0.32142857142857145,
15,"F[1,2](F[0,2](x<1))",widen,1,"F[1,3](F[0,2](x<1))",0.16935483870967738,0.020943647014608935,0.4375,0.0,
15,"F[1,2](F[0,2](x<1))",widen,2,"F[1,4](F[0,2](x<1))",0.2891156462585034,0.02983313687184197,0.4375,0.0,
15,"F[1,2](F[0,2](x<1))",widen,3,"F[1,5](F[0,2](x<1))",0.3784448818897638,0.03367172863281076,0.4375,0.0,
15,"F[1,2](F[0,2](x<1))",strict,0,"F[1,2](F[0,2](x<=1))",1.0074072798182954e-07,2.173120994264366e-08,0.0,0.0,
16,"F[0,2]((y>=0) U[0,1] (y>=0))",const,1,"F[0,2]((y>=0) U[0,1] (y>=-1))",0.0,0.0,0.0,0.0,
16,"F[0,2]((y>=0) U[0,1] (y>=0))",const,2,"F[0,2]((y>=0) U[0,1] (y>=-2))",0.0,0.0,0.0,0.0,
16,"F[0,2]((y>=0) U[0,1] (y>=0))",const,3,"F[0,2]((y>=0) U[0,1] (y>=-3))",0.0,0.0,0.0,0.0,
16,"F[0,2]((y>=0) U[0,1] (y>=0))",const,4,"F[0,2]((y>=0) U[0,1] (y>=-4))",0.0,0.0,0.0,0.0,
16,"F[0,2]((y>=0) U[0,1] (y>=0))",shift,1,"F[1,3]((y>=0) U[0,1] (y>=0))",0.5,0.13333331444444607,0.5,0.0,
16,"F[0,2]((y>=0) U[0,1] (y>=0))",shift,2,"F[2,4]((y>=0) U[0,1] (y>=0))",0.8,0.19354835691987815,0.5,0.1,
16,"F[0,2]((y>=0) U[0,1] (y>=0))",shift,3,"F[3,5]((y>=0) U[0,1] (y>=0))",1.0,0.222222185185189,0.5,0.16666666666666666,
16,"F[0,2]((y>=0) U[0,1] (y>=0))",widen,1,"F[0,3]((y>=0) U[0,1] (y>=0))",0.2583333333333333,0.06666665722222309,0.5,0.0,
16,"F[0,2]((y>=0) U[0,1] (y>=0))",widen,2,"F[0,4]((y>=0) U[0,1] (y>=0))",0.4096774193548387,0.09677417845993908,0.5,0.0,
16,"F[0,2]((y>=0) U[0,1] (y>=0))",widen,3,"F[0,5]((y>=0) U[0,1] (y>=0))",0.5092592592592593,0.11111109259259444,0.5,0.0,
16,"F[0,2]((y>=0) U[0,1] (y>=0))",strict,0,"F[0,2]((y>=0) U[0,1] (y>0))",0.29166673883927663,4.464285252581135e-08,0.0,0.0,
17,"G[2,3]((y<0) U[0,1] (x<=3))",const,1,"G[2,3]((y<-1) U[0,1] (x<=3))",0.036882747841645136,0.24365856883611914,0.062499999999999986,0.015625,
17,"G[2,3]((y<0) U[0,1] (x<=3))",const,2,"G[2,3]((y<-2) U[0,1] (x<=3))",0.07277780440277426,0.4511410149260333,0.125,0.03125,
17,"G[2,3]((y<0) U[0,1] (x<=3))",const,3,"G[2,3]((y<-3) U[0,1] (x<=3))",0.10795456725636776,0.6235843393516294,0.1875,0.046875,
17,"G[2,3]((y<0) U[0,1] (x<=3))",const,4,"G[2,3]((y<-4) U[0,1] (x<=3))",0.1425926097993805,0.7621252810696263,0.25,0.0625,
17,"G[2,3]((y<0) U[0,1] (x<=3))",shift,1,"G[3,4]((y<0) U[0,1] (x<=3))",0.35185185185185186,0.7047401681122238,0.5000000625,0.1,
17,"G[2,3]((y<0) U[0,1] (x<=3))",shift,2,"G[4,5]((y<0) U[0,1] (x<=3))",0.5873015873015873,0.8824134745951736,0.5000000625,0.3958333333333333,
17,"G[2,3]((y<0) U[0,1] (x<=3))",shift,3,"G[5,6]((y<0) U[0,1] (x<=3))",0.75,0.8948211728761868,0.5,0.3392857142857143,
17,"G[2,3]((y<0) U[0,1] (x<=3))",widen,1,"G[2,4]((y<0) U[0,1] (x<=3))",0.18518518518518512,0.5440917341542975,0.5,0.1375,
17,"G[2,3]((y<0) U[0,1] (x<=3))",widen,2,"G[2,5]((y<0) U[0,1] (x<=3))",0.3015873015873015,0.7895706100031357,0.4999999999999999,0.3125,
17,"G[2,3]((y<0) U[0,1] (x<=3))",widen,3,"G[2,6]((y<0) U[0,1] (x<=3))",0.38888888888888884,0.9031776431776755,0.5000000625,0.4375,
17,"G[2,3]((y<0) U[0,1] (x<=3))",strict,0,"G[2,3]((y<=0) U[0,1] (x<=3))",3.749999544222504e-08,2.621251689038928e-07,0.0,0.0,
18,"F[2,4](G[1,2](((y<=1 && x<=1) || (x<-1 || x<3))))",const,1,"F[2,4](G[1,2](((y<=1 && x<=1) || (x<-1 || x<2))))",0.03273812139249166,0.10998100871789707,0.0625000625,0.0,
18,"F[2,4](G[1,2](((y<=1 && x<=1) || (x<-1 || x<3))))",const,2,"F[2,4](G[1,2](((y<=1 && x<=1) || (x<-1 || x<1))))",0.38435374630598973,0.2275906011821487,0.125,0.0,
18,"F[2,4](G[1,2](((y<=1 && x<=1) || (x<-1 || x<3))))",const,3,"F[2,4](G[1,2](((y<=1 && x<=1) || (x<-1 || x<0))))",0.3949056894632126,0.2804691709837116,0.1875,0.0,
18,"F[2,4](G[1,2](((y<=1 && x<=1) || (x<-1 || x<3))))",const,4,"F[2,4](G[1,2](((y<=1 && x<=1) || (x<-1 || x<-1))))",0.40545763694943826,0.33375843117498405,0.25,0.0,
18,"F[2,4](G[1,2](((y<=1 && x<=1) || (x<-1 || x<3))))",shift,1,"F[3,5](G[1,2](((y<=1 && x<=1) || (x<-1 || x<3))))",0.1953125,0.18414950510331773,0.3125,0.0,
18,"F[2,4](G[1,2](((y<=1 && x<=1) || (x<-1 || x<3))))",shift,2,"F[4,6](G[1,2](((y<=1 && x<=1) || (x<-1 || x<3))))",0.33333333333333337,0.29703129112365867,0.3125,0.109375,
18,"F[2,4](G[1,2](((y<=1 && x<=1) || (x<-1 || x<3))))",shift,3,"F[5,7](G[1,2](((y<=1 && x<=1) || (x<-1 || x<3))))",0.44999999999999996,0.3593409449847884,0.3125,0.19444444444444445,
18,"F[2,4](G[1,2](((y<=1 && x<=1) || (x<-1 || x<3))))",widen,1,"F[2,5](G[1,2](((y<=1 && x<=1) || (x<-1 || x<3))))",0.1299342105263157,0.09207475255165865,0.3125,0.0,
18,"F[2,4](G[1,2](((y<=1 && x<=1) || (x<-1 || x<3))))",widen,2,"F[2,6](G[1,2](((y<=1 && x<=1) || (x<-1 || x<3))))",0.22997416020671835,0.1485156455618295,0.3125,0.0,
18,"F[2,4](G[1,2](((y<=1 && x<=1) || (x<-1 || x<3))))",widen,3,"F[2,7](G[1,2](((y<=1 && x<=1) || (x<-1 || x<3))))",0.30877659574468086,0.17967047249239443,0.3125,0.0,
18,"F[2,4](G[1,2](((y<=1 && x<=1) || (x<-1 || x<3))))",strict,0,"F[2,4](G[1,2](((y<=1 && x<=1) || (x<-1 || x<=3))))",3.5714280532950227e-08,1.0489506963029527e-07,0.0,0.0,
19,"G[2,3](x<=1)",const,1,"G[2,3](x<=0)",0.0555555987654226,0.20987669684495147,0.0625,0.020833333333333332,
19,"G[2,3](x<=1)",const,2,"G[2,3](x<=-1)",0.11111114197530192,0.39506182441698423,0.125,0.041666666666666664,
19,"G[2,3](x<=1)",const,3,"G[2,3](x<=-2)",0.16666668518518102,0.5555556049382593,0.1875,0.0625,
19,"G[2,3](x<=1)",const,4,"G[2,3](x<=-3)",0.22222222839506034,0.691358038408776,0.25,0.08333333333333333,
19,"G[2,3](x<=1)",shift,1,"G[3,4](x<=1)",0.4,0.6086956257088859,0.4375,0.28125,
19,"G[2,3](x<=1)",shift,2,"G[4,5](x<=1)",0.6666666666666667,0.8120649434919067,0.4375,0.225,
19,"G[2,3](x<=1)",shift,3,"G[5,6](x<=1)",0.7142857142857143,0.8120649434919067,0.4375,0.1875,
19,"G[2,3](x<=1)",widen,1,"G[2,4](x<=1)",0.19999999999999996,0.43749997265625173,0.4375,0.140625,
19,"G[2,3](x<=1)",widen,2,"G[2,5](x<=1)",0.33333333333333337,0.6835937192382824,0.4375,0.225,
19,"G[2,3](x<=1)",widen,3,"G[2,6](x<=1)",0.4285714285714286,0.8220214584198002,0.4375,0.28125,
19,"G[2,3](x<=1)",strict,0,"G[2,3](x<1)",5.55555494941018e-08,2.222221853198647e-07,0.0,0.0,
20,"F[2,3](F[0,1](((y<-2 || y>=-1) || (y<-3 && y>-1))))",const,1,"F[2,3](F[0,1](((y<-2 || y>=-2) || (y<-3 && y>-1))))",1.0,0.0002441412200930859,0.03125,0.0,
20,"F[2,3](F[0,1](((y<-2 || y>=-1) || (y<-3 && y>-1))))",const,2,"F[2,3](F[0,1](((y<-2 || y>=-3) || (y<-3 && y>-1))))",1.0,0.0002441412200930859,0.03125,0.0,
20,"F[2,3](F[0,1](((y<-2 || y>=-1) || (y<-3 && y>-1))))",const,3,"F[2,3](F[0,1](((y<-2 || y>=-4) || (y<-3 && y>-1))))",1.0,0.0002441411743171473,0.03125,0.0,
20,"F[2,3](F[0,1](((y<-2 || y>=-1) || (y<-3 && y>-1))))",const,4,"F[2,3](F[0,1](((y<-2 || y>=-5) || (y<-3 && y>-1))))",1.0,0.0002441411743170363,0.03125,0.0,
20,"F[2,3](F[0,1](((y<-2 || y>=-1) || (y<-3 && y>-1))))",shift,1,"F[3,4](F[0,1](((y<-2 || y>=-1) || (y<-3 && y>-1))))",0.33333333333333337,0.0004577717479443688,0.03125,0.0,
20,"F[2,3](F[0,1](((y<-2 || y>=-1) || (y<-3 && y>-1))))",shift,2,"F[4,5](F[0,1](((y<-2 || y>=-1) || (y<-3 && y>-1))))",0.5714285714285714,0.0004863755476506304,0.03125,0.0,
20,"F[2,3](F[0,1](((y<-2 || y>=-1) || (y<-3 && y>-1))))",shift,3,"F[5,6](F[0,1](((y<-2 || y>=-1) || (y<-3 && y>-1))))",0.75,0.00048816325941281047,0.03125,0.0,
20,"F[2,3](F[0,1](((y<-2 || y>=-1) || (y<-3 && y>-1))))",widen,1,"F[2,4](F[0,1](((y<-2 || y>=-1) || (y<-3 && y>-1))))",0.16874999999999996,0.0002288858739721844,0.03125,0.0,
20,"F[2,3](F[0,1](((y<-2 || y>=-1) || (y<-3 && y>-1))))",widen,2,"F[2,5](F[0,1](((y<-2 || y>=-1) || (y<-3 && y>-1))))",0.2880755608028336,0.0002431877738253707,0.03125,0.0,
20,"F[2,3](F[0,1](((y<-2 || y>=-1) || (y<-3 && y>-1))))",widen,3,"F[2,6](F[0,1](((y<-2 || y>=-1) || (y<-3 && y>-1))))",0.3772321428571428,0.00024408162970646075,0.03125,0.0,
20,"F[2,3](F[0,1](((y<-2 || y>=-1) || (y<-3 && y>-1))))",strict,0,"F[2,3](F[0,1](((y<-2 || y>-1) || (y<-3 && y>-1))))",2.076919358717788e-07,7.326025341924947e-10,0.0,0.0,
21,"G[0,3](y>=1)",const,1,"G[0,3](y>=2)",0.14285724489793006,0.46022516332468577,0.0625,0.0625,
21,"G[0,3](y>=1)",const,2,"G[0,3](y>=3)",0.28571434693875797,0.7396918843338716,0.125,0.125,
21,"G[0,3](y>=1)",const,3,"G[0,3](y>=4)",0.428571448979586,0.8933777744987156,0.1875,0.1875,
21,"G[0,3](y>=1)",const,4,"G[0,3](y>=5)",0.571428551020414,0.9662640502171728,0.25,0.25,
21,"G[0,3](y>=1)",shift,1,"G[1,4](y>=1)",0.4,0.7199999712000011,0.5625,0.21875,
21,"G[0,3](y>=1)",shift,2,"G[2,5](y>=1)",0.6666666666666667,0.8941684477139886,0.5625,0.35,
21,"G[0,3](y>=1)",shift,3,"G[3,6](y>=1)",0.8571428571428572,0.9563001546310445,0.5625,0.4375,
21,"G[0,3](y>=1)",widen,1,"G[0,4](y>=1)",0.19999999999999996,0.5624999648437523,0.5625,0.109375,
21,"G[0,3](y>=1)",widen,2,"G[0,5](y>=1)",0.33333333333333337,0.8085937192382819,0.5625,0.175,
21,"G[0,3](y>=1)",widen,3,"G[0,6](y>=1)",0.4285714285714286,0.9162597454376217,0.5625,0.21875,
21,"G[0,3](y>=1)",strict,0,"G[0,3](y>1)",1.4285712246486781e-07,5.71428367179827e-07,0.0,0.0,
22,"G[2,3](F[0,1](y>=1))",const,1,"G[2,3](F[0,1](y>=2))",0.07714291595917033,0.1509181518527778,0.0625,0.03125,
22,"G[2,3](F[0,1](y>=1))",const,2,"G[2,3](F[0,1](y>=3))",0.1506493900151714,0.30362746663839635,0.125,0.0625,
22,"G[2,3](F[0,1](y>=1))",const,3,"G[2,3](F[0,1](y>=4))",0.2214285920918334,0.4554411267377335,0.1875,0.09375,
22,"G[2,3](F[0,1](y>=1))",const,4,"G[2,3](F[0,1](y>=5))",0.29010989259751396,0.6036721654049784,0.25,0.125,
22,"G[2,3](F[0,1](y>=1))",shift,1,"G[3,4](F[0,1](y>=1))",0.33333333333333337,0.40499995848750314,0.5625,0.175,
22,"G[2,3](F[0,1](y>=1))",shift,2,"G[4,5](F[0,1](y>=1))",0.5714285714285714,0.5989448411967836,0.5625,0.2916666666666667,
22,"G[2,3](F[0,1](y>=1))",shift,3,"G[5,6](F[0,1](y>=1))",0.75,0.6252726535486495,0.5625,0.25,
22,"G[2,3](F[0,1](y>=1))",widen,1,"G[2,4](F[0,1](y>=1))",0.16666666666666663,0.2539184626625164,0.5625000624999696,0.0875,
22,"G[2,3](F[0,1](y>=1))",widen,2,"G[2,5](F[0,1](y>=1))",0.2857142857142857,0.42749554679089374,0.5625,0.14583333333333334,
22,"G[2,3](F[0,1](y>=1))",widen,3,"G[2,6](F[0,1](y>=1))",0.375,0.5659232749860836,0.5625000625,0.1875,
22,"G[2,3](F[0,1](y>=1))",strict,0,"G[2,3](F[0,1](y>1))",7.936506885020123e-08,1.4912671297828695e-07,0.0,0.0,
23,"G[0,2](F[1,2]((x>-2 && x<0)))",const,1,"G[0,2](F[1,2]((x>-2 && x<-1)))",0.2645504015284478,0.73863661544403,0.0625,0.046875,
23,"G[0,2](F[1,2]((x>-2 && x<0)))",const,2,"G[0,2](F[1,2]((x>-2 && x<-2)))",1.0,1.0,0.125,0.09375,
23,"G[0,2](F[1,2]((x>-2 && x<0)))",const,3,"G[0,2](F[1,2]((x>-2 && x<-3)))",1.0,1.0,0.1875,0.09375,
23,"G[0,2](F[1,2]((x>-2 && x<0)))",const,4,"G[0,2](F[1,2]((x>-2 && x<-4)))",1.0,1.0,0.25,0.09375,
23,"G[0,2](F[1,2]((x>-2 && x<0)))",shift,1,"G[1,3](F[1,2]((x>-2 && x<0)))",0.33333333333333337,0.6859542844456175,0.5,0.05,
23,"G[0,2](F[1,2]((x>-2 && x<0)))",shift,2,"G[2,4](F[1,2]((x>-2 && x<0)))",0.5714285714285714,0.9076274190142443,0.5000000625,0.08333333333333333,
23,"G[0,2](F[1,2]((x>-2 && x<0)))",shift,3,"G[3,5](F[1,2]((x>-2 && x<0)))",0.75,0.9618911639731569,0.5,0.10714285714285714,
23,"G[0,2](F[1,2]((x>-2 && x<0)))",widen,1,"G[0,3](F[1,2]((x>-2 && x<0)))",0.16666666666666663,0.5220170625161394,0.5000000625,0.025,
23,"G[0,2](F[1,2]((x>-2 && x<0)))",widen,2,"G[0,4](F[1,2]((x>-2 && x<0)))",0.2857142857142857,0.8308771520017486,0.5,0.041666666666666664,
23,"G[0,2](F[1,2]((x>-2 && x<0)))",widen,3,"G[0,5](F[1,2]((x>-2 && x<0)))",0.375,0.9265802684568275,0.5000000625,0.05357142857142857,
23,"G[0,2](F[1,2]((x>-2 && x<0)))",strict,0,"G[0,2](F[1,2]((x>-2 && x<=0)))",2.666665405159918e-07,9.545447542391727e-07,0.0,0.0,
24,"G[0,1](F[0,1](((x<1 && x<=-3) && y>=-2)))",const,1,"G[0,1](F[0,1](((x<1 && x<=-4) && y>=-2)))",0.08157900048243882,0.21751160219115784,0.0625,0.0625,
24,"G[0,1](F[0,1](((x<1 && x<=-3) && y>=-2)))",const,2,"G[0,1](F[0,1](((x<1 && x<=-5) && y>=-2)))",0.16113362720024293,0.4278496144513424,0.125,0.125,
24,"G[0,1](F[0,1](((x<1 && x<=-3) && y>=-2)))",const,3,"G[0,1](F[0,1](((x<1 && x<=-6) && y>=-2)))",0.23909773953813573,0.6294318965605887,0.18750000000000003,0.1875,
24,"G[0,1](F[0,1](((x<1 && x<=-3) && y>=-2)))",const,4,"G[0,1](F[0,1](((x<1 && x<=-7) && y>=-2)))",0.3120613767927758,0.820676087728317,0.25,0.25,
24,"G[0,1](F[0,1](((x<1 && x<=-3) && y>=-2)))",shift,1,"G[1,2](F[0,1](((x<1 && x<=-3) && y>=-2)))",0.5,0.7176000777727989,0.6875,0.625,
24,"G[0,1](F[0,1](((x<1 && x<=-3) && y>=-2)))",shift,2,"G[2,3](F[0,1](((x<1 && x<=-3) && y>=-2)))",0.8,0.8615756315694341,0.6875,0.9375,
24,"G[0,1](F[0,1](((x<1 && x<=-3) && y>=-2)))",shift,3,"G[3,4](F[0,1](((x<1 && x<=-3) && y>=-2)))",1.0,0.872598615257254,0.6875,0.75,
24,"G[0,1](F[0,1](((x<1 && x<=-3) && y>=-2)))",widen,1,"G[0,2](F[0,1](((x<1 && x<=-3) && y>=-2)))",0.25,0.5595758899661432,0.6875000000000004,0.3125,
24,"G[0,1](F[0,1](((x<1 && x<=-3) && y>=-2)))",widen,2,"G[0,3](F[0,1](((x<1 && x<=-3) && y>=-2)))",0.4,0.7568141155983896,0.6875,0.46875,
24,"G[0,1](F[0,1](((x<1 && x<=-3) && y>=-2)))",widen,3,"G[0,4](F[0,1](((x<1 && x<=-3) && y>=-2)))",0.5,0.8832832582039017,0.6875000625,0.5625,
24,"G[0,1](F[0,1](((x<1 && x<=-3) && y>=-2)))",strict,0,"G[0,1](F[0,1](((x<1 && x<-3) && y>=-2)))",8.277510454846038e-08,2.2057065884872884e-07,0.0,0.0,
25,"F[2,3](G[1,2](((x<0 || y<0) && (x>3 && x<=0))))",const,1,"F[2,3](G[1,2](((x<0 || y<-1) && (x>3 && x<=0))))",0.0,0.0,0.0,0.0,
25,"F[2,3](G[1,2](((x<0 || y<0) && (x>3 && x<=0))))",const,2,"F[2,3](G[1,2](((x<0 || y<-2) && (x>3 && x<=0))))",0.0,0.0,0.0,0.0,
25,"F[2,3](G[1,2](((x<0 || y<0) && (x>3 && x<=0))))",const,3,"F[2,3](G[1,2](((x<0 || y<-3) && (x>3 && x<=0))))",0.0,0.0,0.0,0.0,
25,"F[2,3](G[1,2](((x<0 || y<0) && (x>3 && x<=0))))",const,4,"F[2,3](G[1,2](((x<0 || y<-4) && (x>3 && x<=0))))",0.0,0.0,0.0,0.0,
25,"F[2,3](G[1,2](((x<0 || y<0) && (x>3 && x<=0))))",shift,1,"F[3,4](G[1,2](((x<0 || y<0) && (x>3 && x<=0))))",0.0,0.0,0.0,0.0,
25,"F[2,3](G[1,2](((x<0 || y<0) && (x>3 && x<=0))))",shift,2,"F[4,5](G[1,2](((x<0 || y<0) && (x>3 && x<=0))))",0.0,0.0,0.0,0.0,
25,"F[2,3](G[1,2](((x<0 || y<0) && (x>3 && x<=0))))",shift,3,"F[5,6](G[1,2](((x<0 || y<0) && (x>3 && x<=0))))",0.0,0.0,0.0,0.0,
25,"F[2,3](G[1,2](((x<0 || y<0) && (x>3 && x<=0))))",widen,1,"F[2,4](G[1,2](((x<0 || y<0) && (x>3 && x<=0))))",0.0,0.0,0.0,0.0,
25,"F[2,3](G[1,2](((x<0 || y<0) && (x>3 && x<=0))))",widen,2,"F[2,5](G[1,2](((x<0 || y<0) && (x>3 && x<=0))))",0.0,0.0,0.0,0.0,
25,"F[2,3](G[1,2](((x<0 || y<0) && (x>3 && x<=0))))",widen,3,"F[2,6](G[1,2](((x<0 || y<0) && (x>3 && x<=0))))",0.0,0.0,0.0,0.0,
25,"F[2,3](G[1,2](((x<0 || y<0) && (x>3 && x<=0))))",strict,0,"F[2,3](G[1,2](((x<0 || y<=0) && (x>3 && x<=0))))",0.0,0.0,0.0,0.0,
26,"G[2,3](F[0,2](((y>=1 || y<-3) && (y>=-1 || y>=0))))",const,1,"G[2,3](F[0,2](((y>=1 || y<-3) && (y>=0 || y>=0))))",0.0,0.0,0.0,0.0,
26,"G[2,3](F[0,2](((y>=1 || y<-3) && (y>=-1 || y>=0))))",const,2,"G[2,3](F[0,2](((y>=1 || y<-3) && (y>=1 || y>=0))))",0.0,0.0,0.0,0.0,
26,"G[2,3](F[0,2](((y>=1 || y<-3) && (y>=-1 || y>=0))))",const,3,"G[2,3](F[0,2](((y>=1 || y<-3) && (y>=2 || y>=0))))",0.0,0.0,0.0,0.0,
26,"G[2,3](F[0,2](((y>=1 || y<-3) && (y>=-1 || y>=0))))",const,4,"G[2,3](F[0,2](((y>=1 || y<-3) && (y>=3 || y>=0))))",0.0,0.0,0.0,0.0,
26,"G[2,3](F[0,2](((y>=1 || y<-3) && (y>=-1 || y>=0))))",shift,1,"G[3,4](F[0,2](((y>=1 || y<-3) && (y>=-1 || y>=0))))",0.2857142857142857,0.1894491017677653,0.4375,0.0,
26,"G[2,3](F[0,2](((y>=1 || y<-3) && (y>=-1 || y>=0))))",shift,2,"G[4,5](F[0,2](((y>=1 || y<-3) && (y>=-1 || y>=0))))",0.5,0.346112821923659,0.4375,0.0,
26,"G[2,3](F[0,2](((y>=1 || y<-3) && (y>=-1 || y>=0))))",shift,3,"G[5,6](F[0,2](((y>=1 || y<-3) && (y>=-1 || y>=0))))",0.6666666666666667,0.39936894510181253,0.4375,0.0,
26,"G[2,3](F[0,2](((y>=1 || y<-3) && (y>=-1 || y>=0))))",widen,1,"G[2,4](F[0,2](((y>=1 || y<-3) && (y>=-1 || y>=0))))",0.1428571428571429,0.10463616457992853,0.4375,0.0,
26,"G[2,3](F[0,2](((y>=1 || y<-3) && (y>=-1 || y>=0))))",widen,2,"G[2,5](F[0,2](((y>=1 || y<-3) && (y>=-1 || y>=0))))",0.25,0.20927232915985705,0.4375,0.0,
26,"G[2,3](F[0,2](((y>=1 || y<-3) && (y>=-1 || y>=0))))",widen,3,"G[2,6](F[0,2](((y>=1 || y<-3) && (y>=-1 || y>=0))))",0.33333333333333337,0.29528549983141006,0.43750000000000006,0.0,
26,"G[2,3](F[0,2](((y>=1 || y<-3) && (y>=-1 || y>=0))))",strict,0,"G[2,3](F[0,2](((y>=1 || y<-3) && (y>-1 || y>=0))))",0.0,0.0,0.0,0.0,
27,"G[0,1](F[0,1](((x>=-1 || y>=2) || (x<=1 || x>3))))",const,1,"G[0,1](F[0,1](((x>=-1 || y>=3) || (x<=1 || x>3))))",0.0,0.0,0.0,0.0,
27,"G[0,1](F[0,1](((x>=-1 || y>=2) || (x<=1 || x>3))))",const,2,"G[0,1](F[0,1](((x>=-1 || y>=4) || (x<=1 || x>3))))",0.0,0.0,0.0,0.0,
27,"G[0,1](F[0,1](((x>=-1 || y>=2) || (x<=1 || x>3))))",const,3,"G[0,1](F[0,1](((x>=-1 || y>=5) || (x<=1 || x>3))))",0.0,0.0,0.0,0.0,
27,"G[0,1](F[0,1](((x>=-1 || y>=2) || (x<=1 || x>3))))",const,4,"G[0,1](F[0,1](((x>=-1 || y>=6) || (x<=1 || x>3))))",0.0,0.0,0.0,0.0,
27,"G[0,1](F[0,1](((x>=-1 || y>=2) || (x<=1 || x>3))))",shift,1,"G[1,2](F[0,1](((x>=-1 || y>=2) || (x<=1 || x>3))))",0.0,0.0,0.0,0.20833333333333334,
27,"G[0,1](F[0,1](((x>=-1 || y>=2) || (x<=1 || x>3))))",shift,2,"G[2,3](F[0,1](((x>=-1 || y>=2) || (x<=1 || x>3))))",0.0,0.0,0.0,0.3125,
27,"G[0,1](F[0,1](((x>=-1 || y>=2) || (x<=1 || x>3))))",shift,3,"G[3,4](F[0,1](((x>=-1 || y>=2) || (x<=1 || x>3))))",0.0,0.0,0.0,0.25,
27,"G[0,1](F[0,1](((x>=-1 || y>=2) || (x<=1 || x>3))))",widen,1,"G[0,2](F[0,1](((x>=-1 || y>=2) || (x<=1 || x>3))))",0.0,0.0,0.0,0.10416666666666667,
27,"G[0,1](F[0,1](((x>=-1 || y>=2) || (x<=1 || x>3))))",widen,2,"G[0,3](F[0,1](((x>=-1 || y>=2) || (x<=1 || x>3))))",0.0,0.0,0.0,0.15625,
27,"G[0,1](F[0,1](((x>=-1 || y>=2) || (x<=1 || x>3))))",widen,3,"G[0,4](F[0,1](((x>=-1 || y>=2) || (x<=1 || x>3))))",0.0,0.0,0.0,0.1875,
27,"G[0,1](F[0,1](((x>=-1 || y>=2) || (x<=1 || x>3))))",strict,0,"G[0,1](F[0,1](((x>=-1 || y>2) || (x<=1 || x>3))))",0.0,0.0,0.0,0.0,
28,"F[1,3](G[0,1](((x>-1 || y<1) || (x<=3 && x<=-2))))",const,1,"F[1,3](G[0,1](((x>-1 || y<1) || (x<=3 && x<=-1))))",1.0,0.002202157101781399,0.031249999999999965,0.0,
28,"F[1,3](G[0,1](((x>-1 || y<1) || (x<=3 && x<=-2))))",const,2,"F[1,3](G[0,1](((x>-1 || y<1) || (x<=3 && x<=0))))",1.0,0.0022021568290677696,0.031249999999999965,0.0,
28,"F[1,3](G[0,1](((x>-1 || y<1) || (x<=3 && x<=-2))))",const,3,"F[1,3](G[0,1](((x>-1 || y<1) || (x<=3 && x<=1))))",1.0,0.0022021568290677696,0.031249999999999965,0.0,
28,"F[1,3](G[0,1](((x>-1 || y<1) || (x<=3 && x<=-2))))",const,4,"F[1,3](G[0,1](((x>-1 || y<1) || (x<=3 && x<=2))))",1.0,0.0022021568290674365,0.031249999999999965,0.0,
28,"F[1,3](G[0,1](((x>-1 || y<1) || (x<=3 && x<=-2))))",shift,1,"F[2,4](G[0,1](((x>-1 || y<1) || (x<=3 && x<=-2))))",0.33506944444444453,0.002792978532476398,0.03125,0.0,
28,"F[1,3](G[0,1](((x>-1 || y<1) || (x<=3 && x<=-2))))",shift,2,"F[3,5](G[0,1](((x>-1 || y<1) || (x<=3 && x<=-2))))",0.5714285714285715,0.0042433971848613306,0.03125,0.125,
28,"F[1,3](G[0,1](((x>-1 || y<1) || (x<=3 && x<=-2))))",shift,3,"F[4,6](G[0,1](((x>-1 || y<1) || (x<=3 && x<=-2))))",0.75,0.004357092705258192,0.03125,0.21428571428571427,
28,"F[1,3](G[0,1](((x>-1 || y<1) || (x<=3 && x<=-2))))",widen,1,"F[1,4](G[0,1](((x>-1 || y<1) || (x<=3 && x<=-2))))",0.16819955406911924,0.0013964892662380324,0.03125,0.0,
28,"F[1,3](G[0,1](((x>-1 || y<1) || (x<=3 && x<=-2))))",widen,2,"F[1,5](G[0,1](((x>-1 || y<1) || (x<=3 && x<=-2))))",0.2878162709225379,0.0021216985924306098,0.03125,0.0,
28,"F[1,3](G[0,1](((x>-1 || y<1) || (x<=3 && x<=-2))))",widen,3,"F[1,6](G[0,1](((x>-1 || y<1) || (x<=3 && x<=-2))))",0.37709627678732216,0.0021785463526290405,0.03125,0.0,
28,"F[1,3](G[0,1](((x>-1 || y<1) || (x<=3 && x<=-2))))",strict,0,"F[1,3](G[0,1](((x>-1 || y<1) || (x<=3 && x<-2))))",1.4638863832239224e-07,4.373053363870838e-09,0.0,0.0,
29,"G[1,3](F[1,3]((y<=2 || (y<-3 && x>2))))",const,1,"G[1,3](F[1,3]((y<=2 || (y<-3 && x>3))))",0.0,0.0,0.0,0.0,
29,"G[1,3](F[1,3]((y<=2 || (y<-3 && x>2))))",const,2,"G[1,3](F[1,3]((y<=2 || (y<-3 && x>4))))",0.0,0.0,0.0,0.0,
29,"G[1,3](F[1,3]((y<=2 || (y<-3 && x>2))))",const,3,"G[1,3](F[1,3]((y<=2 || (y<-3 && x>5))))",0.0,0.0,0.0,0.0,
29,"G[1,3](F[1,3]((y<=2 || (y<-3 && x>2))))",const,4,"G[1,3](F[1,3]((y<=2 || (y<-3 && x>6))))",0.0,0.0,0.0,0.0,
29,"G[1,3](F[1,3]((y<=2 || (y<-3 && x>2))))",shift,1,"G[2,4](F[1,3]((y<=2 || (y<-3 && x>2))))",0.1875,0.07209610420302826,0.37500000000000017,0.0,
29,"G[1,3](F[1,3]((y<=2 || (y<-3 && x>2))))",shift,2,"G[3,5](F[1,3]((y<=2 || (y<-3 && x>2))))",0.33333333333333337,0.135754642035963,0.3750000000000002,0.15625,
29,"G[1,3](F[1,3]((y<=2 || (y<-3 && x>2))))",shift,3,"G[4,6](F[1,3]((y<=2 || (y<-3 && x>2))))",0.44999999999999996,0.19333431263853884,0.375,0.2777777777777778,
29,"G[1,3](F[1,3]((y<=2 || (y<-3 && x>2))))",widen,1,"G[1,4](F[1,3]((y<=2 || (y<-3 && x>2))))",0.125,0.037396108986658794,0.375,0.08928571428571429,
29,"G[1,3](F[1,3]((y<=2 || (y<-3 && x>2))))",widen,2,"G[1,5](F[1,3]((y<=2 || (y<-3 && x>2))))",0.2222222222222222,0.07282015827799693,0.375,0.15625,
29,"G[1,3](F[1,3]((y<=2 || (y<-3 && x>2))))",widen,3,"G[1,6](F[1,3]((y<=2 || (y<-3 && x>2))))",0.30000000000000004,0.1070116701673195,0.3750000000000012,0.20833333333333334,
29,"G[1,3](F[1,3]((y<=2 || (y<-3 && x>2))))",strict,0,"G[1,3](F[1,3]((y<=2 || (y<-3 && x>=2))))",0.0,0.0,0.0,0.0,
30,"G[0,3](x<=2)",const,1,"G[0,3](x<=1)",0.10000007999998395,0.3439002332799225,0.0625,0.0625,
30,"G[0,3](x<=2)",const,2,"G[0,3](x<=0)",0.20000005999998804,0.5904001228799616,0.125,0.125,
30,"G[0,3](x<=2)",const,3,"G[0,3](x<=-1)",0.30000003999999203,0.7599000548799842,0.1875,0.1875,
30,"G[0,3](x<=2)",const,4,"G[0,3](x<=-2)",0.400000019999996,0.8704000172799957,0.25,0.25,
30,"G[0,3](x<=2)",shift,1,"G[1,4](x<=2)",0.4,0.5454545206611583,0.375,0.3125,
30,"G[0,3](x<=2)",shift,2,"G[2,5](x<=2)",0.6666666666666667,0.757281530775757,0.375,0.5,
30,"G[0,3](x<=2)",shift,3,"G[3,6](x<=2)",0.8571428571428572,0.8609566006476114,0.375,0.625,
30,"G[0,3](x<=2)",widen,1,"G[0,4](x<=2)",0.19999999999999996,0.3749999765625016,0.375,0.15625,
30,"G[0,3](x<=2)",widen,2,"G[0,5](x<=2)",0.33333333333333337,0.6093749707031264,0.375,0.25,
30,"G[0,3](x<=2)",widen,3,"G[0,6](x<=2)",0.4285714285714286,0.7558593475341804,0.375,0.3125,
30,"G[0,3](x<=2)",strict,0,"G[0,3](x<2)",9.99999899553572e-08,3.9999989986938544e-07,0.0,0.0,
31,"G[2,3](x>-3)",const,1,"G[2,3](x>-4)",0.041666704861107906,0.15972236226850123,0.0625,0.020833333333333332,
31,"G[2,3](x>-3)",const,2,"G[2,3](x>-5)",0.07692310946745318,0.28402377878924534,0.125,0.041666666666666664,
31,"G[2,3](x>-3)",const,3,"G[2,3](x>-6)",0.10714288520407966,0.3826531494169001,0.1875,0.0625,
31,"G[2,3](x>-3)",const,4,"G[2,3](x>-7)",0.13333335777777622,0.46222229392591885,0.25,0.08333333333333333,
31,"G[2,3](x>-3)",shift,1,"G[3,4](x>-3)",0.4,0.47619052607709267,0.3125,0.34375,
31,"G[2,3](x>-3)",shift,2,"G[4,5](x>-3)",0.6666666666666667,0.6905371350527467,0.3125,0.275,
31,"G[2,3](x>-3)",shift,3,"G[5,6](x>-3)",0.7142857142857143,0.6905371350527467,0.3125,0.22916666666666666,
31,"G[2,3](x>-3)",widen,1,"G[2,4](x>-3)",0.19999999999999996,0.3125000429687472,0.3125,0.171875,
31,"G[2,3](x>-3)",widen,2,"G[2,5](x>-3)",0.33333333333333337,0.5273438090820257,0.3125,0.275,
31,"G[2,3](x>-3)",widen,3,"G[2,6](x>-3)",0.4285714285714286,0.675048889053337,0.3125,0.34375,
31,"G[2,3](x>-3)",strict,0,"G[2,3](x>=-3)",4.5454541242051505e-08,1.8181815697460024e-07,0.0,0.0,
32,"F[1,4](y>=2)",const,1,"F[1,4](y>=3)",0.10505058331188821,0.08356746228863454,0.0625,0.015625,
32,"F[1,4](y>=2)",const,2,"F[1,4](y>=4)",0.20444449407406395,0.19331605764583504,0.125,0.03125,
32,"F[1,4](y>=2)",const,3,"F[1,4](y>=5)",0.29948720157790754,0.3342156049485383,0.1875,0.046875,
32,"F[1,4](y>=2)",const,4,"F[1,4](y>=6)",0.391111106455033,0.5116680029109212,0.25,0.0625,
32,"F[1,4](y>=2)",shift,1,"F[2,5](y>=2)",0.33333333333333337,0.12650539181542453,0.625,0.0,
32,"F[1,4](y>=2)",shift,2,"F[3,6](y>=2)",0.5714285714285714,0.19775348171962004,0.625,0.0,
32,"F[1,4](y>=2)",shift,3,"F[4,7](y>=2)",0.75,0.23959555774642138,0.625,0.10714285714285714,
32,"F[1,4](y>=2)",widen,1,"F[1,5](y>=2)",0.16935483870967738,0.06325269590771221,0.625,0.0,
32,"F[1,4](y>=2)",widen,2,"F[1,6](y>=2)",0.2891156462585034,0.09887674085981002,0.625,0.0,
32,"F[1,4](y>=2)",widen,3,"F[1,7](y>=2)",0.3784448818897638,0.11979777887321075,0.625,0.0,
32,"F[1,4](y>=2)",strict,0,"F[1,4](y>2)",1.0844442888124917e-07,7.202534224592938e-08,0.0,0.0,
33,"F[2,5](F[1,2](((x<=-3 || y<-1) && (x>=-2 && x>-3))))",const,1,"F[2,5](F[1,2](((x<=-4 || y<-1) && (x>=-2 && x>-3))))",0.0,0.0,1.2878587085651816e-14,0.0,
33,"F[2,5](F[1,2](((x<=-3 || y<-1) && (x>=-2 && x>-3))))",const,2,"F[2,5](F[1,2](((x<=-5 || y<-1) && (x>=-2 && x>-3))))",0.0,0.0,0.0,0.0,
33,"F[2,5](F[1,2](((x<=-3 || y<-1) && (x>=-2 && x>-3))))",const,3,"F[2,5](F[1,2](((x<=-6 || y<-1) && (x>=-2 && x>-3))))",0.0,0.0,3.499043257935023e-15,0.0,
33,"F[2,5](F[1,2](((x<=-3 || y<-1) && (x>=-2 && x>-3))))",const,4,"F[2,5](F[1,2](((x<=-7 || y<-1) && (x>=-2 && x>-3))))",0.0,0.0,0.0,0.0,
33,"F[2,5](F[1,2](((x<=-3 || y<-1) && (x>=-2 && x>-3))))",shift,1,"F[3,6](F[1,2](((x<=-3 || y<-1) && (x>=-2 && x>-3))))",0.2222222222222222,0.1298252732401025,0.5625000000000001,0.0,
33,"F[2,5](F[1,2](((x<=-3 || y<-1) && (x>=-2 && x>-3))))",shift,2,"F[4,7](F[1,2](((x<=-3 || y<-1) && (x>=-2 && x>-3))))",0.4,0.21405591332292395,0.5625,0.0,
33,"F[2,5](F[1,2](((x<=-3 || y<-1) && (x>=-2 && x>-3))))",shift,3,"F[5,8](F[1,2](((x<=-3 || y<-1) && (x>=-2 && x>-3))))",0.5454545454545454,0.27064656199836834,0.5625,0.0,
33,"F[2,5](F[1,2](((x<=-3 || y<-1) && (x>=-2 && x>-3))))",widen,1,"F[2,6](F[1,2](((x<=-3 || y<-1) && (x>=-2 && x>-3))))",0.11312411312411319,0.06491263662005142,0.5625,0.0,
33,"F[2,5](F[1,2](((x<=-3 || y<-1) && (x>=-2 && x>-3))))",widen,2,"F[2,7](F[1,2](((x<=-3 || y<-1) && (x>=-2 && x>-3))))",0.20300767767838268,0.10702795666146214,0.5625,0.0,
33,"F[2,5](F[1,2](((x<=-3 || y<-1) && (x>=-2 && x>-3))))",widen,3,"F[2,8](F[1,2](((x<=-3 || y<-1) && (x>=-2 && x>-3))))",0.27620640487109327,0.13532328099918434,0.5625,0.0,
33,"F[2,5](F[1,2](((x<=-3 || y<-1) && (x>=-2 && x>-3))))",strict,0,"F[2,5](F[1,2](((x<-3 || y<-1) && (x>=-2 && x>-3))))",0.0,0.0,2.5693252595886236e-15,0.0,
34,"F[2,4](((x>=2 || y<=-1) && y>=3))",const,1,"F[2,4](((x>=2 || y<=-2) && y>=3))",0.0,0.0,0.0,0.0,
34,"F[2,4](((x>=2 || y<=-1) && y>=3))",const,2,"F[2,4](((x>=2 || y<=-3) && y>=3))",0.0,0.0,0.0,0.0,
34,"F[2,4](((x>=2 || y<=-1) && y>=3))",const,3,"F[2,4](((x>=2 || y<=-4) && y>=3))",0.0,0.0,0.0,0.0,
34,"F[2,4](((x>=2 || y<=-1) && y>=3))",const,4,"F[2,4](((x>=2 || y<=-5) && y>=3))",0.0,0.0,0.0,0.0,
34,"F[2,4](((x>=2 || y<=-1) && y>=3))",shift,1,"F[3,5](((x>=2 || y<=-1) && y>=3))",0.33333333333333337,0.41073812270780363,0.6875,0.0,
34,"F[2,4](((x>=2 || y<=-1) && y>=3))",shift,2,"F[4,6](((x>=2 || y<=-1) && y>=3))",0.5714285714285714,0.6546527650911018,0.6875,0.0,
34,"F[2,4](((x>=2 || y<=-1) && y>=3))",shift,3,"F[5,7](((x>=2 || y<=-1) && y>=3))",0.75,0.8151847271106141,0.6875,0.0,
34,"F[2,4](((x>=2 || y<=-1) && y>=3))",widen,1,"F[2,5](((x>=2 || y<=-1) && y>=3))",0.17333333333333334,0.20536906135390187,0.6875,0.0,
34,"F[2,4](((x>=2 || y<=-1) && y>=3))",widen,2,"F[2,6](((x>=2 || y<=-1) && y>=3))",0.29467715383208337,0.3273263825455509,0.6875,0.0,
34,"F[2,4](((x>=2 || y<=-1) && y>=3))",widen,3,"F[2,7](((x>=2 || y<=-1) && y>=3))",0.3846153846153846,0.40759236355530704,0.6875,0.0,
34,"F[2,4](((x>=2 || y<=-1) && y>=3))",strict,0,"F[2,4](((x>=2 || y<-1) && y>=3))",0.0,0.0,0.0,0.0,
35,"G[1,3](x<-2)",const,1,"G[1,3](x<-1)",0.10714294897957866,0.3702626605580237,0.0625,0.041666666666666664,
35,"G[1,3](x<-2)",const,2,"G[1,3](x<0)",0.18750007031249116,0.5781251582030855,0.125,0.08333333333333333,
35,"G[1,3](x<-2)",const,3,"G[1,3](x<1)",0.25000005555554927,0.7037038024691138,0.1875,0.125,
35,"G[1,3](x<-2)",const,4,"G[1,3](x<2)",0.30000004499999555,0.7840000647999871,0.25,0.16666666666666666,
35,"G[1,3](x<-2)",shift,1,"G[2,4](x<-2)",0.4,0.7692307869822471,0.625,0.1875,
35,"G[1,3](x<-2)",shift,2,"G[3,5](x<-2)",0.6666666666666667,0.924369758067932,0.625,0.3,
35,"G[1,3](x<-2)",shift,3,"G[4,6](x<-2)",0.8571428571428572,0.9729187614840503,0.625,0.25,
35,"G[1,3](x<-2)",widen,1,"G[1,4](x<-2)",0.19999999999999996,0.6250000234374986,0.625,0.09375,
35,"G[1,3](x<-2)",widen,2,"G[1,5](x<-2)",0.33333333333333337,0.8593750175781234,0.625,0.15,
35,"G[1,3](x<-2)",widen,3,"G[1,6](x<-2)",0.4285714285714286,0.9472656348876941,0.625,0.1875,
35,"G[1,3](x<-2)",strict,0,"G[1,3](x<=-2)",1.2499997925630169e-07,4.999998333143907e-07,0.0,0.0,
36,"F[2,5]((y<=-1) U[0,1] (x>2))",const,1,"F[2,5]((y<=-1) U[0,1] (x>3))",0.0475029720145711,0.12426825198323932,0.06250000000000012,0.010416666666666666,
36,"F[2,5]((y<=-1) U[0,1] (x>2))",const,2,"F[2,5]((y<=-1) U[0,1] (x>4))",0.09260172078665907,0.26348734339861946,0.12500000000000025,0.020833333333333332,
36,"F[2,5]((y<=-1) U[0,1] (x>2))",const,3,"F[2,5]((y<=-1) U[0,1] (x>5))",0.13585110462950423,0.419089922321085,0.1875,0.03125,
36,"F[2,5]((y<=-1) U[0,1] (x>2))",const,4,"F[2,5]((y<=-1) U[0,1] (x>6))",0.17764741597133138,0.5926055626916231,0.25000000000000133,0.041666666666666664,
36,"F[2,5]((y<=-1) U[0,1] (x>2))",shift,1,"F[3,6]((y<=-1) U[0,1] (x>2))",0.25232118294360384,0.24706789794646988,0.625,0.0,
36,"F[2,5]((y<=-1) U[0,1] (x>2))",shift,2,"F[4,7]((y<=-1) U[0,1] (x>2))",0.4444444444444444,0.411143773816118,0.625,0.0,
36,"F[2,5]((y<=-1) U[0,1] (x>2))",shift,3,"F[5,8]((y<=-1) U[0,1] (x>2))",0.6,0.5264415203635258,0.625,0.04861111111111111,
36,"F[2,5]((y<=-1) U[0,1] (x>2))",widen,1,"F[2,6]((y<=-1) U[0,1] (x>2))",0.12790561622464902,0.12353394897323489,0.625,0.0,
36,"F[2,5]((y<=-1) U[0,1] (x>2))",widen,2,"F[2,7]((y<=-1) U[0,1] (x>2))",0.22646455805962773,0.20557188690805905,0.625,0.0,
36,"F[2,5]((y<=-1) U[0,1] (x>2))",widen,3,"F[2,8]((y<=-1) U[0,1] (x>2))",0.30481683676130533,0.26322076018176277,0.625,0.0,
36,"F[2,5]((y<=-1) U[0,1] (x>2))",strict,0,"F[2,5]((y<=-1) U[0,1] (x>=2))",4.8945430819458124e-08,1.1724657800193938e-07,0.0,0.0,
37,"G[2,5](x>=-1)",const,1,"G[2,5](x>=0)",0.0740741316872301,0.3757051658113555,0.0625,0.0375,
37,"G[2,5](x>=-1)",const,2,"G[2,5](x>=1)",0.14814818930040252,0.6340498037222925,0.125,0.075,
37,"G[2,5](x>=-1)",const,3,"G[2,5](x>=2)",0.22222224691357473,0.8024691796982034,0.1875,0.1125,
37,"G[2,5](x>=-1)",const,4,"G[2,5](x>=3)",0.29629630452674716,0.9047401395451213,0.25,0.15,
37,"G[2,5](x>=-1)",shift,1,"G[3,6](x>=-1)",0.2857142857142857,0.6086956257088858,0.4375,0.1875,
37,"G[2,5](x>=-1)",shift,2,"G[4,7](x>=-1)",0.5,0.8120649434919067,0.4375,0.32142857142857145,
37,"G[2,5](x>=-1)",shift,3,"G[5,8](x>=-1)",0.6666666666666667,0.9023180870029068,0.4375,0.421875,
37,"G[2,5](x>=-1)",widen,1,"G[2,6](x>=-1)",0.1428571428571429,0.4374999726562516,0.4375,0.09375,
37,"G[2,5](x>=-1)",widen,2,"G[2,7](x>=-1)",0.25,0.6835937192382824,0.4375,0.16071428571428573,
37,"G[2,5](x>=-1)",widen,3,"G[2,8](x>=-1)",0.33333333333333337,0.8220214584198002,0.4375,0.2109375,
37,"G[2,5](x>=-1)",strict,0,"G[2,5](x>-1)",7.407406599213573e-08,4.444443211237825e-07,0.0,0.0,
38,"G[2,4](F[0,2](y<=-1))",const,1,"G[2,4](F[0,2](y<=-2))",0.08928578358842032,0.14038391517290993,0.0625,0.03125,
38,"G[2,4](F[0,2](y<=-1))",const,2,"G[2,4](F[0,2](y<=-3))",0.17316022080732196,0.29166862333077503,0.125,0.0625,
38,"G[2,4](F[0,2](y<=-1))",const,3,"G[2,4](F[0,2](y<=-4))",0.25297621758077815,0.4489076205678755,0.1875,0.09375,
38,"G[2,4](F[0,2](y<=-1))",const,4,"G[2,4](F[0,2](y<=-5))",0.32967033701646453,0.6060550167103242,0.25,0.125,
38,"G[2,4](F[0,2](y<=-1))",shift,1,"G[3,5](F[0,2](y<=-1))",0.25,0.2092722494699929,0.5625000000000003,0.0,
38,"G[2,4](F[0,2](y<=-1))",shift,2,"G[4,6](F[0,2](y<=-1))",0.4444444444444444,0.35109937939771074,0.5625,0.109375,
38,"G[2,4](F[0,2](y<=-1))",shift,3,"G[5,7](F[0,2](y<=-1))",0.5999999999999999,0.46141381263490544,0.5625,0.19444444444444445,
38,"G[2,4](F[0,2](y<=-1))",widen,1,"G[2,5](F[0,2](y<=-1))",0.125,0.11686435830798625,0.5625000625,0.0625,
38,"G[2,4](F[0,2](y<=-1))",widen,2,"G[2,6](F[0,2](y<=-1))",0.2222222222222222,0.21292937549472546,0.5625,0.109375,
38,"G[2,4](F[0,2](y<=-1))",widen,3,"G[2,7](F[0,2](y<=-1))",0.30000000000000004,0.29989468020969257,0.5625000000000003,0.14583333333333334,
38,"G[2,4](F[0,2](y<=-1))",strict,0,"G[2,4](F[0,2](y<-1))",9.259258060279052e-08,1.3355927164226955e-07,0.0,0.0,
39,"G[1,4](((y<=1 && x>=-3) || (y>-2 && x<-3)))",const,1,"G[1,4](((y<=2 && x>=-3) || (y>-2 && x<-3)))",0.06428575153059812,0.2479182580080561,0.0625,0.0,
39,"G[1,4](((y<=1 && x>=-3) || (y>-2 && x<-3)))",const,2,"G[1,4](((y<=3 && x>=-3) || (y>-2 && x<-3)))",0.10857144677550545,0.4235514361728604,0.125,0.0,
39,"G[1,4](((y<=1 && x>=-3) || (y>-2 && x<-3)))",const,3,"G[1,4](((y<=4 && x>=-3) || (y>-2 && x<-3)))",0.14285715102040697,0.5507795953127506,0.1875,0.0,
39,"G[1,4](((y<=1 && x>=-3) || (y>-2 && x<-3)))",const,4,"G[1,4](((y<=5 && x>=-3) || (y>-2 && x<-3)))",0.1714285734693881,0.6447649485285321,0.25,0.0,
39,"G[1,4](((y<=1 && x>=-3) || (y>-2 && x<-3)))",shift,1,"G[2,5](((y<=1 && x>=-3) || (y>-2 && x<-3)))",0.33333333333333337,0.5895316491132228,0.4375000000000003,0.375,
39,"G[1,4](((y<=1 && x>=-3) || (y>-2 && x<-3)))",shift,2,"G[3,6](((y<=1 && x>=-3) || (y>-2 && x<-3)))",0.5714285714285714,0.7960797375557426,0.4375,0.625,
39,"G[1,4](((y<=1 && x>=-3) || (y>-2 && x<-3)))",shift,3,"G[4,7](((y<=1 && x>=-3) || (y>-2 && x<-3)))",0.75,0.8906335789283342,0.4375,0.8035714285714286,
39,"G[1,4](((y<=1 && x>=-3) || (y>-2 && x<-3)))",widen,1,"G[1,5](((y<=1 && x>=-3) || (y>-2 && x<-3)))",0.16666666666666663,0.4179687185058619,0.4375,0.1875,
39,"G[1,4](((y<=1 && x>=-3) || (y>-2 && x<-3)))",widen,2,"G[1,6](((y<=1 && x>=-3) || (y>-2 && x<-3)))",0.2857142857142857,0.6612395873622916,0.4375,0.3125,
39,"G[1,4](((y<=1 && x>=-3) || (y>-2 && x<-3)))",widen,3,"G[1,7](((y<=1 && x>=-3) || (y>-2 && x<-3)))",0.375,0.8028308429129916,0.4375,0.4017857142857143,
39,"G[1,4](((y<=1 && x>=-3) || (y>-2 && x<-3)))",strict,0,"G[1,4](((y<1 && x>=-3) || (y>-2 && x<-3)))",8.095235670690926e-08,2.9530193568216845e-07,0.0,0.0,
40,"G[2,3](F[0,2](x<-3))",const,1,"G[2,3](F[0,2](x<-4))",0.10042743155269107,0.17584156979117116,0.0625,0.025,
40,"G[2,3](F[0,2](x<-3))",const,2,"G[2,3](F[0,2](x<-5))",0.19723871995143738,0.36695501615455905,0.125,0.05,
40,"G[2,3](F[0,2](x<-3))",const,3,"G[2,3](F[0,2](x<-6))",0.29120883349031135,0.5704670207125896,0.1875,0.075,
40,"G[2,3](F[0,2](x<-3))",const,4,"G[2,3](F[0,2](x<-7))",0.3777777946296266,0.782865545425796,0.25,0.1,
40,"G[2,3](F[0,2](x<-3))",shift,1,"G[3,4](F[0,2](x<-3))",0.2857142857142857,0.3008589703562151,0.6875,0.0,
40,"G[2,3](F[0,2](x<-3))",shift,2,"G[4,5](F[0,2](x<-3))",0.5,0.523037655471142,0.6875,0.08928571428571429,
40,"G[2,3](F[0,2](x<-3))",shift,3,"G[5,6](F[0,2](x<-3))",0.6666666666666667,0.5898864451173726,0.6875,0.15625,
40,"G[2,3](F[0,2](x<-3))",widen,1,"G[2,4](F[0,2](x<-3))",0.1428571428571429,0.17706533189848783,0.6874999999999999,0.052083333333333336,
40,"G[2,3](F[0,2](x<-3))",widen,2,"G[2,5](F[0,2](x<-3))",0.25,0.35413066379697566,0.6875000625,0.08928571428571429,
40,"G[2,3](F[0,2](x<-3))",widen,3,"G[2,6](F[0,2](x<-3))",0.33333333333333337,0.4736584036928426,0.6875000625,0.1171875,
40,"G[2,3](F[0,2](x<-3))",strict,0,"G[2,3](F[0,2](x<=-3))",1.0256408500275427e-07,1.674071772317376e-07,0.0,0.0,
41,"G[1,4](F[1,3]((y<2 && (x>0 || x<=3))))",const,1,"G[1,4](F[1,3]((y<2 && (x>0 || x<=2))))",0.0,0.0,0.0,0.0,
41,"G[1,4](F[1,3]((y<2 && (x>0 || x<=3))))",const,2,"G[1,4](F[1,3]((y<2 && (x>0 || x<=1))))",0.0,0.0,0.0,0.0,
41,"G[1,4](F[1,3]((y<2 && (x>0 || x<=3))))",const,3,"G[1,4](F[1,3]((y<2 && (x>0 || x<=0))))",0.0,0.0,0.0,0.0,
41,"G[1,4](F[1,3]((y<2 && (x>0 || x<=3))))",const,4,"G[1,4](F[1,3]((y<2 && (x>0 || x<=-1))))",0.375,0.05205875813832339,0.03125,0.0,
41,"G[1,4](F[1,3]((y<2 && (x>0 || x<=3))))",shift,1,"G[2,5](F[1,3]((y<2 && (x>0 || x<=3))))",0.16666666666666652,0.07098813368838508,0.375,0.0,
41,"G[1,4](F[1,3]((y<2 && (x>0 || x<=3))))",shift,2,"G[3,6](F[1,3]((y<2 && (x>0 || x<=3))))",0.30000000000000004,0.13488527175853082,0.375,0.25,
41,"G[1,4](F[1,3]((y<2 && (x>0 || x<=3))))",shift,3,"G[4,7](F[1,3]((y<2 && (x>0 || x<=3))))",0.40909090909090906,0.19259607305507698,0.37500000000000033,0.45,
41,"G[1,4](F[1,3]((y<2 && (x>0 || x<=3))))",widen,1,"G[1,5](F[1,3]((y<2 && (x>0 || x<=3))))",0.11111111111111116,0.03680025764907202,0.375,0.140625,
41,"G[1,4](F[1,3]((y<2 && (x>0 || x<=3))))",widen,2,"G[1,6](F[1,3]((y<2 && (x>0 || x<=3))))",0.19999999999999996,0.07232009362003577,0.3750000000000002,0.25,
41,"G[1,4](F[1,3]((y<2 && (x>0 || x<=3))))",widen,3,"G[1,7](F[1,3]((y<2 && (x>0 || x<=3))))",0.2727272727272727,0.10655950791289048,0.3749999999999999,0.3375,
41,"G[1,4](F[1,3]((y<2 && (x>0 || x<=3))))",strict,0,"G[1,4](F[1,3]((y<2 && (x>0 || x<3))))",0.0,0.0,0.0,0.0,
42,"G[0,2](G[0,2]((x<=2 && y<=1)))",const,1,"G[0,2](G[0,2]((x<=3 && y<=1)))",0.04545458264462143,0.37907893095402523,0.0625,0.0625,
42,"G[0,2](G[0,2]((x<=2 && y<=1)))",const,2,"G[0,2](G[0,2]((x<=4 && y<=1)))",0.08333336111110656,0.5981225619426899,0.125,0.125,
42,"G[0,2](G[0,2]((x<=2 && y<=1)))",const,3,"G[0,2](G[0,2]((x<=5 && y<=1)))",0.1153846360946712,0.7306709981687505,0.1875,0.1875,
42,"G[0,2](G[0,2]((x<=2 && y<=1)))",const,4,"G[0,2](G[0,2]((x<=6 && y<=1)))",0.14285715816326316,0.814065607761213,0.25,0.25,
42,"G[0,2](G[0,2]((x<=2 && y<=1)))",shift,1,"G[1,3](G[0,2]((x<=2 && y<=1)))",0.33333333333333337,0.7867298355382858,0.4375,0.475,
42,"G[0,2](G[0,2]((x<=2 && y<=1)))",shift,2,"G[2,4](G[0,2]((x<=2 && y<=1)))",0.5714285714285714,0.9341313348820318,0.4375,0.7916666666666666,
42,"G[0,2](G[0,2]((x<=2 && y<=1)))",shift,3,"G[3,5](G[0,2]((x<=2 && y<=1)))",0.75,0.977791604006692,0.4375,1.0178571428571428,
42,"G[0,2](G[0,2]((x<=2 && y<=1)))",widen,1,"G[0,3](G[0,2]((x<=2 && y<=1)))",0.16666666666666663,0.6484374697265638,0.4375,0.2375,
42,"G[0,2](G[0,2]((x<=2 && y<=1)))",widen,2,"G[0,4](G[0,2]((x<=2 && y<=1)))",0.2857142857142857,0.8764037873077393,0.4375,0.3958333333333333,
42,"G[0,2](G[0,2]((x<=2 && y<=1)))",widen,3,"G[0,5](G[0,2]((x<=2 && y<=1)))",0.375,0.956548202733695,0.4375,0.5089285714285714,
42,"G[0,2](G[0,2]((x<=2 && y<=1)))",strict,0,"G[0,2](G[0,2]((x<2 && y<=1)))",4.9999994922167446e-08,4.999998499677361e-07,0.0,0.0,
43,"F[2,3](((x<=3 && y>-2) && x<=1))",const,1,"F[2,3](((x<=3 && y>-1) && x<=1))",0.028061247849850646,0.08080576275397633,0.0625,0.020833333333333332,
43,"F[2,3](((x<=3 && y>-2) && x<=1))",const,2,"F[2,3](((x<=3 && y>0) && x<=1))",0.053571447321425936,0.16587684862423924,0.125,0.041666666666666664,
43,"F[2,3](((x<=3 && y>-2) && x<=1))",const,3,"F[2,3](((x<=3 && y>1) && x<=1))",0.07738096752645329,0.25521333628377063,0.1875,0.0625,
43,"F[2,3](((x<=3 && y>-2) && x<=1))",const,4,"F[2,3](((x<=3 && y>2) && x<=1))",0.10000001214285581,0.3488152257325705,0.25,0.08333333333333333,
43,"F[2,3](((x<=3 && y>-2) && x<=1))",shift,1,"F[3,4](((x<=3 && y>-2) && x<=1))",0.4,0.40646667051551977,0.4375,0.59375,
43,"F[2,3](((x<=3 && y>-2) && x<=1))",shift,2,"F[4,5](((x<=3 && y>-2) && x<=1))",0.6666666666666667,0.5920165343286432,0.4375,0.475,
43,"F[2,3](((x<=3 && y>-2) && x<=1))",shift,3,"F[5,6](((x<=3 && y>-2) && x<=1))",0.7142857142857143,0.5920165343286432,0.4375,0.3958333333333333,
43,"F[2,3](((x<=3 && y>-2) && x<=1))",widen,1,"F[2,4](((x<=3 && y>-2) && x<=1))",0.21351351351351355,0.20323333525776,0.4375,0.0,
43,"F[2,3](((x<=3 && y>-2) && x<=1))",widen,2,"F[2,5](((x<=3 && y>-2) && x<=1))",0.3500000000000001,0.2960082671643216,0.4375,0.0,
43,"F[2,3](((x<=3 && y>-2) && x<=1))",widen,3,"F[2,6](((x<=3 && y>-2) && x<=1))",0.4454911285897202,0.3454306092107112,0.4375,0.0,
43,"F[2,3](((x<=3 && y>-2) && x<=1))",strict,0,"F[2,3](((x<=3 && y>=-2) && x<=1))",2.9761900832703247e-08,7.867297957542263e-08,0.0,0.0,
44,"G[0,2](((y<2 && y>=0) && x<=1))",const,1,"G[0,2](((y<1 && y>=0) && x<=1))",0.25,0.875,0.06249999999999997,0.0625,
44,"G[0,2](((y<2 && y>=0) && x<=1))",const,2,"G[0,2](((y<0 && y>=0) && x<=1))",1.0,1.0,0.125,0.125,
44,"G[0,2](((y<2 && y>=0) && x<=1))",const,3,"G[0,2](((y<-1 && y>=0) && x<=1))",1.0,1.0,0.1875,0.125,
44,"G[0,2](((y<2 && y>=0) && x<=1))",const,4,"G[0,2](((y<-2 && y>=0) && x<=1))",1.0,1.0,0.25,0.125,
44,"G[0,2](((y<2 && y>=0) && x<=1))",shift,1,"G[1,3](((y<2 && y>=0) && x<=1))",0.5,0.9635627370387985,0.5000000625,0.4583333333333333,
44,"G[0,2](((y<2 && y>=0) && x<=1))",shift,2,"G[2,4](((y<2 && y>=0) && x<=1))",0.8,0.9975219485179103,0.5,0.6875,
44,"G[0,2](((y<2 && y>=0) && x<=1))",shift,3,"G[3,5](((y<2 && y>=0) && x<=1))",1.0,0.9998261624207033,0.5,0.55,
44,"G[0,2](((y<2 && y>=0) && x<=1))",widen,1,"G[0,3](((y<2 && y>=0) && x<=1))",0.25,0.929687470214846,0.5,0.22916666666666666,
44,"G[0,2](((y<2 && y>=0) && x<=1))",widen,2,"G[0,4](((y<2 && y>=0) && x<=1))",0.4,0.9950561481552118,0.5,0.34375,
44,"G[0,2](((y<2 && y>=0) && x<=1))",widen,3,"G[0,5](((y<2 && y>=0) && x<=1))",0.5,0.99965238526991,0.5,0.4125,
44,"G[0,2](((y<2 && y>=0) && x<=1))",strict,0,"G[0,2](((y<=2 && y>=0) && x<=1))",2.4999975012374165e-07,1.4999977498986183e-06,0.0,0.0,
45,"G[0,2]((x>=-3) U[0,2] (x<=2))",const,1,"G[0,2]((x>=-3) U[0,2] (x<=1))",0.1568389915761731,0.1984434870656796,0.0625,0.03125,
45,"G[0,2]((x>=-3) U[0,2] (x<=2))",const,2,"G[0,2]((x>=-3) U[0,2] (x<=0))",0.301063841622349,0.4106819004473615,0.125,0.0625,
45,"G[0,2]((x>=-3) U[0,2] (x<=2))",const,3,"G[0,2]((x>=-3) U[0,2] (x<=-1))",0.4368793736801112,0.6252746423095805,0.1875,0.09375,
45,"G[0,2]((x>=-3) U[0,2] (x<=2))",const,4,"G[0,2]((x>=-3) U[0,2] (x<=-2))",0.5434815381066218,0.8276288728156502,0.25,0.125,
45,"G[0,2]((x>=-3) U[0,2] (x<=2))",shift,1,"G[1,3]((x>=-3) U[0,2] (x<=2))",0.36170212765957444,0.5679043770865068,0.375,0.125,
45,"G[0,2]((x>=-3) U[0,2] (x<=2))",shift,2,"G[2,4]((x>=-3) U[0,2] (x<=2))",0.6124620060790273,0.769187237757387,0.375,0.20833333333333334,
45,"G[0,2]((x>=-3) U[0,2] (x<=2))",shift,3,"G[3,5]((x>=-3) U[0,2] (x<=2))",0.7859042553191489,0.8688633381236683,0.37500006249999895,0.17857142857142858,
45,"G[0,2]((x>=-3) U[0,2] (x<=2))",widen,1,"G[0,3]((x>=-3) U[0,2] (x<=2))",0.1950354609929077,0.39655478866079286,0.37499999999999983,0.0625,
45,"G[0,2]((x>=-3) U[0,2] (x<=2))",widen,2,"G[0,4]((x>=-3) U[0,2] (x<=2))",0.32674772036474165,0.6249425268843352,0.3749999999999999,0.10416666666666667,
45,"G[0,2]((x>=-3) U[0,2] (x<=2))",widen,3,"G[0,5]((x>=-3) U[0,2] (x<=2))",0.41090425531914887,0.7681329475099818,0.37499999330059075,0.13392857142857142,
45,"G[0,2]((x>=-3) U[0,2] (x<=2))",strict,0,"G[0,2]((x>=-3) U[0,2] (x<2))",1.6524817469942832e-07,1.8852019700865696e-07,0.0,0.0,
46,"G[2,5](((x>1 || y>=3)) U[0,2] (y>1))",const,1,"G[2,5](((x>1 || y>=4)) U[0,2] (y>1))",0.07071815641420065,0.2547019664236645,0.0625000625,0.0,
46,"G[2,5](((x>1 || y>=3)) U[0,2] (y>1))",const,2,"G[2,5](((x>1 || y>=5)) U[0,2] (y>1))",0.12363137314064243,0.4591847407511569,0.12500000000000044,0.0,
46,"G[2,5](((x>1 || y>=3)) U[0,2] (y>1))",const,3,"G[2,5](((x>1 || y>=6)) U[0,2] (y>1))",0.1663703794415038,0.6202243585311366,0.18750000000000142,0.0,
46,"G[2,5](((x>1 || y>=3)) U[0,2] (y>1))",const,4,"G[2,5](((x>1 || y>=7)) U[0,2] (y>1))",0.17909547771569234,0.7441164773122856,0.25000000000000044,0.0,
46,"G[2,5](((x>1 || y>=3)) U[0,2] (y>1))",shift,1,"G[3,6](((x>1 || y>=3)) U[0,2] (y>1))",0.23137767812655707,0.584604488738166,0.5625000000000006,0.0390625,
46,"G[2,5](((x>1 || y>=3)) U[0,2] (y>1))",shift,2,"G[4,7](((x>1 || y>=3)) U[0,2] (y>1))",0.41524663677130047,0.7921695504635219,0.5625000625,0.06944444444444445,
46,"G[2,5](((x>1 || y>=3)) U[0,2] (y>1))",shift,3,"G[5,8](((x>1 || y>=3)) U[0,2] (y>1))",0.5593151243375458,0.8878750845939355,0.5625000625,0.125,
46,"G[2,5](((x>1 || y>=3)) U[0,2] (y>1))",widen,1,"G[2,6](((x>1 || y>=3)) U[0,2] (y>1))",0.12026656701544591,0.4130326004898711,0.5625,0.0,
46,"G[2,5](((x>1 || y>=3)) U[0,2] (y>1))",widen,2,"G[2,7](((x>1 || y>=3)) U[0,2] (y>1))",0.2152466367713004,0.6558615497460989,0.5625000000000001,0.0,
46,"G[2,5](((x>1 || y>=3)) U[0,2] (y>1))",widen,3,"G[2,8](((x>1 || y>=3)) U[0,2] (y>1))",0.2865878516102731,0.7983591342072847,0.5625000625,0.03125,
46,"G[2,5](((x>1 || y>=3)) U[0,2] (y>1))",strict,0,"G[2,5](((x>1 || y>3)) U[0,2] (y>1))",8.852294830496987e-08,2.821898157367997e-07,3.66010763455689e-14,0.0,
47,"F[2,5](F[1,3](x>2))",const,1,"F[2,5](F[1,3](x>3))",0.08625949102374131,0.04890354208281722,0.0625,0.015625,
47,"F[2,5](F[1,3](x>2))",const,2,"F[2,5](F[1,3](x>4))",0.16754855673132518,0.12587676289748806,0.125,0.03125,
47,"F[2,5](F[1,3](x>2))",const,3,"F[2,5](F[1,3](x>5))",0.24501428682048532,0.2425529287946775,0.1875,0.046875,
47,"F[2,5](F[1,3](x>2))",const,4,"F[2,5](F[1,3](x>6))",0.31947596737812833,0.4138586233881266,0.25,0.0625,
47,"F[2,5](F[1,3](x>2))",shift,1,"F[3,6](F[1,3](x>2))",0.19999999999999996,0.046433265224595455,0.625,0.0,
47,"F[2,5](F[1,3](x>2))",shift,2,"F[4,7](F[1,3](x>2))",0.36363636363636365,0.07437484857837717,0.625,0.0,
47,"F[2,5](F[1,3](x>2))",shift,3,"F[5,8](F[1,3](x>2))",0.5,0.09143604613483303,0.625,0.0,
47,"F[2,5](F[1,3](x>2))",widen,1,"F[2,6](F[1,3](x>2))",0.10039370078740162,0.023216632612297672,0.625,0.0,
47,"F[2,5](F[1,3](x>2))",widen,2,"F[2,7](F[1,3](x>2))",0.1823529411764706,0.03718742428918864,0.625,0.0,
47,"F[2,5](F[1,3](x>2))",widen,3,"F[2,8](F[1,3](x>2))",0.2505707762557077,0.04571802306741657,0.625,0.0,
47,"F[2,5](F[1,3](x>2))",strict,0,"F[2,5](F[1,3](x>=2))",8.924160976864215e-08,3.802951731302073e-08,0.0,0.0,
48,"G[2,5](F[0,2](x<=3))",const,1,"G[2,5](F[0,2](x<=4))",0.09829553441286398,0.04496210033602299,0.0625,0.03571428571428571,
48,"G[2,5](F[0,2](x<=3))",const,2,"G[2,5](F[0,2](x<=5))",0.19090915132866015,0.07244229950912429,0.125,0.07142857142857142,
48,"G[2,5](F[0,2](x<=3))",const,3,"G[2,5](F[0,2](x<=6))",0.2790584841929423,0.0869959643300432,0.1875000625,0.10714285714285714,
48,"G[2,5](F[0,2](x<=3))",const,4,"G[2,5](F[0,2](x<=7))",0.35596592422111506,0.09261552131219608,0.25,0.14285714285714285,
48,"G[2,5](F[0,2](x<=3))",shift,1,"G[3,6](F[0,2](x<=3))",0.2222222222222222,0.04389033539319387,0.31250000000000006,0.0,
48,"G[2,5](F[0,2](x<=3))",shift,2,"G[4,7](F[0,2](x<=3))",0.4,0.08500573410331835,0.3125000000000005,0.1527777777777778,
48,"G[2,5](F[0,2](x<=3))",shift,3,"G[5,8](F[0,2](x<=3))",0.5454545454545454,0.1235738443778398,0.31250000000000017,0.275,
48,"G[2,5](F[0,2](x<=3))",widen,1,"G[2,6](F[0,2](x<=3))",0.11111111111111116,0.02243756379682138,0.3125,0.0859375,
48,"G[2,5](F[0,2](x<=3))",widen,2,"G[2,7](F[0,2](x<=3))",0.19999999999999996,0.044389550202394656,0.31250006249999995,0.1527777777777778,
48,"G[2,5](F[0,2](x<=3))",widen,3,"G[2,8](F[0,2](x<=3))",0.2727272727272727,0.06585595921672027,0.3125,0.20625,
48,"G[2,5](F[0,2](x<=3))",strict,0,"G[2,5](F[0,2](x<3))",1.0165287667174283e-07,5.5545268273782256e-08,0.0,0.0,
49,"F[1,3](G[1,3](x<=2))",const,1,"F[1,3](G[1,3](x<=3))",0.07846326811129645,0.19089189812668905,0.0625,0.03125,
49,"F[1,3](G[1,3](x<=2))",const,2,"F[1,3](G[1,3](x<=4))",0.14880957341269008,0.3248457738554327,0.125,0.0625,
49,"F[1,3](G[1,3](x<=2))",const,3,"F[1,3](G[1,3](x<=5))",0.21291212498238354,0.42069770903568693,0.1875,0.09375,
49,"F[1,3](G[1,3](x<=2))",const,4,"F[1,3](G[1,3](x<=6))",0.27210886985746285,0.48979596209911813,0.25,0.125,
49,"F[1,3](G[1,3](x<=2))",shift,1,"F[2,4](G[1,3](x<=2))",0.28125,0.3529411660899655,0.375,0.0,
49,"F[1,3](G[1,3](x<=2))",shift,2,"F[3,5](G[1,3](x<=2))",0.48611111111111116,0.5467815305338344,0.375,0.15625,
49,"F[1,3](G[1,3](x<=2))",shift,3,"F[4,6](G[1,3](x<=2))",0.6,0.6830035441837686,0.375,0.2777777777777778,
49,"F[1,3](G[1,3](x<=2))",widen,1,"F[1,4](G[1,3](x<=2))",0.13749999999999996,0.17647058304498275,0.375,0.0,
49,"F[1,3](G[1,3](x<=2))",widen,2,"F[1,5](G[1,3](x<=2))",0.2434988179669031,0.2733907652669173,0.375,0.0,
49,"F[1,3](G[1,3](x<=2))",widen,3,"F[1,6](G[1,3](x<=2))",0.32616822429906545,0.34150177209188437,0.375,0.0,
49,"F[1,3](G[1,3](x<=2))",strict,0,"F[1,3](G[1,3](x<2))",8.333332279786276e-08,2.2857139259091497e-07,0.0,0.0,
50,"F[1,2]((x<=1) U[0,1] (x>=-3))",const,1,"F[1,2]((x<=1) U[0,1] (x>=-2))",0.12622554176876888,0.19980317323024366,0.0625,0.020833333333333332,
50,"F[1,2]((x<=1) U[0,1] (x>=-3))",const,2,"F[1,2]((x<=1) U[0,1] (x>=-1))",0.24264703387608177,0.4311021955601202,0.125,0.041666666666666664,
50,"F[1,2]((x<=1) U[0,1] (x>=-3))",const,3,"F[1,2]((x<=1) U[0,1] (x>=0))",0.3480391352635508,0.6968500049525335,0.1875,0.0625,
50,"F[1,2]((x<=1) U[0,1] (x>=-3))",const,4,"F[1,2]((x<=1) U[0,1] (x>=1))",0.4330064707244382,0.9999996771655042,0.25,0.08333333333333333,
50,"F[1,2]((x<=1) U[0,1] (x>=-3))",shift,1,"F[2,3]((x<=1) U[0,1] (x>=-3))",0.4117647058823529,0.40502347784331316,0.4375,0.125,
50,"F[1,2]((x<=1) U[0,1] (x>=-3))",shift,2,"F[3,4]((x<=1) U[0,1] (x>=-3))",0.6666666666666667,0.6153320824185708,0.4375,0.1,
50,"F[1,2]((x<=1) U[0,1] (x>=-3))",shift,3,"F[4,5]((x<=1) U[0,1] (x>=-3))",0.8571428571428572,0.6701297393017526,0.4375,0.08333333333333333,
50,"F[1,2]((x<=1) U[0,1] (x>=-3))",widen,1,"F[1,3]((x<=1) U[0,1] (x>=-3))",0.2163934426229508,0.20251173892165653,0.4375,0.0,
50,"F[1,2]((x<=1) U[0,1] (x>=-3))",widen,2,"F[1,4]((x<=1) U[0,1] (x>=-3))",0.3538587848932677,0.3076660412092854,0.4375,0.0,
50,"F[1,2]((x<=1) U[0,1] (x>=-3))",widen,3,"F[1,5]((x<=1) U[0,1] (x>=-3))",0.4494827206691614,0.3699712458863186,0.4375,0.0,
50,"F[1,2]((x<=1) U[0,1] (x>=-3))",strict,0,"F[1,2]((x<=1) U[0,1] (x>-3))",1.330881812533491e-07,1.8503926679791505e-07,0.0,0.0,
51,"G[0,2]((x>=3 || (y>2 || y>=2)))",const,1,"G[0,2]((x>=3 || (y>3 || y>=2)))",0.0,0.0,0.0,0.0,
51,"G[0,2]((x>=3 || (y>2 || y>=2)))",const,2,"G[0,2]((x>=3 || (y>4 || y>=2)))",0.0,0.0,0.0,0.0,
51,"G[0,2]((x>=3 || (y>2 || y>=2)))",const,3,"G[0,2]((x>=3 || (y>5 || y>=2)))",0.0,0.0,0.0,0.0,
51,"G[0,2]((x>=3 || (y>2 || y>=2)))",const,4,"G[0,2]((x>=3 || (y>6 || y>=2)))",0.0,0.0,0.0,0.0,
51,"G[0,2]((x>=3 || (y>2 || y>=2)))",shift,1,"G[1,3]((x>=3 || (y>2 || y>=2)))",0.5,0.6010928436202962,0.6250000000000002,0.20833333333333334,
51,"G[0,2]((x>=3 || (y>2 || y>=2)))",shift,2,"G[2,4]((x>=3 || (y>2 || y>=2)))",0.8,0.8057873392364554,0.6250000000000001,0.3125,
51,"G[0,2]((x>=3 || (y>2 || y>=2)))",shift,3,"G[3,5]((x>=3 || (y>2 || y>=2)))",1.0,0.8977693085575769,0.625,0.25,
51,"G[0,2]((x>=3 || (y>2 || y>=2)))",widen,1,"G[0,3]((x>=3 || (y>2 || y>=2)))",0.25,0.4296874462890675,0.6250000000000002,0.10416666666666667,
51,"G[0,2]((x>=3 || (y>2 || y>=2)))",widen,2,"G[0,4]((x>=3 || (y>2 || y>=2)))",0.4,0.6747435910797148,0.6250000000000002,0.15625,
51,"G[0,2]((x>=3 || (y>2 || y>=2)))",widen,3,"G[0,5]((x>=3 || (y>2 || y>=2)))",0.5,0.8145021868178248,0.6250000625,0.1875,
51,"G[0,2]((x>=3 || (y>2 || y>=2)))",strict,0,"G[0,2]((x>=3 || (y>=2 || y>=2)))",0.0,0.0,0.0,0.0,
52,"G[0,2](((x>2 && x>=-2)) U[0,2] ((y<-3 || y<=-3)))",const,1,"G[0,2](((x>2 && x>=-2)) U[0,2] ((y<-3 || y<=-4)))",7.776222421540524e-08,2.0879524320616127e-07,6.215751561979457e-16,0.0,
52,"G[0,2](((x>2 && x>=-2)) U[0,2] ((y<-3 || y<=-3)))",const,2,"G[0,2](((x>2 && x>=-2)) U[0,2] ((y<-3 || y<=-5)))",7.776222421540524e-08,2.0879524331718358e-07,0.0,0.0,
52,"G[0,2](((x>2 && x>=-2)) U[0,2] ((y<-3 || y<=-3)))",const,3,"G[0,2](((x>2 && x>=-2)) U[0,2] ((y<-3 || y<=-6)))",7.776222421540524e-08,2.0879524331718358e-07,0.0,0.0,
52,"G[0,2](((x>2 && x>=-2)) U[0,2] ((y<-3 || y<=-3)))",const,4,"G[0,2](((x>2 && x>=-2)) U[0,2] ((y<-3 || y<=-7)))",7.776222421540524e-08,2.0879524320616127e-07,0.0,0.0,
52,"G[0,2](((x>2 && x>=-2)) U[0,2] ((y<-3 || y<=-3)))",shift,1,"G[1,3](((x>2 && x>=-2)) U[0,2] ((y<-3 || y<=-3)))",0.35897435897435903,0.8441618969173735,0.6875,0.075,
52,"G[0,2](((x>2 && x>=-2)) U[0,2] ((y<-3 || y<=-3)))",shift,2,"G[2,4](((x>2 && x>=-2)) U[0,2] ((y<-3 || y<=-3)))",0.6034798534798536,0.9557381103831366,0.6875000000000013,0.125,
52,"G[0,2](((x>2 && x>=-2)) U[0,2] ((y<-3 || y<=-3)))",shift,3,"G[3,5](((x>2 && x>=-2)) U[0,2] ((y<-3 || y<=-3)))",0.7780448717948718,0.9868953922137176,0.6875,0.30357142857142855,
52,"G[0,2](((x>2 && x>=-2)) U[0,2] ((y<-3 || y<=-3)))",widen,1,"G[0,3](((x>2 && x>=-2)) U[0,2] ((y<-3 || y<=-3)))",0.1923076923076923,0.7303461398841146,0.6874999999999998,0.0625,
52,"G[0,2](((x>2 && x>=-2)) U[0,2] ((y<-3 || y<=-3)))",widen,2,"G[0,4](((x>2 && x>=-2)) U[0,2] ((y<-3 || y<=-3)))",0.31776556776556775,0.9152283731562721,0.6874999999999997,0.10416666666666667,
52,"G[0,2](((x>2 && x>=-2)) U[0,2] ((y<-3 || y<=-3)))",widen,3,"G[0,5](((x>2 && x>=-2)) U[0,2] ((y<-3 || y<=-3)))",0.4030448717948718,0.9741298032097258,0.6875000625,0.1875,
52,"G[0,2](((x>2 && x>=-2)) U[0,2] ((y<-3 || y<=-3)))",strict,0,"G[0,2](((x>2 && x>=-2)) U[0,2] ((y<-3 || y<-3)))",7.776222421540524e-08,2.0879528828121607e-07,0.0,0.0,
53,"F[0,3]((y>=-3 && y>=3))",const,1,"F[0,3]((y>=-4 && y>=3))",0.0,0.0,0.0,0.0,
53,"F[0,3]((y>=-3 && y>=3))",const,2,"F[0,3]((y>=-5 && y>=3))",0.0,0.0,0.0,0.0,
53,"F[0,3]((y>=-3 && y>=3))",const,3,"F[0,3]((y>=-6 && y>=3))",0.0,0.0,0.0,0.0,
53,"F[0,3]((y>=-3 && y>=3))",const,4,"F[0,3]((y>=-7 && y>=3))",0.0,0.0,0.0,0.0,
53,"F[0,3]((y>=-3 && y>=3))",shift,1,"F[1,4]((y>=-3 && y>=3))",0.4,0.16496435197562975,0.6875,0.0,
53,"F[0,3]((y>=-3 && y>=3))",shift,2,"F[2,5]((y>=-3 && y>=3))",0.6666666666666667,0.26343865743019323,0.6875,0.0,
53,"F[0,3]((y>=-3 && y>=3))",shift,3,"F[3,6]((y>=-3 && y>=3))",0.8571428571428572,0.32522707048554056,0.6875,0.10416666666666667,
53,"F[0,3]((y>=-3 && y>=3))",widen,1,"F[0,4]((y>=-3 && y>=3))",0.2032258064516128,0.08248217598781493,0.6875,0.0,
53,"F[0,3]((y>=-3 && y>=3))",widen,2,"F[0,5]((y>=-3 && y>=3))",0.3373015873015873,0.13171932871509662,0.6875,0.0,
53,"F[0,3]((y>=-3 && y>=3))",widen,3,"F[0,6]((y>=-3 && y>=3))",0.43250843644544434,0.16261353524277022,0.6875,0.0,
53,"F[0,3]((y>=-3 && y>=3))",strict,0,"F[0,3]((y>-3 && y>=3))",0.0,0.0,0.0,0.0,
54,"G[1,2](x<3)",const,1,"G[1,2](x<2)",0.06060611570247432,0.1735538692712042,0.0625,0.03125,
54,"G[1,2](x<3)",const,2,"G[1,2](x<1)",0.12121217079889357,0.33057863410967514,0.125,0.0625,
54,"G[1,2](x<3)",const,3,"G[1,2](x<0)",0.18181822589531282,0.4710744763335707,0.1875,0.09375,
54,"G[1,2](x<3)",const,4,"G[1,2](x<-1)",0.24242428099173197,0.59504139594289,0.25,0.125,
54,"G[1,2](x<3)",shift,1,"G[2,3](x<3)",0.5,0.47619052607709267,0.3125,0.4583333333333333,
54,"G[1,2](x<3)",shift,2,"G[3,4](x<3)",0.8,0.6905371350527467,0.3125,0.34375,
54,"G[1,2](x<3)",shift,3,"G[4,5](x<3)",0.8333333333333334,0.6905371350527467,0.3125,0.275,
54,"G[1,2](x<3)",widen,1,"G[1,3](x<3)",0.25,0.3125000429687472,0.3125,0.22916666666666666,
54,"G[1,2](x<3)",widen,2,"G[1,4](x<3)",0.4,0.5273438090820257,0.3125,0.34375,
54,"G[1,2](x<3)",widen,3,"G[1,5](x<3)",0.5,0.675048889053337,0.3125,0.4125,
54,"G[1,2](x<3)",strict,0,"G[1,2](x<=3)",6.060605495239457e-08,1.8181815697460024e-07,0.0,0.0,
55,"G[0,1]((y>1 || x<-2))",const,1,"G[0,1]((y>0 || x<-2))",0.06018523604680304,0.11040815747968136,0.0625,0.0,
55,"G[0,1]((y>1 || x<-2))",const,2,"G[0,1]((y>-1 || x<-2))",0.1111111502057559,0.20349181631787128,0.12499999999999997,0.0,
55,"G[0,1]((y>1 || x<-2))",const,3,"G[0,1]((y>-2 || x<-2))",0.15555558506172473,0.28269478055698993,0.1875,0.0,
55,"G[0,1]((y>1 || x<-2))",const,4,"G[0,1]((y>-3 || x<-2))",0.19528621662755286,0.35064573759593665,0.25,0.0,
55,"G[0,1]((y>1 || x<-2))",shift,1,"G[1,2]((y>1 || x<-2))",0.6666666666666667,0.5202312470179403,0.5625,0.375,
55,"G[0,1]((y>1 || x<-2))",shift,2,"G[2,3]((y>1 || x<-2))",1.0,0.7337996373307829,0.5625,0.25,
55,"G[0,1]((y>1 || x<-2))",shift,3,"G[3,4]((y>1 || x<-2))",1.0,0.7337996373307829,0.5625,0.1875,
55,"G[0,1]((y>1 || x<-2))",widen,1,"G[0,2]((y>1 || x<-2))",0.33333333333333337,0.3515625302734363,0.5625,0.1875,
55,"G[0,1]((y>1 || x<-2))",widen,2,"G[0,3]((y>1 || x<-2))",0.5,0.5795288478546117,0.5625000625,0.25,
55,"G[0,1]((y>1 || x<-2))",widen,3,"G[0,4]((y>1 || x<-2))",0.6,0.7273507500098315,0.5625000625,0.28125,
55,"G[0,1]((y>1 || x<-2))",strict,0,"G[0,1]((y>=1 || x<-2))",6.613755743067884e-08,1.2048191944113995e-07,0.0,0.0,
56,"F[1,3]((y<0 || (y<=-3 && y<=0)))",const,1,"F[1,3]((y<1 || (y<=-3 && y<=0)))",0.08779769150957772,0.045030679421497855,0.0625,0.0,
56,"F[1,3]((y<0 || (y<=-3 && y<=0)))",const,2,"F[1,3]((y<2 || (y<=-3 && y<=0)))",0.16607148294642016,0.07628868775002307,0.125,0.0,
56,"F[1,3]((y<0 || (y<=-3 && y<=0)))",const,3,"F[1,3]((y<3 || (y<=-3 && y<=0)))",0.2374188695487699,0.09745658317031403,0.1875,0.0,
56,"F[1,3]((y<0 || (y<=-3 && y<=0)))",const,4,"F[1,3]((y<4 || (y<=-3 && y<=0)))",0.3035714523809504,0.11111113227513003,0.25,0.0,
56,"F[1,3]((y<0 || (y<=-3 && y<=0)))",shift,1,"F[2,4]((y<0 || (y<=-3 && y<=0)))",0.4,0.1333333333333333,0.5,0.0,
56,"F[1,3]((y<0 || (y<=-3 && y<=0)))",shift,2,"F[3,5]((y<0 || (y<=-3 && y<=0)))",0.6666666666666667,0.19354838709677424,0.5,0.125,
56,"F[1,3]((y<0 || (y<=-3 && y<=0)))",shift,3,"F[4,6]((y<0 || (y<=-3 && y<=0)))",0.8571428571428572,0.2222222222222222,0.5,0.10416666666666667,
56,"F[1,3]((y<0 || (y<=-3 && y<=0)))",widen,1,"F[1,4]((y<0 || (y<=-3 && y<=0)))",0.20666666666666655,0.06666666666666665,0.5,0.0,
56,"F[1,3]((y<0 || (y<=-3 && y<=0)))",widen,2,"F[1,5]((y<0 || (y<=-3 && y<=0)))",0.3413978494623656,0.09677419354838712,0.5,0.0,
56,"F[1,3]((y<0 || (y<=-3 && y<=0)))",widen,3,"F[1,6]((y<0 || (y<=-3 && y<=0)))",0.4365079365079365,0.11111111111111116,0.5,0.0,
56,"F[1,3]((y<0 || (y<=-3 && y<=0)))",strict,0,"F[1,3]((y<=0 || (y<=-3 && y<=0)))",9.374998821698455e-08,5.3571412417241504e-08,0.0,0.0,
57,"G[2,5](((y>-2 && y>=1) || (y>1 && y<=-2)))",const,1,"G[2,5](((y>-2 && y>=1) || (y>2 && y<=-2)))",0.0,0.0,0.0,0.0,
57,"G[2,5](((y>-2 && y>=1) || (y>1 && y<=-2)))",const,2,"G[2,5](((y>-2 && y>=1) || (y>3 && y<=-2)))",0.0,0.0,0.0,0.0,
57,"G[2,5](((y>-2 && y>=1) || (y>1 && y<=-2)))",const,3,"G[2,5](((y>-2 && y>=1) || (y>4 && y<=-2)))",0.0,0.0,0.0,0.0,
57,"G[2,5](((y>-2 && y>=1) || (y>1 && y<=-2)))",const,4,"G[2,5](((y>-2 && y>=1) || (y>5 && y<=-2)))",0.0,0.0,0.0,0.0,
57,"G[2,5](((y>-2 && y>=1) || (y>1 && y<=-2)))",shift,1,"G[3,6](((y>-2 && y>=1) || (y>1 && y<=-2)))",0.2857142857142857,0.7199999936000008,0.5625,0.0,
57,"G[2,5](((y>-2 && y>=1) || (y>1 && y<=-2)))",shift,2,"G[4,7](((y>-2 && y>=1) || (y>1 && y<=-2)))",0.5,0.8941684623429698,0.5625,0.0,
57,"G[2,5](((y>-2 && y>=1) || (y>1 && y<=-2)))",shift,3,"G[5,8](((y>-2 && y>=1) || (y>1 && y<=-2)))",0.6666666666666667,0.9563001631828281,0.5625000625,0.0,
57,"G[2,5](((y>-2 && y>=1) || (y>1 && y<=-2)))",widen,1,"G[2,6](((y>-2 && y>=1) || (y>1 && y<=-2)))",0.1428571428571429,0.5624999921875009,0.5625,0.0,
57,"G[2,5](((y>-2 && y>=1) || (y>1 && y<=-2)))",widen,2,"G[2,7](((y>-2 && y>=1) || (y>1 && y<=-2)))",0.25,0.8085937431640633,0.5625,0.0,
57,"G[2,5](((y>-2 && y>=1) || (y>1 && y<=-2)))",widen,3,"G[2,8](((y>-2 && y>=1) || (y>1 && y<=-2)))",0.33333333333333337,0.9162597611389165,0.5625,0.0,
57,"G[2,5](((y>-2 && y>=1) || (y>1 && y<=-2)))",strict,0,"G[2,5](((y>-2 && y>=1) || (y>=1 && y<=-2)))",0.0,0.0,0.0,0.0,
58,"F[2,3](F[1,3]((x>-3 && y>-1)))",const,1,"F[2,3](F[1,3]((x>-4 && y>-1)))",0.037904788999086225,0.03349463503066752,0.0625,0.020833333333333332,
58,"F[2,3](F[1,3]((x>-3 && y>-1)))",const,2,"F[2,3](F[1,3]((x>-5 && y>-1)))",0.07369546297538654,0.05973795357076006,0.125,0.041666666666666664,
58,"F[2,3](F[1,3]((x>-3 && y>-1)))",const,3,"F[2,3](F[1,3]((x>-6 && y>-1)))",0.10782507730812285,0.08030298782729406,0.18750000000000022,0.0625,
58,"F[2,3](F[1,3]((x>-3 && y>-1)))",const,4,"F[2,3](F[1,3]((x>-7 && y>-1)))",0.1376054411018166,0.09636173405873671,0.25,0.08333333333333333,
58,"F[2,3](F[1,3]((x>-3 && y>-1)))",shift,1,"F[3,4](F[1,3]((x>-3 && y>-1)))",0.25,0.11980560638100546,0.4375,0.0,
58,"F[2,3](F[1,3]((x>-3 && y>-1)))",shift,2,"F[4,5](F[1,3]((x>-3 && y>-1)))",0.4444444444444444,0.18643117210693383,0.4375,0.3125,
58,"F[2,3](F[1,3]((x>-3 && y>-1)))",shift,3,"F[5,6](F[1,3]((x>-3 && y>-1)))",0.6,0.2250051976151699,0.4375,0.5555555555555556,
58,"F[2,3](F[1,3]((x>-3 && y>-1)))",widen,1,"F[2,4](F[1,3]((x>-3 && y>-1)))",0.12828104993597944,0.05990280319050256,0.4375,0.0,
58,"F[2,3](F[1,3]((x>-3 && y>-1)))",widen,2,"F[2,5](F[1,3]((x>-3 && y>-1)))",0.22695772695772698,0.0932155860534668,0.4375,0.0,
58,"F[2,3](F[1,3]((x>-3 && y>-1)))",widen,3,"F[2,6](F[1,3]((x>-3 && y>-1)))",0.3053426780305699,0.11250259880758495,0.4375,0.0,
58,"F[2,3](F[1,3]((x>-3 && y>-1)))",strict,0,"F[2,3](F[1,3]((x>=-3 && y>-1)))",3.915398272269499e-08,3.7781736628161866e-08,0.0,0.0,
59,"G[1,3](G[1,3](x>-1))",const,1,"G[1,3](G[1,3](x>-2))",0.07142863571427938,0.40951029524491145,0.0625,0.041666666666666664,
59,"G[1,3](G[1,3](x>-1))",const,2,"G[1,3](G[1,3](x>-3))",0.1298701829988147,0.6333523346048594,0.125,0.08333333333333333,
59,"G[1,3](G[1,3](x>-1))",const,3,"G[1,3](G[1,3](x>-4))",0.1785714732142819,0.7626954113769284,0.1875,0.125,
59,"G[1,3](G[1,3](x>-1))",const,4,"G[1,3](G[1,3](x>-5))",0.21978025781910093,0.8409639360589847,0.25,0.16666666666666666,
59,"G[1,3](G[1,3](x>-1))",shift,1,"G[2,4](G[1,3](x>-1))",0.25,0.6086956862003752,0.4375,0.16071428571428573,
59,"G[1,3](G[1,3](x>-1))",shift,2,"G[3,5](G[1,3](x>-1))",0.4444444444444444,0.812064993104039,0.4375,0.28125,
59,"G[1,3](G[1,3](x>-1))",shift,3,"G[4,6](G[1,3](x>-1))",0.6,0.9023181227441207,0.4375,0.375,
59,"G[1,3](G[1,3](x>-1))",widen,1,"G[1,4](G[1,3](x>-1))",0.125,0.4375000351562478,0.4375,0.08035714285714286,
59,"G[1,3](G[1,3](x>-1))",widen,2,"G[1,5](G[1,3](x>-1))",0.2222222222222222,0.6835937895507775,0.4375,0.140625,
59,"G[1,3](G[1,3](x>-1))",widen,3,"G[1,6](G[1,3](x>-1))",0.30000000000000004,0.8220215177459675,0.4375,0.1875,
59,"G[1,3](G[1,3](x>-1))",strict,0,"G[1,3](G[1,3](x>=-1))",7.936507073758037e-08,5.555553707070615e-07,0.0,0.0,
60,"F[1,2](x>=-1)",const,1,"F[1,2](x>=-2)",0.0761905389569052,0.059090955537180134,0.0625,0.03125,
60,"F[1,2](x>=-1)",const,2,"F[1,2](x>=-3)",0.14430019268753547,0.10389613571709067,0.125,0.0625,
60,"F[1,2](x>=-1)",const,3,"F[1,2](x>=-4)",0.2063492430083086,0.13750002166666275,0.1875,0.09375,
60,"F[1,2](x>=-1)",const,4,"F[1,2](x>=-5)",0.2637362904909458,0.161943334557194,0.25,0.125,
60,"F[1,2](x>=-1)",shift,1,"F[2,3](x>=-1)",0.5,0.23501196842813665,0.4375,0.375,
60,"F[1,2](x>=-1)",shift,2,"F[3,4](x>=-1)",0.7999999999999999,0.3213114416984705,0.4375,0.28125,
60,"F[1,2](x>=-1)",shift,3,"F[4,5](x>=-1)",0.8333333333333334,0.3213114416984705,0.4375,0.225,
60,"F[1,2](x>=-1)",widen,1,"F[1,3](x>=-1)",0.2678571428571428,0.11750598421406822,0.4375,0.0,
60,"F[1,2](x>=-1)",widen,2,"F[1,4](x>=-1)",0.42000000000000004,0.16065572084923518,0.4375,0.0,
60,"F[1,2](x>=-1)",widen,3,"F[1,5](x>=-1)",0.5188172043010753,0.17823464285907709,0.4375,0.0,
60,"F[1,2](x>=-1)",strict,0,"F[1,2](x>-1)",8.112873783883146e-08,6.763284476907216e-08,0.0,0.0,
61,"F[0,3](G[0,1]((x>-1 || (y<=2 && y<=0))))",const,1,"F[0,3](G[0,1]((x>-1 || (y<=2 && y<=-1))))",0.05918739075371682,0.02249787886991983,0.06250000000000036,0.0,
61,"F[0,3](G[0,1]((x>-1 || (y<=2 && y<=0))))",const,2,"F[0,3](G[0,1]((x>-1 || (y<=2 && y<=-2))))",0.11307446908090002,0.04806612306300395,0.125,0.0,
61,"F[0,3](G[0,1]((x>-1 || (y<=2 && y<=0))))",const,3,"F[0,3](G[0,1]((x>-1 || (y<=2 && y<=-3))))",0.16310682005736632,0.07664145417251922,0.1875,0.0,
61,"F[0,3](G[0,1]((x>-1 || (y<=2 && y<=0))))",const,4,"F[0,3](G[0,1]((x>-1 || (y<=2 && y<=-4))))",0.210248125440488,0.10812256626782857,0.2500000000000002,0.0,
61,"F[0,3](G[0,1]((x>-1 || (y<=2 && y<=0))))",shift,1,"F[1,4](G[0,1]((x>-1 || (y<=2 && y<=0))))",0.3365695792880259,0.07097868295882592,0.4375,0.0,
61,"F[0,3](G[0,1]((x>-1 || (y<=2 && y<=0))))",shift,2,"F[2,5](G[0,1]((x>-1 || (y<=2 && y<=0))))",0.5714285714285714,0.10320502891391481,0.4375,0.0,
61,"F[0,3](G[0,1]((x>-1 || (y<=2 && y<=0))))",shift,3,"F[3,6](G[0,1]((x>-1 || (y<=2 && y<=0))))",0.75,0.1212749833847716,0.4375,0.14285714285714285,
61,"F[0,3](G[0,1]((x>-1 || (y<=2 && y<=0))))",widen,1,"F[0,4](G[0,1]((x>-1 || (y<=2 && y<=0))))",0.1685034802784222,0.03548934147941296,0.4375,0.0,
61,"F[0,3](G[0,1]((x>-1 || (y<=2 && y<=0))))",widen,2,"F[0,5](G[0,1]((x>-1 || (y<=2 && y<=0))))",0.2880830903790088,0.051602514456957294,0.4375,0.0,
61,"F[0,3](G[0,1]((x>-1 || (y<=2 && y<=0))))",widen,3,"F[0,6](G[0,1]((x>-1 || (y<=2 && y<=0))))",0.3774727387110304,0.06063749169238586,0.4375,0.0,
61,"F[0,3](G[0,1]((x>-1 || (y<=2 && y<=0))))",strict,0,"F[0,3](G[0,1]((x>-1 || (y<=2 && y<0))))",6.24999921816638e-08,2.0951463119978087e-08,0.0,0.0,
62,"F[1,2]((y<3 && (x<-2 && y>=2)))",const,1,"F[1,2]((y<4 && (x<-2 && y>=2)))",0.11818182545454259,0.493999995392001,0.0625,0.03125,
62,"F[1,2]((y<3 && (x<-2 && y>=2)))",const,2,"F[1,2]((y<5 && (x<-2 && y>=2)))",0.16565654451179912,0.658569384717449,0.125,0.0625,
62,"F[1,2]((y<3 && (x<-2 && y>=2)))",const,3,"F[1,2]((y<6 && (x<-2 && y>=2)))",0.18674240377526252,0.7407785580321797,0.1875,0.09375,
62,"F[1,2]((y<3 && (x<-2 && y>=2)))",const,4,"F[1,2]((y<7 && (x<-2 && y>=2)))",0.1893939280303064,0.7900413677079068,0.25,0.125,
62,"F[1,2]((y<3 && (x<-2 && y>=2)))",shift,1,"F[2,3]((y<3 && (x<-2 && y>=2)))",0.5,0.6509196063444602,0.6250000625,0.2916666666666667,
62,"F[1,2]((y<3 && (x<-2 && y>=2)))",shift,2,"F[3,4]((y<3 && (x<-2 && y>=2)))",0.8,0.9762878995337426,0.6250000625,0.21875,
62,"F[1,2]((y<3 && (x<-2 && y>=2)))",shift,3,"F[4,5]((y<3 && (x<-2 && y>=2)))",0.8333333333333334,0.9762878995337426,0.6250000625,0.175,
62,"F[1,2]((y<3 && (x<-2 && y>=2)))",widen,1,"F[1,3]((y<3 && (x<-2 && y>=2)))",0.26991758241758235,0.32545980317223,0.6250000625,0.0,
62,"F[1,2]((y<3 && (x<-2 && y>=2)))",widen,2,"F[1,4]((y<3 && (x<-2 && y>=2)))",0.42377049180327875,0.48814394976687137,0.6250000625,0.0,
62,"F[1,2]((y<3 && (x<-2 && y>=2)))",widen,3,"F[1,5]((y<3 && (x<-2 && y>=2)))",0.5236418691320863,0.5857178481375347,0.6250000625,0.0,
62,"F[1,2]((y<3 && (x<-2 && y>=2)))",strict,0,"F[1,2]((y<=3 && (x<-2 && y>=2)))",2.242419975262422e-07,9.881403060241212e-07,0.0,0.0,
63,"F[2,3]((x>=-2) U[0,2] ((x>=3 && x<=3)))",const,1,"F[2,3]((x>=-2) U[0,2] ((x>=3 && x<=4)))",0.2952896568120297,0.9999989079678024,0.06250000000000007,0.0125,
63,"F[2,3]((x>=-2) U[0,2] ((x>=3 && x<=3)))",const,2,"F[2,3]((x>=-2) U[0,2] ((x>=3 && x<=5)))",0.3188404884421354,0.9999994043215501,0.125,0.025,
63,"F[2,3]((x>=-2) U[0,2] ((x>=3 && x<=3)))",const,3,"F[2,3]((x>=-2) U[0,2] ((x>=3 && x<=6)))",0.3152173454348164,0.9999995673709412,0.1875,0.0375,
63,"F[2,3]((x>=-2) U[0,2] ((x>=3 && x<=3)))",const,4,"F[2,3]((x>=-2) U[0,2] ((x>=3 && x<=7)))",0.28442027172102624,0.9999996471665298,0.25,0.05,
63,"F[2,3]((x>=-2) U[0,2] ((x>=3 && x<=3)))",shift,1,"F[3,4]((x>=-2) U[0,2] ((x>=3 && x<=3)))",0.3376623385863149,0.4980544241983279,0.6875,0.0,
63,"F[2,3]((x>=-2) U[0,2] ((x>=3 && x<=3)))",shift,2,"F[4,5]((x>=-2) U[0,2] ((x>=3 && x<=3)))",0.5421195652173914,0.7975077084243242,0.6875,0.0,
63,"F[2,3]((x>=-2) U[0,2] ((x>=3 && x<=3)))",shift,3,"F[5,6]((x>=-2) U[0,2] ((x>=3 && x<=3)))",0.6666666666666667,0.9307478330251678,0.6875,0.0,
63,"F[2,3]((x>=-2) U[0,2] ((x>=3 && x<=3)))",widen,1,"F[2,4]((x>=-2) U[0,2] ((x>=3 && x<=3)))",0.19495668778271757,0.2490272120991639,0.375,0.0,
63,"F[2,3]((x>=-2) U[0,2] ((x>=3 && x<=3)))",widen,2,"F[2,5]((x>=-2) U[0,2] ((x>=3 && x<=3)))",0.3194124559423779,0.39875385421216214,0.375,0.0,
63,"F[2,3]((x>=-2) U[0,2] ((x>=3 && x<=3)))",widen,3,"F[2,6]((x>=-2) U[0,2] ((x>=3 && x<=3)))",0.376576828221193,0.49870124931565607,0.6875,0.0,
63,"F[2,3]((x>=-2) U[0,2] ((x>=3 && x<=3)))",strict,0,"F[2,3]((x>=-2) U[0,2] ((x>=3 && x<3)))",1.0,1.0,3.10924257833167e-16,0.0,
64,"F[0,2]((x>=-3) U[0,2] (y<3))",const,1,"F[0,2]((x>=-2) U[0,2] (y<3))",0.061414826480941764,0.04565563829151986,0.0625000625,0.015625,
64,"F[0,2]((x>=-3) U[0,2] (y<3))",const,2,"F[0,2]((x>=-1) U[0,2] (y<3))",0.11279744491021237,0.09942878030101665,0.1250000625,0.03125,
64,"F[0,2]((x>=-3) U[0,2] (y<3))",const,3,"F[0,2]((x>=0) U[0,2] (y<3))",0.15790997561022158,0.16170032163540493,0.1875,0.046875,
64,"F[0,2]((x>=-3) U[0,2] (y<3))",const,4,"F[0,2]((x>=1) U[0,2] (y<3))",0.19884244759183145,0.23281048650769798,0.25000000000000006,0.0625,
64,"F[0,2]((x>=-3) U[0,2] (y<3))",shift,1,"F[1,3]((x>=-3) U[0,2] (y<3))",0.3393511250654109,0.11288737342606081,0.3125,0.0,
64,"F[0,2]((x>=-3) U[0,2] (y<3))",shift,2,"F[2,4]((x>=-3) U[0,2] (y<3))",0.5784929356357928,0.1674341118417726,0.3125,0.11458333333333333,
64,"F[0,2]((x>=-3) U[0,2] (y<3))",shift,3,"F[3,5]((x>=-3) U[0,2] (y<3))",0.75,0.19494815808645738,0.3125,0.19642857142857142,
64,"F[0,2]((x>=-3) U[0,2] (y<3))",widen,1,"F[0,3]((x>=-3) U[0,2] (y<3))",0.17217490062464513,0.05644368671303035,0.3125,0.0,
64,"F[0,2]((x>=-3) U[0,2] (y<3))",widen,2,"F[0,4]((x>=-3) U[0,2] (y<3))",0.2933438160939905,0.0837170559208863,0.3125,0.0,
64,"F[0,2]((x>=-3) U[0,2] (y<3))",widen,3,"F[0,5]((x>=-3) U[0,2] (y<3))",0.38330277560949044,0.09747407904322858,0.3125,0.0,
64,"F[0,2]((x>=-3) U[0,2] (y<3))",strict,0,"F[0,2]((x>-3) U[0,2] (y<3))",6.843726640948233e-08,4.173475254276582e-08,0.0,0.0,
65,"F[1,4](F[0,1](((y>-2 && y>=-1) && (y<=1 || y>-3))))",const,1,"F[1,4](F[0,1](((y>-1 && y>=-1) && (y<=1 || y>-3))))",1.0539339834192418e-07,1.1635358565520448e-08,0.0,0.0,
65,"F[1,4](F[0,1](((y>-2 && y>=-1) && (y<=1 || y>-3))))",const,2,"F[1,4](F[0,1](((y>0 && y>=-1) && (y<=1 || y>-3))))",0.0981931241806473,0.015469579853744198,0.0625000625,0.025,
65,"F[1,4](F[0,1](((y>-2 && y>=-1) && (y<=1 || y>-3))))",const,3,"F[1,4](F[0,1](((y>1 && y>=-1) && (y<=1 || y>-3))))",0.18518532921807507,0.04094138758809773,0.125,0.05,
65,"F[1,4](F[0,1](((y>-2 && y>=-1) && (y<=1 || y>-3))))",const,4,"F[1,4](F[0,1](((y>2 && y>=-1) && (y<=1 || y>-3))))",0.2643370377339451,0.08063151327423657,0.1875,0.05,
65,"F[1,4](F[0,1](((y>-2 && y>=-1) && (y<=1 || y>-3))))",shift,1,"F[2,5](F[0,1](((y>-2 && y>=-1) && (y<=1 || y>-3))))",0.2857142857142857,0.018159298262481638,0.4375,0.0,
65,"F[1,4](F[0,1](((y>-2 && y>=-1) && (y<=1 || y>-3))))",shift,2,"F[3,6](F[0,1](((y>-2 && y>=-1) && (y<=1 || y>-3))))",0.5,0.026000707712221627,0.4375,0.0,
65,"F[1,4](F[0,1](((y>-2 && y>=-1) && (y<=1 || y>-3))))",shift,3,"F[4,7](F[0,1](((y>-2 && y>=-1) && (y<=1 || y>-3))))",0.6666666666666667,0.029411846022091015,0.4375,0.03125,
65,"F[1,4](F[0,1](((y>-2 && y>=-1) && (y<=1 || y>-3))))",widen,1,"F[1,5](F[0,1](((y>-2 && y>=-1) && (y<=1 || y>-3))))",0.14399092970521554,0.00907964913124093,0.4375,0.0,
65,"F[1,4](F[0,1](((y>-2 && y>=-1) && (y<=1 || y>-3))))",widen,2,"F[1,6](F[0,1](((y>-2 && y>=-1) && (y<=1 || y>-3))))",0.2514763779527559,0.013000353856110869,0.4375,0.0,
65,"F[1,4](F[0,1](((y>-2 && y>=-1) && (y<=1 || y>-3))))",widen,3,"F[1,7](F[0,1](((y>-2 && y>=-1) && (y<=1 || y>-3))))",0.33485838779956434,0.014705923011045452,0.4375,0.0,
65,"F[1,4](F[0,1](((y>-2 && y>=-1) && (y<=1 || y>-3))))",strict,0,"F[1,4](F[0,1](((y>=-2 && y>=-1) && (y<=1 || y>-3))))",0.0,0.0,0.0,0.0,
66,"G[1,2](F[0,2](((y<=-3 && y<-2) && (y>-1 || y<2))))",const,1,"G[1,2](F[0,2](((y<=-3 && y<-3) && (y>-1 || y<2))))",1.2307690178126052e-07,1.6740718800090093e-07,0.0,0.0,
66,"G[1,2](F[0,2](((y<=-3 && y<-2) && (y>-1 || y<2))))",const,2,"G[1,2](F[0,2](((y<=-3 && y<-4) && (y>-1 || y<2))))",0.12051301991446217,0.17584171634159151,0.0625,0.0,
66,"G[1,2](F[0,2](((y<=-3 && y<-2) && (y>-1 || y<2))))",const,3,"G[1,2](F[0,2](((y<=-3 && y<-5) && (y>-1 || y<2))))",0.2366865453618061,0.36695513406576297,0.125,0.0,
66,"G[1,2](F[0,2](((y<=-3 && y<-2) && (y>-1 || y<2))))",const,4,"G[1,2](F[0,2](((y<=-3 && y<-6) && (y>-1 || y<2))))",0.3494506612872492,0.5704671034294219,0.1875,0.0,
66,"G[1,2](F[0,2](((y<=-3 && y<-2) && (y>-1 || y<2))))",shift,1,"G[2,3](F[0,2](((y<=-3 && y<-2) && (y>-1 || y<2))))",0.33333333333333337,0.3008589665200505,0.6875,0.0,
66,"G[1,2](F[0,2](((y<=-3 && y<-2) && (y>-1 || y<2))))",shift,2,"G[3,4](F[0,2](((y<=-3 && y<-2) && (y>-1 || y<2))))",0.5714285714285714,0.5230376496740898,0.6875,0.0,
66,"G[1,2](F[0,2](((y<=-3 && y<-2) && (y>-1 || y<2))))",shift,3,"G[4,5](F[0,2](((y<=-3 && y<-2) && (y>-1 || y<2))))",0.75,0.5898864391627406,0.6875,0.0,
66,"G[1,2](F[0,2](((y<=-3 && y<-2) && (y>-1 || y<2))))",widen,1,"G[1,3](F[0,2](((y<=-3 && y<-2) && (y>-1 || y<2))))",0.16666666666666663,0.1770653292410176,0.6875,0.0,
66,"G[1,2](F[0,2](((y<=-3 && y<-2) && (y>-1 || y<2))))",widen,2,"G[1,4](F[0,2](((y<=-3 && y<-2) && (y>-1 || y<2))))",0.2857142857142857,0.3541306584820355,0.6875000000000003,0.0,
66,"G[1,2](F[0,2](((y<=-3 && y<-2) && (y>-1 || y<2))))",widen,3,"G[1,5](F[0,2](((y<=-3 && y<-2) && (y>-1 || y<2))))",0.375,0.4736583975647355,0.6875,0.0,
66,"G[1,2](F[0,2](((y<=-3 && y<-2) && (y>-1 || y<2))))",strict,0,"G[1,2](F[0,2](((y<=-3 && y<=-2) && (y>-1 || y<2))))",0.0,0.0,0.0,0.0,
67,"F[2,4](G[1,3](y>=-3))",const,1,"F[2,4](G[1,3](y>=-4))",0.070312557552073,0.16555761537500457,0.0625,0.026785714285714284,
67,"F[2,4](G[1,3](y>=-3))",const,2,"F[2,4](G[1,3](y>=-5))",0.1346154283283948,0.2840237587619314,0.125,0.05357142857142857,
67,"F[2,4](G[1,3](y>=-3))",const,3,"F[2,4](G[1,3](y>=-6))",0.19419646020407644,0.36942426256819016,0.1875,0.08035714285714286,
67,"F[2,4](G[1,3](y>=-3))",const,4,"F[2,4](G[1,3](y>=-7))",0.24609376526692484,0.43035395762157524,0.25,0.10714285714285714,
67,"F[2,4](G[1,3](y>=-3))",shift,1,"F[3,5](G[1,3](y>=-3))",0.25,0.3225806347554635,0.3125,0.0,
67,"F[2,4](G[1,3](y>=-3))",shift,2,"F[4,6](G[1,3](y>=-3))",0.4375,0.48728345072899404,0.3125,0.1527777777777778,
67,"F[2,4](G[1,3](y>=-3))",shift,3,"F[5,7](G[1,3](y>=-3))",0.5454545454545454,0.6037551440462343,0.3125,0.275,
67,"F[2,4](G[1,3](y>=-3))",widen,1,"F[2,5](G[1,3](y>=-3))",0.12222222222222223,0.16129031737773192,0.3125,0.0,
67,"F[2,4](G[1,3](y>=-3))",widen,2,"F[2,6](G[1,3](y>=-3))",0.2191489361702128,0.24364172536449713,0.3125,0.0,
67,"F[2,4](G[1,3](y>=-3))",widen,3,"F[2,7](G[1,3](y>=-3))",0.296516567544605,0.30187757202311727,0.3125,0.0,
67,"F[2,4](G[1,3](y>=-3))",strict,0,"F[2,4](G[1,3](y>-3))",7.38636263264425e-08,1.9580416976694437e-07,0.0,0.0,
68,"F[2,5](x>=0)",const,1,"F[2,5](x>=1)",0.0790124097393573,0.0401204687716914,0.0625,0.0125,
68,"F[2,5](x>=0)",const,2,"F[2,5](x>=2)",0.15111115822221433,0.09609376385415958,0.125,0.025,
68,"F[2,5](x>=0)",const,3,"F[2,5](x>=3)",0.2181818498622543,0.17163085449218485,0.1875,0.0375,
68,"F[2,5](x>=0)",const,4,"F[2,5](x>=4)",0.2814814987654307,0.27083330138889306,0.25,0.05,
68,"F[2,5](x>=0)",shift,1,"F[3,6](x>=0)",0.2857142857142857,0.0645161162851211,0.5,0.0,
68,"F[2,5](x>=0)",shift,2,"F[4,7](x>=0)",0.5,0.09523807482993452,0.5,0.0,
68,"F[2,5](x>=0)",shift,3,"F[5,8](x>=0)",0.6666666666666667,0.1102361954863944,0.5,0.125,
68,"F[2,5](x>=0)",widen,1,"F[2,6](x>=0)",0.14516129032258074,0.032258058142560664,0.5,0.0,
68,"F[2,5](x>=0)",widen,2,"F[2,7](x>=0)",0.25297619047619047,0.04761903741496731,0.5,0.0,
68,"F[2,5](x>=0)",widen,3,"F[2,8](x>=0)",0.3363954505686789,0.0551180977431972,0.5,0.0,
68,"F[2,5](x>=0)",strict,0,"F[2,5](x>0)",8.333332301990737e-08,3.333333054023058e-08,0.0,0.0,
69,"F[1,4](G[0,2](y>2))",const,1,"F[1,4](G[0,2](y>3))",0.12337672583626758,0.38355502498591487,0.06250000000000176,0.03125,
69,"F[1,4](G[0,2](y>2))",const,2,"F[1,4](G[0,2](y>4))",0.24285722380951014,0.6650565130574342,0.125,0.0625,
69,"F[1,4](G[0,2](y>2))",const,3,"F[1,4](G[0,2](y>5))",0.35934071999153694,0.8505435474952525,0.1875,0.09375,
69,"F[1,4](G[0,2](y>2))",const,4,"F[1,4](G[0,2](y>6))",0.47346942896014865,0.9533011491983407,0.25000000000000105,0.125,
69,"F[1,4](G[0,2](y>2))",shift,1,"F[2,5](G[0,2](y>2))",0.26875000000000004,0.3415252513512016,0.625,0.0,
69,"F[1,4](G[0,2](y>2))",shift,2,"F[3,6](G[0,2](y>2))",0.46666666666666656,0.5761979357290448,0.625,0.0,
69,"F[1,4](G[0,2](y>2))",shift,3,"F[4,7](G[0,2](y>2))",0.6,0.747092437707314,0.625,0.08333333333333333,
69,"F[1,4](G[0,2](y>2))",widen,1,"F[1,5](G[0,2](y>2))",0.13430851063829785,0.17076262567560074,0.625,0.0,
69,"F[1,4](G[0,2](y>2))",widen,2,"F[1,6](G[0,2](y>2))",0.23831775700934577,0.2880989678645224,0.625,0.0,
69,"F[1,4](G[0,2](y>2))",widen,3,"F[1,7](G[0,2](y>2))",0.32016806722689073,0.373546218853657,0.625,0.0,
69,"F[1,4](G[0,2](y>2))",strict,0,"F[1,4](G[0,2](y>=2))",1.2571426633023464e-07,4.347824759109997e-07,0.0,0.0,
70,"F[1,2]((x<=3) U[0,2] ((y>=3 || x<=0)))",const,1,"F[1,2]((x<=2) U[0,2] ((y>=3 || x<=0)))",0.06434785671496313,0.03604671842940188,0.06250000000000011,0.0,
70,"F[1,2]((x<=3) U[0,2] ((y>=3 || x<=0)))",const,2,"F[1,2]((x<=1) U[0,2] ((y>=3 || x<=0)))",0.1234506515337429,0.07217864516386308,0.125,0.0,
70,"F[1,2]((x<=3) U[0,2] ((y>=3 || x<=0)))",const,3,"F[1,2]((x<=0) U[0,2] ((y>=3 || x<=0)))",0.6488949303555249,0.10824873470379714,0.1875000624999998,0.0,
70,"F[1,2]((x<=3) U[0,2] ((y>=3 || x<=0)))",const,4,"F[1,2]((x<=-1) U[0,2] ((y>=3 || x<=0)))",0.6671900289910958,0.187205924778292,0.2499999999999999,0.015625,
70,"F[1,2]((x<=3) U[0,2] ((y>=3 || x<=0)))",shift,1,"F[2,3]((x<=3) U[0,2] ((y>=3 || x<=0)))",0.33840579710144936,0.19098686060946501,0.5,0.1375,
70,"F[1,2]((x<=3) U[0,2] ((y>=3 || x<=0)))",shift,2,"F[3,4]((x<=3) U[0,2] ((y>=3 || x<=0)))",0.5770186335403726,0.26415514290120534,0.5,0.16666666666666666,
70,"F[1,2]((x<=3) U[0,2] ((y>=3 || x<=0)))",shift,3,"F[4,5]((x<=3) U[0,2] ((y>=3 || x<=0)))",0.75,0.273158565533153,0.5,0.14285714285714285,
70,"F[1,2]((x<=3) U[0,2] ((y>=3 || x<=0)))",widen,1,"F[1,3]((x<=3) U[0,2] ((y>=3 || x<=0)))",0.17133204633204624,0.09549343030473256,0.3125,0.0,
70,"F[1,2]((x<=3) U[0,2] ((y>=3 || x<=0)))",widen,2,"F[1,4]((x<=3) U[0,2] ((y>=3 || x<=0)))",0.2913946200052233,0.13207757145060262,0.3125,0.0,
70,"F[1,2]((x<=3) U[0,2] ((y>=3 || x<=0)))",widen,3,"F[1,5]((x<=3) U[0,2] ((y>=3 || x<=0)))",0.38064893143365985,0.14730109907950506,0.5,0.0,
70,"F[1,2]((x<=3) U[0,2] ((y>=3 || x<=0)))",strict,0,"F[1,2]((x<3) U[0,2] ((y>=3 || x<=0)))",6.801930407807077e-08,3.5950008303586856e-08,0.0,0.0,
71,"G[2,4](F[0,2](((x<1 || x<-3) || y>=3)))",const,1,"G[2,4](F[0,2](((x<1 || x<-2) || y>=3)))",0.0,0.0,0.0,0.0,
71,"G[2,4](F[0,2](((x<1 || x<-3) || y>=3)))",const,2,"G[2,4](F[0,2](((x<1 || x<-1) || y>=3)))",0.0,0.0,0.0,0.0,
71,"G[2,4](F[0,2](((x<1 || x<-3) || y>=3)))",const,3,"G[2,4](F[0,2](((x<1 || x<0) || y>=3)))",0.0,0.0,0.0,0.0,
71,"G[2,4](F[0,2](((x<1 || x<-3) || y>=3)))",const,4,"G[2,4](F[0,2](((x<1 || x<1) || y>=3)))",0.0,0.0,0.0,0.0,
71,"G[2,4](F[0,2](((x<1 || x<-3) || y>=3)))",shift,1,"G[3,5](F[0,2](((x<1 || x<-3) || y>=3)))",0.25,0.039898392275067196,0.4375000000000001,0.0,
71,"G[2,4](F[0,2](((x<1 || x<-3) || y>=3)))",shift,2,"G[4,6](F[0,2](((x<1 || x<-3) || y>=3)))",0.4444444444444444,0.07721267400880338,0.43750000000000155,0.078125,
71,"G[2,4](F[0,2](((x<1 || x<-3) || y>=3)))",shift,3,"G[5,7](F[0,2](((x<1 || x<-3) || y>=3)))",0.6,0.11244310948087777,0.4375,0.1388888888888889,
71,"G[2,4](F[0,2](((x<1 || x<-3) || y>=3)))",widen,1,"G[2,5](F[0,2](((x<1 || x<-3) || y>=3)))",0.125,0.02035526735850024,0.4375,0.044642857142857144,
71,"G[2,4](F[0,2](((x<1 || x<-3) || y>=3)))",widen,2,"G[2,6](F[0,2](((x<1 || x<-3) || y>=3)))",0.2222222222222222,0.040156637692106756,0.4374999999999997,0.078125,
71,"G[2,4](F[0,2](((x<1 || x<-3) || y>=3)))",widen,3,"G[2,7](F[0,2](((x<1 || x<-3) || y>=3)))",0.30000000000000004,0.05957071283290083,0.4375,0.10416666666666667,
71,"G[2,4](F[0,2](((x<1 || x<-3) || y>=3)))",strict,0,"G[2,4](F[0,2](((x<1 || x<=-3) || y>=3)))",0.0,0.0,0.0,0.0,
72,"G[0,2](x<0)",const,1,"G[0,2](x<-1)",0.1250001093749863,0.3300783762206402,0.0625,0.0625,
72,"G[0,2](x<0)",const,2,"G[0,2](x<-2)",0.25000009374998833,0.5781251582030855,0.125,0.125,
72,"G[0,2](x<0)",const,3,"G[0,2](x<-3)",0.37500007812499025,0.7558594665527115,0.1875,0.1875,
72,"G[0,2](x<0)",const,4,"G[0,2](x<-4)",0.5000000624999921,0.8750000468749883,0.25,0.25,
72,"G[0,2](x<0)",shift,1,"G[1,3](x<0)",0.5,0.6666666944444422,0.5,0.3333333333333333,
72,"G[0,2](x<0)",shift,2,"G[2,4](x<0)",0.8,0.8571428775510181,0.5,0.5,
72,"G[0,2](x<0)",shift,3,"G[3,5](x<0)",1.0,0.9333333466666648,0.5,0.4,
72,"G[0,2](x<0)",widen,1,"G[0,3](x<0)",0.25,0.500000031249998,0.5,0.16666666666666666,
72,"G[0,2](x<0)",widen,2,"G[0,4](x<0)",0.4,0.750000031249997,0.5,0.25,
72,"G[0,2](x<0)",widen,3,"G[0,5](x<0)",0.5,0.875000023437497,0.5,0.3,
72,"G[0,2](x<0)",strict,0,"G[0,2](x<=0)",1.249999842523053e-07,3.7499990646061576e-07,0.0,0.0,
73,"F[2,5](y<=0)",const,1,"F[2,5](y<=1)",0.07839512648318514,0.026847250625952612,0.0625,0.0125,
73,"F[2,5](y<=0)",const,2,"F[2,5](y<=2)",0.14888893938888104,0.043586560083370474,0.125,0.025,
73,"F[2,5](y<=0)",const,3,"F[2,5](y<=3)",0.21363640263429173,0.05347322173113234,0.1875,0.0375,
73,"F[2,5](y<=0)",const,4,"F[2,5](y<=4)",0.27407410339505767,0.058823531257208295,0.25,0.05,
73,"F[2,5](y<=0)",shift,1,"F[3,6](y<=0)",0.2857142857142857,0.0645161162851211,0.5,0.0,
73,"F[2,5](y<=0)",shift,2,"F[4,7](y<=0)",0.5,0.09523807482993452,0.5,0.0,
73,"F[2,5](y<=0)",shift,3,"F[5,8](y<=0)",0.6666666666666667,0.1102361954863944,0.5,0.125,
73,"F[2,5](y<=0)",widen,1,"F[2,6](y<=0)",0.14516129032258074,0.032258058142560664,0.5,0.0,
73,"F[2,5](y<=0)",widen,2,"F[2,7](y<=0)",0.25297619047619047,0.04761903741496731,0.5,0.0,
73,"F[2,5](y<=0)",widen,3,"F[2,8](y<=0)",0.3363954505686789,0.0551180977431972,0.5,0.0,
73,"F[2,5](y<=0)",strict,0,"F[2,5](y<0)",8.333332301990737e-08,3.333333054023058e-08,0.0,0.0,
74,"G[2,4](x<1)",const,1,"G[2,4](x<2)",0.06000005399999464,0.27100021869995605,0.0625,0.03125,
74,"G[2,4](x<1)",const,2,"G[2,4](x<3)",0.10909095371900435,0.4522916595177653,0.125,0.0625,
74,"G[2,4](x<1)",const,3,"G[2,4](x<4)",0.1500000374999969,0.5781251054687324,0.1875,0.09375,
74,"G[2,4](x<1)",const,4,"G[2,4](x<5)",0.1846154165680447,0.6681839636917357,0.25,0.125,
74,"G[2,4](x<1)",shift,1,"G[3,5](x<1)",0.33333333333333337,0.6086956862003752,0.4375,0.225,
74,"G[2,4](x<1)",shift,2,"G[4,6](x<1)",0.5714285714285714,0.812064993104039,0.4375,0.375,
74,"G[2,4](x<1)",shift,3,"G[5,7](x<1)",0.75,0.9023181227441207,0.4375,0.32142857142857145,
74,"G[2,4](x<1)",widen,1,"G[2,5](x<1)",0.16666666666666663,0.4375000351562478,0.4375,0.1125,
74,"G[2,4](x<1)",widen,2,"G[2,6](x<1)",0.2857142857142857,0.6835937895507775,0.4375,0.1875,
74,"G[2,4](x<1)",widen,3,"G[2,7](x<1)",0.375,0.8220215177459675,0.4375,0.24107142857142858,
74,"G[2,4](x<1)",strict,0,"G[2,4](x<=1)",6.666665941512662e-08,3.3333325943907255e-07,0.0,0.0,
75,"G[0,1](x>=-3)",const,1,"G[0,1](x>=-4)",0.08333340277776624,0.15972234953701103,0.0625,0.0625,
75,"G[0,1](x>=-3)",const,2,"G[0,1](x>=-5)",0.1538462071005835,0.2840237587619313,0.125,0.125,
75,"G[0,1](x>=-3)",const,3,"G[0,1](x>=-6)",0.21428575510203496,0.38265312536442053,0.1875,0.1875,
75,"G[0,1](x>=-3)",const,4,"G[0,1](x>=-7)",0.26666669777777363,0.46222226785184484,0.25,0.25,
75,"G[0,1](x>=-3)",shift,1,"G[1,2](x>=-3)",0.6666666666666667,0.4761904535147403,0.3125,0.6875,
75,"G[0,1](x>=-3)",shift,2,"G[2,3](x>=-3)",1.0,0.6905370613745339,0.3125,0.4583333333333333,
75,"G[0,1](x>=-3)",shift,3,"G[3,4](x>=-3)",1.0,0.6905370613745339,0.3125,0.34375,
75,"G[0,1](x>=-3)",widen,1,"G[0,2](x>=-3)",0.33333333333333337,0.31249998046875127,0.3125,0.34375,
75,"G[0,1](x>=-3)",widen,2,"G[0,3](x>=-3)",0.5,0.5273437231445326,0.3125,0.4583333333333333,
75,"G[0,1](x>=-3)",widen,3,"G[0,4](x>=-3)",0.6,0.6750488004302988,0.3125,0.515625,
75,"G[0,1](x>=-3)",strict,0,"G[0,1](x>-3)",9.090908259512531e-08,1.8181815697460024e-07,0.0,0.0,
76,"F[2,4]((y>3 || y>3))",const,1,"F[2,4]((y>4 || y>3))",0.0,0.0,0.0,0.0,
76,"F[2,4]((y>3 || y>3))",const,2,"F[2,4]((y>5 || y>3))",0.0,0.0,0.0,0.0,
76,"F[2,4]((y>3 || y>3))",const,3,"F[2,4]((y>6 || y>3))",0.0,0.0,0.0,0.0,
76,"F[2,4]((y>3 || y>3))",const,4,"F[2,4]((y>7 || y>3))",0.0,0.0,0.0,0.0,
76,"F[2,4]((y>3 || y>3))",shift,1,"F[3,5]((y>3 || y>3))",0.33333333333333337,0.261518827735571,0.6875,0.0,
76,"F[2,4]((y>3 || y>3))",shift,2,"F[4,6]((y>3 || y>3))",0.5714285714285714,0.40491256200093617,0.6875,0.10416666666666667,
76,"F[2,4]((y>3 || y>3))",shift,3,"F[5,7]((y>3 || y>3))",0.75,0.4905104424604231,0.6875,0.08928571428571429,
76,"F[2,4]((y>3 || y>3))",widen,1,"F[2,5]((y>3 || y>3))",0.17222222222222217,0.13075941386778556,0.6875,0.0,
76,"F[2,4]((y>3 || y>3))",widen,2,"F[2,6]((y>3 || y>3))",0.292626728110599,0.20245628100046809,0.6875,0.0,
76,"F[2,4]((y>3 || y>3))",widen,3,"F[2,7]((y>3 || y>3))",0.3819444444444444,0.24525522123021148,0.6875,0.0,
76,"F[2,4]((y>3 || y>3))",strict,0,"F[2,4]((y>=3 || y>3))",9.194803607392998e-08,1.3128388132166435e-07,0.0,0.0,
77,"G[1,3](G[1,2]((x<=-2 || (y>=1 && y<=3))))",const,1,"G[1,3](G[1,2]((x<=-2 || (y>=0 && y<=3))))",0.06481482304526665,0.281627493405757,0.06250000000000046,0.0,
77,"G[1,3](G[1,2]((x<=-2 || (y>=1 && y<=3))))",const,2,"G[1,3](G[1,2]((x<=-2 || (y>=-1 && y<=3))))",0.10185183822017951,0.47073117415564114,0.125,0.0,
77,"G[1,3](G[1,2]((x<=-2 || (y>=1 && y<=3))))",const,3,"G[1,3](G[1,2]((x<=-2 || (y>=-2 && y<=3))))",0.1277777572839658,0.601507106391814,0.1875,0.0,
77,"G[1,3](G[1,2]((x<=-2 || (y>=1 && y<=3))))",const,4,"G[1,3](G[1,2]((x<=-2 || (y>=-3 && y<=3))))",0.14688550654058385,0.6942730952119758,0.25,0.0,
77,"G[1,3](G[1,2]((x<=-2 || (y>=1 && y<=3))))",shift,1,"G[2,4](G[1,2]((x<=-2 || (y>=1 && y<=3))))",0.2857142857142857,0.7070706213651736,0.5625000000000001,0.041666666666666664,
77,"G[1,3](G[1,2]((x<=-2 || (y>=1 && y<=3))))",shift,2,"G[3,5](G[1,2]((x<=-2 || (y>=1 && y<=3))))",0.5,0.8855937390598735,0.5625000625,0.07142857142857142,
77,"G[1,3](G[1,2]((x<=-2 || (y>=1 && y<=3))))",shift,3,"G[4,6](G[1,2]((x<=-2 || (y>=1 && y<=3))))",0.6666666666666667,0.9512121101162851,0.5625000625,0.09375,
77,"G[1,3](G[1,2]((x<=-2 || (y>=1 && y<=3))))",widen,1,"G[1,4](G[1,2]((x<=-2 || (y>=1 && y<=3))))",0.1428571428571429,0.5468748974609524,0.5625000625,0.020833333333333332,
77,"G[1,3](G[1,2]((x<=-2 || (y>=1 && y<=3))))",widen,2,"G[1,5](G[1,2]((x<=-2 || (y>=1 && y<=3))))",0.25,0.7946776414489776,0.5625000625,0.03571428571428571,
77,"G[1,3](G[1,2]((x<=-2 || (y>=1 && y<=3))))",widen,3,"G[1,6](G[1,2]((x<=-2 || (y>=1 && y<=3))))",0.33333333333333337,0.9069632852280088,0.5625000625,0.046875,
77,"G[1,3](G[1,2]((x<=-2 || (y>=1 && y<=3))))",strict,0,"G[1,3](G[1,2]((x<=-2 || (y>1 && y<=3))))",9.259250810522701e-08,3.448273991901729e-07,0.0,0.0,
78,"G[1,2](y<=3)",const,1,"G[1,2](y<=4)",0.05555560185184427,0.15972234953701103,0.0625,0.03125,
78,"G[1,2](y<=3)",const,2,"G[1,2](y<=5)",0.10256413806705567,0.2840237587619311,0.125,0.0625,
78,"G[1,2](y<=3)",const,3,"G[1,2](y<=6)",0.14285717006802334,0.38265312536442053,0.1875,0.09375,
78,"G[1,2](y<=3)",const,4,"G[1,2](y<=7)",0.17777779851851572,0.46222226785184484,0.25,0.125,
78,"G[1,2](y<=3)",shift,1,"G[2,3](y<=3)",0.5,0.4761904535147403,0.3125,0.4583333333333333,
78,"G[1,2](y<=3)",shift,2,"G[3,4](y<=3)",0.8,0.6905370613745339,0.3125,0.34375,
78,"G[1,2](y<=3)",shift,3,"G[4,5](y<=3)",0.8333333333333334,0.6905370613745339,0.3125,0.275,
78,"G[1,2](y<=3)",widen,1,"G[1,3](y<=3)",0.25,0.31249998046875127,0.3125,0.22916666666666666,
78,"G[1,2](y<=3)",widen,2,"G[1,4](y<=3)",0.4,0.5273437231445327,0.3125,0.34375,
78,"G[1,2](y<=3)",widen,3,"G[1,5](y<=3)",0.5,0.6750488004302988,0.3125,0.4125,
78,"G[1,2](y<=3)",strict,0,"G[1,2](y<3)",6.060605495239457e-08,1.8181815697460024e-07,0.0,0.0,
79,"F[0,1](y<-1)",const,1,"F[0,1](y<0)",0.12037047209360585,0.08854174869791043,0.0625,0.0625,
79,"F[0,1](y<-1)",const,2,"F[0,1](y<1)",0.2222223004115117,0.15458944092043725,0.125,0.125,
79,"F[0,1](y<-1)",const,3,"F[0,1](y<2)",0.31111117012344935,0.20454551528925258,0.1875,0.1875,
79,"F[0,1](y<-1)",const,4,"F[0,1](y<3)",0.3905724332551056,0.24242429830774959,0.25,0.25,
79,"F[0,1](y<-1)",shift,1,"F[1,2](y<-1)",0.6666666666666667,0.336798359127077,0.5625,0.4375,
79,"F[0,1](y<-1)",shift,2,"F[2,3](y<-1)",1.0,0.4807122016747506,0.5625,0.2916666666666667,
79,"F[0,1](y<-1)",shift,3,"F[3,4](y<-1)",1.0,0.4807122016747506,0.5625,0.21875,
79,"F[0,1](y<-1)",widen,1,"F[0,2](y<-1)",0.3571428571428572,0.16839917956353856,0.5625,0.0,
79,"F[0,1](y<-1)",widen,2,"F[0,3](y<-1)",0.525,0.24035610083737524,0.5625,0.0,
79,"F[0,1](y<-1)",widen,3,"F[0,4](y<-1)",0.6225806451612903,0.2756135222782884,0.5625,0.0,
79,"F[0,1](y<-1)",strict,0,"F[0,1](y<=-1)",1.3227511452829077e-07,1.0285712970237171e-07,0.0,0.0,
80,"G[2,4](G[1,2](x>2))",const,1,"G[2,4](G[1,2](x>1))",0.08163272303206004,0.46022521473184663,0.0625,0.03125,
80,"G[2,4](G[1,2](x>2))",const,2,"G[2,4](G[1,2](x>0))",0.14285719642856465,0.6835939082030756,0.125,0.0625,
80,"G[2,4](G[1,2](x>2))",const,3,"G[2,4](G[1,2](x>-1))",0.19047623280422799,0.80246922359394,0.1875,0.09375,
80,"G[2,4](G[1,2](x>2))",const,4,"G[2,4](G[1,2](x>-2))",0.22857146285713925,0.870400051839987,0.25,0.125,
80,"G[2,4](G[1,2](x>2))",shift,1,"G[3,5](G[1,2](x>2))",0.25,0.7692307869822471,0.625,0.10714285714285714,
80,"G[2,4](G[1,2](x>2))",shift,2,"G[4,6](G[1,2](x>2))",0.4444444444444444,0.924369758067932,0.625,0.1875,
80,"G[2,4](G[1,2](x>2))",shift,3,"G[5,7](G[1,2](x>2))",0.6,0.9729187614840503,0.625,0.25,
80,"G[2,4](G[1,2](x>2))",widen,1,"G[2,5](G[1,2](x>2))",0.125,0.6250000234374986,0.625,0.05357142857142857,
80,"G[2,4](G[1,2](x>2))",widen,2,"G[2,6](G[1,2](x>2))",0.2222222222222222,0.8593750175781234,0.625,0.09375,
80,"G[2,4](G[1,2](x>2))",widen,3,"G[2,7](G[1,2](x>2))",0.30000000000000004,0.9472656348876941,0.625,0.125,
80,"G[2,4](G[1,2](x>2))",strict,0,"G[2,4](G[1,2](x>=2))",9.523807931177686e-08,6.666663889820512e-07,0.0,0.0,
81,"G[1,3](G[0,1]((x<-1 || x>=1)))",const,1,"G[1,3](G[0,1]((x<-2 || x>=1)))",0.057142906122441994,0.25653393202232433,0.0625000625,0.0,
81,"G[1,3](G[0,1]((x<-1 || x>=1)))",const,2,"G[1,3](G[0,1]((x<-3 || x>=1)))",0.11428575510203509,0.4602250348068958,0.125,0.0,
81,"G[1,3](G[0,1]((x<-1 || x>=1)))",const,3,"G[1,3](G[0,1]((x<-4 || x>=1)))",0.17142860408162797,0.6188828363776824,0.15624999999999997,0.0,
81,"G[1,3](G[0,1]((x<-1 || x>=1)))",const,4,"G[1,3](G[0,1]((x<-5 || x>=1)))",0.22857145306122106,0.7396918397096355,0.18749999999999958,0.0,
81,"G[1,3](G[0,1]((x<-1 || x>=1)))",shift,1,"G[2,4](G[0,1]((x<-1 || x>=1)))",0.33333333333333337,0.2222222962962841,0.06249999999999995,0.175,
81,"G[1,3](G[0,1]((x<-1 || x>=1)))",shift,2,"G[3,5](G[0,1]((x<-1 || x>=1)))",0.5714285714285714,0.37974694311806656,0.0625,0.2916666666666667,
81,"G[1,3](G[0,1]((x<-1 || x>=1)))",shift,3,"G[4,6](G[0,1]((x<-1 || x>=1)))",0.75,0.49632904976482584,0.0625,0.375,
81,"G[1,3](G[0,1]((x<-1 || x>=1)))",widen,1,"G[1,4](G[0,1]((x<-1 || x>=1)))",0.16666666666666663,0.12500004687499422,0.0625,0.0875,
81,"G[1,3](G[0,1]((x<-1 || x>=1)))",widen,2,"G[1,5](G[0,1]((x<-1 || x>=1)))",0.2857142857142857,0.23437508203123747,0.06249999999999998,0.14583333333333334,
81,"G[1,3](G[0,1]((x<-1 || x>=1)))",widen,3,"G[1,6](G[0,1]((x<-1 || x>=1)))",0.375,0.33007823266599634,0.0625,0.1875,
81,"G[1,3](G[0,1]((x<-1 || x>=1)))",strict,0,"G[1,3](G[0,1]((x<=-1 || x>=1)))",5.7142848897129284e-08,2.8571421450962475e-07,0.0,0.0,
82,"F[2,4](y>1)",const,1,"F[2,4](y>2)",0.07469394010494601,0.08048715560742137,0.0625,0.015625,
82,"F[2,4](y>1)",const,2,"F[2,4](y>3)",0.1447124802881642,0.17879425358452816,0.125,0.03125,
82,"F[2,4](y>1)",const,3,"F[2,4](y>4)",0.21122452849853635,0.2967033672000634,0.1875,0.046875,
82,"F[2,4](y>1)",const,4,"F[2,4](y>5)",0.2750392750668442,0.43599649755170367,0.25,0.0625,
82,"F[2,4](y>1)",shift,1,"F[3,5](y>1)",0.33333333333333337,0.17305639798688643,0.5625,0.0,
82,"F[2,4](y>1)",shift,2,"F[4,6](y>1)",0.5714285714285714,0.25785049769065627,0.5625,0.14583333333333334,
82,"F[2,4](y>1)",shift,3,"F[5,7](y>1)",0.75,0.30217620321241234,0.5625,0.125,
82,"F[2,4](y>1)",widen,1,"F[2,5](y>1)",0.17222222222222217,0.08652819899344322,0.5625,0.0,
82,"F[2,4](y>1)",widen,2,"F[2,6](y>1)",0.292626728110599,0.1289252488453282,0.5625,0.0,
82,"F[2,4](y>1)",widen,3,"F[2,7](y>1)",0.3819444444444444,0.15108810160620623,0.5625,0.0,
82,"F[2,4](y>1)",strict,0,"F[2,4](y>=1)",7.755101039119694e-08,7.217106368084814e-08,0.0,0.0,
83,"F[1,2](F[0,1](x<=2))",const,1,"F[1,2](F[0,1](x<=3))",0.09253254405252498,0.022916160362828286,0.0625,0.041666666666666664,
83,"F[1,2](F[0,1](x<=2))",const,2,"F[1,2](F[0,1](x<=4))",0.17857148809522805,0.03769842512282473,0.125,0.08333333333333333,
83,"F[1,2](F[0,1](x<=2))",const,3,"F[1,2](F[0,1](x<=5))",0.25961542915257085,0.04644876791710517,0.1875,0.125,
83,"F[1,2](F[0,1](x<=2))",const,4,"F[1,2](F[0,1](x<=6))",0.3367347248542225,0.050880633524304275,0.25,0.16666666666666666,
83,"F[1,2](F[0,1](x<=2))",shift,1,"F[2,3](F[0,1](x<=2))",0.4,0.0672478102461358,0.375,0.3125,
83,"F[1,2](F[0,1](x<=2))",shift,2,"F[3,4](F[0,1](x<=2))",0.6666666666666667,0.09131435809195598,0.375,0.5,
83,"F[1,2](F[0,1](x<=2))",shift,3,"F[4,5](F[0,1](x<=2))",0.8571428571428572,0.10018551091315453,0.375,0.4166666666666667,
83,"F[1,2](F[0,1](x<=2))",widen,1,"F[1,3](F[0,1](x<=2))",0.20666666666666655,0.03362390512306779,0.375,0.0,
83,"F[1,2](F[0,1](x<=2))",widen,2,"F[1,4](F[0,1](x<=2))",0.3413978494623656,0.04565717904597799,0.375,0.0,
83,"F[1,2](F[0,1](x<=2))",widen,3,"F[1,5](F[0,1](x<=2))",0.4365079365079365,0.05009275545657721,0.375,0.0,
83,"F[1,2](F[0,1](x<=2))",strict,0,"F[1,2](F[0,1](x<2))",9.642855824942842e-08,2.7835050597779798e-08,0.0,0.0,
84,"G[2,4](y<=-2)",const,1,"G[2,4](y<=-3)",0.10000006666664452,0.4212965277776697,0.0625,0.03125,
84,"G[2,4](y<=-2)",const,2,"G[2,4](y<=-4)",0.20000003333332206,0.7037037777777471,0.125,0.0625,
84,"G[2,4](y<=-2)",const,3,"G[2,4](y<=-5)",0.30000000000000004,0.875,0.1875,0.09375,
84,"G[2,4](y<=-2)",const,4,"G[2,4](y<=-6)",0.3999999666666777,0.9629629444444475,0.25,0.125,
84,"G[2,4](y<=-2)",shift,1,"G[3,5](y<=-2)",0.33333333333333337,0.7692307396449716,0.625,0.15,
84,"G[2,4](y<=-2)",shift,2,"G[4,6](y<=-2)",0.5714285714285714,0.9243697309512039,0.625,0.25,
84,"G[2,4](y<=-2)",shift,3,"G[5,7](y<=-2)",0.75,0.9729187475767318,0.625,0.21428571428571427,
84,"G[2,4](y<=-2)",widen,1,"G[2,5](y<=-2)",0.16666666666666663,0.6249999609375024,0.625,0.075,
84,"G[2,4](y<=-2)",widen,2,"G[2,6](y<=-2)",0.2857142857142857,0.8593749707031253,0.625,0.125,
84,"G[2,4](y<=-2)",widen,3,"G[2,7](y<=-2)",0.375,0.9472656085205071,0.625,0.16071428571428573,
84,"G[2,4](y<=-2)",strict,0,"G[2,4](y<-2)",9.999998318299674e-08,4.999998333143907e-07,0.0,0.0,
85,"F[0,1]((y<=-3 && (y<=-3 || y<=1)))",const,1,"F[0,1]((y<=-3 && (y<=-2 || y<=1)))",0.0,0.0,0.0,0.0,
85,"F[0,1]((y<=-3 && (y<=-3 || y<=1)))",const,2,"F[0,1]((y<=-3 && (y<=-1 || y<=1)))",0.0,0.0,0.0,0.0,
85,"F[0,1]((y<=-3 && (y<=-3 || y<=1)))",const,3,"F[0,1]((y<=-3 && (y<=0 || y<=1)))",0.0,0.0,0.0,0.0,
85,"F[0,1]((y<=-3 && (y<=-3 || y<=1)))",const,4,"F[0,1]((y<=-3 && (y<=1 || y<=1)))",0.0,0.0,0.0,0.0,
85,"F[0,1]((y<=-3 && (y<=-3 || y<=1)))",shift,1,"F[1,2]((y<=-3 && (y<=-3 || y<=1)))",0.6666666666666667,0.4376130013308983,0.6875,0.3125,
85,"F[0,1]((y<=-3 && (y<=-3 || y<=1)))",shift,2,"F[2,3]((y<=-3 && (y<=-3 || y<=1)))",1.0,0.6419097846041308,0.6875,0.20833333333333334,
85,"F[0,1]((y<=-3 && (y<=-3 || y<=1)))",shift,3,"F[3,4]((y<=-3 && (y<=-3 || y<=1)))",1.0,0.6419097846041308,0.6875,0.15625,
85,"F[0,1]((y<=-3 && (y<=-3 || y<=1)))",widen,1,"F[0,2]((y<=-3 && (y<=-3 || y<=1)))",0.3571428571428572,0.21880650066544927,0.6875,0.0,
85,"F[0,1]((y<=-3 && (y<=-3 || y<=1)))",widen,2,"F[0,3]((y<=-3 && (y<=-3 || y<=1)))",0.525,0.3209548923020654,0.6875,0.0,
85,"F[0,1]((y<=-3 && (y<=-3 || y<=1)))",widen,3,"F[0,4]((y<=-3 && (y<=-3 || y<=1)))",0.6225806451612903,0.3769640103788713,0.6875,0.0,
85,"F[0,1]((y<=-3 && (y<=-3 || y<=1)))",strict,0,"F[0,1]((y<=-3 && (y<-3 || y<=1)))",0.0,0.0,0.0,0.0,
86,"G[1,4](x>=1)",const,1,"G[1,4](x>=2)",0.11428579591834409,0.46022516332468577,0.0625,0.046875,
86,"G[1,4](x>=1)",const,2,"G[1,4](x>=3)",0.22857147755100637,0.7396918843338716,0.125,0.09375,
86,"G[1,4](x>=1)",const,3,"G[1,4](x>=4)",0.34285715918366877,0.8933777744987156,0.1875,0.140625,
86,"G[1,4](x>=1)",const,4,"G[1,4](x>=5)",0.45714284081633116,0.9662640502171728,0.25,0.1875,
86,"G[1,4](x>=1)",shift,1,"G[2,5](x>=1)",0.33333333333333337,0.7199999712000011,0.5625,0.175,
86,"G[1,4](x>=1)",shift,2,"G[3,6](x>=1)",0.5714285714285714,0.8941684477139886,0.5625,0.2916666666666667,
86,"G[1,4](x>=1)",shift,3,"G[4,7](x>=1)",0.75,0.9563001546310445,0.5625,0.375,
86,"G[1,4](x>=1)",widen,1,"G[1,5](x>=1)",0.16666666666666663,0.5624999648437523,0.5625,0.0875,
86,"G[1,4](x>=1)",widen,2,"G[1,6](x>=1)",0.2857142857142857,0.8085937192382819,0.5625,0.14583333333333334,
86,"G[1,4](x>=1)",widen,3,"G[1,7](x>=1)",0.375,0.9162597454376217,0.5625,0.1875,
86,"G[1,4](x>=1)",strict,0,"G[1,4](x>1)",1.1428569801630317e-07,5.71428367179827e-07,0.0,0.0,
87,"F[0,1](G[0,1](y>=2))",const,1,"F[0,1](G[0,1](y>=3))",0.1498317546168454,0.2788463214989454,0.0625,0.0625,
87,"F[0,1](G[0,1](y>=2))",const,2,"F[0,1](G[0,1](y>=4))",0.2962963549382559,0.5213675866754065,0.125,0.125,
87,"F[0,1](G[0,1](y>=2))",const,3,"F[0,1](G[0,1](y>=5))",0.4401709533201831,0.721153838757397,0.1875,0.1875,
87,"F[0,1](G[0,1](y>=2))",const,4,"F[0,1](G[0,1](y>=6))",0.5820105501385875,0.8717948261012591,0.25,0.25,
87,"F[0,1](G[0,1](y>=2))",shift,1,"F[1,2](G[0,1](y>=2))",0.5833333333333333,0.5555555401234572,0.625,0.25,
87,"F[0,1](G[0,1](y>=2))",shift,2,"F[2,3](G[0,1](y>=2))",0.7999999999999999,0.8339172826787817,0.625,0.375,
87,"F[0,1](G[0,1](y>=2))",shift,3,"F[3,4](G[0,1](y>=2))",1.0,0.8710032807673749,0.625,0.3,
87,"F[0,1](G[0,1](y>=2))",widen,1,"F[0,2](G[0,1](y>=2))",0.28125,0.27777777006172855,0.625,0.0,
87,"F[0,1](G[0,1](y>=2))",widen,2,"F[0,3](G[0,1](y>=2))",0.4421052631578948,0.41695864133939087,0.625,0.0,
87,"F[0,1](G[0,1](y>=2))",widen,3,"F[0,4](G[0,1](y>=2))",0.5426356589147288,0.5029497259635478,0.625,0.0,
87,"F[0,1](G[0,1](y>=2))",strict,0,"F[0,1](G[0,1](y>2))",1.518518281118375e-07,2.9487172592546074e-07,0.0,0.0,
88,"G[1,3]((y<2) U[0,1] (x<=-2))",const,1,"G[1,3]((y<2) U[0,1] (x<=-3))",0.057467573455321275,0.2705643309320689,0.0625,0.03125,
88,"G[1,3]((y<2) U[0,1] (x<=-2))",const,2,"G[1,3]((y<2) U[0,1] (x<=-4))",0.11309526200396236,0.5107666429901789,0.125,0.0625,
88,"G[1,3]((y<2) U[0,1] (x<=-2))",const,3,"G[1,3]((y<2) U[0,1] (x<=-5))",0.1673076994928142,0.7122092925229861,0.18750000000000008,0.09375,
88,"G[1,3]((y<2) U[0,1] (x<=-2))",const,4,"G[1,3]((y<2) U[0,1] (x<=-6))",0.22040815398445568,0.8664943529335278,0.25,0.125,
88,"G[1,3]((y<2) U[0,1] (x<=-2))",shift,1,"G[2,4]((y<2) U[0,1] (x<=-2))",0.3511904761904763,0.7041916477436378,0.625,0.125,
88,"G[1,3]((y<2) U[0,1] (x<=-2))",shift,2,"G[3,5]((y<2) U[0,1] (x<=-2))",0.5867346938775511,0.8897774227702068,0.6250000000000001,0.4375,
88,"G[1,3]((y<2) U[0,1] (x<=-2))",shift,3,"G[4,6]((y<2) U[0,1] (x<=-2))",0.7633928571428572,0.953790576347842,0.625,0.5714285714285714,
88,"G[1,3]((y<2) U[0,1] (x<=-2))",widen,1,"G[1,4]((y<2) U[0,1] (x<=-2))",0.18452380952380953,0.543438114530937,0.625,0.075,
88,"G[1,3]((y<2) U[0,1] (x<=-2))",widen,2,"G[1,5]((y<2) U[0,1] (x<=-2))",0.30102040816326525,0.801440576888972,0.625,0.22916666666666666,
88,"G[1,3]((y<2) U[0,1] (x<=-2))",widen,3,"G[1,6]((y<2) U[0,1] (x<=-2))",0.3883928571428572,0.9116631477264889,0.6250000624999996,0.3392857142857143,
88,"G[1,3]((y<2) U[0,1] (x<=-2))",strict,0,"G[1,3]((y<2) U[0,1] (x<-2))",5.857141960330381e-08,2.8294567211428756e-07,0.0,0.0,
89,"G[1,3](G[0,1](y>=1))",const,1,"G[1,3](G[0,1](y>=0))",0.10000007499998131,0.4138186105955999,0.0625,0.046875,
89,"G[1,3](G[0,1](y>=1))",const,2,"G[1,3](G[0,1](y>=-1))",0.17777782716048285,0.6340498037222925,0.125,0.09375,
89,"G[1,3](G[0,1](y>=1))",const,3,"G[1,3](G[0,1](y>=-2))",0.24000003199999365,0.7599000548799841,0.1875,0.140625,
89,"G[1,3](G[0,1](y>=1))",const,4,"G[1,3](G[0,1](y>=-3))",0.290909110743798,0.836008494923962,0.25,0.1875,
89,"G[1,3](G[0,1](y>=1))",shift,1,"G[2,4](G[0,1](y>=1))",0.33333333333333337,0.7199999712000011,0.5625,0.175,
89,"G[1,3](G[0,1](y>=1))",shift,2,"G[3,5](G[0,1](y>=1))",0.5714285714285714,0.8941684477139886,0.5625,0.2916666666666667,
89,"G[1,3](G[0,1](y>=1))",shift,3,"G[4,6](G[0,1](y>=1))",0.75,0.9563001546310445,0.5625,0.375,
89,"G[1,3](G[0,1](y>=1))",widen,1,"G[1,4](G[0,1](y>=1))",0.16666666666666663,0.5624999648437523,0.5625,0.0875,
89,"G[1,3](G[0,1](y>=1))",widen,2,"G[1,5](G[0,1](y>=1))",0.2857142857142857,0.8085937192382819,0.5625,0.14583333333333334,
89,"G[1,3](G[0,1](y>=1))",widen,3,"G[1,6](G[0,1](y>=1))",0.375,0.9162597454376217,0.5625,0.1875,
89,"G[1,3](G[0,1](y>=1))",strict,0,"G[1,3](G[0,1](y>1))",1.1428569801630317e-07,5.71428367179827e-07,0.0,0.0,
90,"G[0,3](G[0,2]((x<-3 || (x<2 || y<-2))))",const,1,"G[0,3](G[0,2]((x<-3 || (x<2 || y<-3))))",0.0707071294000512,0.17017769964496,0.0625,0.0,
90,"G[0,3](G[0,2]((x<-3 || (x<2 || y<-2))))",const,2,"G[0,3](G[0,2]((x<-3 || (x<2 || y<-4))))",0.13888893518517764,0.31550475076635554,0.125,0.0,
90,"G[0,3](G[0,2]((x<-3 || (x<2 || y<-2))))",const,3,"G[0,3](G[0,2]((x<-3 || (x<2 || y<-5))))",0.20512823980933015,0.43897331537353523,0.1875,0.0,
90,"G[0,3](G[0,2]((x<-3 || (x<2 || y<-2))))",const,4,"G[0,3](G[0,2]((x<-3 || (x<2 || y<-6))))",0.2698412934618253,0.5432966567234274,0.25,0.0,
90,"G[0,3](G[0,2]((x<-3 || (x<2 || y<-2))))",shift,1,"G[1,4](G[0,2]((x<-3 || (x<2 || y<-2))))",0.2857142857142856,0.37974685979810696,0.375,0.10416666666666667,
90,"G[0,3](G[0,2]((x<-3 || (x<2 || y<-2))))",shift,2,"G[2,5](G[0,2]((x<-3 || (x<2 || y<-2))))",0.5,0.5853911525859248,0.375,0.17857142857142858,
90,"G[0,3](G[0,2]((x<-3 || (x<2 || y<-2))))",shift,3,"G[3,6](G[0,2]((x<-3 || (x<2 || y<-2))))",0.6666666666666667,0.7106795241683217,0.375,0.234375,
90,"G[0,3](G[0,2]((x<-3 || (x<2 || y<-2))))",widen,1,"G[0,4](G[0,2]((x<-3 || (x<2 || y<-2))))",0.14285714285714302,0.234375018554686,0.375,0.052083333333333336,
90,"G[0,3](G[0,2]((x<-3 || (x<2 || y<-2))))",widen,2,"G[0,5](G[0,2]((x<-3 || (x<2 || y<-2))))",0.25,0.41381838778686275,0.375,0.08928571428571429,
90,"G[0,3](G[0,2]((x<-3 || (x<2 || y<-2))))",widen,3,"G[0,6](G[0,2]((x<-3 || (x<2 || y<-2))))",0.33333333333333337,0.5512047140257326,0.375,0.1171875,
90,"G[0,3](G[0,2]((x<-3 || (x<2 || y<-2))))",strict,0,"G[0,3](G[0,2]((x<-3 || (x<2 || y<=-2))))",7.222221154457031e-08,1.8367345044900674e-07,0.0,0.0,
91,"F[0,1]((x>-2 || (x<=0 && y<3)))",const,1,"F[0,1]((x>-1 || (x<=0 && y<3)))",0.060000047809514734,0.005028163385047857,0.0625,0.0,
91,"F[0,1]((x>-2 || (x<=0 && y<3)))",const,2,"F[0,1]((x>0 || (x<=0 && y<3)))",0.11166670258332756,0.010829886146926038,0.12499999999999997,0.0,
91,"F[0,1]((x>-2 || (x<=0 && y<3)))",const,3,"F[0,1]((x>1 || (x<=0 && y<3)))",0.1733333584999961,0.03459375811103438,0.1875,0.0,
91,"F[0,1]((x>-2 || (x<=0 && y<3)))",const,4,"F[0,1]((x>2 || (x<=0 && y<3)))",0.19222224605555172,0.06627889095733885,0.25,0.0,
91,"F[0,1]((x>-2 || (x<=0 && y<3)))",shift,1,"F[1,2]((x>-2 || (x<=0 && y<3)))",0.6666666666666667,0.024286262126259173,0.3125,0.625,
91,"F[0,1]((x>-2 || (x<=0 && y<3)))",shift,2,"F[2,3]((x>-2 || (x<=0 && y<3)))",1.0,0.027093753932540987,0.3125,0.4166666666666667,
91,"F[0,1]((x>-2 || (x<=0 && y<3)))",shift,3,"F[3,4]((x>-2 || (x<=0 && y<3)))",1.0,0.027093753932540987,0.3125,0.3125,
91,"F[0,1]((x>-2 || (x<=0 && y<3)))",widen,1,"F[0,2]((x>-2 || (x<=0 && y<3)))",0.3373015873015873,0.012143131063129586,0.3125,0.0,
91,"F[0,1]((x>-2 || (x<=0 && y<3)))",widen,2,"F[0,3]((x>-2 || (x<=0 && y<3)))",0.5036764705882353,0.013546876966270549,0.3125,0.0,
91,"F[0,1]((x>-2 || (x<=0 && y<3)))",widen,3,"F[0,4]((x>-2 || (x<=0 && y<3)))",0.6030791788856305,0.01371111736201236,0.3125,0.0,
91,"F[0,1]((x>-2 || (x<=0 && y<3)))",strict,0,"F[0,1]((x>=-2 || (x<=0 && y<3)))",6.555554654674722e-08,4.641376838421252e-09,0.0,0.0,
92,"G[1,2]((y>3) U[0,2] ((y<=-1 && y<=3)))",const,1,"G[1,2]((y>3) U[0,2] ((y<=-1 && y<=4)))",0.0,0.0,0.0,0.0,
92,"G[1,2]((y>3) U[0,2] ((y<=-1 && y<=3)))",const,2,"G[1,2]((y>3) U[0,2] ((y<=-1 && y<=5)))",0.0,0.0,0.0,0.0,
92,"G[1,2]((y>3) U[0,2] ((y<=-1 && y<=3)))",const,3,"G[1,2]((y>3) U[0,2] ((y<=-1 && y<=6)))",0.0,0.0,0.0,0.0,
92,"G[1,2]((y>3) U[0,2] ((y<=-1 && y<=3)))",const,4,"G[1,2]((y>3) U[0,2] ((y<=-1 && y<=7)))",0.0,0.0,0.0,0.0,
92,"G[1,2]((y>3) U[0,2] ((y<=-1 && y<=3)))",shift,1,"G[2,3]((y>3) U[0,2] ((y<=-1 && y<=3)))",0.0,0.0,0.0,0.0,
92,"G[1,2]((y>3) U[0,2] ((y<=-1 && y<=3)))",shift,2,"G[3,4]((y>3) U[0,2] ((y<=-1 && y<=3)))",0.0,0.0,0.0,0.0,
92,"G[1,2]((y>3) U[0,2] ((y<=-1 && y<=3)))",shift,3,"G[4,5]((y>3) U[0,2] ((y<=-1 && y<=3)))",0.0,0.0,0.0,0.0,
92,"G[1,2]((y>3) U[0,2] ((y<=-1 && y<=3)))",widen,1,"G[1,3]((y>3) U[0,2] ((y<=-1 && y<=3)))",0.0,0.0,0.0,0.0,
92,"G[1,2]((y>3) U[0,2] ((y<=-1 && y<=3)))",widen,2,"G[1,4]((y>3) U[0,2] ((y<=-1 && y<=3)))",0.0,0.0,0.0,0.0,
92,"G[1,2]((y>3) U[0,2] ((y<=-1 && y<=3)))",widen,3,"G[1,5]((y>3) U[0,2] ((y<=-1 && y<=3)))",0.0,0.0,0.0,0.0,
92,"G[1,2]((y>3) U[0,2] ((y<=-1 && y<=3)))",strict,0,"G[1,2]((y>3) U[0,2] ((y<=-1 && y<3)))",0.0,0.0,0.0,0.0,
93,"F[1,4](G[1,3](x>=-1))",const,1,"F[1,4](G[1,3](x>=0))",0.08645840331306576,0.24072237127345708,0.0625,0.026785714285714284,
93,"F[1,4](G[1,3](x>=-1))",const,2,"F[1,4](G[1,3](x>=1))",0.16666671851850945,0.45319403084229104,0.12500000000000072,0.05357142857142857,
93,"F[1,4](G[1,3](x>=-1))",const,3,"F[1,4](G[1,3](x>=2))",0.24250003519443863,0.6316316728981108,0.1875,0.08035714285714286,
93,"F[1,4](G[1,3](x>=-1))",const,4,"F[1,4](G[1,3](x>=3))",0.31515153464952295,0.7729210734591758,0.25,0.10714285714285714,
93,"F[1,4](G[1,3](x>=-1))",shift,1,"F[2,5](G[1,3](x>=-1))",0.23888888888888882,0.26917387183378727,0.4375,0.0,
93,"F[1,4](G[1,3](x>=-1))",shift,2,"F[3,6](G[1,3](x>=-1))",0.42000000000000004,0.45715179678105855,0.43750006249999984,0.0,
93,"F[1,4](G[1,3](x>=-1))",shift,3,"F[4,7](G[1,3](x>=-1))",0.5454545454545455,0.5938849469725589,0.4375,0.1125,
93,"F[1,4](G[1,3](x>=-1))",widen,1,"F[1,5](G[1,3](x>=-1))",0.11938534278959811,0.13458693591689364,0.4375,0.0,
93,"F[1,4](G[1,3](x>=-1))",widen,2,"F[1,6](G[1,3](x>=-1))",0.21448598130841123,0.22857589839052928,0.4375,0.0,
93,"F[1,4](G[1,3](x>=-1))",widen,3,"F[1,7](G[1,3](x>=-1))",0.2910618792971733,0.29694247348627945,0.4375,0.0,
93,"F[1,4](G[1,3](x>=-1))",strict,0,"F[1,4](G[1,3](x>-1))",9.047617977042677e-08,2.522522071224387e-07,0.0,0.0,
94,"F[1,3](F[0,2]((x<-1 && (x>2 && y>=-2))))",const,1,"F[1,3](F[0,2]((x<-1 && (x>1 && y>=-2))))",0.0,0.0,0.0,0.0,
94,"F[1,3](F[0,2]((x<-1 && (x>2 && y>=-2))))",const,2,"F[1,3](F[0,2]((x<-1 && (x>0 && y>=-2))))",0.0,0.0,0.0,0.0,
94,"F[1,3](F[0,2]((x<-1 && (x>2 && y>=-2))))",const,3,"F[1,3](F[0,2]((x<-1 && (x>-1 && y>=-2))))",0.0,0.0,0.1875,0.0,
94,"F[1,3](F[0,2]((x<-1 && (x>2 && y>=-2))))",const,4,"F[1,3](F[0,2]((x<-1 && (x>-2 && y>=-2))))",1.0,1.0,0.2500000000000003,0.025,
94,"F[1,3](F[0,2]((x<-1 && (x>2 && y>=-2))))",shift,1,"F[2,4](F[0,2]((x<-1 && (x>2 && y>=-2))))",0.0,0.0,0.0,0.0,
94,"F[1,3](F[0,2]((x<-1 && (x>2 && y>=-2))))",shift,2,"F[3,5](F[0,2]((x<-1 && (x>2 && y>=-2))))",0.0,0.0,0.0,0.0,
94,"F[1,3](F[0,2]((x<-1 && (x>2 && y>=-2))))",shift,3,"F[4,6](F[0,2]((x<-1 && (x>2 && y>=-2))))",0.0,0.0,0.0,0.15625,
94,"F[1,3](F[0,2]((x<-1 && (x>2 && y>=-2))))",widen,1,"F[1,4](F[0,2]((x<-1 && (x>2 && y>=-2))))",0.0,0.0,0.0,0.0,
94,"F[1,3](F[0,2]((x<-1 && (x>2 && y>=-2))))",widen,2,"F[1,5](F[0,2]((x<-1 && (x>2 && y>=-2))))",0.0,0.0,0.0,0.0,
94,"F[1,3](F[0,2]((x<-1 && (x>2 && y>=-2))))",widen,3,"F[1,6](F[0,2]((x<-1 && (x>2 && y>=-2))))",0.0,0.0,0.0,0.0,
94,"F[1,3](F[0,2]((x<-1 && (x>2 && y>=-2))))",strict,0,"F[1,3](F[0,2]((x<-1 && (x>=2 && y>=-2))))",0.0,0.0,0.0,0.0,
95,"F[1,2](F[0,1](x<=-3))",const,1,"F[1,2](F[0,1](x<=-4))",0.11250007598212008,0.1435805466402491,0.0625,0.041666666666666664,
95,"F[1,2](F[0,1](x<=-3))",const,2,"F[1,2](F[0,1](x<=-5))",0.22087915894335608,0.3132007327029489,0.125,0.08333333333333333,
95,"F[1,2](F[0,1](x<=-3))",const,3,"F[1,2](F[0,1](x<=-6))",0.32602040905977236,0.5110306701833035,0.1875,0.125,
95,"F[1,2](F[0,1](x<=-3))",const,4,"F[1,2](F[0,1](x<=-7))",0.42410711506697996,0.7392403397926731,0.25,0.16666666666666666,
95,"F[1,2](F[0,1](x<=-3))",shift,1,"F[2,3](F[0,1](x<=-3))",0.4,0.26151878135918816,0.6875,0.15625,
95,"F[1,2](F[0,1](x<=-3))",shift,2,"F[3,4](F[0,1](x<=-3))",0.6666666666666667,0.4049124841579259,0.6875,0.25,
95,"F[1,2](F[0,1](x<=-3))",shift,3,"F[4,5](F[0,1](x<=-3))",0.8571428571428572,0.49051034149401773,0.6875,0.20833333333333334,
95,"F[1,2](F[0,1](x<=-3))",widen,1,"F[1,3](F[0,1](x<=-3))",0.20666666666666655,0.13075939067959408,0.6875,0.0,
95,"F[1,2](F[0,1](x<=-3))",widen,2,"F[1,4](F[0,1](x<=-3))",0.3413978494623656,0.20245624207896296,0.6875,0.0,
95,"F[1,2](F[0,1](x<=-3))",widen,3,"F[1,5](F[0,1](x<=-3))",0.4365079365079365,0.24525517074700887,0.6875,0.0,
95,"F[1,2](F[0,1](x<=-3))",strict,0,"F[1,2](F[0,1](x<-3))",1.1493504514792363e-07,1.3128388132166435e-07,0.0,0.0,
96,"G[2,3](x<=0)",const,1,"G[2,3](x<=-1)",0.06250004687498834,0.23437516406244996,0.0625,0.020833333333333332,
96,"G[2,3](x<=0)",const,2,"G[2,3](x<=-2)",0.12500003124999215,0.4375000937499727,0.125,0.041666666666666664,
96,"G[2,3](x<=0)",const,3,"G[2,3](x<=-3)",0.18750001562499596,0.6093750390624892,0.1875,0.0625,
96,"G[2,3](x<=0)",const,4,"G[2,3](x<=-4)",0.25,0.75,0.25,0.08333333333333333,
96,"G[2,3](x<=0)",shift,1,"G[3,4](x<=0)",0.4,0.66666663888889,0.5,0.25,
96,"G[2,3](x<=0)",shift,2,"G[4,5](x<=0)",0.6666666666666667,0.857142836734694,0.5,0.2,
96,"G[2,3](x<=0)",shift,3,"G[5,6](x<=0)",0.7142857142857143,0.857142836734694,0.5,0.16666666666666666,
96,"G[2,3](x<=0)",widen,1,"G[2,4](x<=0)",0.19999999999999996,0.49999996875000186,0.5,0.125,
96,"G[2,3](x<=0)",widen,2,"G[2,5](x<=0)",0.33333333333333337,0.7499999687500009,0.5,0.2,
96,"G[2,3](x<=0)",widen,3,"G[2,6](x<=0)",0.4285714285714286,0.8749999765625,0.5,0.25,
96,"G[2,3](x<=0)",strict,0,"G[2,3](x<0)",6.24999922926861e-08,2.4999995318353285e-07,0.0,0.0,
97,"G[2,4](((x>=2 || x>=1) || (y>-3 || y<=0)))",const,1,"G[2,4](((x>=2 || x>=1) || (y>-3 || y<=-1)))",0.0,0.0,0.0,0.0,
97,"G[2,4](((x>=2 || x>=1) || (y>-3 || y<=0)))",const,2,"G[2,4](((x>=2 || x>=1) || (y>-3 || y<=-2)))",0.0,0.0,0.0,0.0,
97,"G[2,4](((x>=2 || x>=1) || (y>-3 || y<=0)))",const,3,"G[2,4](((x>=2 || x>=1) || (y>-3 || y<=-3)))",0.0,0.0,0.0,0.0,
97,"G[2,4](((x>=2 || x>=1) || (y>-3 || y<=0)))",const,4,"G[2,4](((x>=2 || x>=1) || (y>-3 || y<=-4)))",1.0,0.10180438354487054,0.03125000000000028,0.0,
97,"G[2,4](((x>=2 || x>=1) || (y>-3 || y<=0)))",shift,1,"G[3,5](((x>=2 || x>=1) || (y>-3 || y<=0)))",0.0,0.0,0.0,0.15,
97,"G[2,4](((x>=2 || x>=1) || (y>-3 || y<=0)))",shift,2,"G[4,6](((x>=2 || x>=1) || (y>-3 || y<=0)))",0.0,0.0,0.0,0.25,
97,"G[2,4](((x>=2 || x>=1) || (y>-3 || y<=0)))",shift,3,"G[5,7](((x>=2 || x>=1) || (y>-3 || y<=0)))",0.0,0.0,0.0,0.21428571428571427,
97,"G[2,4](((x>=2 || x>=1) || (y>-3 || y<=0)))",widen,1,"G[2,5](((x>=2 || x>=1) || (y>-3 || y<=0)))",0.0,0.0,0.0,0.075,
97,"G[2,4](((x>=2 || x>=1) || (y>-3 || y<=0)))",widen,2,"G[2,6](((x>=2 || x>=1) || (y>-3 || y<=0)))",0.0,0.0,0.0,0.125,
97,"G[2,4](((x>=2 || x>=1) || (y>-3 || y<=0)))",widen,3,"G[2,7](((x>=2 || x>=1) || (y>-3 || y<=0)))",0.0,0.0,0.0,0.16071428571428573,
97,"G[2,4](((x>=2 || x>=1) || (y>-3 || y<=0)))",strict,0,"G[2,4](((x>=2 || x>=1) || (y>-3 || y<0)))",0.0,0.0,0.0,0.0,
98,"G[2,3](G[1,3](x>-1))",const,1,"G[2,3](G[1,3](x>-2))",0.057142908571423456,0.34390026243993443,0.0625,0.03125,
98,"G[2,3](G[1,3](x>-1))",const,2,"G[2,3](G[1,3](x>-3))",0.10389614639905176,0.551875034889532,0.125,0.0625,
98,"G[2,3](G[1,3](x>-1))",const,3,"G[2,3](G[1,3](x>-4))",0.14285717857142555,0.683593855468728,0.1875,0.09375,
98,"G[2,3](G[1,3](x>-1))",const,4,"G[2,3](G[1,3](x>-5))",0.17582420625528072,0.7702812233034152,0.25,0.125,
98,"G[2,3](G[1,3](x>-1))",shift,1,"G[3,4](G[1,3](x>-1))",0.25,0.6086956862003752,0.4375,0.16071428571428573,
98,"G[2,3](G[1,3](x>-1))",shift,2,"G[4,5](G[1,3](x>-1))",0.4444444444444444,0.812064993104039,0.4375,0.28125,
98,"G[2,3](G[1,3](x>-1))",shift,3,"G[5,6](G[1,3](x>-1))",0.6,0.9023181227441207,0.4375,0.375,
98,"G[2,3](G[1,3](x>-1))",widen,1,"G[2,4](G[1,3](x>-1))",0.125,0.4375000351562478,0.4375,0.08035714285714286,
98,"G[2,3](G[1,3](x>-1))",widen,2,"G[2,5](G[1,3](x>-1))",0.2222222222222222,0.6835937895507775,0.4375,0.140625,
98,"G[2,3](G[1,3](x>-1))",widen,3,"G[2,6](G[1,3](x>-1))",0.30000000000000004,0.8220215177459675,0.4375,0.1875,
98,"G[2,3](G[1,3](x>-1))",strict,0,"G[2,3](G[1,3](x>=-1))",6.349205661226875e-08,4.444443211237825e-07,0.0,0.0,
99,"G[2,4](F[0,1](x<=-3))",const,1,"G[2,4](F[0,1](x<=-2))",0.09532835097182102,0.2669754676782601,0.0625,0.0375,
99,"G[2,4](F[0,1](x<=-3))",const,2,"G[2,4](F[0,1](x<=-1))",0.16883121238825172,0.42977198003568584,0.125,0.075,
99,"G[2,4](F[0,1](x<=-3))",const,3,"G[2,4](F[0,1](x<=0))",0.22869320991519826,0.5361328390502835,0.1875,0.1125,
99,"G[2,4](F[0,1](x<=-3))",const,4,"G[2,4](F[0,1](x<=1))",0.2794612971720549,0.6090535002286213,0.25,0.15,
99,"G[2,4](F[0,1](x<=-3))",shift,1,"G[3,5](F[0,1](x<=-3))",0.2857142857142857,0.5028087295902777,0.6875000000000004,0.10416666666666667,
99,"G[2,4](F[0,1](x<=-3))",shift,2,"G[4,6](F[0,1](x<=-3))",0.5,0.7322551682652448,0.6875,0.17857142857142858,
99,"G[2,4](F[0,1](x<=-3))",shift,3,"G[5,7](F[0,1](x<=-3))",0.6666666666666667,0.8407877758432593,0.6875,0.234375,
99,"G[2,4](F[0,1](x<=-3))",widen,1,"G[2,5](F[0,1](x<=-3))",0.1428571428571429,0.33583466556860075,0.6875000625,0.052083333333333336,
99,"G[2,4](F[0,1](x<=-3))",widen,2,"G[2,6](F[0,1](x<=-3))",0.25,0.577604538338557,0.6875,0.08928571428571429,
99,"G[2,4](F[0,1](x<=-3))",widen,3,"G[2,7](F[0,1](x<=-3))",0.33333333333333337,0.7253096183098684,0.6874999999999999,0.1171875,
99,"G[2,4](F[0,1](x<=-3))",strict,0,"G[2,4](F[0,1](x<-3))",1.1060604054868861e-07,3.4736832354997915e-07,0.0,0.0,
100,"F[0,1]((y<=-2 && (x<=-1 && x>1)))",const,1,"F[0,1]((y<=-3 && (x<=-1 && x>1)))",0.0,0.0,0.0,0.0625,
100,"F[0,1]((y<=-2 && (x<=-1 && x>1)))",const,2,"F[0,1]((y<=-4 && (x<=-1 && x>1)))",0.0,0.0,0.0,0.125,
100,"F[0,1]((y<=-2 && (x<=-1 && x>1)))",const,3,"F[0,1]((y<=-5 && (x<=-1 && x>1)))",0.0,0.0,0.0,0.1875,
100,"F[0,1]((y<=-2 && (x<=-1 && x>1)))",const,4,"F[0,1]((y<=-6 && (x<=-1 && x>1)))",0.0,0.0,0.0,0.25,
100,"F[0,1]((y<=-2 && (x<=-1 && x>1)))",shift,1,"F[1,2]((y<=-2 && (x<=-1 && x>1)))",0.0,0.0,0.0,0.375,
100,"F[0,1]((y<=-2 && (x<=-1 && x>1)))",shift,2,"F[2,3]((y<=-2 && (x<=-1 && x>1)))",0.0,0.0,0.0,0.25,
100,"F[0,1]((y<=-2 && (x<=-1 && x>1)))",shift,3,"F[3,4]((y<=-2 && (x<=-1 && x>1)))",0.0,0.0,0.0,0.1875,
100,"F[0,1]((y<=-2 && (x<=-1 && x>1)))",widen,1,"F[0,2]((y<=-2 && (x<=-1 && x>1)))",0.0,0.0,0.0,0.0,
100,"F[0,1]((y<=-2 && (x<=-1 && x>1)))",widen,2,"F[0,3]((y<=-2 && (x<=-1 && x>1)))",0.0,0.0,0.0,0.0,
100,"F[0,1]((y<=-2 && (x<=-1 && x>1)))",widen,3,"F[0,4]((y<=-2 && (x<=-1 && x>1)))",0.0,0.0,0.0,0.0,
100,"F[0,1]((y<=-2 && (x<=-1 && x>1)))",strict,0,"F[0,1]((y<-2 && (x<=-1 && x>1)))",0.0,0.0,0.0,0.0,
101,"F[1,2](F[1,3]((y>=-3 || y>=3)))",const,1,"F[1,2](F[1,3]((y>=-2 || y>=3)))",0.08417515383122975,0.01033723646075746,0.0625,0.0,
101,"F[1,2](F[1,3]((y>=-3 || y>=3)))",const,2,"F[1,2](F[1,3]((y>=-1 || y>=3)))",0.1535354058507068,0.02736054023470058,0.125,0.0,
101,"F[1,2](F[1,3]((y>=-3 || y>=3)))",const,3,"F[1,2](F[1,3]((y>=0 || y>=3)))",0.21363640263429173,0.05347320823411328,0.1875,0.0,
101,"F[1,2](F[1,3]((y>=-3 || y>=3)))",const,4,"F[1,2](F[1,3]((y>=1 || y>=3)))",0.26756456225101355,0.09144826641299642,0.25,0.0,
101,"F[1,2](F[1,3]((y>=-3 || y>=3)))",shift,1,"F[2,3](F[1,3]((y>=-3 || y>=3)))",0.2857142857142857,0.013152212662825846,0.3125,0.0,
101,"F[1,2](F[1,3]((y>=-3 || y>=3)))",shift,2,"F[3,4](F[1,3]((y>=-3 || y>=3)))",0.5,0.017226876806364477,0.3125,0.08928571428571429,
101,"F[1,2](F[1,3]((y>=-3 || y>=3)))",shift,3,"F[4,5](F[1,3]((y>=-3 || y>=3)))",0.6666666666666667,0.018496783959500385,0.3125,0.15625,
101,"F[1,2](F[1,3]((y>=-3 || y>=3)))",widen,1,"F[1,3](F[1,3]((y>=-3 || y>=3)))",0.14516129032258074,0.006576106331412923,0.3125,0.0,
101,"F[1,2](F[1,3]((y>=-3 || y>=3)))",widen,2,"F[1,4](F[1,3]((y>=-3 || y>=3)))",0.25297619047619047,0.008613438403182183,0.3125,0.0,
101,"F[1,2](F[1,3]((y>=-3 || y>=3)))",widen,3,"F[1,5](F[1,3]((y>=-3 || y>=3)))",0.3363954505686789,0.009248391979750248,0.3125,0.0,
101,"F[1,2](F[1,3]((y>=-3 || y>=3)))",strict,0,"F[1,2](F[1,3]((y>-3 || y>=3)))",9.454543914433344e-08,7.702852911073421e-09,0.0,0.0,
102,"F[1,2](((x>=3 && x<=-3)) U[0,1] (y<1))",const,1,"F[1,2](((x>=3 && x<=-3)) U[0,1] (y<2))",0.0,0.0,0.0,0.020833333333333332,
102,"F[1,2](((x>=3 && x<=-3)) U[0,1] (y<1))",const,2,"F[1,2](((x>=3 && x<=-3)) U[0,1] (y<3))",0.0,0.0,0.0,0.041666666666666664,
102,"F[1,2](((x>=3 && x<=-3)) U[0,1] (y<1))",const,3,"F[1,2](((x>=3 && x<=-3)) U[0,1] (y<4))",0.0,0.0,0.0,0.0625,
102,"F[1,2](((x>=3 && x<=-3)) U[0,1] (y<1))",const,4,"F[1,2](((x>=3 && x<=-3)) U[0,1] (y<5))",0.0,0.0,0.0,0.08333333333333333,
102,"F[1,2](((x>=3 && x<=-3)) U[0,1] (y<1))",shift,1,"F[2,3](((x>=3 && x<=-3)) U[0,1] (y<1))",0.0,0.0,0.0,0.0,
102,"F[1,2](((x>=3 && x<=-3)) U[0,1] (y<1))",shift,2,"F[3,4](((x>=3 && x<=-3)) U[0,1] (y<1))",0.0,0.0,0.0,0.225,
102,"F[1,2](((x>=3 && x<=-3)) U[0,1] (y<1))",shift,3,"F[4,5](((x>=3 && x<=-3)) U[0,1] (y<1))",0.0,0.0,0.0,0.1875,
102,"F[1,2](((x>=3 && x<=-3)) U[0,1] (y<1))",widen,1,"F[1,3](((x>=3 && x<=-3)) U[0,1] (y<1))",0.0,0.0,0.0,0.0,
102,"F[1,2](((x>=3 && x<=-3)) U[0,1] (y<1))",widen,2,"F[1,4](((x>=3 && x<=-3)) U[0,1] (y<1))",0.0,0.0,0.0,0.0,
102,"F[1,2](((x>=3 && x<=-3)) U[0,1] (y<1))",widen,3,"F[1,5](((x>=3 && x<=-3)) U[0,1] (y<1))",0.0,0.0,0.0,0.0,
102,"F[1,2](((x>=3 && x<=-3)) U[0,1] (y<1))",strict,0,"F[1,2](((x>=3 && x<=-3)) U[0,1] (y<=1))",0.0,0.0,0.0,0.0,
103,"F[1,2](F[0,2](((y<3 || x>=-3) || y<0)))",const,1,"F[1,2](F[0,2](((y<3 || x>=-3) || y<1)))",0.0,0.0,0.0,0.0,
103,"F[1,2](F[0,2](((y<3 || x>=-3) || y<0)))",const,2,"F[1,2](F[0,2](((y<3 || x>=-3) || y<2)))",0.0,0.0,0.0,0.0,
103,"F[1,2](F[0,2](((y<3 || x>=-3) || y<0)))",const,3,"F[1,2](F[0,2](((y<3 || x>=-3) || y<3)))",0.0,0.0,0.0,0.0,
103,"F[1,2](F[0,2](((y<3 || x>=-3) || y<0)))",const,4,"F[1,2](F[0,2](((y<3 || x>=-3) || y<4)))",0.05657520264225502,5.369862219173349e-05,0.0625,0.0,
103,"F[1,2](F[0,2](((y<3 || x>=-3) || y<0)))",shift,1,"F[2,3](F[0,2](((y<3 || x>=-3) || y<0)))",0.33333333333333337,0.0001641368377733876,0.3125,0.0,
103,"F[1,2](F[0,2](((y<3 || x>=-3) || y<0)))",shift,2,"F[3,4](F[0,2](((y<3 || x>=-3) || y<0)))",0.5714285714285714,0.0001801643821111032,0.3125,0.16666666666666666,
103,"F[1,2](F[0,2](((y<3 || x>=-3) || y<0)))",shift,3,"F[4,5](F[0,2](((y<3 || x>=-3) || y<0)))",0.75,0.00018172955823836379,0.3125,0.2857142857142857,
103,"F[1,2](F[0,2](((y<3 || x>=-3) || y<0)))",widen,1,"F[1,3](F[0,2](((y<3 || x>=-3) || y<0)))",0.1667888563049853,8.20684188866938e-05,0.3125,0.0,
103,"F[1,2](F[0,2](((y<3 || x>=-3) || y<0)))",widen,2,"F[1,4](F[0,2](((y<3 || x>=-3) || y<0)))",0.28584510727367873,9.00821910555516e-05,0.3125,0.0,
103,"F[1,2](F[0,2](((y<3 || x>=-3) || y<0)))",widen,3,"F[1,5](F[0,2](((y<3 || x>=-3) || y<0)))",0.3751201702984801,9.086477911912638e-05,0.3125,0.0,
103,"F[1,2](F[0,2](((y<3 || x>=-3) || y<0)))",strict,0,"F[1,2](F[0,2](((y<3 || x>=-3) || y<=0)))",0.0,0.0,0.0,0.0,
104,"F[0,2](((x<=1 && y>-1)) U[0,2] (y<-1))",const,1,"F[0,2](((x<=1 && y>-1)) U[0,2] (y<-2))",0.0,0.0,0.06250000000000001,0.0,
104,"F[0,2](((x<=1 && y>-1)) U[0,2] (y<-1))",const,2,"F[0,2](((x<=1 && y>-1)) U[0,2] (y<-3))",0.0,0.0,0.12500000000000006,0.0,
104,"F[0,2](((x<=1 && y>-1)) U[0,2] (y<-1))",const,3,"F[0,2](((x<=1 && y>-1)) U[0,2] (y<-4))",0.0,0.0,0.1875,0.0,
104,"F[0,2](((x<=1 && y>-1)) U[0,2] (y<-1))",const,4,"F[0,2](((x<=1 && y>-1)) U[0,2] (y<-5))",0.0,0.0,0.25,0.0,
104,"F[0,2](((x<=1 && y>-1)) U[0,2] (y<-1))",shift,1,"F[1,3](((x<=1 && y>-1)) U[0,2] (y<-1))",0.0,0.0,0.5625,0.0,
104,"F[0,2](((x<=1 && y>-1)) U[0,2] (y<-1))",shift,2,"F[2,4](((x<=1 && y>-1)) U[0,2] (y<-1))",0.0,0.0,0.5625000000000002,0.1875,
104,"F[0,2](((x<=1 && y>-1)) U[0,2] (y<-1))",shift,3,"F[3,5](((x<=1 && y>-1)) U[0,2] (y<-1))",0.0,0.0,0.5625,0.16071428571428573,
104,"F[0,2](((x<=1 && y>-1)) U[0,2] (y<-1))",widen,1,"F[0,3](((x<=1 && y>-1)) U[0,2] (y<-1))",0.0,0.0,0.5625,0.0,
104,"F[0,2](((x<=1 && y>-1)) U[0,2] (y<-1))",widen,2,"F[0,4](((x<=1 && y>-1)) U[0,2] (y<-1))",0.0,0.0,0.5625,0.0,
104,"F[0,2](((x<=1 && y>-1)) U[0,2] (y<-1))",widen,3,"F[0,5](((x<=1 && y>-1)) U[0,2] (y<-1))",0.0,0.0,0.5624999999999997,0.0,
104,"F[0,2](((x<=1 && y>-1)) U[0,2] (y<-1))",strict,0,"F[0,2](((x<=1 && y>-1)) U[0,2] (y<=-1))",0.0,0.0,0.0,0.0,
105,"F[2,5]((y>3) U[0,1] ((x<=-2 && y>-1)))",const,1,"F[2,5]((y>4) U[0,1] ((x<=-2 && y>-1)))",0.05322595511210726,0.1762266959621197,0.06250000000000233,0.010416666666666666,
105,"F[2,5]((y>3) U[0,1] ((x<=-2 && y>-1)))",const,2,"F[2,5]((y>5) U[0,1] ((x<=-2 && y>-1)))",0.10445156440515602,0.3643330948437691,0.125,0.020833333333333332,
105,"F[2,5]((y>3) U[0,1] ((x<=-2 && y>-1)))",const,3,"F[2,5]((y>6) U[0,1] ((x<=-2 && y>-1)))",0.15410551609962642,0.5643568339967282,0.18750000000000056,0.03125,
105,"F[2,5]((y>3) U[0,1] ((x<=-2 && y>-1)))",const,4,"F[2,5]((y>7) U[0,1] ((x<=-2 && y>-1)))",0.19932616937394088,0.776274832968354,0.25000000000000094,0.041666666666666664,
105,"F[2,5]((y>3) U[0,1] ((x<=-2 && y>-1)))",shift,1,"F[3,6]((y>3) U[0,1] ((x<=-2 && y>-1)))",0.25232118294360384,0.29029337112466824,0.6875,0.0,
105,"F[2,5]((y>3) U[0,1] ((x<=-2 && y>-1)))",shift,2,"F[4,7]((y>3) U[0,1] ((x<=-2 && y>-1)))",0.4444444444444444,0.48448711368129316,0.6875,0.0,
105,"F[2,5]((y>3) U[0,1] ((x<=-2 && y>-1)))",shift,3,"F[5,8]((y>3) U[0,1] ((x<=-2 && y>-1)))",0.6,0.6226023089576447,0.6875,0.034722222222222224,
105,"F[2,5]((y>3) U[0,1] ((x<=-2 && y>-1)))",widen,1,"F[2,6]((y>3) U[0,1] ((x<=-2 && y>-1)))",0.12790561622464902,0.14514668556233412,0.6875,0.0,
105,"F[2,5]((y>3) U[0,1] ((x<=-2 && y>-1)))",widen,2,"F[2,7]((y>3) U[0,1] ((x<=-2 && y>-1)))",0.22646455805962773,0.2422435568406467,0.6875,0.0,
105,"F[2,5]((y>3) U[0,1] ((x<=-2 && y>-1)))",widen,3,"F[2,8]((y>3) U[0,1] ((x<=-2 && y>-1)))",0.30481683676130533,0.31130115447882245,0.6875,0.0,
105,"F[2,5]((y>3) U[0,1] ((x<=-2 && y>-1)))",strict,0,"F[2,5]((y>=3) U[0,1] ((x<=-2 && y>-1)))",5.4407893523844564e-08,1.703135139585754e-07,0.0,0.0,
106,"F[0,3]((y<0 && (x<=0 && x>-3)))",const,1,"F[0,3]((y<0 && (x<=0 && x>-4)))",0.0843145009053442,0.21346110959483888,0.06250000000000008,0.020833333333333332,
106,"F[0,3]((y<0 && (x<=0 && x>-3)))",const,2,"F[0,3]((y<0 && (x<=0 && x>-5)))",0.14575262262294508,0.3400272938047584,0.1250000000000012,0.041666666666666664,
106,"F[0,3]((y<0 && (x<=0 && x>-3)))",const,3,"F[0,3]((y<0 && (x<=0 && x>-6)))",0.1957526026229528,0.4230983703351038,0.18750000000000008,0.0625,
106,"F[0,3]((y<0 && (x<=0 && x>-3)))",const,4,"F[0,3]((y<0 && (x<=0 && x>-7)))",0.21516792206969748,0.48127593653033196,0.25,0.08333333333333333,
106,"F[0,3]((y<0 && (x<=0 && x>-3)))",shift,1,"F[1,4]((y<0 && (x<=0 && x>-3)))",0.4,0.32535411977229356,0.5000000625,0.0,
106,"F[0,3]((y<0 && (x<=0 && x>-3)))",shift,2,"F[2,5]((y<0 && (x<=0 && x>-3)))",0.6666666666666667,0.5405195989490252,0.5000000625,0.0,
106,"F[0,3]((y<0 && (x<=0 && x>-3)))",shift,3,"F[3,6]((y<0 && (x<=0 && x>-3)))",0.8571428571428572,0.6927358351210604,0.5000000625,0.22916666666666666,
106,"F[0,3]((y<0 && (x<=0 && x>-3)))",widen,1,"F[0,4]((y<0 && (x<=0 && x>-3)))",0.20689099118469134,0.16267705988614678,0.5000000625,0.0,
106,"F[0,3]((y<0 && (x<=0 && x>-3)))",widen,2,"F[0,5]((y<0 && (x<=0 && x>-3)))",0.342801016188113,0.2702597994745126,0.5000000625,0.0,
106,"F[0,3]((y<0 && (x<=0 && x>-3)))",widen,3,"F[0,6]((y<0 && (x<=0 && x>-3)))",0.4388942058234119,0.3463679175605302,0.5000000625,0.0,
106,"F[0,3]((y<0 && (x<=0 && x>-3)))",strict,0,"F[0,3]((y<0 && (x<=0 && x>=-3)))",1.033779865045048e-07,2.8584049616142693e-07,0.0,0.0,
107,"F[2,5](((y>2 && x>=2) || (y>0 || x>-1)))",const,1,"F[2,5](((y>1 && x>=2) || (y>0 || x>-1)))",0.0,0.0,0.0,0.0,
107,"F[2,5](((y>2 && x>=2) || (y>0 || x>-1)))",const,2,"F[2,5](((y>0 && x>=2) || (y>0 || x>-1)))",0.0,0.0,0.0,0.0,
107,"F[2,5](((y>2 && x>=2) || (y>0 || x>-1)))",const,3,"F[2,5](((y>-1 && x>=2) || (y>0 || x>-1)))",0.0,0.0,0.0,0.0,
107,"F[2,5](((y>2 && x>=2) || (y>0 || x>-1)))",const,4,"F[2,5](((y>-2 && x>=2) || (y>0 || x>-1)))",0.0,0.0,0.0,0.0,
107,"F[2,5](((y>2 && x>=2) || (y>0 || x>-1)))",shift,1,"F[3,6](((y>2 && x>=2) || (y>0 || x>-1)))",0.2857142857142857,0.003579561998803271,0.4375,0.0,
107,"F[2,5](((y>2 && x>=2) || (y>0 || x>-1)))",shift,2,"F[4,7](((y>2 && x>=2) || (y>0 || x>-1)))",0.5,0.004360883850325403,0.4375,0.0,
107,"F[2,5](((y>2 && x>=2) || (y>0 || x>-1)))",shift,3,"F[5,8](((y>2 && x>=2) || (y>0 || x>-1)))",0.6666666666666667,0.004531716494163285,0.4375,0.125,
107,"F[2,5](((y>2 && x>=2) || (y>0 || x>-1)))",widen,1,"F[2,6](((y>2 && x>=2) || (y>0 || x>-1)))",0.14296187683284467,0.0017897809994014136,0.4375,0.0,
107,"F[2,5](((y>2 && x>=2) || (y>0 || x>-1)))",widen,2,"F[2,7](((y>2 && x>=2) || (y>0 || x>-1)))",0.25011446886446886,0.002180441925162535,0.4375,0.0,
107,"F[2,5](((y>2 && x>=2) || (y>0 || x>-1)))",widen,3,"F[2,8](((y>2 && x>=2) || (y>0 || x>-1)))",0.3334401513764268,0.002265858247081698,0.4375,0.0,
107,"F[2,5](((y>2 && x>=2) || (y>0 || x>-1)))",strict,0,"F[2,5](((y>=2 && x>=2) || (y>0 || x>-1)))",0.0,0.0,0.0,0.0,
108,"F[1,3](F[0,2]((x>1 && x<-1)))",const,1,"F[1,3](F[0,2]((x>1 && x<-2)))",0.0,0.0,0.0,0.0,
108,"F[1,3](F[0,2]((x>1 && x<-1)))",const,2,"F[1,3](F[0,2]((x>1 && x<-3)))",0.0,0.0,0.0,0.0,
108,"F[1,3](F[0,2]((x>1 && x<-1)))",const,3,"F[1,3](F[0,2]((x>1 && x<-4)))",0.0,0.0,0.0,0.0,
108,"F[1,3](F[0,2]((x>1 && x<-1)))",const,4,"F[1,3](F[0,2]((x>1 && x<-5)))",0.0,0.0,0.0,0.0,
108,"F[1,3](F[0,2]((x>1 && x<-1)))",shift,1,"F[2,4](F[0,2]((x>1 && x<-1)))",0.0,0.0,0.0,0.0,
108,"F[1,3](F[0,2]((x>1 && x<-1)))",shift,2,"F[3,5](F[0,2]((x>1 && x<-1)))",0.0,0.0,0.0,0.0,
108,"F[1,3](F[0,2]((x>1 && x<-1)))",shift,3,"F[4,6](F[0,2]((x>1 && x<-1)))",0.0,0.0,0.0,0.0,
108,"F[1,3](F[0,2]((x>1 && x<-1)))",widen,1,"F[1,4](F[0,2]((x>1 && x<-1)))",0.0,0.0,0.0,0.0,
108,"F[1,3](F[0,2]((x>1 && x<-1)))",widen,2,"F[1,5](F[0,2]((x>1 && x<-1)))",0.0,0.0,0.0,0.0,
108,"F[1,3](F[0,2]((x>1 && x<-1)))",widen,3,"F[1,6](F[0,2]((x>1 && x<-1)))",0.0,0.0,0.0,0.0,
108,"F[1,3](F[0,2]((x>1 && x<-1)))",strict,0,"F[1,3](F[0,2]((x>1 && x<=-1)))",0.0,0.0,0.0,0.0,
109,"G[0,3](((x>=1 && y>0)) U[0,1] (x<=-2))",const,1,"G[0,3](((x>=1 && y>-1)) U[0,1] (x<=-2))",0.0,0.0,0.0,0.046875,
109,"G[0,3](((x>=1 && y>0)) U[0,1] (x<=-2))",const,2,"G[0,3](((x>=1 && y>-2)) U[0,1] (x<=-2))",0.0,0.0,0.0,0.09375,
109,"G[0,3](((x>=1 && y>0)) U[0,1] (x<=-2))",const,3,"G[0,3](((x>=1 && y>-3)) U[0,1] (x<=-2))",0.0,0.0,0.0,0.140625,
109,"G[0,3](((x>=1 && y>0)) U[0,1] (x<=-2))",const,4,"G[0,3](((x>=1 && y>-4)) U[0,1] (x<=-2))",0.0,0.0,0.0,0.1875,
109,"G[0,3](((x>=1 && y>0)) U[0,1] (x<=-2))",shift,1,"G[1,4](((x>=1 && y>0)) U[0,1] (x<=-2))",0.0,0.0,0.0,0.1875,
109,"G[0,3](((x>=1 && y>0)) U[0,1] (x<=-2))",shift,2,"G[2,5](((x>=1 && y>0)) U[0,1] (x<=-2))",0.0,0.0,0.0,0.3229166666666667,
109,"G[0,3](((x>=1 && y>0)) U[0,1] (x<=-2))",shift,3,"G[3,6](((x>=1 && y>0)) U[0,1] (x<=-2))",0.0,0.0,0.0,0.41964285714285715,
109,"G[0,3](((x>=1 && y>0)) U[0,1] (x<=-2))",widen,1,"G[0,4](((x>=1 && y>0)) U[0,1] (x<=-2))",0.0,0.0,0.0,0.0875,
109,"G[0,3](((x>=1 && y>0)) U[0,1] (x<=-2))",widen,2,"G[0,5](((x>=1 && y>0)) U[0,1] (x<=-2))",0.0,0.0,0.0,0.15625,
109,"G[0,3](((x>=1 && y>0)) U[0,1] (x<=-2))",widen,3,"G[0,6](((x>=1 && y>0)) U[0,1] (x<=-2))",0.0,0.0,0.0,0.20535714285714285,
109,"G[0,3](((x>=1 && y>0)) U[0,1] (x<=-2))",strict,0,"G[0,3](((x>=1 && y>=0)) U[0,1] (x<=-2))",0.0,0.0,0.0,0.0,
110,"G[1,2](G[0,1](x<=0))",const,1,"G[1,2](G[0,1](x<=1))",0.08333339814813367,0.29766824325553576,0.0625,0.041666666666666664,
110,"G[1,2](G[0,1](x<=0))",const,2,"G[1,2](G[0,1](x<=2))",0.15000004499999098,0.4880001151999682,0.125,0.08333333333333333,
110,"G[1,2](G[0,1](x<=0))",const,3,"G[1,2](G[0,1](x<=3))",0.20454548553718455,0.6153268875076684,0.1875,0.125,
110,"G[1,2](G[0,1](x<=0))",const,4,"G[1,2](G[0,1](x<=4))",0.25000002083332984,0.7037037407407329,0.25,0.16666666666666666,
110,"G[1,2](G[0,1](x<=0))",shift,1,"G[2,3](G[0,1](x<=0))",0.4,0.66666663888889,0.5,0.25,
110,"G[1,2](G[0,1](x<=0))",shift,2,"G[3,4](G[0,1](x<=0))",0.6666666666666667,0.857142836734694,0.5,0.4,
110,"G[1,2](G[0,1](x<=0))",shift,3,"G[4,5](G[0,1](x<=0))",0.8571428571428572,0.9333333199999998,0.5,0.3333333333333333,
110,"G[1,2](G[0,1](x<=0))",widen,1,"G[1,3](G[0,1](x<=0))",0.19999999999999996,0.49999996875000186,0.5,0.125,
110,"G[1,2](G[0,1](x<=0))",widen,2,"G[1,4](G[0,1](x<=0))",0.33333333333333337,0.749999968750001,0.5,0.2,
110,"G[1,2](G[0,1](x<=0))",widen,3,"G[1,5](G[0,1](x<=0))",0.4285714285714286,0.8749999765625,0.5,0.25,
110,"G[1,2](G[0,1](x<=0))",strict,0,"G[1,2](G[0,1](x<0))",9.374998821698455e-08,3.7499990634959346e-07,0.0,0.0,
111,"F[1,2](((x<=2 || y<-2) || y<=-1))",const,1,"F[1,2](((x<=1 || y<-2) || y<=-1))",0.0400000332698357,0.01681572313929036,0.0625,0.0,
111,"F[1,2](((x<=2 || y<-2) || y<=-1))",const,2,"F[1,2](((x<=0 || y<-2) || y<=-1))",0.07444446969444063,0.03621846229947745,0.125,0.0,
111,"F[1,2](((x<=2 || y<-2) || y<=-1))",const,3,"F[1,2](((x<=-1 || y<-2) || y<=-1))",0.10518520381892738,0.05820823300275224,0.1875,0.0,
111,"F[1,2](((x<=2 || y<-2) || y<=-1))",const,4,"F[1,2](((x<=-2 || y<-2) || y<=-1))",0.13333334622222048,0.0827850352491144,0.25,0.0,
111,"F[1,2](((x<=2 || y<-2) || y<=-1))",shift,1,"F[2,3](((x<=2 || y<-2) || y<=-1))",0.5,0.07088334476932567,0.375,0.25,
111,"F[1,2](((x<=2 || y<-2) || y<=-1))",shift,2,"F[3,4](((x<=2 || y<-2) || y<=-1))",0.8,0.0851983566026544,0.375,0.1875,
111,"F[1,2](((x<=2 || y<-2) || y<=-1))",shift,3,"F[4,5](((x<=2 || y<-2) || y<=-1))",0.8333333333333334,0.08519835660265418,0.375,0.15,
111,"F[1,2](((x<=2 || y<-2) || y<=-1))",widen,1,"F[1,3](((x<=2 || y<-2) || y<=-1))",0.25297619047619047,0.03544167238466267,0.375,0.0,
111,"F[1,2](((x<=2 || y<-2) || y<=-1))",widen,2,"F[1,4](((x<=2 || y<-2) || y<=-1))",0.40294117647058825,0.04259917830132709,0.375,0.0,
111,"F[1,2](((x<=2 || y<-2) || y<=-1))",widen,3,"F[1,5](((x<=2 || y<-2) || y<=-1))",0.5025659824046921,0.04409541904510472,0.375,0.0,
111,"F[1,2](((x<=2 || y<-2) || y<=-1))",strict,0,"F[1,2](((x<2 || y<-2) || y<=-1))",4.370369766082405e-08,1.5522192642336563e-08,0.0,0.0,
112,"F[1,4](y<0)",const,1,"F[1,4](y<-1)",0.09481489374484298,0.040120484236654375,0.0625,0.015625,
112,"F[1,4](y<0)",const,2,"F[1,4](y<-2)",0.18133339573332385,0.09609379882812452,0.125,0.03125,
112,"F[1,4](y<0)",const,3,"F[1,4](y<-3)",0.2618182305785055,0.17163091353352655,0.1875,0.046875,
112,"F[1,4](y<0)",const,4,"F[1,4](y<-4)",0.33777781481480984,0.2708333895833299,0.25,0.0625,
112,"F[1,4](y<0)",shift,1,"F[2,5](y<0)",0.33333333333333337,0.06451614177939635,0.5,0.0,
112,"F[1,4](y<0)",shift,2,"F[3,6](y<0)",0.5714285714285714,0.09523811564625861,0.5,0.0,
112,"F[1,4](y<0)",shift,3,"F[4,7](y<0)",0.75,0.11023624545849098,0.5,0.14285714285714285,
112,"F[1,4](y<0)",widen,1,"F[1,5](y<0)",0.16935483870967738,0.03225807088969834,0.5,0.0,
112,"F[1,4](y<0)",widen,2,"F[1,6](y<0)",0.2891156462585034,0.04761905782312936,0.5,0.0,
112,"F[1,4](y<0)",widen,3,"F[1,7](y<0)",0.3784448818897638,0.055118122729245544,0.5,0.0,
112,"F[1,4](y<0)",strict,0,"F[1,4](y<=0)",9.999998751286654e-08,3.333333054023058e-08,0.0,0.0,
113,"G[1,3](G[0,1](((y>-1 || x>2) || (y<3 || x>-1))))",const,1,"G[1,3](G[0,1](((y>-2 || x>2) || (y<3 || x>-1))))",0.0,0.0,0.0,0.0,
113,"G[1,3](G[0,1](((y>-1 || x>2) || (y<3 || x>-1))))",const,2,"G[1,3](G[0,1](((y>-3 || x>2) || (y<3 || x>-1))))",0.0,0.0,0.0,0.0,
113,"G[1,3](G[0,1](((y>-1 || x>2) || (y<3 || x>-1))))",const,3,"G[1,3](G[0,1](((y>-4 || x>2) || (y<3 || x>-1))))",0.0,0.0,0.0,0.0,
113,"G[1,3](G[0,1](((y>-1 || x>2) || (y<3 || x>-1))))",const,4,"G[1,3](G[0,1](((y>-5 || x>2) || (y<3 || x>-1))))",0.0,0.0,0.0,0.0,
113,"G[1,3](G[0,1](((y>-1 || x>2) || (y<3 || x>-1))))",shift,1,"G[2,4](G[0,1](((y>-1 || x>2) || (y<3 || x>-1))))",0.0,0.0,0.0,0.15,
113,"G[1,3](G[0,1](((y>-1 || x>2) || (y<3 || x>-1))))",shift,2,"G[3,5](G[0,1](((y>-1 || x>2) || (y<3 || x>-1))))",0.0,0.0,0.0,0.25,
113,"G[1,3](G[0,1](((y>-1 || x>2) || (y<3 || x>-1))))",shift,3,"G[4,6](G[0,1](((y>-1 || x>2) || (y<3 || x>-1))))",0.0,0.0,0.0,0.32142857142857145,
113,"G[1,3](G[0,1](((y>-1 || x>2) || (y<3 || x>-1))))",widen,1,"G[1,4](G[0,1](((y>-1 || x>2) || (y<3 || x>-1))))",0.0,0.0,0.0,0.075,
113,"G[1,3](G[0,1](((y>-1 || x>2) || (y<3 || x>-1))))",widen,2,"G[1,5](G[0,1](((y>-1 || x>2) || (y<3 || x>-1))))",0.0,0.0,0.0,0.125,
113,"G[1,3](G[0,1](((y>-1 || x>2) || (y<3 || x>-1))))",widen,3,"G[1,6](G[0,1](((y>-1 || x>2) || (y<3 || x>-1))))",0.0,0.0,0.0,0.16071428571428573,
113,"G[1,3](G[0,1](((y>-1 || x>2) || (y<3 || x>-1))))",strict,0,"G[1,3](G[0,1](((y>=-1 || x>2) || (y<3 || x>-1))))",0.0,0.0,0.0,0.0,
114,"G[1,4](F[1,3](((y<=-3 || x>0) && (y>-1 && x<2))))",const,1,"G[1,4](F[1,3](((y<=-4 || x>0) && (y>-1 && x<2))))",0.0,0.0,2.256708064309604e-14,0.0,
114,"G[1,4](F[1,3](((y<=-3 || x>0) && (y>-1 && x<2))))",const,2,"G[1,4](F[1,3](((y<=-5 || x>0) && (y>-1 && x<2))))",0.0,0.0,4.586331314726522e-13,0.0,
114,"G[1,4](F[1,3](((y<=-3 || x>0) && (y>-1 && x<2))))",const,3,"G[1,4](F[1,3](((y<=-6 || x>0) && (y>-1 && x<2))))",0.0,0.0,4.1744385725905886e-14,0.0,
114,"G[1,4](F[1,3](((y<=-3 || x>0) && (y>-1 && x<2))))",const,4,"G[1,4](F[1,3](((y<=-7 || x>0) && (y>-1 && x<2))))",0.0,0.0,1.3530374240399491e-13,0.0,
114,"G[1,4](F[1,3](((y<=-3 || x>0) && (y>-1 && x<2))))",shift,1,"G[2,5](F[1,3](((y<=-3 || x>0) && (y>-1 && x<2))))",0.2222222222222222,0.5833400032793847,0.5,0.0,
114,"G[1,4](F[1,3](((y<=-3 || x>0) && (y>-1 && x<2))))",shift,2,"G[3,6](F[1,3](((y<=-3 || x>0) && (y>-1 && x<2))))",0.4,0.8270611332793198,0.5,0.1388888888888889,
114,"G[1,4](F[1,3](((y<=-3 || x>0) && (y>-1 && x<2))))",shift,3,"G[4,7](F[1,3](((y<=-3 || x>0) && (y>-1 && x<2))))",0.5454545454545454,0.9361940085822258,0.5,0.25,
114,"G[1,4](F[1,3](((y<=-3 || x>0) && (y>-1 && x<2))))",widen,1,"G[1,5](F[1,3](((y<=-3 || x>0) && (y>-1 && x<2))))",0.11111111111111116,0.4117713527803011,0.5,0.078125,
114,"G[1,4](F[1,3](((y<=-3 || x>0) && (y>-1 && x<2))))",widen,2,"G[1,6](F[1,3](((y<=-3 || x>0) && (y>-1 && x<2))))",0.19999999999999996,0.7051187037493518,0.5,0.1388888888888889,
114,"G[1,4](F[1,3](((y<=-3 || x>0) && (y>-1 && x<2))))",widen,3,"G[1,7](F[1,3](((y<=-3 || x>0) && (y>-1 && x<2))))",0.2727272727272727,0.8800420529071517,0.5000000498543996,0.1875,
114,"G[1,4](F[1,3](((y<=-3 || x>0) && (y>-1 && x<2))))",strict,0,"G[1,4](F[1,3](((y<-3 || x>0) && (y>-1 && x<2))))",0.0,0.0,2.1094237467877974e-15,0.0,
115,"F[1,4](((x>3 || y<2) && x<=2))",const,1,"F[1,4](((x>3 || y<3) && x<=2))",0.049177527050234815,0.03589786842378917,0.0625,0.0,
115,"F[1,4](((x>3 || y<2) && x<=2))",const,2,"F[1,4](((x>3 || y<4) && x<=2))",0.09485716828570989,0.06328043448627352,0.125,0.0,
115,"F[1,4](((x>3 || y<2) && x<=2))",const,3,"F[1,4](((x>3 || y<5) && x<=2))",0.1378461675063387,0.08414553958489923,0.1875,0.0,
115,"F[1,4](((x>3 || y<2) && x<=2))",const,4,"F[1,4](((x>3 || y<6) && x<=2))",0.17872109081697674,0.09994817330126071,0.25,0.0,
115,"F[1,4](((x>3 || y<2) && x<=2))",shift,1,"F[2,5](((x>3 || y<2) && x<=2))",0.33333333333333337,0.11761057033084421,0.375,0.0,
115,"F[1,4](((x>3 || y<2) && x<=2))",shift,2,"F[3,6](((x>3 || y<2) && x<=2))",0.5714285714285714,0.18273143117207014,0.375,0.0,
115,"F[1,4](((x>3 || y<2) && x<=2))",shift,3,"F[4,7](((x>3 || y<2) && x<=2))",0.75,0.2202506813327696,0.375,0.0,
115,"F[1,4](((x>3 || y<2) && x<=2))",widen,1,"F[1,5](((x>3 || y<2) && x<=2))",0.1710413999146394,0.05880528516542205,0.375,0.0,
115,"F[1,4](((x>3 || y<2) && x<=2))",widen,2,"F[1,6](((x>3 || y<2) && x<=2))",0.2918027918027918,0.0913657155860349,0.375,0.0,
115,"F[1,4](((x>3 || y<2) && x<=2))",widen,3,"F[1,7](((x>3 || y<2) && x<=2))",0.3816783475382123,0.11012534066638457,0.375,0.0,
115,"F[1,4](((x>3 || y<2) && x<=2))",strict,0,"F[1,4](((x>3 || y<=2) && x<=2))",5.127618352140928e-08,4.101211348306322e-08,0.0,0.0,
116,"G[0,2](((x<2 && x<=-1) && (x>0 || x>-2)))",const,1,"G[0,2](((x<3 && x<=-1) && (x>0 || x>-2)))",0.0,0.0,0.0,0.0,
116,"G[0,2](((x<2 && x<=-1) && (x>0 || x>-2)))",const,2,"G[0,2](((x<4 && x<=-1) && (x>0 || x>-2)))",0.0,0.0,0.0,0.0,
116,"G[0,2](((x<2 && x<=-1) && (x>0 || x>-2)))",const,3,"G[0,2](((x<5 && x<=-1) && (x>0 || x>-2)))",0.0,0.0,0.0,0.0,
116,"G[0,2](((x<2 && x<=-1) && (x>0 || x>-2)))",const,4,"G[0,2](((x<6 && x<=-1) && (x>0 || x>-2)))",0.0,0.0,0.0,0.0,
116,"G[0,2](((x<2 && x<=-1) && (x>0 || x>-2)))",shift,1,"G[1,3](((x<2 && x<=-1) && (x>0 || x>-2)))",0.5,0.9677419105098912,0.5625,0.0,
116,"G[0,2](((x<2 && x<=-1) && (x>0 || x>-2)))",shift,2,"G[2,4](((x<2 && x<=-1) && (x>0 || x>-2)))",0.8,0.9980430498964078,0.5625000625,0.0,
116,"G[0,2](((x<2 && x<=-1) && (x>0 || x>-2)))",shift,3,"G[3,5](((x<2 && x<=-1) && (x>0 || x>-2)))",1.0,0.9998779145097942,0.5625000625,0.0,
116,"G[0,2](((x<2 && x<=-1) && (x>0 || x>-2)))",widen,1,"G[0,3](((x<2 && x<=-1) && (x>0 || x>-2)))",0.25,0.9374999531250117,0.5625000625,0.0,
116,"G[0,2](((x<2 && x<=-1) && (x>0 || x>-2)))",widen,2,"G[0,4](((x<2 && x<=-1) && (x>0 || x>-2)))",0.4,0.9960937441406242,0.5625,0.0,
116,"G[0,2](((x<2 && x<=-1) && (x>0 || x>-2)))",widen,3,"G[0,5](((x<2 && x<=-1) && (x>0 || x>-2)))",0.5,0.9997558588256833,0.5625000625,0.0,
116,"G[0,2](((x<2 && x<=-1) && (x>0 || x>-2)))",strict,0,"G[0,2](((x<=2 && x<=-1) && (x>0 || x>-2)))",0.0,0.0,0.0,0.0,
117,"G[1,2](((y<-3 || x<-1)) U[0,2] ((y>3 || y>=2)))",const,1,"G[1,2](((y<-3 || x<0)) U[0,2] ((y>3 || y>=2)))",0.048384209561591285,0.19741567211140032,0.0625000625,0.0,
117,"G[1,2](((y<-3 || x<-1)) U[0,2] ((y>3 || y>=2)))",const,2,"G[1,2](((y<-3 || x<1)) U[0,2] ((y>3 || y>=2)))",0.0888889205841965,0.3427394250075192,0.12500006249999993,0.0,
117,"G[1,2](((y<-3 || x<-1)) U[0,2] ((y>3 || y>=2)))",const,3,"G[1,2](((y<-3 || x<2)) U[0,2] ((y>3 || y>=2)))",0.12387801980779178,0.4528953704360116,0.18750006249999993,0.0,
117,"G[1,2](((y<-3 || x<-1)) U[0,2] ((y>3 || y>=2)))",const,4,"G[1,2](((y<-3 || x<3)) U[0,2] ((y>3 || y>=2)))",0.154855764858993,0.5383939176232951,0.25000000000000056,0.0,
117,"G[1,2](((y<-3 || x<-1)) U[0,2] ((y>3 || y>=2)))",shift,1,"G[2,3](((y<-3 || x<-1)) U[0,2] ((y>3 || y>=2)))",0.3661492369689543,0.6532450048473823,0.6250000625,0.0,
117,"G[1,2](((y<-3 || x<-1)) U[0,2] ((y>3 || y>=2)))",shift,2,"G[3,4](((y<-3 || x<-1)) U[0,2] ((y>3 || y>=2)))",0.6023576099323062,0.8779953679897244,0.6250000625,0.0,
117,"G[1,2](((y<-3 || x<-1)) U[0,2] ((y>3 || y>=2)))",shift,3,"G[4,5](((y<-3 || x<-1)) U[0,2] ((y>3 || y>=2)))",0.7757352944852941,0.9156700858971334,0.6250000625,0.0,
117,"G[1,2](((y<-3 || x<-1)) U[0,2] ((y>3 || y>=2)))",widen,1,"G[1,3](((y<-3 || x<-1)) U[0,2] ((y>3 || y>=2)))",0.20161258898517742,0.48505110966627984,0.625,0.0,
117,"G[1,2](((y<-3 || x<-1)) U[0,2] ((y>3 || y>=2)))",widen,2,"G[1,4](((y<-3 || x<-1)) U[0,2] ((y>3 || y>=2)))",0.3162563273010959,0.7825238354111212,0.6250000625,0.0,
117,"G[1,2](((y<-3 || x<-1)) U[0,2] ((y>3 || y>=2)))",widen,3,"G[1,5](((y<-3 || x<-1)) U[0,2] ((y>3 || y>=2)))",0.4057555724543658,0.8932612150102205,0.6250000625,0.0,
117,"G[1,2](((y<-3 || x<-1)) U[0,2] ((y>3 || y>=2)))",strict,0,"G[1,2](((y<-3 || x<=-1)) U[0,2] ((y>3 || y>=2)))",5.34495208093233e-08,2.3165094475974257e-07,0.0,0.0,
118,"F[2,3](((y<=0 && x>=3) && (x>2 || x<=-1)))",const,1,"F[2,3](((y<=0 && x>=3) && (x>3 || x<=-1)))",4.220778448971174e-08,1.830508126188235e-07,0.0,0.0,
118,"F[2,3](((y<=0 && x>=3) && (x>2 || x<=-1)))",const,2,"F[2,3](((y<=0 && x>=3) && (x>4 || x<=-1)))",0.04166673472219762,0.18644097856926034,0.0625,0.0,
118,"F[2,3](((y<=0 && x>=3) && (x>2 || x<=-1)))",const,3,"F[2,3](((y<=0 && x>=3) && (x>5 || x<=-1)))",0.08241763457310058,0.3796612481929582,0.125,0.0,
118,"F[2,3](((y<=0 && x>=3) && (x>2 || x<=-1)))",const,4,"F[2,3](((y<=0 && x>=3) && (x>6 || x<=-1)))",0.12244901618074533,0.5796611749726475,0.1875,0.0,
118,"F[2,3](((y<=0 && x>=3) && (x>2 || x<=-1)))",shift,1,"F[3,4](((y<=0 && x>=3) && (x>2 || x<=-1)))",0.4,0.5571264720929808,0.6875,0.25,
118,"F[2,3](((y<=0 && x>=3) && (x>2 || x<=-1)))",shift,2,"F[4,5](((y<=0 && x>=3) && (x>2 || x<=-1)))",0.6666666666666667,0.8317170429790486,0.6875,0.2,
118,"F[2,3](((y<=0 && x>=3) && (x>2 || x<=-1)))",shift,3,"F[5,6](((y<=0 && x>=3) && (x>2 || x<=-1)))",0.7142857142857143,0.8317170429790486,0.6875,0.16666666666666666,
118,"F[2,3](((y<=0 && x>=3) && (x>2 || x<=-1)))",widen,1,"F[2,4](((y<=0 && x>=3) && (x>2 || x<=-1)))",0.21351351351351355,0.27856323604649047,0.6875000625,0.0,
118,"F[2,3](((y<=0 && x>=3) && (x>2 || x<=-1)))",widen,2,"F[2,5](((y<=0 && x>=3) && (x>2 || x<=-1)))",0.3500000000000001,0.4158585214895243,0.6875000625,0.0,
118,"F[2,3](((y<=0 && x>=3) && (x>2 || x<=-1)))",widen,3,"F[2,6](((y<=0 && x>=3) && (x>2 || x<=-1)))",0.4454911285897202,0.4966781609971085,0.6875000625,0.0,
118,"F[2,3](((y<=0 && x>=3) && (x>2 || x<=-1)))",strict,0,"F[2,3](((y<=0 && x>=3) && (x>=2 || x<=-1)))",0.0,0.0,0.0,0.0,
119,"F[0,1](F[0,2](x<-3))",const,1,"F[0,1](F[0,2](x<-2))",0.13131324009793033,0.08356749214801606,0.0625,0.041666666666666664,
119,"F[0,1](F[0,2](x<-3))",const,2,"F[0,1](F[0,2](x<-1))",0.23722951864843855,0.137007268199418,0.125,0.08333333333333333,
119,"F[0,1](F[0,2](x<-3))",const,3,"F[0,1](F[0,2](x<0))",0.32727278822313177,0.17163091353352655,0.1875,0.125,
119,"F[0,1](F[0,2](x<-3))",const,4,"F[0,1](F[0,2](x<1))",0.40673405122605955,0.19387032849051467,0.25,0.16666666666666666,
119,"F[0,1](F[0,2](x<-3))",shift,1,"F[1,2](F[0,2](x<-3))",0.4,0.1649643798886703,0.6875,0.0,
119,"F[0,1](F[0,2](x<-3))",shift,2,"F[2,3](F[0,2](x<-3))",0.6666666666666667,0.26343870543801506,0.6875,0.125,
119,"F[0,1](F[0,2](x<-3))",shift,3,"F[3,4](F[0,2](x<-3))",0.8571428571428572,0.32522713357599375,0.6875,0.20833333333333334,
119,"F[0,1](F[0,2](x<-3))",widen,1,"F[0,2](F[0,2](x<-3))",0.2032258064516128,0.0824821899443352,0.6875,0.0,
119,"F[0,1](F[0,2](x<-3))",widen,2,"F[0,3](F[0,2](x<-3))",0.3373015873015873,0.1317193527190076,0.6875,0.0,
119,"F[0,1](F[0,2](x<-3))",widen,3,"F[0,4](F[0,2](x<-3))",0.43250843644544434,0.16261356678799677,0.6875,0.0,
119,"F[0,1](F[0,2](x<-3))",strict,0,"F[0,1](F[0,2](x<=-3))",1.4909088386083624e-07,1.046075057686835e-07,0.0,0.0,
120,"G[0,3](G[1,2](((y>-2 || x>=1) || (y<1 && y<=-3))))",const,1,"G[0,3](G[1,2](((y>-2 || x>=1) || (y<1 && y<=-4))))",0.07500001999999217,0.16938463518896651,0.0625,0.0,
120,"G[0,3](G[1,2](((y>-2 || x>=1) || (y<1 && y<=-3))))",const,2,"G[0,3](G[1,2](((y>-2 || x>=1) || (y<1 && y<=-5))))",0.1222222196296332,0.3149967860984457,0.09375,0.0,
120,"G[0,3](G[1,2](((y>-2 || x>=1) || (y<1 && y<=-3))))",const,3,"G[0,3](G[1,2](((y>-2 || x>=1) || (y<1 && y<=-6))))",0.1479166634027791,0.43943158291217477,0.125,0.0,
120,"G[0,3](G[1,2](((y>-2 || x>=1) || (y<1 && y<=-3))))",const,4,"G[0,3](G[1,2](((y>-2 || x>=1) || (y<1 && y<=-7))))",0.16111110500000114,0.5450878628358865,0.15625,0.0,
120,"G[0,3](G[1,2](((y>-2 || x>=1) || (y<1 && y<=-3))))",shift,1,"G[1,4](G[1,2](((y>-2 || x>=1) || (y<1 && y<=-3))))",0.2857142857142857,0.06792457751511594,0.03125,0.10416666666666667,
120,"G[0,3](G[1,2](((y>-2 || x>=1) || (y<1 && y<=-3))))",shift,2,"G[2,5](G[1,2](((y>-2 || x>=1) || (y<1 && y<=-3))))",0.5,0.12922664228040504,0.03125,0.17857142857142858,
120,"G[0,3](G[1,2](((y>-2 || x>=1) || (y<1 && y<=-3))))",shift,3,"G[3,6](G[1,2](((y>-2 || x>=1) || (y<1 && y<=-3))))",0.6666666666666667,0.18479575981863128,0.03125,0.234375,
120,"G[0,3](G[1,2](((y>-2 || x>=1) || (y<1 && y<=-3))))",widen,1,"G[0,4](G[1,2](((y>-2 || x>=1) || (y<1 && y<=-3))))",0.1428571428571429,0.03515627636718077,0.03125,0.052083333333333336,
120,"G[0,3](G[1,2](((y>-2 || x>=1) || (y<1 && y<=-3))))",widen,2,"G[0,5](G[1,2](((y>-2 || x>=1) || (y<1 && y<=-3))))",0.25,0.06907658896635549,0.03125,0.08928571428571429,
120,"G[0,3](G[1,2](((y>-2 || x>=1) || (y<1 && y<=-3))))",widen,3,"G[0,6](G[1,2](((y>-2 || x>=1) || (y<1 && y<=-3))))",0.3333333333333335,0.10180438968133287,0.03125,0.1171875,
120,"G[0,3](G[1,2](((y>-2 || x>=1) || (y<1 && y<=-3))))",strict,0,"G[0,3](G[1,2](((y>-2 || x>=1) || (y<1 && y<-3))))",1.166664935770001e-07,1.8218618103027495e-07,0.0,0.0,
121,"F[2,3](((x<-3 && x>=-1)) U[0,2] (x>2))",const,1,"F[2,3](((x<-3 && x>=-1)) U[0,2] (x>1))",0.0,0.0,0.0,0.0,
121,"F[2,3](((x<-3 && x>=-1)) U[0,2] (x>2))",const,2,"F[2,3](((x<-3 && x>=-1)) U[0,2] (x>0))",0.0,0.0,0.0,0.0,
121,"F[2,3](((x<-3 && x>=-1)) U[0,2] (x>2))",const,3,"F[2,3](((x<-3 && x>=-1)) U[0,2] (x>-1))",0.0,0.0,0.0,0.0,
121,"F[2,3](((x<-3 && x>=-1)) U[0,2] (x>2))",const,4,"F[2,3](((x<-3 && x>=-1)) U[0,2] (x>-2))",0.0,0.0,0.0,0.0,
121,"F[2,3](((x<-3 && x>=-1)) U[0,2] (x>2))",shift,1,"F[3,4](((x<-3 && x>=-1)) U[0,2] (x>2))",0.0,0.0,0.0,0.0,
121,"F[2,3](((x<-3 && x>=-1)) U[0,2] (x>2))",shift,2,"F[4,5](((x<-3 && x>=-1)) U[0,2] (x>2))",0.0,0.0,0.0,0.0,
121,"F[2,3](((x<-3 && x>=-1)) U[0,2] (x>2))",shift,3,"F[5,6](((x<-3 && x>=-1)) U[0,2] (x>2))",0.0,0.0,0.0,0.0,
121,"F[2,3](((x<-3 && x>=-1)) U[0,2] (x>2))",widen,1,"F[2,4](((x<-3 && x>=-1)) U[0,2] (x>2))",0.0,0.0,0.0,0.0,
121,"F[2,3](((x<-3 && x>=-1)) U[0,2] (x>2))",widen,2,"F[2,5](((x<-3 && x>=-1)) U[0,2] (x>2))",0.0,0.0,0.0,0.0,
121,"F[2,3](((x<-3 && x>=-1)) U[0,2] (x>2))",widen,3,"F[2,6](((x<-3 && x>=-1)) U[0,2] (x>2))",0.0,0.0,0.0,0.0,
121,"F[2,3](((x<-3 && x>=-1)) U[0,2] (x>2))",strict,0,"F[2,3](((x<-3 && x>=-1)) U[0,2] (x>=2))",0.0,0.0,0.0,0.0,
122,"G[0,1](((x<=1 && x<1) || (x<=-2 || x>2)))",const,1,"G[0,1](((x<=0 && x<1) || (x<=-2 || x>2)))",0.055555549382716674,0.12888887229629842,0.06250000000000004,0.0,
122,"G[0,1](((x<=1 && x<1) || (x<=-2 || x>2)))",const,2,"G[0,1](((x<=-1 && x<1) || (x<=-2 || x>2)))",0.11111109876543346,0.248888858074078,0.09375,0.0,
122,"G[0,1](((x<=1 && x<1) || (x<=-2 || x>2)))",const,3,"G[0,1](((x<=-2 && x<1) || (x<=-2 || x>2)))",0.16666664814815024,0.359999978666668,0.125,0.0,
122,"G[0,1](((x<=1 && x<1) || (x<=-2 || x>2)))",const,4,"G[0,1](((x<=-3 && x<1) || (x<=-2 || x>2)))",0.16666664814815024,0.3599999573333382,0.125,0.0,
122,"G[0,1](((x<=1 && x<1) || (x<=-2 || x>2)))",shift,1,"G[1,2](((x<=1 && x<1) || (x<=-2 || x>2)))",0.6666666666666667,0.11764725951551191,0.03125,0.375,
122,"G[0,1](((x<=1 && x<1) || (x<=-2 || x>2)))",shift,2,"G[2,3](((x<=1 && x<1) || (x<=-2 || x>2)))",1.0,0.21602821255554672,0.03125,0.25,
122,"G[0,1](((x<=1 && x<1) || (x<=-2 || x>2)))",shift,3,"G[3,4](((x<=1 && x<1) || (x<=-2 || x>2)))",1.0,0.21602821255554672,0.03125,0.1875,
122,"G[0,1](((x<=1 && x<1) || (x<=-2 || x>2)))",widen,1,"G[0,2](((x<=1 && x<1) || (x<=-2 || x>2)))",0.33333333333333337,0.06250011328122884,0.03125,0.1875,
122,"G[0,1](((x<=1 && x<1) || (x<=-2 || x>2)))",widen,2,"G[0,3](((x<=1 && x<1) || (x<=-2 || x>2)))",0.5,0.12109396240229131,0.03125,0.25,
122,"G[0,1](((x<=1 && x<1) || (x<=-2 || x>2)))",widen,3,"G[0,4](((x<=1 && x<1) || (x<=-2 || x>2)))",0.6,0.17602568931570395,0.03125,0.28125,
122,"G[0,1](((x<=1 && x<1) || (x<=-2 || x>2)))",strict,0,"G[0,1](((x<1 && x<1) || (x<=-2 || x>2)))",0.0,0.0,0.0,0.0,
123,"G[1,3](y>=1)",const,1,"G[1,3](y>=0)",0.0937500703124825,0.33007834033195405,0.0625,0.041666666666666664,
123,"G[1,3](y>=1)",const,2,"G[1,3](y>=-1)",0.16666671296295266,0.5294925674439532,0.125,0.08333333333333333,
123,"G[1,3](y>=1)",const,3,"G[1,3](y>=-2)",0.22500002999999402,0.6570000587999848,0.1875,0.125,
123,"G[1,3](y>=1)",const,4,"G[1,3](y>=-3)",0.27272729132231066,0.7422990534116455,0.25,0.16666666666666666,
123,"G[1,3](y>=1)",shift,1,"G[2,4](y>=1)",0.4,0.7199999712000011,0.5625,0.21875,
123,"G[1,3](y>=1)",shift,2,"G[3,5](y>=1)",0.6666666666666667,0.8941684477139886,0.5625,0.35,
123,"G[1,3](y>=1)",shift,3,"G[4,6](y>=1)",0.8571428571428572,0.9563001546310445,0.5625,0.2916666666666667,
123,"G[1,3](y>=1)",widen,1,"G[1,4](y>=1)",0.19999999999999996,0.5624999648437523,0.5625,0.109375,
123,"G[1,3](y>=1)",widen,2,"G[1,5](y>=1)",0.33333333333333337,0.8085937192382819,0.5625,0.175,
123,"G[1,3](y>=1)",widen,3,"G[1,6](y>=1)",0.4285714285714286,0.9162597454376217,0.5625,0.21875,
123,"G[1,3](y>=1)",strict,0,"G[1,3](y>1)",1.0714284193191759e-07,4.285713061102925e-07,0.0,0.0,
124,"G[2,4](F[0,1]((x>-3 && y>0)))",const,1,"G[2,4](F[0,1]((x>-3 && y>-1)))",0.03831021764724307,0.1793807085318615,0.0625,0.0375,
124,"G[2,4](F[0,1]((x>-3 && y>0)))",const,2,"G[2,4](F[0,1]((x>-3 && y>-2)))",0.07125002506249667,0.3086132627101996,0.125,0.075,
124,"G[2,4](F[0,1]((x>-3 && y>0)))",const,3,"G[2,4](F[0,1]((x>-3 && y>-3)))",0.1002841097516336,0.4047073886880178,0.1875,0.1125,
124,"G[2,4](F[0,1]((x>-3 && y>0)))",const,4,"G[2,4](F[0,1]((x>-3 && y>-4)))",0.1263889023148138,0.47795423101255985,0.25,0.15,
124,"G[2,4](F[0,1]((x>-3 && y>0)))",shift,1,"G[3,5](F[0,1]((x>-3 && y>0)))",0.2857142857142857,0.4714722718094604,0.5000000625,0.3958333333333333,
124,"G[2,4](F[0,1]((x>-3 && y>0)))",shift,2,"G[4,6](F[0,1]((x>-3 && y>0)))",0.5,0.6985041357481604,0.5000000625,0.6785714285714286,
124,"G[2,4](F[0,1]((x>-3 && y>0)))",shift,3,"G[5,7](F[0,1]((x>-3 && y>0)))",0.6666666666666667,0.8128690399194304,0.5,0.890625,
124,"G[2,4](F[0,1]((x>-3 && y>0)))",widen,1,"G[2,5](F[0,1]((x>-3 && y>0)))",0.1428571428571429,0.3084486222357158,0.5000000624999976,0.19791666666666666,
124,"G[2,4](F[0,1]((x>-3 && y>0)))",widen,2,"G[2,6](F[0,1]((x>-3 && y>0)))",0.25,0.5366933195363577,0.5,0.3392857142857143,
124,"G[2,4](F[0,1]((x>-3 && y>0)))",widen,3,"G[2,7](F[0,1]((x>-3 && y>0)))",0.33333333333333337,0.684734091901926,0.5000000625,0.4453125,
124,"G[2,4](F[0,1]((x>-3 && y>0)))",strict,0,"G[2,4](F[0,1]((x>-3 && y>=0)))",4.166666145444253e-08,2.1283780471392788e-07,0.0,0.0,
125,"F[0,2](G[0,1](y>=-1))",const,1,"F[0,2](G[0,1](y>=0))",0.1154514824821391,0.1572017608047238,0.0625,0.041666666666666664,
125,"F[0,2](G[0,1](y>=-1))",const,2,"F[0,2](G[0,1](y>=1))",0.2222222916666543,0.3144033660539344,0.125,0.08333333333333333,
125,"F[0,2](G[0,1](y>=-1))",const,3,"F[0,2](G[0,1](y>=2))",0.32291671400462185,0.4666667022222115,0.1875,0.125,
125,"F[0,2](G[0,1](y>=-1))",const,4,"F[0,2](G[0,1](y>=3))",0.4191919457580824,0.6090535002286214,0.2500000625,0.16666666666666666,
125,"F[0,2](G[0,1](y>=-1))",shift,1,"F[1,3](G[0,1](y>=-1))",0.42499999999999993,0.2751263149336334,0.4375,0.0,
125,"F[0,2](G[0,1](y>=-1))",shift,2,"F[2,4](G[0,1](y>=-1))",0.6666666666666667,0.44564891259012884,0.4375,0.225,
125,"F[0,2](G[0,1](y>=-1))",shift,3,"F[3,5](G[0,1](y>=-1))",0.8571428571428572,0.5524199566981053,0.4375,0.375,
125,"F[0,2](G[0,1](y>=-1))",widen,1,"F[0,3](G[0,1](y>=-1))",0.21578947368421053,0.13756315746681658,0.4375,0.0,
125,"F[0,2](G[0,1](y>=-1))",widen,2,"F[0,4](G[0,1](y>=-1))",0.3565891472868217,0.22282445629506442,0.4375,0.0,
125,"F[0,2](G[0,1](y>=-1))",widen,3,"F[0,5](G[0,1](y>=-1))",0.4536474164133739,0.2762099783490526,0.4375,0.0,
125,"F[0,2](G[0,1](y>=-1))",strict,0,"F[0,2](G[0,1](y>-1))",1.2103173108179988e-07,1.555555354526561e-07,0.0,0.0,
126,"G[2,5]((y>=-2 && y<=-2))",const,1,"G[2,5]((y>=-1 && y<=-2))",1.0,1.0,0.0625,0.0,
126,"G[2,5]((y>=-2 && y<=-2))",const,2,"G[2,5]((y>=0 && y<=-2))",1.0,1.0,0.125,0.0,
126,"G[2,5]((y>=-2 && y<=-2))",const,3,"G[2,5]((y>=1 && y<=-2))",1.0,1.0,0.1875,0.0,
126,"G[2,5]((y>=-2 && y<=-2))",const,4,"G[2,5]((y>=2 && y<=-2))",1.0,1.0,0.25,0.0,
126,"G[2,5]((y>=-2 && y<=-2))",shift,1,"G[3,6]((y>=-2 && y<=-2))",0.2857142857142857,0.999999968750001,0.6250000625,0.0,
126,"G[2,5]((y>=-2 && y<=-2))",shift,2,"G[4,7]((y>=-2 && y<=-2))",0.5,0.999999999999998,0.625,0.0,
126,"G[2,5]((y>=-2 && y<=-2))",shift,3,"G[5,8]((y>=-2 && y<=-2))",0.6666666666666667,1.0,0.6250000625,0.0,
126,"G[2,5]((y>=-2 && y<=-2))",widen,1,"G[2,6]((y>=-2 && y<=-2))",0.1428571428571429,0.9999999375000039,0.6250000625,0.0,
126,"G[2,5]((y>=-2 && y<=-2))",widen,2,"G[2,7]((y>=-2 && y<=-2))",0.25,0.9999999999999961,0.625,0.0,
126,"G[2,5]((y>=-2 && y<=-2))",widen,3,"G[2,8]((y>=-2 && y<=-2))",0.33333333333333337,1.0,0.6250000625,0.0,
126,"G[2,5]((y>=-2 && y<=-2))",strict,0,"G[2,5]((y>-2 && y<=-2))",1.0,1.0,0.0,0.0,
127,"G[2,5]((y>=-1) U[0,2] (x<=-2))",const,1,"G[2,5]((y>=-1) U[0,2] (x<=-3))",0.051271682469162694,0.24104721980926647,0.0625000625,0.026785714285714284,
127,"G[2,5]((y>=-1) U[0,2] (x<=-2))",const,2,"G[2,5]((y>=-1) U[0,2] (x<=-4))",0.10029764193947921,0.47057783583640733,0.125,0.05357142857142857,
127,"G[2,5]((y>=-1) U[0,2] (x<=-2))",const,3,"G[2,5]((y>=-1) U[0,2] (x<=-5))",0.14759616261622932,0.6762691477122442,0.1875,0.08035714285714286,
127,"G[2,5]((y>=-1) U[0,2] (x<=-2))",const,4,"G[2,5]((y>=-1) U[0,2] (x<=-6))",0.19353740992873691,0.8439930237019833,0.2500000000000046,0.10714285714285714,
127,"G[2,5]((y>=-1) U[0,2] (x<=-2))",shift,1,"G[3,6]((y>=-1) U[0,2] (x<=-2))",0.23888888888888893,0.6774581483586911,0.625,0.0703125,
127,"G[2,5]((y>=-1) U[0,2] (x<=-2))",shift,2,"G[4,7]((y>=-1) U[0,2] (x<=-2))",0.42214285714285715,0.8671598603451491,0.6250000000000001,0.125,
127,"G[2,5]((y>=-1) U[0,2] (x<=-2))",shift,3,"G[5,8]((y>=-1) U[0,2] (x<=-2))",0.5655844155844156,0.9408392040433458,0.625,0.3,
127,"G[2,5]((y>=-1) U[0,2] (x<=-2))",widen,1,"G[2,6]((y>=-1) U[0,2] (x<=-2))",0.12777777777777777,0.5122394784845168,0.6250000000000003,0.046875,
127,"G[2,5]((y>=-1) U[0,2] (x<=-2))",widen,2,"G[2,7]((y>=-1) U[0,2] (x<=-2))",0.2221428571428572,0.7654741653216418,0.625,0.08333333333333333,
127,"G[2,5]((y>=-1) U[0,2] (x<=-2))",widen,3,"G[2,8]((y>=-1) U[0,2] (x<=-2))",0.2928571428571429,0.8882874136155708,0.6249999999999997,0.16875,
127,"G[2,5]((y>=-1) U[0,2] (x<=-2))",strict,0,"G[2,5]((y>=-1) U[0,2] (x<-2))",5.261903990305683e-08,2.4314885838094824e-07,1.3429428509408143e-14,0.0,
128,"G[1,2](((x<=3 && x<=-3) || (y>=-2 && x>=0)))",const,1,"G[1,2](((x<=3 && x<=-3) || (y>=-3 && x>=0)))",0.03872057068155754,0.09297060036711857,0.0625,0.0,
128,"G[1,2](((x<=3 && x<=-3) || (y>=-2 && x>=0)))",const,2,"G[1,2](((x<=3 && x<=-3) || (y>=-4 && x>=0)))",0.07407409876542792,0.17355378099172603,0.125,0.0,
128,"G[1,2](((x<=3 && x<=-3) || (y>=-2 && x>=0)))",const,3,"G[1,2](((x<=3 && x<=-3) || (y>=-5 && x>=0)))",0.10683762530133378,0.24385638119502862,0.1875,0.0,
128,"G[1,2](((x<=3 && x<=-3) || (y>=-2 && x>=0)))",const,4,"G[1,2](((x<=3 && x<=-3) || (y>=-6 && x>=0)))",0.1375661505416963,0.30555559317129055,0.25,0.0,
128,"G[1,2](((x<=3 && x<=-3) || (y>=-2 && x>=0)))",shift,1,"G[2,3](((x<=3 && x<=-3) || (y>=-2 && x>=0)))",0.5,0.5454545082644664,0.375,0.20833333333333334,
128,"G[1,2](((x<=3 && x<=-3) || (y>=-2 && x>=0)))",shift,2,"G[3,4](((x<=3 && x<=-3) || (y>=-2 && x>=0)))",0.8,0.757281519464608,0.37500000000000006,0.15625,
128,"G[1,2](((x<=3 && x<=-3) || (y>=-2 && x>=0)))",shift,3,"G[4,5](((x<=3 && x<=-3) || (y>=-2 && x>=0)))",0.8333333333333334,0.757281519464608,0.37500000000000006,0.125,
128,"G[1,2](((x<=3 && x<=-3) || (y>=-2 && x>=0)))",widen,1,"G[1,3](((x<=3 && x<=-3) || (y>=-2 && x>=0)))",0.25,0.3749999648437543,0.375,0.10416666666666667,
128,"G[1,2](((x<=3 && x<=-3) || (y>=-2 && x>=0)))",widen,2,"G[1,4](((x<=3 && x<=-3) || (y>=-2 && x>=0)))",0.4,0.6093749560546918,0.37500006249999995,0.15625,
128,"G[1,2](((x<=3 && x<=-3) || (y>=-2 && x>=0)))",widen,3,"G[1,5](((x<=3 && x<=-3) || (y>=-2 && x>=0)))",0.5,0.7558593338012725,0.375,0.1875,
128,"G[1,2](((x<=3 && x<=-3) || (y>=-2 && x>=0)))",strict,0,"G[1,2](((x<=3 && x<=-3) || (y>-2 && x>=0)))",4.074073545190515e-08,9.999999195375864e-08,0.0,0.0,
129,"G[0,1]((y>-3) U[0,2] (x<1))",const,1,"G[0,1]((y>-3) U[0,2] (x<2))",0.058623740802629665,0.06376350358696903,0.0624999999999999,0.020833333333333332,
129,"G[0,1]((y>-3) U[0,2] (x<1))",const,2,"G[0,1]((y>-3) U[0,2] (x<3))",0.11181504879693704,0.11284122326432466,0.125,0.041666666666666664,
129,"G[0,1]((y>-3) U[0,2] (x<1))",const,3,"G[0,1]((y>-3) U[0,2] (x<4))",0.16093207852942726,0.1509828212852894,0.1875,0.0625,
129,"G[0,1]((y>-3) U[0,2] (x<1))",const,4,"G[0,1]((y>-3) U[0,2] (x<5))",0.20691504798819504,0.18087746911967073,0.25,0.08333333333333333,
129,"G[0,1]((y>-3) U[0,2] (x<1))",shift,1,"G[1,2]((y>-3) U[0,2] (x<1))",0.42926829268292677,0.5094455590419376,0.4375,0.171875,
129,"G[0,1]((y>-3) U[0,2] (x<1))",shift,2,"G[2,3]((y>-3) U[0,2] (x<1))",0.7032520325203252,0.7315746213315582,0.4375,0.275,
129,"G[0,1]((y>-3) U[0,2] (x<1))",shift,3,"G[3,4]((y>-3) U[0,2] (x<1))",0.8745644599303136,0.775939722515756,0.4375,0.4166666666666667,
129,"G[0,1]((y>-3) U[0,2] (x<1))",widen,1,"G[0,2]((y>-3) U[0,2] (x<1))",0.2292682926829268,0.3417825911239367,0.4375000000000006,0.140625,
129,"G[0,1]((y>-3) U[0,2] (x<1))",widen,2,"G[0,3]((y>-3) U[0,2] (x<1))",0.36991869918699183,0.5767581078356736,0.4375,0.225,
129,"G[0,1]((y>-3) U[0,2] (x<1))",widen,3,"G[0,4]((y>-3) U[0,2] (x<1))",0.45993031358885017,0.7247758909839412,0.4375,0.3958333333333333,
129,"G[0,1]((y>-3) U[0,2] (x<1))",strict,0,"G[0,1]((y>-3) U[0,2] (x<=1))",6.19434687987308e-08,7.274810165380785e-08,0.0,0.0,
130,"F[0,1](y>=-2)",const,1,"F[0,1](y>=-1)",0.11428580843535763,0.059090955537180134,0.0625,0.0625,
130,"F[0,1](y>=-2)",const,2,"F[0,1](y>=0)",0.21666673791665492,0.1272727629751984,0.125,0.125,
130,"F[0,1](y>=-2)",const,3,"F[0,1](y>=1)",0.31111116246912773,0.20454547685949853,0.1875,0.1875,
130,"F[0,1](y>=-2)",const,4,"F[0,1](y>=2)",0.4000000333333287,0.29090909719008007,0.25,0.25,
130,"F[0,1](y>=-2)",shift,1,"F[1,2](y>=-2)",0.6666666666666667,0.185566992135191,0.375,0.625,
130,"F[0,1](y>=-2)",shift,2,"F[2,3](y>=-2)",1.0,0.24657531544380018,0.375,0.4166666666666667,
130,"F[0,1](y>=-2)",shift,3,"F[3,4](y>=-2)",1.0,0.24657531544380018,0.375,0.3125,
130,"F[0,1](y>=-2)",widen,1,"F[0,2](y>=-2)",0.3571428571428572,0.0927834960675955,0.375,0.0,
130,"F[0,1](y>=-2)",widen,2,"F[0,3](y>=-2)",0.525,0.12328765772190009,0.375,0.0,
130,"F[0,1](y>=-2)",widen,3,"F[0,4](y>=-2)",0.6225806451612903,0.13420444242110352,0.375,0.0,
130,"F[0,1](y>=-2)",strict,0,"F[0,1](y>-2)",1.2222220624469315e-07,5.454545104477404e-08,0.0,0.0,
131,"G[1,4](F[1,3](y<=-3))",const,1,"G[1,4](F[1,3](y<=-4))",0.11420462207384052,0.2934296023620415,0.0625,0.03571428571428571,
131,"G[1,4](F[1,3](y<=-3))",const,2,"G[1,4](F[1,3](y<=-5))",0.22447556217320297,0.5628836482394955,0.125,0.07142857142857142,
131,"G[1,4](F[1,3](y<=-3))",const,3,"G[1,4](F[1,3](y<=-6))",0.33165584364796485,0.7871060184228178,0.1875,0.10714285714285714,
131,"G[1,4](F[1,3](y<=-3))",const,4,"G[1,4](F[1,3](y<=-7))",0.43153406129973193,0.9418742829140805,0.25,0.14285714285714285,
131,"G[1,4](F[1,3](y<=-3))",shift,1,"G[2,5](F[1,3](y<=-3))",0.2222222222222222,0.3123286444891219,0.6875000000000002,0.0,
131,"G[1,4](F[1,3](y<=-3))",shift,2,"G[3,6](F[1,3](y<=-3))",0.4,0.5100095623949041,0.6875,0.06944444444444445,
131,"G[1,4](F[1,3](y<=-3))",shift,3,"G[4,7](F[1,3](y<=-3))",0.5454545454545454,0.641006083779857,0.6875,0.125,
131,"G[1,4](F[1,3](y<=-3))",widen,1,"G[1,5](F[1,3](y<=-3))",0.11111111111111116,0.18506484895252395,0.6875000000000001,0.0390625,
131,"G[1,4](F[1,3](y<=-3))",widen,2,"G[1,6](F[1,3](y<=-3))",0.19999999999999996,0.34229049363206454,0.6874999999999998,0.06944444444444445,
131,"G[1,4](F[1,3](y<=-3))",widen,3,"G[1,7](F[1,3](y<=-3))",0.2727272727272727,0.471676934038622,0.6875000625,0.09375,
131,"G[1,4](F[1,3](y<=-3))",strict,0,"G[1,4](F[1,3](y<-3))",1.1652890530289284e-07,2.9907304122112066e-07,0.0,0.0,
132,"F[1,2](F[1,3](x>-3))",const,1,"F[1,2](F[1,3](x>-4))",0.09185191634566181,0.005652582111270399,0.0625,0.025,
132,"F[1,2](F[1,3](x>-3))",const,2,"F[1,2](F[1,3](x>-5))",0.17914533473240613,0.008311062876192543,0.125,0.05,
132,"F[1,2](F[1,3](x>-3))",const,3,"F[1,2](F[1,3](x>-6))",0.26285715036735047,0.009294881924958087,0.1875,0.075,
132,"F[1,2](F[1,3](x>-3))",const,4,"F[1,2](F[1,3](x>-7))",0.3359259197808713,0.00952164010122114,0.25,0.1,
132,"F[1,2](F[1,3](x>-3))",shift,1,"F[2,3](F[1,3](x>-3))",0.2857142857142857,0.013152224954954828,0.3125,0.0,
132,"F[1,2](F[1,3](x>-3))",shift,2,"F[3,4](F[1,3](x>-3))",0.5,0.017226893941084453,0.3125,0.19642857142857142,
132,"F[1,2](F[1,3](x>-3))",shift,3,"F[4,5](F[1,3](x>-3))",0.6666666666666667,0.018496802932507106,0.3125,0.34375,
132,"F[1,2](F[1,3](x>-3))",widen,1,"F[1,3](F[1,3](x>-3))",0.14516129032258074,0.006576112477477469,0.3125,0.0,
132,"F[1,2](F[1,3](x>-3))",widen,2,"F[1,4](F[1,3](x>-3))",0.25297619047619047,0.008613446970542227,0.3125,0.0,
132,"F[1,2](F[1,3](x>-3))",widen,3,"F[1,5](F[1,3](x>-3))",0.3363954505686789,0.009248401466253608,0.3125,0.0,
132,"F[1,2](F[1,3](x>-3))",strict,0,"F[1,2](F[1,3](x>=-3))",9.454543914433344e-08,7.702855020497168e-09,0.0,0.0,
133,"F[1,2](x<-1)",const,1,"F[1,2](x<0)",0.08024698139573738,0.08854174869791054,0.0625,0.03125,
133,"F[1,2](x<-1)",const,2,"F[1,2](x<1)",0.14814820027434117,0.15458944092043736,0.125,0.0625,
133,"F[1,2](x<-1)",const,3,"F[1,2](x<2)",0.20740744674896616,0.20454551528925247,0.1875,0.09375,
133,"F[1,2](x<-1)",const,4,"F[1,2](x<3)",0.2603816221700703,0.24242429830774959,0.25,0.125,
133,"F[1,2](x<-1)",shift,1,"F[2,3](x<-1)",0.5,0.336798359127077,0.5625,0.2916666666666667,
133,"F[1,2](x<-1)",shift,2,"F[3,4](x<-1)",0.7999999999999999,0.4807122016747506,0.5625,0.21875,
133,"F[1,2](x<-1)",shift,3,"F[4,5](x<-1)",0.8333333333333334,0.4807122016747506,0.5625,0.175,
133,"F[1,2](x<-1)",widen,1,"F[1,3](x<-1)",0.2678571428571428,0.16839917956353856,0.5625,0.0,
133,"F[1,2](x<-1)",widen,2,"F[1,4](x<-1)",0.42000000000000004,0.24035610083737524,0.5625,0.0,
133,"F[1,2](x<-1)",widen,3,"F[1,5](x<-1)",0.5188172043010753,0.2756135222782884,0.5625,0.0,
133,"F[1,2](x<-1)",strict,0,"F[1,2](x<=-1)",8.818340979654948e-08,1.0285712970237171e-07,0.0,0.0,
134,"G[2,5](x<=0)",const,1,"G[2,5](x<=1)",0.0740741316872301,0.37570516581135527,0.0625,0.0375,
134,"G[2,5](x<=0)",const,2,"G[2,5](x<=2)",0.1333333733333255,0.5904001228799616,0.125,0.075,
134,"G[2,5](x<=0)",const,3,"G[2,5](x<=3)",0.18181820936638615,0.7202377522647936,0.1875,0.1125,
134,"G[2,5](x<=0)",const,4,"G[2,5](x<=4)",0.2222222407407376,0.8024691687242723,0.25,0.15,
134,"G[2,5](x<=0)",shift,1,"G[3,6](x<=0)",0.2857142857142857,0.66666663888889,0.5,0.16666666666666666,
134,"G[2,5](x<=0)",shift,2,"G[4,7](x<=0)",0.5,0.8571428367346942,0.5,0.2857142857142857,
134,"G[2,5](x<=0)",shift,3,"G[5,8](x<=0)",0.6666666666666667,0.9333333199999998,0.5,0.375,
134,"G[2,5](x<=0)",widen,1,"G[2,6](x<=0)",0.1428571428571429,0.49999996875000197,0.5,0.08333333333333333,
134,"G[2,5](x<=0)",widen,2,"G[2,7](x<=0)",0.25,0.749999968750001,0.5,0.14285714285714285,
134,"G[2,5](x<=0)",widen,3,"G[2,8](x<=0)",0.33333333333333337,0.8749999765625001,0.5,0.1875,
134,"G[2,5](x<=0)",strict,0,"G[2,5](x<0)",8.333332301990737e-08,4.999998439725317e-07,0.0,0.0,
135,"F[0,3](((y>2 || y<0)) U[0,2] (y<=2))",const,1,"F[0,3](((y>2 || y<-1)) U[0,2] (y<=2))",0.12884095626951597,0.030616946705844583,0.0625000625,0.0,
135,"F[0,3](((y>2 || y<0)) U[0,2] (y<=2))",const,2,"F[0,3](((y>2 || y<-2)) U[0,2] (y<=2))",0.23296301240432182,0.07745237928182724,0.125,0.0,
135,"F[0,3](((y>2 || y<0)) U[0,2] (y<=2))",const,3,"F[0,3](((y>2 || y<-3)) U[0,2] (y<=2))",0.3248990224295638,0.1451649062287631,0.15624999999999997,0.0,
135,"F[0,3](((y>2 || y<0)) U[0,2] (y<=2))",const,4,"F[0,3](((y>2 || y<-4)) U[0,2] (y<=2))",0.4059259560857329,0.2389854776022332,0.18750000000000006,0.0,
135,"F[0,3](((y>2 || y<0)) U[0,2] (y<=2))",shift,1,"F[1,4](((y>2 || y<0)) U[0,2] (y<=2))",0.3500000132936476,0.0307387462868306,0.375,0.0,
135,"F[0,3](((y>2 || y<0)) U[0,2] (y<=2))",shift,2,"F[2,5](((y>2 || y<0)) U[0,2] (y<=2))",0.5824074247685141,0.045756496969633464,0.375,0.0,
135,"F[0,3](((y>2 || y<0)) U[0,2] (y<=2))",shift,3,"F[3,6](((y>2 || y<0)) U[0,2] (y<=2))",0.7154321087962938,0.05317980454729321,0.375,0.0,
135,"F[0,3](((y>2 || y<0)) U[0,2] (y<=2))",widen,1,"F[0,4](((y>2 || y<0)) U[0,2] (y<=2))",0.20678871456839576,0.015369373143415355,0.375,0.0,
135,"F[0,3](((y>2 || y<0)) U[0,2] (y<=2))",widen,2,"F[0,5](((y>2 || y<0)) U[0,2] (y<=2))",0.33424274256365305,0.022878248484816677,0.375,0.0,
135,"F[0,3](((y>2 || y<0)) U[0,2] (y<=2))",widen,3,"F[0,6](((y>2 || y<0)) U[0,2] (y<=2))",0.3832434245789562,0.02658990227364655,0.375,0.0,
135,"F[0,3](((y>2 || y<0)) U[0,2] (y<=2))",strict,0,"F[0,3](((y>2 || y<=0)) U[0,2] (y<=2))",1.50925860586959e-07,2.391742648377715e-08,0.0,0.0,
136,"F[2,3](F[0,2](y>-3))",const,1,"F[2,3](F[0,2](y>-2))",0.08417514812772786,0.010337244757258945,0.0625,0.025,
136,"F[2,3](F[0,2](y>-3))",const,2,"F[2,3](F[0,2](y>-1))",0.15353539902924573,0.0273605607852333,0.125,0.05,
136,"F[2,3](F[0,2](y>-3))",const,3,"F[2,3](F[0,2](y>0))",0.21363639686638658,0.05347324599107017,0.1875,0.075,
136,"F[2,3](F[0,2](y>-3))",const,4,"F[2,3](F[0,2](y>1))",0.2675645586414058,0.09144832741979947,0.25,0.1,
136,"F[2,3](F[0,2](y>-3))",shift,1,"F[3,4](F[0,2](y>-3))",0.2857142857142857,0.013152224954954828,0.3125,0.0,
136,"F[2,3](F[0,2](y>-3))",shift,2,"F[4,5](F[0,2](y>-3))",0.5,0.017226893941084453,0.3125,0.19642857142857142,
136,"F[2,3](F[0,2](y>-3))",shift,3,"F[5,6](F[0,2](y>-3))",0.6666666666666667,0.018496802932507106,0.3125,0.34375,
136,"F[2,3](F[0,2](y>-3))",widen,1,"F[2,4](F[0,2](y>-3))",0.14516129032258074,0.006576112477477469,0.3125,0.0,
136,"F[2,3](F[0,2](y>-3))",widen,2,"F[2,5](F[0,2](y>-3))",0.25297619047619047,0.008613446970542227,0.3125,0.0,
136,"F[2,3](F[0,2](y>-3))",widen,3,"F[2,6](F[0,2](y>-3))",0.3363954505686789,0.009248401466253608,0.3125,0.0,
136,"F[2,3](F[0,2](y>-3))",strict,0,"F[2,3](F[0,2](y>=-3))",9.454543914433344e-08,7.702855020497168e-09,0.0,0.0,
137,"F[0,3]((y>=2) U[0,1] ((y<2 && x<3)))",const,1,"F[0,3]((y>=2) U[0,1] ((y<1 && x<3)))",0.0,0.0,0.0625000625,0.0,
137,"F[0,3]((y>=2) U[0,1] ((y<2 && x<3)))",const,2,"F[0,3]((y>=2) U[0,1] ((y<0 && x<3)))",0.0,0.0,0.12500000000000355,0.0,
137,"F[0,3]((y>=2) U[0,1] ((y<2 && x<3)))",const,3,"F[0,3]((y>=2) U[0,1] ((y<-1 && x<3)))",0.0,0.0,0.1875,0.0,
137,"F[0,3]((y>=2) U[0,1] ((y<2 && x<3)))",const,4,"F[0,3]((y>=2) U[0,1] ((y<-2 && x<3)))",0.0,0.0,0.25,0.0,
137,"F[0,3]((y>=2) U[0,1] ((y<2 && x<3)))",shift,1,"F[1,4]((y>=2) U[0,1] ((y<2 && x<3)))",0.0,0.0,0.625,0.0,
137,"F[0,3]((y>=2) U[0,1] ((y<2 && x<3)))",shift,2,"F[2,5]((y>=2) U[0,1] ((y<2 && x<3)))",0.0,0.0,0.6250000000000001,0.0,
137,"F[0,3]((y>=2) U[0,1] ((y<2 && x<3)))",shift,3,"F[3,6]((y>=2) U[0,1] ((y<2 && x<3)))",0.0,0.0,0.625,0.05357142857142857,
137,"F[0,3]((y>=2) U[0,1] ((y<2 && x<3)))",widen,1,"F[0,4]((y>=2) U[0,1] ((y<2 && x<3)))",0.0,0.0,0.625,0.0,
137,"F[0,3]((y>=2) U[0,1] ((y<2 && x<3)))",widen,2,"F[0,5]((y>=2) U[0,1] ((y<2 && x<3)))",0.0,0.0,0.625,0.0,
137,"F[0,3]((y>=2) U[0,1] ((y<2 && x<3)))",widen,3,"F[0,6]((y>=2) U[0,1] ((y<2 && x<3)))",0.0,0.0,0.6250000625,0.0,
137,"F[0,3]((y>=2) U[0,1] ((y<2 && x<3)))",strict,0,"F[0,3]((y>=2) U[0,1] ((y<=2 && x<3)))",1.0,1.0,0.0,0.0,
138,"G[0,2](F[1,2]((x<0 || (x>=-3 || y<=-1))))",const,1,"G[0,2](F[1,2]((x<0 || (x>=-2 || y<=-1))))",0.0,0.0,0.0,0.0,
138,"G[0,2](F[1,2]((x<0 || (x>=-3 || y<=-1))))",const,2,"G[0,2](F[1,2]((x<0 || (x>=-1 || y<=-1))))",0.0,0.0,0.0,0.0,
138,"G[0,2](F[1,2]((x<0 || (x>=-3 || y<=-1))))",const,3,"G[0,2](F[1,2]((x<0 || (x>=0 || y<=-1))))",0.0,0.0,0.0,0.0,
138,"G[0,2](F[1,2]((x<0 || (x>=-3 || y<=-1))))",const,4,"G[0,2](F[1,2]((x<0 || (x>=1 || y<=-1))))",1.0,0.0036209875364011657,0.03125,0.0,
138,"G[0,2](F[1,2]((x<0 || (x>=-3 || y<=-1))))",shift,1,"G[1,3](F[1,2]((x<0 || (x>=-3 || y<=-1))))",0.0,0.0,0.0,0.175,
138,"G[0,2](F[1,2]((x<0 || (x>=-3 || y<=-1))))",shift,2,"G[2,4](F[1,2]((x<0 || (x>=-3 || y<=-1))))",0.0,0.0,0.0,0.2916666666666667,
138,"G[0,2](F[1,2]((x<0 || (x>=-3 || y<=-1))))",shift,3,"G[3,5](F[1,2]((x<0 || (x>=-3 || y<=-1))))",0.0,0.0,0.0,0.375,
138,"G[0,2](F[1,2]((x<0 || (x>=-3 || y<=-1))))",widen,1,"G[0,3](F[1,2]((x<0 || (x>=-3 || y<=-1))))",0.0,0.0,0.0,0.0875,
138,"G[0,2](F[1,2]((x<0 || (x>=-3 || y<=-1))))",widen,2,"G[0,4](F[1,2]((x<0 || (x>=-3 || y<=-1))))",0.0,0.0,0.0,0.14583333333333334,
138,"G[0,2](F[1,2]((x<0 || (x>=-3 || y<=-1))))",widen,3,"G[0,5](F[1,2]((x<0 || (x>=-3 || y<=-1))))",0.0,0.0,0.0,0.1875,
138,"G[0,2](F[1,2]((x<0 || (x>=-3 || y<=-1))))",strict,0,"G[0,2](F[1,2]((x<0 || (x>-3 || y<=-1))))",0.0,0.0,0.0,0.0,
139,"G[1,2](((y>=0 || x>-2) || (x>=2 && x<=-1)))",const,1,"G[1,2](((y>=1 || x>-2) || (x>=2 && x<=-1)))",0.040123488597387236,0.05686025307236253,0.0625,0.0,
139,"G[1,2](((y>=0 || x>-2) || (x>=2 && x<=-1)))",const,2,"G[1,2](((y>=2 || x>-2) || (x>=2 && x<=-1)))",0.07777780055555106,0.11205624786640223,0.125,0.0,
139,"G[1,2](((y>=0 || x>-2) || (x>=2 && x<=-1)))",const,3,"G[1,2](((y>=3 || x>-2) || (x>=2 && x<=-1)))",0.11363637792699477,0.16558804207441535,0.1875,0.0,
139,"G[1,2](((y>=0 || x>-2) || (x>=2 && x<=-1)))",const,4,"G[1,2](((y>=4 || x>-2) || (x>=2 && x<=-1)))",0.14814815432098716,0.2174556356964018,0.25,0.0,
139,"G[1,2](((y>=0 || x>-2) || (x>=2 && x<=-1)))",shift,1,"G[2,3](((y>=0 || x>-2) || (x>=2 && x<=-1)))",0.5,0.31578945152354776,0.375,0.0,
139,"G[1,2](((y>=0 || x>-2) || (x>=2 && x<=-1)))",shift,2,"G[3,4](((y>=0 || x>-2) || (x>=2 && x<=-1)))",0.8,0.5072886014500785,0.375,0.0,
139,"G[1,2](((y>=0 || x>-2) || (x>=2 && x<=-1)))",shift,3,"G[4,5](((y>=0 || x>-2) || (x>=2 && x<=-1)))",0.8333333333333334,0.5072886014500785,0.375,0.0,
139,"G[1,2](((y>=0 || x>-2) || (x>=2 && x<=-1)))",widen,1,"G[1,3](((y>=0 || x>-2) || (x>=2 && x<=-1)))",0.25,0.1874999843750016,0.37499999999999994,0.0,
139,"G[1,2](((y>=0 || x>-2) || (x>=2 && x<=-1)))",widen,2,"G[1,4](((y>=0 || x>-2) || (x>=2 && x<=-1)))",0.4,0.3398437246093774,0.37500000000000006,0.0,
139,"G[1,2](((y>=0 || x>-2) || (x>=2 && x<=-1)))",widen,3,"G[1,5](((y>=0 || x>-2) || (x>=2 && x<=-1)))",0.5,0.4636230159301785,0.375,0.0,
139,"G[1,2](((y>=0 || x>-2) || (x>=2 && x<=-1)))",strict,0,"G[1,2](((y>0 || x>-2) || (x>=2 && x<=-1)))",4.166666167648714e-08,5.7692300603484625e-08,0.0,0.0,
140,"G[2,3](x>-1)",const,1,"G[2,3](x>0)",0.05555560493826617,0.20987671879283742,0.0625,0.020833333333333332,
140,"G[2,3](x>-1)",const,2,"G[2,3](x>1)",0.11111115432098284,0.3950618628257663,0.125,0.041666666666666664,
140,"G[2,3](x>-1)",const,3,"G[2,3](x>2)",0.16666670370369951,0.5555556543209712,0.1875,0.0625,
140,"G[2,3](x>-1)",const,4,"G[2,3](x>3)",0.2222222530864162,0.6913580932784522,0.25,0.08333333333333333,
140,"G[2,3](x>-1)",shift,1,"G[3,4](x>-1)",0.4,0.6086956862003752,0.4375,0.28125,
140,"G[2,3](x>-1)",shift,2,"G[4,5](x>-1)",0.6666666666666667,0.812064993104039,0.4375,0.225,
140,"G[2,3](x>-1)",shift,3,"G[5,6](x>-1)",0.7142857142857143,0.812064993104039,0.4375,0.1875,
140,"G[2,3](x>-1)",widen,1,"G[2,4](x>-1)",0.19999999999999996,0.4375000351562478,0.4375,0.140625,
140,"G[2,3](x>-1)",widen,2,"G[2,5](x>-1)",0.33333333333333337,0.6835937895507775,0.4375,0.225,
140,"G[2,3](x>-1)",widen,3,"G[2,6](x>-1)",0.4285714285714286,0.8220215177459675,0.4375,0.28125,
140,"G[2,3](x>-1)",strict,0,"G[2,3](x>=-1)",5.55555494941018e-08,2.222221853198647e-07,0.0,0.0,
141,"F[0,2](G[0,1](y>-3))",const,1,"F[0,2](G[0,1](y>-4))",0.11979175668400843,0.089699167438272,0.0625000000000001,0.041666666666666664,
141,"F[0,2](G[0,1](y>-3))",const,2,"F[0,2](G[0,1](y>-5))",0.2307692880177431,0.15384624260354918,0.125,0.08333333333333333,
141,"F[0,2](G[0,1](y>-3))",const,3,"F[0,2](G[0,1](y>-6))",0.3348214546556144,0.19744906954810104,0.1875,0.125,
141,"F[0,2](G[0,1](y>-3))",const,4,"F[0,2](G[0,1](y>-7))",0.42552084331163775,0.22320997347598637,0.25,0.16666666666666666,
141,"F[0,2](G[0,1](y>-3))",shift,1,"F[1,3](G[0,1](y>-3))",0.42499999999999993,0.18414953499340847,0.3125,0.0,
141,"F[0,2](G[0,1](y>-3))",shift,2,"F[2,4](G[0,1](y>-3))",0.6666666666666667,0.2970313400660314,0.3125,0.275,
141,"F[0,2](G[0,1](y>-3))",shift,3,"F[3,5](G[0,1](y>-3))",0.8571428571428572,0.3593410080616586,0.3125,0.4583333333333333,
141,"F[0,2](G[0,1](y>-3))",widen,1,"F[0,3](G[0,1](y>-3))",0.21578947368421053,0.09207476749670418,0.3125,0.0,
141,"F[0,2](G[0,1](y>-3))",widen,2,"F[0,4](G[0,1](y>-3))",0.3565891472868217,0.1485156700330157,0.3125,0.0,
141,"F[0,2](G[0,1](y>-3))",widen,3,"F[0,5](G[0,1](y>-3))",0.4536474164133739,0.17967050403082918,0.3125,0.0,
141,"F[0,2](G[0,1](y>-3))",strict,0,"F[0,2](G[0,1](y>=-3))",1.2499998180981464e-07,1.0489509705280398e-07,0.0,0.0,
142,"F[2,4](G[1,3](y>-1))",const,1,"F[2,4](G[1,3](y>0))",0.0716146442780583,0.25084611677484525,0.0625,0.026785714285714284,
142,"F[2,4](G[1,3](y>-1))",const,2,"F[2,4](G[1,3](y>1))",0.13888893904320332,0.4667582708855068,0.125,0.05357142857142857,
142,"F[2,4](G[1,3](y>-1))",const,3,"F[2,4](G[1,3](y>2))",0.20312504097221695,0.6444445511110903,0.1875,0.08035714285714286,
142,"F[2,4](G[1,3](y>-1))",const,4,"F[2,4](G[1,3](y>3))",0.2651515479606632,0.7828075659198156,0.25,0.10714285714285714,
142,"F[2,4](G[1,3](y>-1))",shift,1,"F[3,5](G[1,3](y>-1))",0.25,0.37837839152666053,0.4375,0.0,
142,"F[2,4](G[1,3](y>-1))",shift,2,"F[4,6](G[1,3](y>-1))",0.4375,0.5966275003270575,0.4375,0.125,
142,"F[2,4](G[1,3](y>-1))",shift,3,"F[5,7](G[1,3](y>-1))",0.5454545454545454,0.7490420495674339,0.4375,0.225,
142,"F[2,4](G[1,3](y>-1))",widen,1,"F[2,5](G[1,3](y>-1))",0.12222222222222223,0.18918919576333038,0.4375,0.0,
142,"F[2,4](G[1,3](y>-1))",widen,2,"F[2,6](G[1,3](y>-1))",0.2191489361702128,0.2983137501635288,0.4375,0.0,
142,"F[2,4](G[1,3](y>-1))",widen,3,"F[2,7](G[1,3](y>-1))",0.296516567544605,0.37452102478371707,0.4375,0.0,
142,"F[2,4](G[1,3](y>-1))",strict,0,"F[2,4](G[1,3](y>=-1))",7.440475313646999e-08,2.666666172324028e-07,0.0,0.0,
143,"F[0,2](y<=2)",const,1,"F[0,2](y<=3)",0.12337672540336675,0.022916160362828286,0.0625,0.03125,
143,"F[0,2](y<=2)",const,2,"F[0,2](y<=4)",0.23809531746030432,0.03769842512282484,0.125,0.0625,
143,"F[0,2](y<=2)",const,3,"F[0,2](y<=5)",0.3461539055367613,0.046448767917105394,0.1875,0.09375,
143,"F[0,2](y<=2)",const,4,"F[0,2](y<=6)",0.4489796331389634,0.050880633524304164,0.25,0.125,
143,"F[0,2](y<=2)",shift,1,"F[1,3](y<=2)",0.5,0.06724781024613591,0.375,0.0,
143,"F[0,2](y<=2)",shift,2,"F[2,4](y<=2)",0.8,0.09131435809195598,0.375,0.3125,
143,"F[0,2](y<=2)",shift,3,"F[3,5](y<=2)",1.0,0.10018551091315453,0.375,0.25,
143,"F[0,2](y<=2)",widen,1,"F[0,3](y<=2)",0.2583333333333333,0.0336239051230679,0.375,0.0,
143,"F[0,2](y<=2)",widen,2,"F[0,4](y<=2)",0.4096774193548387,0.04565717904597799,0.375,0.0,
143,"F[0,2](y<=2)",widen,3,"F[0,5](y<=2)",0.5092592592592593,0.05009275545657721,0.375,0.0,
143,"F[0,2](y<=2)",strict,0,"F[0,2](y<2)",1.2857141107325276e-07,2.7835050597779798e-08,0.0,0.0,
144,"F[0,3](((y<3 && x<=-3)) U[0,2] ((y>=-1 && x>-1)))",const,1,"F[0,3](((y<3 && x<=-3)) U[0,2] ((y>=-1 && x>0)))",0.0,0.0,0.0,0.0,
144,"F[0,3](((y<3 && x<=-3)) U[0,2] ((y>=-1 && x>-1)))",const,2,"F[0,3](((y<3 && x<=-3)) U[0,2] ((y>=-1 && x>1)))",0.0,0.0,0.0,0.0,
144,"F[0,3](((y<3 && x<=-3)) U[0,2] ((y>=-1 && x>-1)))",const,3,"F[0,3](((y<3 && x<=-3)) U[0,2] ((y>=-1 && x>2)))",0.0,0.0,0.0,0.0,
144,"F[0,3](((y<3 && x<=-3)) U[0,2] ((y>=-1 && x>-1)))",const,4,"F[0,3](((y<3 && x<=-3)) U[0,2] ((y>=-1 && x>3)))",0.0,0.0,0.0,0.0,
144,"F[0,3](((y<3 && x<=-3)) U[0,2] ((y>=-1 && x>-1)))",shift,1,"F[1,4](((y<3 && x<=-3)) U[0,2] ((y>=-1 && x>-1)))",0.0,0.0,0.0,0.0,
144,"F[0,3](((y<3 && x<=-3)) U[0,2] ((y>=-1 && x>-1)))",shift,2,"F[2,5](((y<3 && x<=-3)) U[0,2] ((y>=-1 && x>-1)))",0.0,0.0,0.0,0.0,
144,"F[0,3](((y<3 && x<=-3)) U[0,2] ((y>=-1 && x>-1)))",shift,3,"F[3,6](((y<3 && x<=-3)) U[0,2] ((y>=-1 && x>-1)))",0.0,0.0,0.0,0.0625,
144,"F[0,3](((y<3 && x<=-3)) U[0,2] ((y>=-1 && x>-1)))",widen,1,"F[0,4](((y<3 && x<=-3)) U[0,2] ((y>=-1 && x>-1)))",0.0,0.0,0.0,0.0,
144,"F[0,3](((y<3 && x<=-3)) U[0,2] ((y>=-1 && x>-1)))",widen,2,"F[0,5](((y<3 && x<=-3)) U[0,2] ((y>=-1 && x>-1)))",0.0,0.0,0.0,0.0,
144,"F[0,3](((y<3 && x<=-3)) U[0,2] ((y>=-1 && x>-1)))",widen,3,"F[0,6](((y<3 && x<=-3)) U[0,2] ((y>=-1 && x>-1)))",0.0,0.0,0.0,0.0,
144,"F[0,3](((y<3 && x<=-3)) U[0,2] ((y>=-1 && x>-1)))",strict,0,"F[0,3](((y<3 && x<=-3)) U[0,2] ((y>=-1 && x>=-1)))",0.0,0.0,0.0,0.0,
145,"G[0,2](G[1,2](((y>=2 || x>2) && y<=-3)))",const,1,"G[0,2](G[1,2](((y>=1 || x>2) && y<=-3)))",0.0,0.0,0.0,0.0,
145,"G[0,2](G[1,2](((y>=2 || x>2) && y<=-3)))",const,2,"G[0,2](G[1,2](((y>=0 || x>2) && y<=-3)))",0.0,0.0,0.0,0.0,
145,"G[0,2](G[1,2](((y>=2 || x>2) && y<=-3)))",const,3,"G[0,2](G[1,2](((y>=-1 || x>2) && y<=-3)))",0.0,0.0,0.0,0.0,
145,"G[0,2](G[1,2](((y>=2 || x>2) && y<=-3)))",const,4,"G[0,2](G[1,2](((y>=-2 || x>2) && y<=-3)))",0.0,0.0,0.0,0.0,
145,"G[0,2](G[1,2](((y>=2 || x>2) && y<=-3)))",shift,1,"G[1,3](G[1,2](((y>=2 || x>2) && y<=-3)))",0.33333333333333337,0.9377593352731537,0.6875000625,0.0,
145,"G[0,2](G[1,2](((y>=2 || x>2) && y<=-3)))",shift,2,"G[2,4](G[1,2](((y>=2 || x>2) && y<=-3)))",0.5714285714285714,0.9930860705631354,0.6875000625,0.0,
145,"G[0,2](G[1,2](((y>=2 || x>2) && y<=-3)))",shift,3,"G[3,5](G[1,2](((y>=2 || x>2) && y<=-3)))",0.75,0.9991946892618165,0.6875000625,0.0,
145,"G[0,2](G[1,2](((y>=2 || x>2) && y<=-3)))",widen,1,"G[0,3](G[1,2](((y>=2 || x>2) && y<=-3)))",0.16666666666666663,0.8828124985351574,0.6875000625,0.0,
145,"G[0,2](G[1,2](((y>=2 || x>2) && y<=-3)))",widen,2,"G[0,4](G[1,2](((y>=2 || x>2) && y<=-3)))",0.2857142857142857,0.9862670895004275,0.6875000625,0.0,
145,"G[0,2](G[1,2](((y>=2 || x>2) && y<=-3)))",widen,3,"G[0,5](G[1,2](((y>=2 || x>2) && y<=-3)))",0.375,0.9983906745307148,0.6875000625,0.0,
145,"G[0,2](G[1,2](((y>=2 || x>2) && y<=-3)))",strict,0,"G[0,2](G[1,2](((y>2 || x>2) && y<=-3)))",0.0,0.0,0.0,0.0,
146,"G[2,4](F[1,3](((y<-3 && y<=3) && x<0)))",const,1,"G[2,4](F[1,3](((y<-3 && y<=4) && x<0)))",0.0,0.0,9.73649910625668e-16,0.0,
146,"G[2,4](F[1,3](((y<-3 && y<=3) && x<0)))",const,2,"G[2,4](F[1,3](((y<-3 && y<=5) && x<0)))",0.0,0.0,0.0,0.0,
146,"G[2,4](F[1,3](((y<-3 && y<=3) && x<0)))",const,3,"G[2,4](F[1,3](((y<-3 && y<=6) && x<0)))",0.0,0.0,0.0,0.0,
146,"G[2,4](F[1,3](((y<-3 && y<=3) && x<0)))",const,4,"G[2,4](F[1,3](((y<-3 && y<=7) && x<0)))",0.0,0.0,1.0448880354942408e-14,0.0,
146,"G[2,4](F[1,3](((y<-3 && y<=3) && x<0)))",shift,1,"G[3,5](F[1,3](((y<-3 && y<=3) && x<0)))",0.2222222222222222,0.6145081059478834,0.6875,0.0,
146,"G[2,4](F[1,3](((y<-3 && y<=3) && x<0)))",shift,2,"G[4,6](F[1,3](((y<-3 && y<=3) && x<0)))",0.4,0.7659214490222706,0.6875,0.18055555555555555,
146,"G[2,4](F[1,3](((y<-3 && y<=3) && x<0)))",shift,3,"G[5,7](F[1,3](((y<-3 && y<=3) && x<0)))",0.5454545454545454,0.8611296681382232,0.6875,0.325,
146,"G[2,4](F[1,3](((y<-3 && y<=3) && x<0)))",widen,1,"G[2,5](F[1,3](((y<-3 && y<=3) && x<0)))",0.11111111111111116,0.443530639613232,0.6875000000000002,0.1015625,
146,"G[2,4](F[1,3](((y<-3 && y<=3) && x<0)))",widen,2,"G[2,6](F[1,3](((y<-3 && y<=3) && x<0)))",0.19999999999999996,0.6206423800295778,0.6874999999999994,0.18055555555555555,
146,"G[2,4](F[1,3](((y<-3 && y<=3) && x<0)))",widen,3,"G[2,7](F[1,3](((y<-3 && y<=3) && x<0)))",0.2727272727272727,0.7561261752516505,0.6875000624999913,0.24375,
146,"G[2,4](F[1,3](((y<-3 && y<=3) && x<0)))",strict,0,"G[2,4](F[1,3](((y<-3 && y<3) && x<0)))",0.0,0.0,0.0,0.0,
147,"F[0,3](y>0)",const,1,"F[0,3](y>1)",0.1185186171810535,0.040120484236654375,0.0625,0.020833333333333332,
147,"F[0,3](y>0)",const,2,"F[0,3](y>2)",0.22666674466665504,0.09609379882812452,0.125,0.041666666666666664,
147,"F[0,3](y>0)",const,3,"F[0,3](y>3)",0.3272727882231319,0.17163091353352655,0.1875,0.0625,
147,"F[0,3](y>0)",const,4,"F[0,3](y>4)",0.4222222685185122,0.2708333895833299,0.25,0.08333333333333333,
147,"F[0,3](y>0)",shift,1,"F[1,4](y>0)",0.4,0.06451614177939624,0.5,0.0,
147,"F[0,3](y>0)",shift,2,"F[2,5](y>0)",0.6666666666666667,0.09523811564625861,0.5,0.0,
147,"F[0,3](y>0)",shift,3,"F[3,6](y>0)",0.8571428571428572,0.11023624545849109,0.5,0.16666666666666666,
147,"F[0,3](y>0)",widen,1,"F[0,4](y>0)",0.2032258064516128,0.03225807088969823,0.5,0.0,
147,"F[0,3](y>0)",widen,2,"F[0,5](y>0)",0.3373015873015873,0.04761905782312936,0.5,0.0,
147,"F[0,3](y>0)",widen,3,"F[0,6](y>0)",0.43250843644544434,0.055118122729245655,0.5,0.0,
147,"F[0,3](y>0)",strict,0,"F[0,3](y>=0)",1.249999843633276e-07,3.333333054023058e-08,0.0,0.0,
148,"G[2,5]((x<-2 || y>=1))",const,1,"G[2,5]((x<-2 || y>=2))",0.04285717553287227,0.22005146811492937,0.0625,0.0,
148,"G[2,5]((x<-2 || y>=1))",const,2,"G[2,5]((x<-2 || y>=3))",0.08369410556398404,0.40161736190760766,0.125,0.0,
148,"G[2,5]((x<-2 || y>=1))",const,3,"G[2,5]((x<-2 || y>=4))",0.12301588449546275,0.5494705289484764,0.1875,0.0,
148,"G[2,5]((x<-2 || y>=1))",const,4,"G[2,5]((x<-2 || y>=5))",0.16117216255417444,0.6680675092074376,0.2500000625,0.0,
148,"G[2,5]((x<-2 || y>=1))",shift,1,"G[3,6]((x<-2 || y>=1))",0.2857142857142857,0.5202312042500581,0.5625,0.125,
148,"G[2,5]((x<-2 || y>=1))",shift,2,"G[4,7]((x<-2 || y>=1))",0.5,0.73379959672078,0.5625000625,0.21428571428571427,
148,"G[2,5]((x<-2 || y>=1))",shift,3,"G[5,8]((x<-2 || y>=1))",0.6666666666666667,0.8421575310977774,0.5625000625,0.28125,
148,"G[2,5]((x<-2 || y>=1))",widen,1,"G[2,6]((x<-2 || y>=1))",0.1428571428571428,0.3515624912109372,0.5625,0.0625,
148,"G[2,5]((x<-2 || y>=1))",widen,2,"G[2,7]((x<-2 || y>=1))",0.25,0.5795287971954342,0.5625000625,0.10714285714285714,
148,"G[2,5]((x<-2 || y>=1))",widen,3,"G[2,8]((x<-2 || y>=1))",0.33333333333333337,0.7273507007358664,0.5624999999999984,0.140625,
148,"G[2,5]((x<-2 || y>=1))",strict,0,"G[2,5]((x<-2 || y>1))",4.409170484276359e-08,2.409638243383583e-07,0.0,0.0,
149,"G[0,2]((y>1) U[0,2] ((y<-1 || x>-2)))",const,1,"G[0,2]((y>1) U[0,2] ((y<-1 || x>-1)))",0.058736311190729085,0.08634725389441722,0.0625,0.0,
149,"G[0,2]((y>1) U[0,2] ((y<-1 || x>-2)))",const,2,"G[0,2]((y>1) U[0,2] ((y<-1 || x>0)))",0.11019234412499435,0.1791509609855637,0.125,0.0,
149,"G[0,2]((y>1) U[0,2] ((y<-1 || x>-2)))",const,3,"G[0,2]((y>1) U[0,2] ((y<-1 || x>1)))",0.15679490007549501,0.2776847138439438,0.18750006249999998,0.0,
149,"G[0,2]((y>1) U[0,2] ((y<-1 || x>-2)))",const,4,"G[0,2]((y>1) U[0,2] ((y<-1 || x>2)))",0.20000002184615107,0.3809037503079117,0.25,0.0,
149,"G[0,2]((y>1) U[0,2] ((y<-1 || x>-2)))",shift,1,"G[1,3]((y>1) U[0,2] ((y<-1 || x>-2)))",0.35897435897435903,0.7361183548212794,0.5625,0.0,
149,"G[0,2]((y>1) U[0,2] ((y<-1 || x>-2)))",shift,2,"G[2,4]((y>1) U[0,2] ((y<-1 || x>-2)))",0.6034798534798536,0.9033890969857824,0.5625000624999998,0.0,
149,"G[0,2]((y>1) U[0,2] ((y<-1 || x>-2)))",shift,3,"G[3,5]((y>1) U[0,2] ((y<-1 || x>-2)))",0.7780448717948718,0.9614316815311835,0.5625000625,0.0,
149,"G[0,2]((y>1) U[0,2] ((y<-1 || x>-2)))",widen,1,"G[0,3]((y>1) U[0,2] ((y<-1 || x>-2)))",0.1923076923076923,0.582426651759143,0.5625000625,0.0,
149,"G[0,2]((y>1) U[0,2] ((y<-1 || x>-2)))",widen,2,"G[0,4]((y>1) U[0,2] ((y<-1 || x>-2)))",0.31776556776556775,0.8238009438923752,0.5625000625,0.0,
149,"G[0,2]((y>1) U[0,2] ((y<-1 || x>-2)))",widen,3,"G[0,5]((y>1) U[0,2] ((y<-1 || x>-2)))",0.4030448717948718,0.925727912583202,0.5625000625,0.0,
149,"G[0,2]((y>1) U[0,2] ((y<-1 || x>-2)))",strict,0,"G[0,2]((y>1) U[0,2] ((y<-1 || x>=-2)))",6.358973481113139e-08,8.295629994048426e-08,0.0,0.0,
150,"F[2,5](G[1,3](y<=-1))",const,1,"F[2,5](G[1,3](y<=-2))",0.08666673228569888,0.32632740732997334,0.06250000000000018,0.0234375,
150,"F[2,5](G[1,3](y<=-1))",const,2,"F[2,5](G[1,3](y<=-3))",0.16969701314442198,0.5847176916999961,0.1250000625,0.046875,
150,"F[2,5](G[1,3](y<=-1))",const,3,"F[2,5](G[1,3](y<=-4))",0.25000002202380567,0.7743575965395646,0.1875,0.0703125,
150,"F[2,5](G[1,3](y<=-1))",const,4,"F[2,5](G[1,3](y<=-5))",0.32820512933220825,0.899315188957011,0.25,0.09375,
150,"F[2,5](G[1,3](y<=-1))",shift,1,"F[3,6](G[1,3](y<=-1))",0.21499999999999997,0.32183129240802666,0.5625000000000001,0.0,
150,"F[2,5](G[1,3](y<=-1))",shift,2,"F[4,7](G[1,3](y<=-1))",0.38181818181818183,0.5440691649513899,0.5625,0.0,
150,"F[2,5](G[1,3](y<=-1))",shift,3,"F[5,8](G[1,3](y<=-1))",0.5,0.7061288840430517,0.5625,0.07954545454545454,
150,"F[2,5](G[1,3](y<=-1))",widen,1,"F[2,6](G[1,3](y<=-1))",0.10744680851063826,0.16091564620401344,0.5624999999999998,0.0,
150,"F[2,5](G[1,3](y<=-1))",widen,2,"F[2,7](G[1,3](y<=-1))",0.19498725573491926,0.272034582475695,0.5625000625,0.0,
150,"F[2,5](G[1,3](y<=-1))",widen,3,"F[2,8](G[1,3](y<=-1))",0.26680672268907557,0.353064442021526,0.5625,0.0,
150,"F[2,5](G[1,3](y<=-1))",strict,0,"F[2,5](G[1,3](y<-1))",8.888887703673021e-08,3.5880389592790607e-07,0.0,0.0,
151,"F[0,3](F[1,3](((y>-1 || y>-3) && x<3)))",const,1,"F[0,3](F[1,3](((y>-1 || y>-3) && x<2)))",0.05402323795917707,0.013186877933478058,0.06250000000000004,0.020833333333333332,
151,"F[0,3](F[1,3](((y>-1 || y>-3) && x<3)))",const,2,"F[0,3](F[1,3](((y>-1 || y>-3) && x<1)))",0.09857878090156713,0.032396281824923934,0.12500000000000006,0.041666666666666664,
151,"F[0,3](F[1,3](((y>-1 || y>-3) && x<3)))",const,3,"F[0,3](F[1,3](((y>-1 || y>-3) && x<0)))",0.13721705147745522,0.05965270014834545,0.18750000000000036,0.0625,
151,"F[0,3](F[1,3](((y>-1 || y>-3) && x<3)))",const,4,"F[0,3](F[1,3](((y>-1 || y>-3) && x<-1)))",0.17191047337069243,0.09745309182910511,0.25,0.08333333333333333,
151,"F[0,3](F[1,3](((y>-1 || y>-3) && x<3)))",shift,1,"F[1,4](F[1,3](((y>-1 || y>-3) && x<3)))",0.25,0.02056325886222876,0.3125,0.0,
151,"F[0,3](F[1,3](((y>-1 || y>-3) && x<3)))",shift,2,"F[2,5](F[1,3](((y>-1 || y>-3) && x<3)))",0.4444444444444444,0.031237795964815795,0.3125,0.0,
151,"F[0,3](F[1,3](((y>-1 || y>-3) && x<3)))",shift,3,"F[3,6](F[1,3](((y>-1 || y>-3) && x<3)))",0.5999999999999999,0.0368207136915184,0.3125,0.0,
151,"F[0,3](F[1,3](((y>-1 || y>-3) && x<3)))",widen,1,"F[0,4](F[1,3](((y>-1 || y>-3) && x<3)))",0.1266068535606114,0.010281629431114547,0.3125,0.0,
151,"F[0,3](F[1,3](((y>-1 || y>-3) && x<3)))",widen,2,"F[0,5](F[1,3](((y>-1 || y>-3) && x<3)))",0.2246290801186943,0.015618897982407898,0.3125,0.0,
151,"F[0,3](F[1,3](((y>-1 || y>-3) && x<3)))",widen,3,"F[0,6](F[1,3](((y>-1 || y>-3) && x<3)))",0.30278498397680464,0.018410356845759313,0.3125,0.0,
151,"F[0,3](F[1,3](((y>-1 || y>-3) && x<3)))",strict,0,"F[0,3](F[1,3](((y>-1 || y>-3) && x<=3)))",6.065053637094309e-08,1.074521116528615e-08,0.0,0.0,
152,"G[2,4](G[0,1]((y>=-2 && x>2)))",const,1,"G[2,4](G[0,1]((y>=-1 && x>2)))",0.03333335999999454,0.34390023327992214,0.0625,0.0375,
152,"G[2,4](G[0,1]((y>=-2 && x>2)))",const,2,"G[2,4](G[0,1]((y>=0 && x>2)))",0.06666668666666276,0.5904001228799616,0.125,0.075,
152,"G[2,4](G[0,1]((y>=-2 && x>2)))",const,3,"G[2,4](G[0,1]((y>=1 && x>2)))",0.10000001333333053,0.7599000548799841,0.1875,0.1125,
152,"G[2,4](G[0,1]((y>=-2 && x>2)))",const,4,"G[2,4](G[0,1]((y>=2 && x>2)))",0.13333333999999875,0.8704000172799957,0.25,0.15,
152,"G[2,4](G[0,1]((y>=-2 && x>2)))",shift,1,"G[3,5](G[0,1]((y>=-2 && x>2)))",0.2857142857142857,0.8672566409272457,0.625,0.3333333333333333,
152,"G[2,4](G[0,1]((y>=-2 && x>2)))",shift,2,"G[4,6](G[0,1]((y>=-2 && x>2)))",0.5,0.9717585052802457,0.625,0.5714285714285714,
152,"G[2,4](G[0,1]((y>=-2 && x>2)))",shift,3,"G[5,7](G[0,1]((y>=-2 && x>2)))",0.6666666666666667,0.9935209915182862,0.625,0.75,
152,"G[2,4](G[0,1]((y>=-2 && x>2)))",widen,1,"G[2,5](G[0,1]((y>=-2 && x>2)))",0.1428571428571429,0.7656250058593752,0.625,0.16666666666666666,
152,"G[2,4](G[0,1]((y>=-2 && x>2)))",widen,2,"G[2,6](G[0,1]((y>=-2 && x>2)))",0.25,0.9450683621215821,0.625,0.2857142857142857,
152,"G[2,4](G[0,1]((y>=-2 && x>2)))",widen,3,"G[2,7](G[0,1]((y>=-2 && x>2)))",0.33333333333333337,0.9871253976941109,0.625,0.375,
152,"G[2,4](G[0,1]((y>=-2 && x>2)))",strict,0,"G[2,4](G[0,1]((y>-2 && x>2)))",3.3333329985119065e-08,3.9999989975836314e-07,0.0,0.0,
153,"G[1,2]((x<=2 || y<-2))",const,1,"G[1,2]((x<=2 || y<-3))",0.04713808626670102,0.060287426890570095,0.0625,0.0,
153,"G[1,2]((x<=2 || y<-2))",const,2,"G[1,2]((x<=2 || y<-4))",0.0925926234567851,0.11870057428451575,0.125,0.0,
153,"G[1,2]((x<=2 || y<-2))",const,3,"G[1,2]((x<=2 || y<-5))",0.1367521598728868,0.17523950340631267,0.1875000624999998,0.0,
153,"G[1,2]((x<=2 || y<-2))",const,4,"G[1,2]((x<=2 || y<-6))",0.17989419564121678,0.22990421425596097,0.25,0.0,
153,"G[1,2]((x<=2 || y<-2))",shift,1,"G[2,3]((x<=2 || y<-2))",0.5,0.37974682775196256,0.375,0.25,
153,"G[1,2]((x<=2 || y<-2))",shift,2,"G[3,4]((x<=2 || y<-2))",0.8,0.5853911151809915,0.375,0.1875,
153,"G[1,2]((x<=2 || y<-2))",shift,3,"G[4,5]((x<=2 || y<-2))",0.8333333333333334,0.5853911151809915,0.375,0.15,
153,"G[1,2]((x<=2 || y<-2))",widen,1,"G[1,3]((x<=2 || y<-2))",0.25,0.2343749941406249,0.375,0.125,
153,"G[1,2]((x<=2 || y<-2))",widen,2,"G[1,4]((x<=2 || y<-2))",0.4,0.4138183504028319,0.375,0.1875,
153,"G[1,2]((x<=2 || y<-2))",widen,3,"G[1,5]((x<=2 || y<-2))",0.5,0.5512046710925099,0.3750000624999997,0.225,
153,"G[1,2]((x<=2 || y<-2))",strict,0,"G[1,2]((x<=2 || y<=-2))",4.814814091869124e-08,6.122447893108784e-08,0.0,0.0,
154,"G[2,4](F[1,2]((x>=0 || (y>=3 || x<=-1))))",const,1,"G[2,4](F[1,2]((x>=0 || (y>=3 || x<=-2))))",0.05816329741252235,0.015590039741127715,0.0625,0.0,
154,"G[2,4](F[1,2]((x>=0 || (y>=3 || x<=-1))))",const,2,"G[2,4](F[1,2]((x>=0 || (y>=3 || x<=-3))))",0.0869614670850829,0.04040355871470214,0.09375000000000001,0.0,
154,"G[2,4](F[1,2]((x>=0 || (y>=3 || x<=-1))))",const,3,"G[2,4](F[1,2]((x>=0 || (y>=3 || x<=-4))))",0.10291241835899445,0.07348341315817652,0.12499999999999935,0.0,
154,"G[2,4](F[1,2]((x>=0 || (y>=3 || x<=-1))))",const,4,"G[2,4](F[1,2]((x>=0 || (y>=3 || x<=-5))))",0.11073979651652088,0.11387244864977564,0.15625,0.0,
154,"G[2,4](F[1,2]((x>=0 || (y>=3 || x<=-1))))",shift,1,"G[3,5](F[1,2]((x>=0 || (y>=3 || x<=-1))))",0.25,0.0035402367594589146,0.03125,0.08928571428571429,
154,"G[2,4](F[1,2]((x>=0 || (y>=3 || x<=-1))))",shift,2,"G[4,6](F[1,2]((x>=0 || (y>=3 || x<=-1))))",0.4444444444444444,0.007061728456653427,0.03125,0.15625,
154,"G[2,4](F[1,2]((x>=0 || (y>=3 || x<=-1))))",shift,3,"G[5,7](F[1,2]((x>=0 || (y>=3 || x<=-1))))",0.6,0.010564607096504863,0.03125,0.20833333333333334,
154,"G[2,4](F[1,2]((x>=0 || (y>=3 || x<=-1))))",widen,1,"G[2,5](F[1,2]((x>=0 || (y>=3 || x<=-1))))",0.125,0.0017732572549883363,0.03124999999999981,0.044642857142857144,
154,"G[2,4](F[1,2]((x>=0 || (y>=3 || x<=-1))))",widen,2,"G[2,6](F[1,2]((x>=0 || (y>=3 || x<=-1))))",0.2222222222222222,0.0035433754057945244,0.03125,0.078125,
154,"G[2,4](F[1,2]((x>=0 || (y>=3 || x<=-1))))",widen,3,"G[2,7](F[1,2]((x>=0 || (y>=3 || x<=-1))))",0.30000000000000004,0.005310354452418897,0.03125,0.10416666666666667,
154,"G[2,4](F[1,2]((x>=0 || (y>=3 || x<=-1))))",strict,0,"G[2,4](F[1,2]((x>=0 || (y>=3 || x<-1))))",1.0221079393968324e-07,1.0659229165987938e-08,0.0,0.0,
155,"F[0,2](G[0,1](((y<=-3 && y>2) && (x>=2 || x<=3))))",const,1,"F[0,2](G[0,1](((y<=-3 && y>2) && (x>=1 || x<=3))))",0.0,0.0,0.0,0.0,
155,"F[0,2](G[0,1](((y<=-3 && y>2) && (x>=2 || x<=3))))",const,2,"F[0,2](G[0,1](((y<=-3 && y>2) && (x>=0 || x<=3))))",0.0,0.0,0.0,0.0,
155,"F[0,2](G[0,1](((y<=-3 && y>2) && (x>=2 || x<=3))))",const,3,"F[0,2](G[0,1](((y<=-3 && y>2) && (x>=-1 || x<=3))))",0.0,0.0,0.0,0.0,
155,"F[0,2](G[0,1](((y<=-3 && y>2) && (x>=2 || x<=3))))",const,4,"F[0,2](G[0,1](((y<=-3 && y>2) && (x>=-2 || x<=3))))",0.0,0.0,0.0,0.0,
155,"F[0,2](G[0,1](((y<=-3 && y>2) && (x>=2 || x<=3))))",shift,1,"F[1,3](G[0,1](((y<=-3 && y>2) && (x>=2 || x<=3))))",0.0,0.0,0.0,0.0,
155,"F[0,2](G[0,1](((y<=-3 && y>2) && (x>=2 || x<=3))))",shift,2,"F[2,4](G[0,1](((y<=-3 && y>2) && (x>=2 || x<=3))))",0.0,0.0,0.0,0.15,
155,"F[0,2](G[0,1](((y<=-3 && y>2) && (x>=2 || x<=3))))",shift,3,"F[3,5](G[0,1](((y<=-3 && y>2) && (x>=2 || x<=3))))",0.0,0.0,0.0,0.25,
155,"F[0,2](G[0,1](((y<=-3 && y>2) && (x>=2 || x<=3))))",widen,1,"F[0,3](G[0,1](((y<=-3 && y>2) && (x>=2 || x<=3))))",0.0,0.0,0.0,0.0,
155,"F[0,2](G[0,1](((y<=-3 && y>2) && (x>=2 || x<=3))))",widen,2,"F[0,4](G[0,1](((y<=-3 && y>2) && (x>=2 || x<=3))))",0.0,0.0,0.0,0.0,
155,"F[0,2](G[0,1](((y<=-3 && y>2) && (x>=2 || x<=3))))",widen,3,"F[0,5](G[0,1](((y<=-3 && y>2) && (x>=2 || x<=3))))",0.0,0.0,0.0,0.0,
155,"F[0,2](G[0,1](((y<=-3 && y>2) && (x>=2 || x<=3))))",strict,0,"F[0,2](G[0,1](((y<=-3 && y>2) && (x>2 || x<=3))))",0.0,0.0,0.0,0.0,
156,"G[0,2]((x>0) U[0,1] (y>=0))",const,1,"G[0,2]((x>0) U[0,1] (y>=1))",0.06039191271562616,0.19335951025386522,0.06250006249999981,0.041666666666666664,
156,"G[0,2]((x>0) U[0,1] (y>=0))",const,2,"G[0,2]((x>0) U[0,1] (y>=2))",0.11741074819195763,0.37723222154015457,0.12500006249999993,0.08333333333333333,
156,"G[0,2]((x>0) U[0,1] (y>=0))",const,3,"G[0,2]((x>0) U[0,1] (y>=3))",0.17197648195607307,0.5465960117884949,0.18750006249999993,0.125,
156,"G[0,2]((x>0) U[0,1] (y>=0))",const,4,"G[0,2]((x>0) U[0,1] (y>=4))",0.22470238938491993,0.6964285625000008,0.25,0.16666666666666666,
156,"G[0,2]((x>0) U[0,1] (y>=0))",shift,1,"G[1,3]((x>0) U[0,1] (y>=0))",0.4214285714285715,0.7415730459537935,0.5000000625,0.125,
156,"G[0,2]((x>0) U[0,1] (y>=0))",shift,2,"G[2,4]((x>0) U[0,1] (y>=0))",0.6845238095238095,0.9099756760379111,0.5000000625,0.5,
156,"G[0,2]((x>0) U[0,1] (y>=0))",shift,3,"G[3,5]((x>0) U[0,1] (y>=0))",0.8724489795918368,0.9653579714649925,0.5000000624999997,0.6666666666666666,
156,"G[0,2]((x>0) U[0,1] (y>=0))",widen,1,"G[0,3]((x>0) U[0,1] (y>=0))",0.22142857142857142,0.5892857297512755,0.5000000625,0.125,
156,"G[0,2]((x>0) U[0,1] (y>=0))",widen,2,"G[0,4]((x>0) U[0,1] (y>=0))",0.3511904761904763,0.8348214402503188,0.5000000625,0.3,
156,"G[0,2]((x>0) U[0,1] (y>=0))",widen,3,"G[0,5]((x>0) U[0,1] (y>=0))",0.44387755102040827,0.9330357213807396,0.5000000625,0.4166666666666667,
156,"G[0,2]((x>0) U[0,1] (y>=0))",strict,0,"G[0,2]((x>0) U[0,1] (y>0))",6.24999921816638e-08,1.9642854032220214e-07,0.0,0.0,
157,"G[2,4](F[1,2](x<-3))",const,1,"G[2,4](F[1,2](x<-2))",0.0817100245556096,0.2669755186899405,0.0625,0.03125,
157,"G[2,4](F[1,2](x<-3))",const,2,"G[2,4](F[1,2](x<-1))",0.14471248084475064,0.4297720487354346,0.125,0.0625,
157,"G[2,4](F[1,2](x<-3))",const,3,"G[2,4](F[1,2](x<0))",0.1960227653436709,0.5361329132079918,0.1875,0.09375,
157,"G[2,4](F[1,2](x<-3))",const,4,"G[2,4](F[1,2](x<1))",0.2395382682160676,0.6090535752171814,0.25,0.125,
157,"G[2,4](F[1,2](x<-3))",shift,1,"G[3,5](F[1,2](x<-3))",0.25,0.5028087921569254,0.6875000000000004,0.08928571428571429,
157,"G[2,4](F[1,2](x<-3))",shift,2,"G[4,6](F[1,2](x<-3))",0.4444444444444444,0.732255234475083,0.6875,0.15625,
157,"G[2,4](F[1,2](x<-3))",shift,3,"G[5,7](F[1,2](x<-3))",0.6,0.8407878293974316,0.6875,0.20833333333333334,
157,"G[2,4](F[1,2](x<-3))",widen,1,"G[2,5](F[1,2](x<-3))",0.125,0.33583472139226345,0.6875000625,0.044642857142857144,
157,"G[2,4](F[1,2](x<-3))",widen,2,"G[2,6](F[1,2](x<-3))",0.22222222222222232,0.5776046207312783,0.6875,0.078125,
157,"G[2,4](F[1,2](x<-3))",widen,3,"G[2,7](F[1,2](x<-3))",0.30000000000000004,0.7253096980170446,0.6874999999999999,0.10416666666666667,
157,"G[2,4](F[1,2](x<-3))",strict,0,"G[2,4](F[1,2](x<=-3))",9.480517748627904e-08,3.4736832354997915e-07,0.0,0.0,
158,"G[2,3]((y>1) U[0,1] (x<=2))",const,1,"G[2,3]((y>2) U[0,1] (x<=2))",0.040952415800448505,0.27506754971243785,0.0625,0.015625,
158,"G[2,3]((y>1) U[0,1] (x<=2))",const,2,"G[2,3]((y>3) U[0,1] (x<=2))",0.08109670974494065,0.5033533036820814,0.125,0.03125,
158,"G[2,3]((y>1) U[0,1] (x<=2))",const,3,"G[2,3]((y>4) U[0,1] (x<=2))",0.12063494334844727,0.6864844288408695,0.1875,0.046875,
158,"G[2,3]((y>1) U[0,1] (x<=2))",const,4,"G[2,3]((y>5) U[0,1] (x<=2))",0.15970697666814027,0.8260877931204289,0.25,0.0625,
158,"G[2,3]((y>1) U[0,1] (x<=2))",shift,1,"G[3,4]((y>1) U[0,1] (x<=2))",0.35185185185185186,0.7641364344062778,0.5625000000000001,0.0875,
158,"G[2,3]((y>1) U[0,1] (x<=2))",shift,2,"G[4,5]((y>1) U[0,1] (x<=2))",0.5873015873015873,0.9193678289639203,0.5625000625,0.3541666666666667,
158,"G[2,3]((y>1) U[0,1] (x<=2))",shift,3,"G[5,6]((y>1) U[0,1] (x<=2))",0.75,0.9293960634345878,0.5625,0.30357142857142855,
158,"G[2,3]((y>1) U[0,1] (x<=2))",widen,1,"G[2,4]((y>1) U[0,1] (x<=2))",0.18518518518518512,0.6183016116663156,0.5625000625,0.125,
158,"G[2,3]((y>1) U[0,1] (x<=2))",widen,2,"G[2,5]((y>1) U[0,1] (x<=2))",0.3015873015873015,0.8507685164346499,0.5625000625,0.28125,
158,"G[2,3]((y>1) U[0,1] (x<=2))",widen,3,"G[2,6]((y>1) U[0,1] (x<=2))",0.38888888888888884,0.9420712095335781,0.5625000625,0.39285714285714285,
158,"G[2,3]((y>1) U[0,1] (x<=2))",strict,0,"G[2,3]((y>=1) U[0,1] (x<=2))",4.144620235901897e-08,2.9900031339735733e-07,0.0,0.0,
159,"F[2,4]((y>=2 || y<1))",const,1,"F[2,4]((y>=1 || y<1))",1.0,0.0002441412658693576,0.03125,0.0,
159,"F[2,4]((y>=2 || y<1))",const,2,"F[2,4]((y>=0 || y<1))",1.0,0.0002441412200930859,0.03125,0.0,
159,"F[2,4]((y>=2 || y<1))",const,3,"F[2,4]((y>=-1 || y<1))",1.0,0.00024414122009319694,0.03125,0.0,
159,"F[2,4]((y>=2 || y<1))",const,4,"F[2,4]((y>=-2 || y<1))",1.0,0.0002441412200930859,0.03125,0.0,
159,"F[2,4]((y>=2 || y<1))",shift,1,"F[3,5]((y>=2 || y<1))",0.33333333333333337,0.0004577718318709012,0.03125,0.0,
159,"F[2,4]((y>=2 || y<1))",shift,2,"F[4,6]((y>=2 || y<1))",0.5714285714285714,0.00048637563860787214,0.03125,0.125,
159,"F[2,4]((y>=2 || y<1))",shift,3,"F[5,7]((y>=2 || y<1))",0.75,0.0004881633509205008,0.03125,0.10714285714285714,
159,"F[2,4]((y>=2 || y<1))",widen,1,"F[2,5]((y>=2 || y<1))",0.16874999999999996,0.00022888591593528407,0.03125,0.0,
159,"F[2,4]((y>=2 || y<1))",widen,2,"F[2,6]((y>=2 || y<1))",0.2880755608028336,0.00024318781930376954,0.03125,0.0,
159,"F[2,4]((y>=2 || y<1))",widen,3,"F[2,7]((y>=2 || y<1))",0.3772321428571428,0.00024408167546019488,0.03125,0.0,
159,"F[2,4]((y>=2 || y<1))",strict,0,"F[2,4]((y>2 || y<1))",2.1923039428273228e-07,7.326029782817045e-10,0.0,0.0,
160,"F[2,5](F[0,1]((y<-2 && (x<-2 && x>-1))))",const,1,"F[2,5](F[0,1]((y<-2 && (x<-2 && x>-2))))",0.0,0.0,0.06250000000000026,0.0,
160,"F[2,5](F[0,1]((y<-2 && (x<-2 && x>-1))))",const,2,"F[2,5](F[0,1]((y<-2 && (x<-2 && x>-3))))",1.0,1.0,0.12500006249999973,0.020833333333333332,
160,"F[2,5](F[0,1]((y<-2 && (x<-2 && x>-1))))",const,3,"F[2,5](F[0,1]((y<-2 && (x<-2 && x>-4))))",1.0,1.0,0.18750000000000078,0.041666666666666664,
160,"F[2,5](F[0,1]((y<-2 && (x<-2 && x>-1))))",const,4,"F[2,5](F[0,1]((y<-2 && (x<-2 && x>-5))))",1.0,1.0,0.2500000624999996,0.0625,
160,"F[2,5](F[0,1]((y<-2 && (x<-2 && x>-1))))",shift,1,"F[3,6](F[0,1]((y<-2 && (x<-2 && x>-1))))",0.0,0.0,0.0,0.0,
160,"F[2,5](F[0,1]((y<-2 && (x<-2 && x>-1))))",shift,2,"F[4,7](F[0,1]((y<-2 && (x<-2 && x>-1))))",0.0,0.0,0.0,0.0,
160,"F[2,5](F[0,1]((y<-2 && (x<-2 && x>-1))))",shift,3,"F[5,8](F[0,1]((y<-2 && (x<-2 && x>-1))))",0.0,0.0,0.0,0.08333333333333333,
160,"F[2,5](F[0,1]((y<-2 && (x<-2 && x>-1))))",widen,1,"F[2,6](F[0,1]((y<-2 && (x<-2 && x>-1))))",0.0,0.0,0.0,0.0,
160,"F[2,5](F[0,1]((y<-2 && (x<-2 && x>-1))))",widen,2,"F[2,7](F[0,1]((y<-2 && (x<-2 && x>-1))))",0.0,0.0,0.0,0.0,
160,"F[2,5](F[0,1]((y<-2 && (x<-2 && x>-1))))",widen,3,"F[2,8](F[0,1]((y<-2 && (x<-2 && x>-1))))",0.0,0.0,0.0,0.0,
160,"F[2,5](F[0,1]((y<-2 && (x<-2 && x>-1))))",strict,0,"F[2,5](F[0,1]((y<-2 && (x<-2 && x>=-1))))",0.0,0.0,0.0,0.0,
161,"G[1,4](((x<2 && x>3) || y<=2))",const,1,"G[1,4](((x<2 && x>3) || y<=1))",0.04000003199999358,0.3439002332799227,0.0625,0.0,
161,"G[1,4](((x<2 && x>3) || y<=2))",const,2,"G[1,4](((x<2 && x>3) || y<=0))",0.08000002399999528,0.5904001228799617,0.125,0.0,
161,"G[1,4](((x<2 && x>3) || y<=2))",const,3,"G[1,4](((x<2 && x>3) || y<=-1))",0.12000001599999666,0.7599000548799844,0.1875,0.0,
161,"G[1,4](((x<2 && x>3) || y<=2))",const,4,"G[1,4](((x<2 && x>3) || y<=-2))",0.16000000799999836,0.8704000172799958,0.25,0.0,
161,"G[1,4](((x<2 && x>3) || y<=2))",shift,1,"G[2,5](((x<2 && x>3) || y<=2))",0.25,0.5454545206611581,0.375,0.0,
161,"G[1,4](((x<2 && x>3) || y<=2))",shift,2,"G[3,6](((x<2 && x>3) || y<=2))",0.4285714285714286,0.757281530775757,0.375,0.0,
161,"G[1,4](((x<2 && x>3) || y<=2))",shift,3,"G[4,7](((x<2 && x>3) || y<=2))",0.5625,0.8609566006476114,0.375,0.0,
161,"G[1,4](((x<2 && x>3) || y<=2))",widen,1,"G[1,5](((x<2 && x>3) || y<=2))",0.16666666666666663,0.3749999765625014,0.375,0.0,
161,"G[1,4](((x<2 && x>3) || y<=2))",widen,2,"G[1,6](((x<2 && x>3) || y<=2))",0.2857142857142857,0.6093749707031262,0.3749999999999999,0.0,
161,"G[1,4](((x<2 && x>3) || y<=2))",widen,3,"G[1,7](((x<2 && x>3) || y<=2))",0.375,0.7558593475341804,0.375,0.0,
161,"G[1,4](((x<2 && x>3) || y<=2))",strict,0,"G[1,4](((x<2 && x>3) || y<2))",3.999999598214288e-08,3.9999989931427393e-07,0.0,0.0,
162,"G[0,3](G[0,2](x>-3))",const,1,"G[0,3](G[0,2](x>-2))",0.09090917355371164,0.43552637784099557,0.0625,0.0625,
162,"G[0,3](G[0,2](x>-3))",const,2,"G[0,3](G[0,2](x>-1))",0.18181825619834047,0.7000155737661965,0.125,0.125,
162,"G[0,3](G[0,2](x>-3))",const,3,"G[0,3](G[0,2](x>0))",0.2727273388429693,0.8520266267927499,0.1875,0.1875,
162,"G[0,3](G[0,2](x>-3))",const,4,"G[0,3](G[0,2](x>1))",0.3636364214875981,0.9335902428266153,0.25,0.25,
162,"G[0,3](G[0,2](x>-3))",shift,1,"G[1,4](G[0,2](x>-3))",0.2857142857142857,0.4761905260770928,0.3125,0.22916666666666666,
162,"G[0,3](G[0,2](x>-3))",shift,2,"G[2,5](G[0,2](x>-3))",0.5,0.6905371350527467,0.3125,0.39285714285714285,
162,"G[0,3](G[0,2](x>-3))",shift,3,"G[3,6](G[0,2](x>-3))",0.6666666666666667,0.8060049989762921,0.3125,0.515625,
162,"G[0,3](G[0,2](x>-3))",widen,1,"G[0,4](G[0,2](x>-3))",0.1428571428571429,0.31250004296874734,0.3125,0.11458333333333333,
162,"G[0,3](G[0,2](x>-3))",widen,2,"G[0,5](G[0,2](x>-3))",0.25,0.5273438090820257,0.3125,0.19642857142857142,
162,"G[0,3](G[0,2](x>-3))",widen,3,"G[0,6](G[0,2](x>-3))",0.33333333333333337,0.675048889053337,0.3125,0.2578125,
162,"G[0,3](G[0,2](x>-3))",strict,0,"G[0,3](G[0,2](x>=-3))",9.090908259512531e-08,5.454543716698623e-07,0.0,0.0,
163,"G[2,4](F[1,2](y<=1))",const,1,"G[2,4](F[1,2](y<=2))",0.06479597166179818,0.13214295770405693,0.0625,0.03125,
163,"G[2,4](F[1,2](y<=1))",const,2,"G[2,4](F[1,2](y<=3))",0.12244902054067708,0.22759065688474112,0.125,0.0625,
163,"G[2,4](F[1,2](y<=1))",const,3,"G[2,4](F[1,2](y<=4))",0.17474492890548587,0.29687504296874123,0.1875,0.09375,
163,"G[2,4](F[1,2](y<=1))",const,4,"G[2,4](F[1,2](y<=5))",0.22291995976158507,0.34642283609504565,0.25,0.125,
163,"G[2,4](F[1,2](y<=1))",shift,1,"G[3,5](F[1,2](y<=1))",0.25,0.2559327551090097,0.4375,0.16071428571428573,
163,"G[2,4](F[1,2](y<=1))",shift,2,"G[4,6](F[1,2](y<=1))",0.4444444444444444,0.43007987792227276,0.4375000000000001,0.28125,
163,"G[2,4](F[1,2](y<=1))",shift,3,"G[5,7](F[1,2](y<=1))",0.6,0.5524199566981054,0.4375,0.375,
163,"G[2,4](F[1,2](y<=1))",widen,1,"G[2,5](F[1,2](y<=1))",0.125,0.14674477481228432,0.4375,0.08035714285714286,
163,"G[2,4](F[1,2](y<=1))",widen,2,"G[2,6](F[1,2](y<=1))",0.22222222222222232,0.27395016591868304,0.4375,0.140625,
163,"G[2,4](F[1,2](y<=1))",widen,3,"G[2,7](F[1,2](y<=1))",0.30000000000000004,0.38161617331919606,0.4375,0.1875,
163,"G[2,4](F[1,2](y<=1))",strict,0,"G[2,4](F[1,2](y<1))",6.916098937992388e-08,1.555555356747007e-07,0.0,0.0,
164,"G[2,4](G[0,1](x>=1))",const,1,"G[2,4](G[0,1](x>=0))",0.08333339583331778,0.4138186105956,0.0625,0.0375,
164,"G[2,4](G[0,1](x>=1))",const,2,"G[2,4](G[0,1](x>=-1))",0.14814818930040252,0.6340498037222925,0.125,0.075,
164,"G[2,4](G[0,1](x>=1))",const,3,"G[2,4](G[0,1](x>=-2))",0.2000000266666614,0.7599000548799841,0.1875,0.1125,
164,"G[2,4](G[0,1](x>=1))",const,4,"G[2,4](G[0,1](x>=-3))",0.242424258953165,0.836008494923962,0.25,0.15,
164,"G[2,4](G[0,1](x>=1))",shift,1,"G[3,5](G[0,1](x>=1))",0.2857142857142857,0.7199999712000011,0.5625,0.14583333333333334,
164,"G[2,4](G[0,1](x>=1))",shift,2,"G[4,6](G[0,1](x>=1))",0.5,0.8941684477139886,0.5625,0.25,
164,"G[2,4](G[0,1](x>=1))",shift,3,"G[5,7](G[0,1](x>=1))",0.6666666666666667,0.9563001546310445,0.5625,0.328125,
164,"G[2,4](G[0,1](x>=1))",widen,1,"G[2,5](G[0,1](x>=1))",0.1428571428571429,0.5624999648437523,0.5625,0.07291666666666667,
164,"G[2,4](G[0,1](x>=1))",widen,2,"G[2,6](G[0,1](x>=1))",0.25,0.8085937192382819,0.5625,0.125,
164,"G[2,4](G[0,1](x>=1))",widen,3,"G[2,7](G[0,1](x>=1))",0.33333333333333337,0.9162597454376217,0.5625,0.1640625,
164,"G[2,4](G[0,1](x>=1))",strict,0,"G[2,4](G[0,1](x>1))",9.523808175426751e-08,5.71428367179827e-07,0.0,0.0,
165,"F[0,3](y<=-2)",const,1,"F[0,3](y<=-1)",0.1228572392788917,0.05831287985084843,0.0625,0.020833333333333332,
165,"F[0,3](y<=-2)",const,2,"F[0,3](y<=0)",0.2266667373333212,0.09609376385415958,0.125,0.041666666666666664,
165,"F[0,3](y<=-2)",const,3,"F[0,3](y<=1)",0.31777783019752326,0.12036113179704278,0.1875,0.0625,
165,"F[0,3](y<=-2)",const,4,"F[0,3](y<=2)",0.4000000386666618,0.13549189850873644,0.25,0.08333333333333333,
165,"F[0,3](y<=-2)",shift,1,"F[1,4](y<=-2)",0.4,0.12650539181542442,0.625,0.0,
165,"F[0,3](y<=-2)",shift,2,"F[2,5](y<=-2)",0.6666666666666667,0.19775348171962004,0.625,0.0,
165,"F[0,3](y<=-2)",shift,3,"F[3,6](y<=-2)",0.8571428571428572,0.2395955577464215,0.625,0.125,
165,"F[0,3](y<=-2)",widen,1,"F[0,4](y<=-2)",0.2032258064516128,0.0632526959077121,0.625,0.0,
165,"F[0,3](y<=-2)",widen,2,"F[0,5](y<=-2)",0.3373015873015873,0.09887674085980991,0.625,0.0,
165,"F[0,3](y<=-2)",widen,3,"F[0,6](y<=-2)",0.43250843644544434,0.11979777887321064,0.625,0.0,
165,"F[0,3](y<=-2)",strict,0,"F[0,3](y<-2)",1.3555553601829473e-07,7.202534246797399e-08,0.0,0.0,
166,"G[2,3]((x>-3 && (y>=-3 && x<1)))",const,1,"G[2,3]((x>-3 && (y>=-3 && x<0)))",0.06250004687498834,0.4375002812498945,0.0624999999999998,0.020833333333333332,
166,"G[2,3]((x>-3 && (y>=-3 && x<1)))",const,2,"G[2,3]((x>-3 && (y>=-3 && x<-1)))",0.12500003124999215,0.7500001249999532,0.12499999999999979,0.041666666666666664,
166,"G[2,3]((x>-3 && (y>=-3 && x<1)))",const,3,"G[2,3]((x>-3 && (y>=-3 && x<-2)))",0.18750001562499619,0.9375000312499883,0.18749999999999958,0.0625,
166,"G[2,3]((x>-3 && (y>=-3 && x<1)))",const,4,"G[2,3]((x>-3 && (y>=-3 && x<-3)))",1.0,1.0,0.24999999999999983,0.08333333333333333,
166,"G[2,3]((x>-3 && (y>=-3 && x<1)))",shift,1,"G[3,4]((x>-3 && (y>=-3 && x<1)))",0.4,0.9059829159178892,0.4375,0.46875,
166,"G[2,3]((x>-3 && (y>=-3 && x<1)))",shift,2,"G[4,5]((x>-3 && (y>=-3 && x<1)))",0.6666666666666667,0.9850080564645561,0.43750000000000006,0.375,
166,"G[2,3]((x>-3 && (y>=-3 && x<1)))",shift,3,"G[5,6]((x>-3 && (y>=-3 && x<1)))",0.7142857142857143,0.9850080564645561,0.43750000000000006,0.3125,
166,"G[2,3]((x>-3 && (y>=-3 && x<1)))",widen,1,"G[2,4]((x>-3 && (y>=-3 && x<1)))",0.19999999999999996,0.8281250166015608,0.4375,0.234375,
166,"G[2,3]((x>-3 && (y>=-3 && x<1)))",widen,2,"G[2,5]((x>-3 && (y>=-3 && x<1)))",0.33333333333333337,0.9704589900817863,0.4375,0.375,
166,"G[2,3]((x>-3 && (y>=-3 && x<1)))",widen,3,"G[2,6]((x>-3 && (y>=-3 && x<1)))",0.4285714285714286,0.9949226394107339,0.4375,0.46875,
166,"G[2,3]((x>-3 && (y>=-3 && x<1)))",strict,0,"G[2,3]((x>-3 && (y>=-3 && x<=1)))",6.249998429908032e-08,4.999998123311755e-07,0.0,0.0,
167,"F[0,2](F[0,1](x<=-2))",const,1,"F[0,2](F[0,1](x<=-1))",0.1228572392788917,0.05831287985084843,0.0625,0.041666666666666664,
167,"F[0,2](F[0,1](x<=-2))",const,2,"F[0,2](F[0,1](x<=0))",0.2266667373333212,0.09609376385415958,0.125,0.08333333333333333,
167,"F[0,2](F[0,1](x<=-2))",const,3,"F[0,2](F[0,1](x<=1))",0.31777783019752326,0.12036113179704278,0.1875,0.125,
167,"F[0,2](F[0,1](x<=-2))",const,4,"F[0,2](F[0,1](x<=2))",0.4000000386666618,0.13549189850873644,0.25,0.16666666666666666,
167,"F[0,2](F[0,1](x<=-2))",shift,1,"F[1,3](F[0,1](x<=-2))",0.4,0.12650539181542442,0.625,0.0,
167,"F[0,2](F[0,1](x<=-2))",shift,2,"F[2,4](F[0,1](x<=-2))",0.6666666666666667,0.19775348171962004,0.625,0.15,
167,"F[0,2](F[0,1](x<=-2))",shift,3,"F[3,5](F[0,1](x<=-2))",0.8571428571428572,0.2395955577464215,0.625,0.25,
167,"F[0,2](F[0,1](x<=-2))",widen,1,"F[0,3](F[0,1](x<=-2))",0.2032258064516128,0.0632526959077121,0.625,0.0,
167,"F[0,2](F[0,1](x<=-2))",widen,2,"F[0,4](F[0,1](x<=-2))",0.3373015873015873,0.09887674085980991,0.625,0.0,
167,"F[0,2](F[0,1](x<=-2))",widen,3,"F[0,5](F[0,1](x<=-2))",0.43250843644544434,0.11979777887321064,0.625,0.0,
167,"F[0,2](F[0,1](x<=-2))",strict,0,"F[0,2](F[0,1](x<-2))",1.3555553601829473e-07,7.202534246797399e-08,0.0,0.0,
168,"F[0,2](((x<=3 || y<2)) U[0,1] (y>2))",const,1,"F[0,2](((x<=4 || y<2)) U[0,1] (y>2))",0.065340962188843,0.054997832244161216,0.0625,0.0,
168,"F[0,2](((x<=3 || y<2)) U[0,1] (y>2))",const,2,"F[0,2](((x<=5 || y<2)) U[0,1] (y>2))",0.1268731670444867,0.10051353024396559,0.125,0.0,
168,"F[0,2](((x<=3 || y<2)) U[0,1] (y>2))",const,3,"F[0,2](((x<=6 || y<2)) U[0,1] (y>2))",0.18541282984362073,0.13854383367465695,0.1875,0.0,
168,"F[0,2](((x<=3 || y<2)) U[0,1] (y>2))",const,4,"F[0,2](((x<=7 || y<2)) U[0,1] (y>2))",0.23648539974059624,0.17055288425794746,0.25,0.0,
168,"F[0,2](((x<=3 || y<2)) U[0,1] (y>2))",shift,1,"F[1,3](((x<=3 || y<2)) U[0,1] (y>2))",0.4307359352813849,0.2164550828618953,0.625,0.0,
168,"F[0,2](((x<=3 || y<2)) U[0,1] (y>2))",shift,2,"F[2,4](((x<=3 || y<2)) U[0,1] (y>2))",0.6783910551767676,0.34906652759280443,0.625,0.0,
168,"F[0,2](((x<=3 || y<2)) U[0,1] (y>2))",shift,3,"F[3,5](((x<=3 || y<2)) U[0,1] (y>2))",0.8571428571428572,0.4354065399886282,0.625,0.0,
168,"F[0,2](((x<=3 || y<2)) U[0,1] (y>2))",widen,1,"F[0,3](((x<=3 || y<2)) U[0,1] (y>2))",0.23370715170398726,0.1082275414309477,0.625,0.0,
168,"F[0,2](((x<=3 || y<2)) U[0,1] (y>2))",widen,2,"F[0,4](((x<=3 || y<2)) U[0,1] (y>2))",0.3519628334621385,0.17453326379640233,0.625,0.0,
168,"F[0,2](((x<=3 || y<2)) U[0,1] (y>2))",widen,3,"F[0,5](((x<=3 || y<2)) U[0,1] (y>2))",0.44657604546165297,0.2177032699943141,0.625,0.0,
168,"F[0,2](((x<=3 || y<2)) U[0,1] (y>2))",strict,0,"F[0,2](((x<3 || y<2)) U[0,1] (y>2))",6.759148873936027e-08,6.05859845626e-08,0.0,0.0,
169,"G[1,3](G[1,2](x>=2))",const,1,"G[1,3](G[1,2](x>=3))",0.11111118518516061,0.5177471707817557,0.0625,0.0375,
169,"G[1,3](G[1,2](x>=2))",const,2,"G[1,3](G[1,2](x>=4))",0.22222225925924677,0.8024692016460603,0.125,0.075,
169,"G[1,3](G[1,2](x>=2))",const,3,"G[1,3](G[1,2](x>=5))",0.33333333333333337,0.9375,0.1875,0.1125,
169,"G[1,3](G[1,2](x>=2))",const,4,"G[1,3](G[1,2](x>=6))",0.44444440740741964,0.9876543127572024,0.25,0.15,
169,"G[1,3](G[1,2](x>=2))",shift,1,"G[2,4](G[1,2](x>=2))",0.2857142857142857,0.7692307396449716,0.625,0.125,
169,"G[1,3](G[1,2](x>=2))",shift,2,"G[3,5](G[1,2](x>=2))",0.5,0.9243697309512039,0.625,0.21428571428571427,
169,"G[1,3](G[1,2](x>=2))",shift,3,"G[4,6](G[1,2](x>=2))",0.6666666666666667,0.9729187475767318,0.625,0.28125,
169,"G[1,3](G[1,2](x>=2))",widen,1,"G[1,4](G[1,2](x>=2))",0.1428571428571429,0.6249999609375025,0.625,0.0625,
169,"G[1,3](G[1,2](x>=2))",widen,2,"G[1,5](G[1,2](x>=2))",0.25,0.8593749707031253,0.625,0.10714285714285714,
169,"G[1,3](G[1,2](x>=2))",widen,3,"G[1,6](G[1,2](x>=2))",0.33333333333333337,0.9472656085205071,0.625,0.140625,
169,"G[1,3](G[1,2](x>=2))",strict,0,"G[1,3](G[1,2](x>2))",1.1111109243788775e-07,6.666663889820512e-07,0.0,0.0,
170,"G[2,4](((y>=-1 || y>-2) && y>=-1))",const,1,"G[2,4](((y>=-1 || y>-1) && y>=-1))",0.0,0.0,0.0,0.0,
170,"G[2,4](((y>=-1 || y>-2) && y>=-1))",const,2,"G[2,4](((y>=-1 || y>0) && y>=-1))",0.0,0.0,0.0,0.0,
170,"G[2,4](((y>=-1 || y>-2) && y>=-1))",const,3,"G[2,4](((y>=-1 || y>1) && y>=-1))",0.0,0.0,0.0,0.0,
170,"G[2,4](((y>=-1 || y>-2) && y>=-1))",const,4,"G[2,4](((y>=-1 || y>2) && y>=-1))",0.0,0.0,0.0,0.0,
170,"G[2,4](((y>=-1 || y>-2) && y>=-1))",shift,1,"G[3,5](((y>=-1 || y>-2) && y>=-1))",0.33333333333333337,0.6086956597353487,0.4375,0.225,
170,"G[2,4](((y>=-1 || y>-2) && y>=-1))",shift,2,"G[4,6](((y>=-1 || y>-2) && y>=-1))",0.5714285714285714,0.8120649713987319,0.4375,0.375,
170,"G[2,4](((y>=-1 || y>-2) && y>=-1))",shift,3,"G[5,7](((y>=-1 || y>-2) && y>=-1))",0.75,0.9023181071073405,0.4375,0.32142857142857145,
170,"G[2,4](((y>=-1 || y>-2) && y>=-1))",widen,1,"G[2,5](((y>=-1 || y>-2) && y>=-1))",0.16666666666666663,0.437500007812499,0.4375,0.1125,
170,"G[2,4](((y>=-1 || y>-2) && y>=-1))",widen,2,"G[2,6](((y>=-1 || y>-2) && y>=-1))",0.2857142857142857,0.6835937587890613,0.4375,0.1875,
170,"G[2,4](((y>=-1 || y>-2) && y>=-1))",widen,3,"G[2,7](((y>=-1 || y>-2) && y>=-1))",0.375,0.8220214917907704,0.4375,0.24107142857142858,
170,"G[2,4](((y>=-1 || y>-2) && y>=-1))",strict,0,"G[2,4](((y>=-1 || y>=-2) && y>=-1))",0.0,0.0,0.0,0.0,
171,"G[2,3](F[1,2](x<-2))",const,1,"G[2,3](F[1,2](x<-3))",0.0707071294000512,0.17985246985100434,0.0625,0.025,
171,"G[2,3](F[1,2](x<-2))",const,2,"G[2,3](F[1,2](x<-4))",0.1388889351851773,0.35864990638962513,0.125,0.05,
171,"G[2,3](F[1,2](x<-2))",const,3,"G[2,3](F[1,2](x<-5))",0.20512823980933037,0.5332279333072809,0.1875,0.075,
171,"G[2,3](F[1,2](x<-2))",const,4,"G[2,3](F[1,2](x<-6))",0.2698412934618253,0.7004219949705259,0.25,0.1,
171,"G[2,3](F[1,2](x<-2))",shift,1,"G[3,4](F[1,2](x<-2))",0.2857142857142857,0.4807692598927499,0.625,0.125,
171,"G[2,3](F[1,2](x<-2))",shift,2,"G[4,5](F[1,2](x<-2))",0.5,0.6748788114265565,0.625,0.21428571428571427,
171,"G[2,3](F[1,2](x<-2))",shift,3,"G[5,6](F[1,2](x<-2))",0.6666666666666667,0.6988564431219494,0.625,0.1875,
171,"G[2,3](F[1,2](x<-2))",widen,1,"G[2,4](F[1,2](x<-2))",0.1428571428571429,0.31645572143887113,0.625,0.0625,
171,"G[2,3](F[1,2](x<-2))",widen,2,"G[2,5](F[1,2](x<-2))",0.25,0.50929591741952,0.625,0.10714285714285714,
171,"G[2,3](F[1,2](x<-2))",widen,3,"G[2,6](F[1,2](x<-2))",0.33333333333333337,0.6557802942505739,0.6250000000000001,0.140625,
171,"G[2,3](F[1,2](x<-2))",strict,0,"G[2,3](F[1,2](x<=-2))",7.22222111004811e-08,1.7932486284788496e-07,0.0,0.0,
172,"G[2,4](((x>0 && y>=2) || (y<-1 || x<2)))",const,1,"G[2,4](((x>0 && y>=1) || (y<-1 || x<2)))",0.0371428760544138,0.0719713935762144,0.0625000625,0.0,
172,"G[2,4](((x>0 && y>=2) || (y<-1 || x<2)))",const,2,"G[2,4](((x>0 && y>=0) || (y<-1 || x<2)))",0.07000000083333602,0.13719864089690625,0.09375,0.0,
172,"G[2,4](((x>0 && y>=2) || (y<-1 || x<2)))",const,3,"G[2,4](((x>0 && y>=-1) || (y<-1 || x<2)))",1.0,0.19645361689888952,0.09375,0.0,
172,"G[2,4](((x>0 && y>=2) || (y<-1 || x<2)))",const,4,"G[2,4](((x>0 && y>=-2) || (y<-1 || x<2)))",1.0,0.19645360550406044,0.09374999999999967,0.0,
172,"G[2,4](((x>0 && y>=2) || (y<-1 || x<2)))",shift,1,"G[3,5](((x>0 && y>=2) || (y<-1 || x<2)))",0.33333333333333337,0.13138689200276754,0.09375,0.175,
172,"G[2,4](((x>0 && y>=2) || (y<-1 || x<2)))",shift,2,"G[4,6](((x>0 && y>=2) || (y<-1 || x<2)))",0.5714285714285714,0.23894238421272962,0.09375,0.2916666666666667,
172,"G[2,4](((x>0 && y>=2) || (y<-1 || x<2)))",shift,3,"G[5,7](((x>0 && y>=2) || (y<-1 || x<2)))",0.75,0.3283932015819906,0.09375,0.25,
172,"G[2,4](((x>0 && y>=2) || (y<-1 || x<2)))",widen,1,"G[2,5](((x>0 && y>=2) || (y<-1 || x<2)))",0.16666666666666663,0.07031251757812329,0.09375,0.0875,
172,"G[2,4](((x>0 && y>=2) || (y<-1 || x<2)))",widen,2,"G[2,6](((x>0 && y>=2) || (y<-1 || x<2)))",0.2857142857142857,0.1356811850280728,0.09375,0.14583333333333334,
172,"G[2,4](((x>0 && y>=2) || (y<-1 || x<2)))",widen,3,"G[2,7](((x>0 && y>=2) || (y<-1 || x<2)))",0.375,0.1964536168988893,0.09374999999999968,0.1875,
172,"G[2,4](((x>0 && y>=2) || (y<-1 || x<2)))",strict,0,"G[2,4](((x>0 && y>2) || (y<-1 || x<2)))",3.99999834366227e-08,7.563024517764916e-08,0.0,0.0,
173,"F[0,3]((x>=1 || (x<-3 && x<=2)))",const,1,"F[0,3]((x>=1 || (x<-3 && x<=3)))",0.0,0.0,0.0,0.0,
173,"F[0,3]((x>=1 || (x<-3 && x<=2)))",const,2,"F[0,3]((x>=1 || (x<-3 && x<=4)))",0.0,0.0,0.0,0.0,
173,"F[0,3]((x>=1 || (x<-3 && x<=2)))",const,3,"F[0,3]((x>=1 || (x<-3 && x<=5)))",0.0,0.0,0.0,0.0,
173,"F[0,3]((x>=1 || (x<-3 && x<=2)))",const,4,"F[0,3]((x>=1 || (x<-3 && x<=6)))",0.0,0.0,0.0,0.0,
173,"F[0,3]((x>=1 || (x<-3 && x<=2)))",shift,1,"F[1,4]((x>=1 || (x<-3 && x<=2)))",0.4,0.005865103985173592,0.125,0.0,
173,"F[0,3]((x>=1 || (x<-3 && x<=2)))",shift,2,"F[2,5]((x>=1 || (x<-3 && x<=2)))",0.6666666666666667,0.007326009097129882,0.125,0.0,
173,"F[0,3]((x>=1 || (x<-3 && x<=2)))",shift,3,"F[3,6]((x>=1 || (x<-3 && x<=2)))",0.8571428571428572,0.007690901002769146,0.125,0.10416666666666667,
173,"F[0,3]((x>=1 || (x<-3 && x<=2)))",widen,1,"F[0,4]((x>=1 || (x<-3 && x<=2)))",0.20082644628099167,0.002932551992586685,0.125,0.0,
173,"F[0,3]((x>=1 || (x<-3 && x<=2)))",widen,2,"F[0,5]((x>=1 || (x<-3 && x<=2)))",0.3342490842490843,0.00366300454856483,0.125,0.0,
173,"F[0,3]((x>=1 || (x<-3 && x<=2)))",widen,3,"F[0,6]((x>=1 || (x<-3 && x<=2)))",0.4294209907201674,0.0038454505013844065,0.125,0.0,
173,"F[0,3]((x>=1 || (x<-3 && x<=2)))",strict,0,"F[0,3]((x>=1 || (x<-3 && x<2)))",0.0,0.0,0.0,0.0,
174,"F[1,2]((x>-3 && (x<-2 && y>-1)))",const,1,"F[1,2]((x>-3 && (x<-3 && y>-1)))",1.0,1.0,0.0625000625,0.03125,
174,"F[1,2]((x>-3 && (x<-2 && y>-1)))",const,2,"F[1,2]((x>-3 && (x<-4 && y>-1)))",1.0,1.0,0.12499999999999997,0.03125,
174,"F[1,2]((x>-3 && (x<-2 && y>-1)))",const,3,"F[1,2]((x>-3 && (x<-5 && y>-1)))",1.0,1.0,0.18750000000000033,0.03125,
174,"F[1,2]((x>-3 && (x<-2 && y>-1)))",const,4,"F[1,2]((x>-3 && (x<-6 && y>-1)))",1.0,1.0,0.25,0.03125,
174,"F[1,2]((x>-3 && (x<-2 && y>-1)))",shift,1,"F[2,3]((x>-3 && (x<-2 && y>-1)))",0.5,0.6429546301896985,0.6250000625,0.4166666666666667,
174,"F[1,2]((x>-3 && (x<-2 && y>-1)))",shift,2,"F[3,4]((x>-3 && (x<-2 && y>-1)))",0.8,0.9642261714287157,0.6250000625,0.3125,
174,"F[1,2]((x>-3 && (x<-2 && y>-1)))",shift,3,"F[4,5]((x>-3 && (x<-2 && y>-1)))",0.8333333333333334,0.9642261714287157,0.6250000625,0.25,
174,"F[1,2]((x>-3 && (x<-2 && y>-1)))",widen,1,"F[1,3]((x>-3 && (x<-2 && y>-1)))",0.26991758241758235,0.3214773150948492,0.625,0.0,
174,"F[1,2]((x>-3 && (x<-2 && y>-1)))",widen,2,"F[1,4]((x>-3 && (x<-2 && y>-1)))",0.42377049180327875,0.48211308571435785,0.625,0.0,
174,"F[1,2]((x>-3 && (x<-2 && y>-1)))",widen,3,"F[1,5]((x>-3 && (x<-2 && y>-1)))",0.5236418691320863,0.5784123122830229,0.625,0.0,
174,"F[1,2]((x>-3 && (x<-2 && y>-1)))",strict,0,"F[1,2]((x>-3 && (x<=-2 && y>-1)))",2.1818160544917475e-07,9.821063766679572e-07,0.0,0.0,
175,"G[0,3](G[1,3](y<=0))",const,1,"G[0,3](G[1,3](y<=-1))",0.10714293749998005,0.5512049699076111,0.0625,0.052083333333333336,
175,"G[0,3](G[1,3](y<=0))",const,2,"G[0,3](G[1,3](y<=-2))",0.2142857678571295,0.8220215733642171,0.125,0.10416666666666667,
175,"G[0,3](G[1,3](y<=0))",const,3,"G[0,3](G[1,3](y<=-3))",0.32142859821427894,0.9403953731059961,0.1875,0.15625,
175,"G[0,3](G[1,3](y<=0))",const,4,"G[0,3](G[1,3](y<=-4))",0.4285714285714286,0.984375,0.25,0.20833333333333334,
175,"G[0,3](G[1,3](y<=0))",shift,1,"G[1,4](G[1,3](y<=0))",0.25,0.6666666388888901,0.5,0.14285714285714285,
175,"G[0,3](G[1,3](y<=0))",shift,2,"G[2,5](G[1,3](y<=0))",0.4444444444444444,0.8571428367346942,0.5,0.25,
175,"G[0,3](G[1,3](y<=0))",shift,3,"G[3,6](G[1,3](y<=0))",0.6,0.9333333199999998,0.5,0.3333333333333333,
175,"G[0,3](G[1,3](y<=0))",widen,1,"G[0,4](G[1,3](y<=0))",0.125,0.4999999687500021,0.5,0.07142857142857142,
175,"G[0,3](G[1,3](y<=0))",widen,2,"G[0,5](G[1,3](y<=0))",0.2222222222222222,0.749999968750001,0.5,0.125,
175,"G[0,3](G[1,3](y<=0))",widen,3,"G[0,6](G[1,3](y<=0))",0.30000000000000004,0.8749999765625,0.5,0.16666666666666666,
175,"G[0,3](G[1,3](y<=0))",strict,0,"G[0,3](G[1,3](y<0))",1.0714284381929673e-07,7.499996720339297e-07,0.0,0.0,
176,"F[2,4]((y>3 || y<0))",const,1,"F[2,4]((y>3 || y<1))",0.08461540512820298,0.0046477608618300525,0.0625,0.0,
176,"F[2,4]((y>3 || y<0))",const,2,"F[2,4]((y>3 || y<2))",0.16461533969236775,0.006349221101234592,0.09375,0.0,
176,"F[2,4]((y>3 || y<0))",const,3,"F[2,4]((y>3 || y<3))",0.21608389523206073,0.006591807586674325,0.09375,0.0,
176,"F[2,4]((y>3 || y<0))",const,4,"F[2,4]((y>3 || y<4))",1.0,0.006591806350711216,0.09375,0.0,
176,"F[2,4]((y>3 || y<0))",shift,1,"F[3,5]((y>3 || y<0))",0.33333333333333337,0.010724941637499708,0.09375,0.0,
176,"F[2,4]((y>3 || y<0))",shift,2,"F[4,6]((y>3 || y<0))",0.5714285714285714,0.012723076690452029,0.09375,0.10416666666666667,
176,"F[2,4]((y>3 || y<0))",shift,3,"F[5,7]((y>3 || y<0))",0.75,0.013097280420905633,0.09375,0.08928571428571429,
176,"F[2,4]((y>3 || y<0))",widen,1,"F[2,5]((y>3 || y<0))",0.16874999999999996,0.005362470818749854,0.09375,0.0,
176,"F[2,4]((y>3 || y<0))",widen,2,"F[2,6]((y>3 || y<0))",0.2880755608028336,0.006361538345225903,0.09375,0.0,
176,"F[2,4]((y>3 || y<0))",widen,3,"F[2,7]((y>3 || y<0))",0.3772321428571428,0.006548640210452872,0.09375,0.0,
176,"F[2,4]((y>3 || y<0))",strict,0,"F[2,4]((y>3 || y<=0))",8.749995583645642e-08,6.635540894528447e-09,0.0,0.0,
177,"F[1,2](y>2)",const,1,"F[1,2](y>1)",0.08571435791382076,0.10857152574692841,0.0625,0.03125,
177,"F[1,2](y>2)",const,2,"F[1,2](y>0)",0.15555561055554767,0.18750007812499325,0.125,0.0625,
177,"F[1,2](y>2)",const,3,"F[1,2](y>-1)",0.2148148566255088,0.24637687768675554,0.1875,0.09375,
177,"F[1,2](y>2)",const,4,"F[1,2](y>-2)",0.2666666977777742,0.2909091494214834,0.25,0.125,
177,"F[1,2](y>2)",shift,1,"F[2,3](y>2)",0.5,0.3875969181539558,0.625,0.25,
177,"F[1,2](y>2)",shift,2,"F[3,4](y>2)",0.7999999999999999,0.5617977831081915,0.625,0.1875,
177,"F[1,2](y>2)",shift,3,"F[4,5](y>2)",0.8333333333333334,0.5617977831081915,0.625,0.15,
177,"F[1,2](y>2)",widen,1,"F[1,3](y>2)",0.2678571428571428,0.1937984590769779,0.625,0.0,
177,"F[1,2](y>2)",widen,2,"F[1,4](y>2)",0.42000000000000004,0.28089889155409575,0.625,0.0,
177,"F[1,2](y>2)",widen,3,"F[1,5](y>2)",0.5188172043010753,0.3263839883042563,0.625,0.0,
177,"F[1,2](y>2)",strict,0,"F[1,2](y>=2)",9.629628172636018e-08,1.2820510830735543e-07,0.0,0.0,
178,"F[2,3](F[0,1](y<-1))",const,1,"F[2,3](F[0,1](y<0))",0.07142863115078413,0.06054693432617009,0.0625,0.03125,
178,"F[2,3](F[0,1](y<-1))",const,2,"F[2,3](F[0,1](y<1))",0.13333337883597196,0.10285110475350001,0.125,0.0625,
178,"F[2,3](F[0,1](y<-1))",const,3,"F[2,3](F[0,1](y<2))",0.18857146209523357,0.13221654360691826,0.1875,0.09375,
178,"F[2,3](F[0,1](y<-1))",const,4,"F[2,3](F[0,1](y<3))",0.23896106197035039,0.15210279243965907,0.25,0.125,
178,"F[2,3](F[0,1](y<-1))",shift,1,"F[3,4](F[0,1](y<-1))",0.33333333333333337,0.17305639798688643,0.5625,0.175,
178,"F[2,3](F[0,1](y<-1))",shift,2,"F[4,5](F[0,1](y<-1))",0.5714285714285714,0.25785049769065627,0.5625,0.2916666666666667,
178,"F[2,3](F[0,1](y<-1))",shift,3,"F[5,6](F[0,1](y<-1))",0.75,0.30217620321241234,0.5625,0.25,
178,"F[2,3](F[0,1](y<-1))",widen,1,"F[2,4](F[0,1](y<-1))",0.17222222222222217,0.08652819899344322,0.5625,0.0,
178,"F[2,3](F[0,1](y<-1))",widen,2,"F[2,5](F[0,1](y<-1))",0.292626728110599,0.1289252488453282,0.5625,0.0,
178,"F[2,3](F[0,1](y<-1))",widen,3,"F[2,6](F[0,1](y<-1))",0.3819444444444444,0.15108810160620623,0.5625,0.0,
178,"F[2,3](F[0,1](y<-1))",strict,0,"F[2,3](F[0,1](y<=-1))",7.755101039119694e-08,7.217106368084814e-08,0.0,0.0,
179,"F[0,1](F[0,2](x>=-2))",const,1,"F[0,1](F[0,2](x>=-1))",0.12000009980950721,0.017201133380346345,0.0625,0.041666666666666664,
179,"F[0,1](F[0,2](x>=-2))",const,2,"F[0,1](F[0,2](x>=0))",0.22333340908332155,0.04358656008337036,0.125,0.08333333333333333,
179,"F[0,1](F[0,2](x>=-2))",const,3,"F[0,1](F[0,2](x>=1))",0.315555611456782,0.08195828503099167,0.1875,0.125,
179,"F[0,1](F[0,2](x>=-2))",const,4,"F[0,1](F[0,2](x>=2))",0.4000000386666618,0.13549189850873655,0.25,0.16666666666666666,
179,"F[0,1](F[0,2](x>=-2))",shift,1,"F[1,2](F[0,2](x>=-2))",0.4,0.02490391471126463,0.375,0.0,
179,"F[0,1](F[0,2](x>=-2))",shift,2,"F[2,3](F[0,2](x>=-2))",0.6666666666666667,0.03408372872800969,0.375,0.25,
179,"F[0,1](F[0,2](x>=-2))",shift,3,"F[3,4](F[0,2](x>=-2))",0.8571428571428572,0.037504197512485016,0.375,0.4166666666666667,
179,"F[0,1](F[0,2](x>=-2))",widen,1,"F[0,2](F[0,2](x>=-2))",0.2032258064516128,0.012451957355632315,0.375,0.0,
179,"F[0,1](F[0,2](x>=-2))",widen,2,"F[0,3](F[0,2](x>=-2))",0.3373015873015873,0.01704186436400479,0.375,0.0,
179,"F[0,1](F[0,2](x>=-2))",widen,3,"F[0,4](F[0,2](x>=-2))",0.43250843644544434,0.018752098756242508,0.375,0.0,
179,"F[0,1](F[0,2](x>=-2))",strict,0,"F[0,1](F[0,2](x>-2))",1.3111109276042754e-07,1.3449564018053195e-08,0.0,0.0,
180,"G[2,3](F[1,2]((x<0 || (x>1 && y<=-1))))",const,1,"G[2,3](F[1,2]((x<0 || (x>0 && y<=-1))))",0.06249997873269386,0.029069125241400817,0.03125,0.0,
180,"G[2,3](F[1,2]((x<0 || (x>1 && y<=-1))))",const,2,"G[2,3](F[1,2]((x<0 || (x>-1 && y<=-1))))",0.03673247181103423,0.029069148874868667,0.03125,0.0,
180,"G[2,3](F[1,2]((x<0 || (x>1 && y<=-1))))",const,3,"G[2,3](F[1,2]((x<0 || (x>-2 && y<=-1))))",0.03673247181103423,0.029069148874868667,0.03125,0.0,
180,"G[2,3](F[1,2]((x<0 || (x>1 && y<=-1))))",const,4,"G[2,3](F[1,2]((x<0 || (x>-3 && y<=-1))))",0.03673247181103423,0.029069148874868667,0.03125,0.0,
180,"G[2,3](F[1,2]((x<0 || (x>1 && y<=-1))))",shift,1,"G[3,4](F[1,2]((x<0 || (x>1 && y<=-1))))",0.2857142857142857,0.14554576806890163,0.5,0.16666666666666666,
180,"G[2,3](F[1,2]((x<0 || (x>1 && y<=-1))))",shift,2,"G[4,5](F[1,2]((x<0 || (x>1 && y<=-1))))",0.5,0.26010516215225477,0.5,0.2857142857142857,
180,"G[2,3](F[1,2]((x<0 || (x>1 && y<=-1))))",shift,3,"G[5,6](F[1,2]((x<0 || (x>1 && y<=-1))))",0.6666666666666667,0.27745521206369494,0.5,0.25,
180,"G[2,3](F[1,2]((x<0 || (x>1 && y<=-1))))",widen,1,"G[2,4](F[1,2]((x<0 || (x>1 && y<=-1))))",0.1428571428571428,0.0784844217575219,0.5,0.08333333333333333,
180,"G[2,3](F[1,2]((x<0 || (x>1 && y<=-1))))",widen,2,"G[2,5](F[1,2]((x<0 || (x>1 && y<=-1))))",0.25,0.14949476054196786,0.5,0.14285714285714285,
180,"G[2,3](F[1,2]((x<0 || (x>1 && y<=-1))))",widen,3,"G[2,6](F[1,2]((x<0 || (x>1 && y<=-1))))",0.33333333333333337,0.21533747217680643,0.5,0.1875,
180,"G[2,3](F[1,2]((x<0 || (x>1 && y<=-1))))",strict,0,"G[2,3](F[1,2]((x<0 || (x>=1 && y<=-1))))",6.746020464465374e-08,3.0921157967434e-08,0.0,0.0,
181,"F[1,4](((y>=-2 || x<3)) U[0,1] (y>=0))",const,1,"F[1,4](((y>=-3 || x<3)) U[0,1] (y>=0))",0.013583645324580229,0.0012680713741062277,0.0625,0.0,
181,"F[1,4](((y>=-2 || x<3)) U[0,1] (y>=0))",const,2,"F[1,4](((y>=-4 || x<3)) U[0,1] (y>=0))",0.02258852553927515,0.002532929547902407,0.125,0.0,
181,"F[1,4](((y>=-2 || x<3)) U[0,1] (y>=0))",const,3,"F[1,4](((y>=-5 || x<3)) U[0,1] (y>=0))",0.029761905876068306,0.0037945879790166614,0.1875,0.0,
181,"F[1,4](((y>=-2 || x<3)) U[0,1] (y>=0))",const,4,"F[1,4](((y>=-6 || x<3)) U[0,1] (y>=0))",0.03159340654253162,0.0050530587938131255,0.25,0.0,
181,"F[1,4](((y>=-2 || x<3)) U[0,1] (y>=0))",shift,1,"F[2,5](((y>=-2 || x<3)) U[0,1] (y>=0))",0.3890306153723505,0.03933283554452949,0.5,0.0,
181,"F[1,4](((y>=-2 || x<3)) U[0,1] (y>=0))",shift,2,"F[3,6](((y>=-2 || x<3)) U[0,1] (y>=0))",0.4514079683851304,0.05842475054060814,0.5,0.0,
181,"F[1,4](((y>=-2 || x<3)) U[0,1] (y>=0))",shift,3,"F[4,7](((y>=-2 || x<3)) U[0,1] (y>=0))",0.5679181941201158,0.06783195355030458,0.5,0.078125,
181,"F[1,4](((y>=-2 || x<3)) U[0,1] (y>=0))",widen,1,"F[1,5](((y>=-2 || x<3)) U[0,1] (y>=0))",0.31808422990913987,0.019666417772264633,0.5,0.0,
181,"F[1,4](((y>=-2 || x<3)) U[0,1] (y>=0))",widen,2,"F[1,6](((y>=-2 || x<3)) U[0,1] (y>=0))",0.32700394645765085,0.02921237527030396,0.5,0.0,
181,"F[1,4](((y>=-2 || x<3)) U[0,1] (y>=0))",widen,3,"F[1,7](((y>=-2 || x<3)) U[0,1] (y>=0))",0.4019383406384245,0.033915976775152346,0.5,0.0,
181,"F[1,4](((y>=-2 || x<3)) U[0,1] (y>=0))",strict,0,"F[1,4](((y>-2 || x<3)) U[0,1] (y>=0))",1.8162385595488217e-08,1.2696800277822717e-09,0.0,0.0,
182,"F[2,3](y<=3)",const,1,"F[2,3](y<=2)",0.05808085602233637,0.04761908637393575,0.0625,0.020833333333333332,
182,"F[2,3](y<=3)",const,2,"F[2,3](y<=1)",0.10822514451565157,0.10389613571709022,0.125,0.041666666666666664,
182,"F[2,3](y<=3)",const,3,"F[2,3](y<=0)",0.15340911770402477,0.1688311913194982,0.1875,0.0625,
182,"F[2,3](y<=3)",const,4,"F[2,3](y<=-1)",0.19528621383872125,0.24242425318115945,0.25,0.08333333333333333,
182,"F[2,3](y<=3)",shift,1,"F[3,4](y<=3)",0.4,0.13850414092893815,0.3125,0.34375,
182,"F[2,3](y<=3)",shift,2,"F[4,5](y<=3)",0.6666666666666667,0.17793592279733195,0.3125,0.275,
182,"F[2,3](y<=3)",shift,3,"F[5,6](y<=3)",0.7142857142857143,0.17793592279733195,0.3125,0.22916666666666666,
182,"F[2,3](y<=3)",widen,1,"F[2,4](y<=3)",0.2142857142857142,0.06925207046446902,0.3125,0.0,
182,"F[2,3](y<=3)",widen,2,"F[2,5](y<=3)",0.3500000000000001,0.08896796139866592,0.3125,0.0,
182,"F[2,3](y<=3)",widen,3,"F[2,6](y<=3)",0.4447004608294931,0.09495900628898923,0.3125,0.0,
182,"F[2,3](y<=3)",strict,0,"F[2,3](y<3)",6.363635429718073e-08,4.3290041662480405e-08,0.0,0.0,
183,"F[0,1](y<=-2)",const,1,"F[0,1](y<=-1)",0.12857152659861704,0.1085715031509964,0.0625,0.0625,
183,"F[0,1](y<=-2)",const,2,"F[0,1](y<=0)",0.23333340166665362,0.18750004166665413,0.125,0.125,
183,"F[0,1](y<=-2)",const,3,"F[0,1](y<=1)",0.32222227024690575,0.24637683203808092,0.1875,0.1875,
183,"F[0,1](y<=-2)",const,4,"F[0,1](y<=2)",0.4000000333333287,0.29090909719008007,0.25,0.25,
183,"F[0,1](y<=-2)",shift,1,"F[1,2](y<=-2)",0.6666666666666667,0.38759686767622326,0.625,0.375,
183,"F[0,1](y<=-2)",shift,2,"F[2,3](y<=-2)",1.0,0.5617977023103173,0.625,0.25,
183,"F[0,1](y<=-2)",shift,3,"F[3,4](y<=-2)",1.0,0.5617977023103173,0.625,0.1875,
183,"F[0,1](y<=-2)",widen,1,"F[0,2](y<=-2)",0.3571428571428572,0.19379843383811157,0.625,0.0,
183,"F[0,1](y<=-2)",widen,2,"F[0,3](y<=-2)",0.525,0.28089885115515867,0.625,0.0,
183,"F[0,1](y<=-2)",widen,3,"F[0,4](y<=-2)",0.6225806451612903,0.3263839374499279,0.625,0.0,
183,"F[0,1](y<=-2)",strict,0,"F[0,1](y<-2)",1.4444442264505142e-07,1.2820510830735543e-07,0.0,0.0,
184,"G[0,3]((x<0) U[0,2] ((x<1 || x>=2)))",const,1,"G[0,3]((x<0) U[0,2] ((x<1 || x>=1)))",0.0,0.0,0.0,0.0,
184,"G[0,3]((x<0) U[0,2] ((x<1 || x>=2)))",const,2,"G[0,3]((x<0) U[0,2] ((x<1 || x>=0)))",0.0,0.0,0.0,0.0,
184,"G[0,3]((x<0) U[0,2] ((x<1 || x>=2)))",const,3,"G[0,3]((x<0) U[0,2] ((x<1 || x>=-1)))",0.0,0.0,0.0,0.0,
184,"G[0,3]((x<0) U[0,2] ((x<1 || x>=2)))",const,4,"G[0,3]((x<0) U[0,2] ((x<1 || x>=-2)))",0.0,0.0,0.0,0.0,
184,"G[0,3]((x<0) U[0,2] ((x<1 || x>=2)))",shift,1,"G[1,4]((x<0) U[0,2] ((x<1 || x>=2)))",0.4,0.6666667499999792,0.5000000625,0.0,
184,"G[0,3]((x<0) U[0,2] ((x<1 || x>=2)))",shift,2,"G[2,5]((x<0) U[0,2] ((x<1 || x>=2)))",0.6666666666666667,0.8571429183673265,0.5,0.0,
184,"G[0,3]((x<0) U[0,2] ((x<1 || x>=2)))",shift,3,"G[3,6]((x<0) U[0,2] ((x<1 || x>=2)))",0.8571428571428572,0.9333333733333169,0.5000000625,0.0,
184,"G[0,3]((x<0) U[0,2] ((x<1 || x>=2)))",widen,1,"G[0,4]((x<0) U[0,2] ((x<1 || x>=2)))",0.19999999999999996,0.5000000937499824,0.5,0.0,
184,"G[0,3]((x<0) U[0,2] ((x<1 || x>=2)))",widen,2,"G[0,5]((x<0) U[0,2] ((x<1 || x>=2)))",0.33333333333333337,0.7500000937499737,0.5000000625,0.0,
184,"G[0,3]((x<0) U[0,2] ((x<1 || x>=2)))",widen,3,"G[0,6]((x<0) U[0,2] ((x<1 || x>=2)))",0.4285714285714286,0.8750000703124736,0.5000000625,0.0,
184,"G[0,3]((x<0) U[0,2] ((x<1 || x>=2)))",strict,0,"G[0,3]((x<0) U[0,2] ((x<1 || x>2)))",0.0,0.0,0.0,0.0,
185,"G[2,4]((y<-1) U[0,2] (y<=-2))",const,1,"G[2,4]((y<-2) U[0,2] (y<=-2))",0.36830362909225234,0.3098700089477141,0.06250000000000004,0.0,
185,"G[2,4]((y<-1) U[0,2] (y<=-2))",const,2,"G[2,4]((y<-3) U[0,2] (y<=-2))",0.4259673580108807,0.600619397387283,0.125,0.020833333333333332,
185,"G[2,4]((y<-1) U[0,2] (y<=-2))",const,3,"G[2,4]((y<-4) U[0,2] (y<=-2))",0.4836310292658472,0.7955171314622889,0.1875,0.041666666666666664,
185,"G[2,4]((y<-1) U[0,2] (y<=-2))",const,4,"G[2,4]((y<-5) U[0,2] (y<=-2))",0.5412947005208142,0.9137337898356531,0.25,0.0625,
185,"G[2,4]((y<-1) U[0,2] (y<=-2))",shift,1,"G[3,5]((y<-1) U[0,2] (y<=-2))",0.2939453124023437,0.720980759797766,0.6249999999999999,0.0625,
185,"G[2,4]((y<-1) U[0,2] (y<=-2))",shift,2,"G[4,6]((y<-1) U[0,2] (y<=-2))",0.4942708337326388,0.8947815883045324,0.6249999999999999,0.109375,
185,"G[2,4]((y<-1) U[0,2] (y<=-2))",shift,3,"G[5,7]((y<-1) U[0,2] (y<=-2))",0.6532812504531249,0.9566532357756127,0.625,0.16666666666666666,
185,"G[2,4]((y<-1) U[0,2] (y<=-2))",widen,1,"G[2,5]((y<-1) U[0,2] (y<=-2))",0.16877020464776393,0.5636981345830004,0.625,0.008928571428571428,
185,"G[2,4]((y<-1) U[0,2] (y<=-2))",widen,2,"G[2,6]((y<-1) U[0,2] (y<=-2))",0.2731000133912578,0.8095970704395765,0.625,0.015625,
185,"G[2,4]((y<-1) U[0,2] (y<=-2))",widen,3,"G[2,7]((y<-1) U[0,2] (y<=-2))",0.3518678621125477,0.9169082308764126,0.6249999999999998,0.05555555555555555,
185,"G[2,4]((y<-1) U[0,2] (y<=-2))",strict,0,"G[2,4]((y<=-1) U[0,2] (y<=-2))",2.1378947234751422e-07,3.470120006898725e-07,0.0,0.0,
186,"F[1,2](F[0,1](((x>=0 || y<-1) && (y<-1 && y>-2))))",const,1,"F[1,2](F[0,1](((x>=-1 || y<-1) && (y<-1 && y>-2))))",0.0,0.0,5.387949874650304e-15,0.0,
186,"F[1,2](F[0,1](((x>=0 || y<-1) && (y<-1 && y>-2))))",const,2,"F[1,2](F[0,1](((x>=-2 || y<-1) && (y<-1 && y>-2))))",0.0,0.0,0.0,0.0,
186,"F[1,2](F[0,1](((x>=0 || y<-1) && (y<-1 && y>-2))))",const,3,"F[1,2](F[0,1](((x>=-3 || y<-1) && (y<-1 && y>-2))))",0.0,0.0,0.0,0.0,
186,"F[1,2](F[0,1](((x>=0 || y<-1) && (y<-1 && y>-2))))",const,4,"F[1,2](F[0,1](((x>=-4 || y<-1) && (y<-1 && y>-2))))",0.0,0.0,0.0,0.0,
186,"F[1,2](F[0,1](((x>=0 || y<-1) && (y<-1 && y>-2))))",shift,1,"F[2,3](F[0,1](((x>=0 || y<-1) && (y<-1 && y>-2))))",0.30000000000000004,0.4526859425194494,0.562500000000007,0.03125,
186,"F[1,2](F[0,1](((x>=0 || y<-1) && (y<-1 && y>-2))))",shift,2,"F[3,4](F[0,1](((x>=0 || y<-1) && (y<-1 && y>-2))))",0.5,0.7235452256810055,0.5625000000000011,0.05,
186,"F[1,2](F[0,1](((x>=0 || y<-1) && (y<-1 && y>-2))))",shift,3,"F[4,5](F[0,1](((x>=0 || y<-1) && (y<-1 && y>-2))))",0.6428571428571428,0.9034935206154093,0.5625,0.041666666666666664,
186,"F[1,2](F[0,1](((x>=0 || y<-1) && (y<-1 && y>-2))))",widen,1,"F[1,3](F[0,1](((x>=0 || y<-1) && (y<-1 && y>-2))))",0.20615384615384613,0.2263429712597248,0.5625,0.0,
186,"F[1,2](F[0,1](((x>=0 || y<-1) && (y<-1 && y>-2))))",widen,2,"F[1,4](F[0,1](((x>=0 || y<-1) && (y<-1 && y>-2))))",0.34123222748815163,0.361772612840503,0.5625,0.0,
186,"F[1,2](F[0,1](((x>=0 || y<-1) && (y<-1 && y>-2))))",widen,3,"F[1,5](F[0,1](((x>=0 || y<-1) && (y<-1 && y>-2))))",0.43673469387755104,0.4517467603077048,0.5625,0.0,
186,"F[1,2](F[0,1](((x>=0 || y<-1) && (y<-1 && y>-2))))",strict,0,"F[1,2](F[0,1](((x>0 || y<-1) && (y<-1 && y>-2))))",0.0,0.0,0.0,0.0,
187,"F[1,4](y<-1)",const,1,"F[1,4](y<0)",0.09481489374484298,0.040120484236654375,0.0625,0.015625,
187,"F[1,4](y<-1)",const,2,"F[1,4](y<1)",0.17777783769546407,0.06589058986774843,0.125,0.03125,
187,"F[1,4](y<-1)",const,3,"F[1,4](y<2)",0.2524444881382656,0.08195831807601273,0.1875,0.046875,
187,"F[1,4](y<-1)",const,4,"F[1,4](y<3)",0.3210774703696868,0.09144832741979947,0.25,0.0625,
187,"F[1,4](y<-1)",shift,1,"F[2,5](y<-1)",0.33333333333333337,0.09282618205656157,0.5625,0.0,
187,"F[1,4](y<-1)",shift,2,"F[3,6](y<-1)",0.5714285714285714,0.14135061978185692,0.5625,0.0,
187,"F[1,4](y<-1)",shift,3,"F[4,7](y<-1)",0.75,0.1675758191069282,0.5625,0.125,
187,"F[1,4](y<-1)",widen,1,"F[1,5](y<-1)",0.16935483870967738,0.04641309102828084,0.5625,0.0,
187,"F[1,4](y<-1)",widen,2,"F[1,6](y<-1)",0.2891156462585034,0.07067530989092852,0.5625,0.0,
187,"F[1,4](y<-1)",widen,3,"F[1,7](y<-1)",0.3784448818897638,0.08378790955346405,0.5625,0.0,
187,"F[1,4](y<-1)",strict,0,"F[1,4](y<=-1)",1.0243384929164989e-07,4.944467435485933e-08,0.0,0.0,
188,"F[0,2](y<=-3)",const,1,"F[0,2](y<=-2)",0.1341992331102997,0.1069122089091924,0.0625,0.03125,
188,"F[0,2](y<=-3)",const,2,"F[0,2](y<=-1)",0.24118745090715044,0.17879420504071863,0.125,0.0625,
188,"F[0,2](y<=-3)",const,3,"F[0,2](y<=0)",0.3311688773612681,0.22851562834821004,0.1875,0.09375,
188,"F[0,2](y<=-3)",const,4,"F[0,2](y<=1)",0.40981244166046804,0.2632560507963464,0.25,0.125,
188,"F[0,2](y<=-3)",shift,1,"F[1,3](y<=-3)",0.5,0.26151878135918816,0.6875,0.0,
188,"F[0,2](y<=-3)",shift,2,"F[2,4](y<=-3)",0.8,0.4049124841579259,0.6875,0.15625,
188,"F[0,2](y<=-3)",shift,3,"F[3,5](y<=-3)",1.0,0.49051034149401773,0.6875,0.125,
188,"F[0,2](y<=-3)",widen,1,"F[0,3](y<=-3)",0.2583333333333333,0.13075939067959408,0.6875,0.0,
188,"F[0,2](y<=-3)",widen,2,"F[0,4](y<=-3)",0.4096774193548387,0.20245624207896296,0.6875,0.0,
188,"F[0,2](y<=-3)",widen,3,"F[0,5](y<=-3)",0.5092592592592593,0.24525517074700887,0.6875,0.0,
188,"F[0,2](y<=-3)",strict,0,"F[0,2](y<-3)",1.5324672675287587e-07,1.3128388132166435e-07,0.0,0.0,
189,"F[0,2](G[0,2](((y<-3 || y>0) || x>-1)))",const,1,"F[0,2](G[0,2](((y<-3 || y>0) || x>-2)))",0.05996433351376629,0.017559820614795885,0.0625000625,0.0,
189,"F[0,2](G[0,2](((y<-3 || y>0) || x>-1)))",const,2,"F[0,2](G[0,2](((y<-3 || y>0) || x>-3)))",0.11506496919631737,0.033943174759095696,0.09375,0.0,
189,"F[0,2](G[0,2](((y<-3 || y>0) || x>-1)))",const,3,"F[0,2](G[0,2](((y<-3 || y>0) || x>-4)))",0.16651787860650236,0.049193111145391155,0.09375,0.0,
189,"F[0,2](G[0,2](((y<-3 || y>0) || x>-1)))",const,4,"F[0,2](G[0,2](((y<-3 || y>0) || x>-5)))",0.21516484466549957,0.06334770038084514,0.09375,0.0,
189,"F[0,2](G[0,2](((y<-3 || y>0) || x>-1)))",shift,1,"F[1,3](G[0,2](((y<-3 || y>0) || x>-1)))",0.34375,0.13166150772888285,0.09374999999999994,0.0,
189,"F[0,2](G[0,2](((y<-3 || y>0) || x>-1)))",shift,2,"F[2,4](G[0,2](((y<-3 || y>0) || x>-1)))",0.5818452380952381,0.1591054418477008,0.09375,0.10416666666666667,
189,"F[0,2](G[0,2](((y<-3 || y>0) || x>-1)))",shift,3,"F[3,5](G[0,2](((y<-3 || y>0) || x>-1)))",0.75,0.17836566599091364,0.09375,0.17857142857142858,
189,"F[0,2](G[0,2](((y<-3 || y>0) || x>-1)))",widen,1,"F[0,3](G[0,2](((y<-3 || y>0) || x>-1)))",0.17129629629629628,0.06583075386444137,0.09375000000000011,0.0,
189,"F[0,2](G[0,2](((y<-3 || y>0) || x>-1)))",widen,2,"F[0,4](G[0,2](((y<-3 || y>0) || x>-1)))",0.2912951912951912,0.07955272092385046,0.0937499999999998,0.0,
189,"F[0,2](G[0,2](((y<-3 || y>0) || x>-1)))",widen,3,"F[0,5](G[0,2](((y<-3 || y>0) || x>-1)))",0.38087839442641114,0.08918283299545693,0.09375,0.0,
189,"F[0,2](G[0,2](((y<-3 || y>0) || x>-1)))",strict,0,"F[0,2](G[0,2](((y<-3 || y>0) || x>=-1)))",6.2936499789501e-08,1.81636561347176e-08,0.0,0.0,
190,"F[1,3](G[0,1](y>1))",const,1,"F[1,3](G[0,1](y>2))",0.10357151591835367,0.22208901966161398,0.0625000625,0.03125,
190,"F[1,3](G[0,1](y>1))",const,2,"F[1,3](G[0,1](y>3))",0.20259747318265087,0.42977204873543484,0.125,0.0625,
190,"F[1,3](G[0,1](y>1))",const,3,"F[1,3](G[0,1](y>4))",0.2982143410289033,0.6158464358650839,0.18750000000000017,0.09375,
190,"F[1,3](G[0,1](y>1))",const,4,"F[1,3](G[0,1](y>5))",0.3912088322787044,0.7731093028034628,0.25000000000000006,0.125,
190,"F[1,3](G[0,1](y>1))",shift,1,"F[2,4](G[0,1](y>1))",0.35416666666666674,0.3526071885133455,0.5625,0.0,
190,"F[1,3](G[0,1](y>1))",shift,2,"F[3,5](G[0,1](y>1))",0.5714285714285714,0.5709990958595901,0.5625,0.14583333333333334,
190,"F[1,3](G[0,1](y>1))",shift,3,"F[4,6](G[0,1](y>1))",0.75,0.7151641834232132,0.5625,0.25,
190,"F[1,3](G[0,1](y>1))",widen,1,"F[1,4](G[0,1](y>1))",0.17982456140350878,0.17630359425667275,0.5625,0.0,
190,"F[1,3](G[0,1](y>1))",widen,2,"F[1,5](G[0,1](y>1))",0.30564784053156147,0.28549954792979515,0.5625,0.0,
190,"F[1,3](G[0,1](y>1))",widen,3,"F[1,6](G[0,1](y>1))",0.39694148936170215,0.3575820917116066,0.5625,0.0,
190,"F[1,3](G[0,1](y>1))",strict,0,"F[1,3](G[0,1](y>=1))",1.0634919211938154e-07,2.2689071355053159e-07,0.0,0.0,
191,"G[2,3](((x<=1 && x<-2) || x>0))",const,1,"G[2,3](((x<=0 && x<-2) || x>0))",0.0,0.0,0.0,0.0,
191,"G[2,3](((x<=1 && x<-2) || x>0))",const,2,"G[2,3](((x<=-1 && x<-2) || x>0))",0.0,0.0,0.0,0.0,
191,"G[2,3](((x<=1 && x<-2) || x>0))",const,3,"G[2,3](((x<=-2 && x<-2) || x>0))",0.0,0.0,0.0,0.0,
191,"G[2,3](((x<=1 && x<-2) || x>0))",const,4,"G[2,3](((x<=-3 && x<-2) || x>0))",0.04166665972222339,0.13775508309038176,0.0625000625,0.0,
191,"G[2,3](((x<=1 && x<-2) || x>0))",shift,1,"G[3,4](((x<=1 && x<-2) || x>0))",0.4,0.2222223827160047,0.0625,0.1875,
191,"G[2,3](((x<=1 && x<-2) || x>0))",shift,2,"G[4,5](((x<=1 && x<-2) || x>0))",0.6666666666666667,0.37974706873889297,0.0625,0.15,
191,"G[2,3](((x<=1 && x<-2) || x>0))",shift,3,"G[5,6](((x<=1 && x<-2) || x>0))",0.7142857142857143,0.3797470687388932,0.0625,0.125,
191,"G[2,3](((x<=1 && x<-2) || x>0))",widen,1,"G[2,4](((x<=1 && x<-2) || x>0))",0.19999999999999996,0.12500010156248076,0.062499999999999827,0.09375,
191,"G[2,3](((x<=1 && x<-2) || x>0))",widen,2,"G[2,5](((x<=1 && x<-2) || x>0))",0.33333333333333337,0.23437517773433103,0.0625,0.15,
191,"G[2,3](((x<=1 && x<-2) || x>0))",widen,3,"G[2,6](((x<=1 && x<-2) || x>0))",0.4285714285714286,0.3300783582762964,0.0625,0.1875,
191,"G[2,3](((x<=1 && x<-2) || x>0))",strict,0,"G[2,3](((x<1 && x<-2) || x>0))",0.0,0.0,0.0,0.0,
192,"G[1,4](y>0)",const,1,"G[1,4](y>-1)",0.08888896790122591,0.37570520049442746,0.0625,0.046875,
192,"G[1,4](y>0)",const,2,"G[1,4](y>-2)",0.16000006399999367,0.5904001638399591,0.125,0.09375,
192,"G[1,4](y>0)",const,3,"G[1,4](y>-3)",0.21818187107437537,0.7202377904141934,0.1875,0.140625,
192,"G[1,4](y>0)",const,4,"G[1,4](y>-4)",0.2666667111111074,0.8024692016460768,0.25,0.1875,
192,"G[1,4](y>0)",shift,1,"G[2,5](y>0)",0.33333333333333337,0.6666666944444422,0.5,0.2,
192,"G[1,4](y>0)",shift,2,"G[3,6](y>0)",0.5714285714285714,0.8571428775510181,0.5,0.3333333333333333,
192,"G[1,4](y>0)",shift,3,"G[4,7](y>0)",0.75,0.9333333466666648,0.5,0.42857142857142855,
192,"G[1,4](y>0)",widen,1,"G[1,5](y>0)",0.16666666666666663,0.5000000312499981,0.5,0.1,
192,"G[1,4](y>0)",widen,2,"G[1,6](y>0)",0.2857142857142857,0.750000031249997,0.5,0.16666666666666666,
192,"G[1,4](y>0)",widen,3,"G[1,7](y>0)",0.375,0.875000023437497,0.5,0.21428571428571427,
192,"G[1,4](y>0)",strict,0,"G[1,4](y>=0)",9.999998751286654e-08,4.999998439725317e-07,0.0,0.0,
193,"G[0,1](G[1,2](((x<=2 && y>-3) || x<3)))",const,1,"G[0,1](G[1,2](((x<=1 && y>-3) || x<3)))",0.0,0.0,0.0,0.0,
193,"G[0,1](G[1,2](((x<=2 && y>-3) || x<3)))",const,2,"G[0,1](G[1,2](((x<=0 && y>-3) || x<3)))",0.0,0.0,0.0,0.0,
193,"G[0,1](G[1,2](((x<=2 && y>-3) || x<3)))",const,3,"G[0,1](G[1,2](((x<=-1 && y>-3) || x<3)))",0.0,0.0,0.0,0.0,
193,"G[0,1](G[1,2](((x<=2 && y>-3) || x<3)))",const,4,"G[0,1](G[1,2](((x<=-2 && y>-3) || x<3)))",0.0,0.0,0.0,0.0,
193,"G[0,1](G[1,2](((x<=2 && y>-3) || x<3)))",shift,1,"G[1,2](G[1,2](((x<=2 && y>-3) || x<3)))",0.30000000000000004,0.4761905034013566,0.3125,0.34375,
193,"G[0,1](G[1,2](((x<=2 && y>-3) || x<3)))",shift,2,"G[2,3](G[1,2](((x<=2 && y>-3) || x<3)))",0.5,0.6905371120283051,0.3125,0.55,
193,"G[0,1](G[1,2](((x<=2 && y>-3) || x<3)))",shift,3,"G[3,4](G[1,2](((x<=2 && y>-3) || x<3)))",0.6428571428571428,0.8060049792351766,0.3125,0.4583333333333333,
193,"G[0,1](G[1,2](((x<=2 && y>-3) || x<3)))",widen,1,"G[0,2](G[1,2](((x<=2 && y>-3) || x<3)))",0.19999999999999996,0.31250002343749705,0.3125,0.171875,
193,"G[0,1](G[1,2](((x<=2 && y>-3) || x<3)))",widen,2,"G[0,3](G[1,2](((x<=2 && y>-3) || x<3)))",0.33333333333333337,0.5273437822265579,0.3125,0.275,
193,"G[0,1](G[1,2](((x<=2 && y>-3) || x<3)))",widen,3,"G[0,4](G[1,2](((x<=2 && y>-3) || x<3)))",0.4285714285714286,0.6750488613586373,0.31250006249999995,0.34375,
193,"G[0,1](G[1,2](((x<=2 && y>-3) || x<3)))",strict,0,"G[0,1](G[1,2](((x<2 && y>-3) || x<3)))",0.0,0.0,0.0,0.0,
194,"G[1,2]((x>=-2 || x<-3))",const,1,"G[1,2]((x>=-2 || x<-4))",0.06666671999998941,0.12888899674072307,0.0625,0.0,
194,"G[1,2]((x>=-2 || x<-3))",const,2,"G[1,2]((x>=-2 || x<-5))",0.1333333733333254,0.24888897362961604,0.09375,0.0,
194,"G[1,2]((x>=-2 || x<-3))",const,3,"G[1,2]((x>=-2 || x<-6))",0.2000000266666614,0.36000006399998985,0.125,0.0,
194,"G[1,2]((x>=-2 || x<-3))",const,4,"G[1,2]((x>=-2 || x<-7))",0.2666666799999974,0.46222226785184484,0.15625,0.0,
194,"G[1,2]((x>=-2 || x<-3))",shift,1,"G[2,3]((x>=-2 || x<-3))",0.5,0.11764715570932527,0.03125,0.20833333333333334,
194,"G[1,2]((x>=-2 || x<-3))",shift,2,"G[3,4]((x>=-2 || x<-3))",0.8,0.21602803773260182,0.03125,0.15625,
194,"G[1,2]((x>=-2 || x<-3))",shift,3,"G[4,5]((x>=-2 || x<-3))",0.8333333333333334,0.21602803773260182,0.03125,0.125,
194,"G[1,2]((x>=-2 || x<-3))",widen,1,"G[1,3]((x>=-2 || x<-3))",0.25,0.06250005468749309,0.031249999999999764,0.10416666666666667,
194,"G[1,2]((x>=-2 || x<-3))",widen,2,"G[1,4]((x>=-2 || x<-3))",0.4,0.12109385253904659,0.03125,0.15625,
194,"G[1,2]((x>=-2 || x<-3))",widen,3,"G[1,5]((x>=-2 || x<-3))",0.5,0.17602553482053007,0.03125,0.1875,
194,"G[1,2]((x>=-2 || x<-3))",strict,0,"G[1,2]((x>=-2 || x<=-3))",6.666665341992228e-08,1.3333331116971436e-07,0.0,0.0,
195,"G[1,2](((x>=3 || x>=-3) || y>3))",const,1,"G[1,2](((x>=4 || x>=-3) || y>3))",0.0,0.0,0.0,0.0,
195,"G[1,2](((x>=3 || x>=-3) || y>3))",const,2,"G[1,2](((x>=5 || x>=-3) || y>3))",0.0,0.0,0.0,0.0,
195,"G[1,2](((x>=3 || x>=-3) || y>3))",const,3,"G[1,2](((x>=6 || x>=-3) || y>3))",0.0,0.0,0.0,0.0,
195,"G[1,2](((x>=3 || x>=-3) || y>3))",const,4,"G[1,2](((x>=7 || x>=-3) || y>3))",0.0,0.0,0.0,0.0,
195,"G[1,2](((x>=3 || x>=-3) || y>3))",shift,1,"G[2,3](((x>=3 || x>=-3) || y>3))",0.5,0.35369772107401964,0.3125,0.20833333333333334,
195,"G[1,2](((x>=3 || x>=-3) || y>3))",shift,2,"G[3,4](((x>=3 || x>=-3) || y>3))",0.8,0.5544219972514672,0.3125,0.15625,
195,"G[1,2](((x>=3 || x>=-3) || y>3))",shift,3,"G[4,5](((x>=3 || x>=-3) || y>3))",0.8333333333333334,0.5544219972514672,0.3125,0.125,
195,"G[1,2](((x>=3 || x>=-3) || y>3))",widen,1,"G[1,3](((x>=3 || x>=-3) || y>3))",0.25,0.2148437292480493,0.3125,0.10416666666666667,
195,"G[1,2](((x>=3 || x>=-3) || y>3))",widen,2,"G[1,4](((x>=3 || x>=-3) || y>3))",0.4,0.3835296304988892,0.3125,0.15625,
195,"G[1,2](((x>=3 || x>=-3) || y>3))",widen,3,"G[1,5](((x>=3 || x>=-3) || y>3))",0.5,0.5159744236534307,0.3125,0.1875,
195,"G[1,2](((x>=3 || x>=-3) || y>3))",strict,0,"G[1,2](((x>3 || x>=-3) || y>3))",0.0,0.0,0.0,0.0,
196,"F[2,3](y<=0)",const,1,"F[2,3](y<=-1)",0.06018523289608091,0.08854173090275985,0.0625,0.020833333333333332,
196,"F[2,3](y<=0)",const,2,"F[2,3](y<=-2)",0.11666670083332686,0.18750004166665413,0.125,0.041666666666666664,
196,"F[2,3](y<=0)",const,3,"F[2,3](y<=-3)",0.1704545668904922,0.29687501562499385,0.1875,0.0625,
196,"F[2,3](y<=0)",const,4,"F[2,3](y<=-4)",0.22222223148148068,0.4166666527777789,0.25,0.08333333333333333,
196,"F[2,3](y<=0)",shift,1,"F[3,4](y<=0)",0.4,0.2857142602040832,0.5,0.25,
196,"F[2,3](y<=0)",shift,2,"F[4,5](y<=0)",0.6666666666666667,0.3999999600000025,0.5,0.2,
196,"F[2,3](y<=0)",shift,3,"F[5,6](y<=0)",0.7142857142857143,0.3999999600000025,0.5,0.16666666666666666,
196,"F[2,3](y<=0)",widen,1,"F[2,4](y<=0)",0.2142857142857142,0.1428571301020417,0.5,0.0,
196,"F[2,3](y<=0)",widen,2,"F[2,5](y<=0)",0.3500000000000001,0.1999999800000014,0.5,0.0,
196,"F[2,3](y<=0)",widen,3,"F[2,6](y<=0)",0.4447004608294931,0.22580642715921107,0.5,0.0,
196,"F[2,3](y<=0)",strict,0,"F[2,3](y<0)",6.24999922926861e-08,8.33333245742196e-08,0.0,0.0,
197,"G[1,2]((x<=-3 && y<0))",const,1,"G[1,2]((x<=-3 && y<-1))",0.04166670312499543,0.2343751914062141,0.0625,0.03125,
197,"G[1,2]((x<=-3 && y<0))",const,2,"G[1,2]((x<=-3 && y<-2))",0.0833333645833294,0.43750014062497344,0.125,0.0625,
197,"G[1,2]((x<=-3 && y<0))",const,3,"G[1,2]((x<=-3 && y<-3))",0.12500002604166338,0.6093750976562317,0.1875,0.09375,
197,"G[1,2]((x<=-3 && y<0))",const,4,"G[1,2]((x<=-3 && y<-4))",0.16666668749999747,0.7500000624999883,0.25,0.125,
197,"G[1,2]((x<=-3 && y<0))",shift,1,"G[2,3]((x<=-3 && y<0))",0.5,0.9152542303935662,0.6875,0.5416666666666666,
197,"G[1,2]((x<=-3 && y<0))",shift,2,"G[3,4]((x<=-3 && y<0))",0.8,0.9876421137932073,0.6875,0.40625,
197,"G[1,2]((x<=-3 && y<0))",shift,3,"G[4,5]((x<=-3 && y<0))",0.8333333333333334,0.9876421137932073,0.6875,0.325,
197,"G[1,2]((x<=-3 && y<0))",widen,1,"G[1,3]((x<=-3 && y<0))",0.25,0.843749988281252,0.6875,0.2708333333333333,
197,"G[1,2]((x<=-3 && y<0))",widen,2,"G[1,4]((x<=-3 && y<0))",0.4,0.9755859338378912,0.6875,0.40625,
197,"G[1,2]((x<=-3 && y<0))",widen,3,"G[1,5]((x<=-3 && y<0))",0.5,0.9961853018760682,0.6875,0.4875,
197,"G[1,2]((x<=-3 && y<0))",strict,0,"G[1,2]((x<=-3 && y<=0))",4.1666661565464835e-08,2.4999995318353285e-07,0.0,0.0,
198,"F[1,4](F[0,2](y<=-3))",const,1,"F[1,4](F[0,2](y<=-4))",0.12222230668553968,0.0809310539688981,0.0625,0.020833333333333332,
198,"F[1,4](F[0,2](y<=-3))",const,2,"F[1,4](F[0,2](y<=-5))",0.23903719819022573,0.2036064181001087,0.125,0.041666666666666664,
198,"F[1,4](F[0,2](y<=-3))",const,3,"F[1,4](F[0,2](y<=-6))",0.35160350479800595,0.38372023071469874,0.1875,0.0625,
198,"F[1,4](F[0,2](y<=-3))",const,4,"F[1,4](F[0,2](y<=-7))",0.45345803124198214,0.6410290314042505,0.25,0.08333333333333333,
198,"F[1,4](F[0,2](y<=-3))",shift,1,"F[2,5](F[0,2](y<=-3))",0.25,0.0711617884246265,0.6875,0.0,
198,"F[1,4](F[0,2](y<=-3))",shift,2,"F[3,6](F[0,2](y<=-3))",0.4444444444444444,0.11721814077958082,0.6875,0.0,
198,"F[1,4](F[0,2](y<=-3))",shift,3,"F[4,7](F[0,2](y<=-3))",0.6,0.14762663678242038,0.6875,0.0,
198,"F[1,4](F[0,2](y<=-3))",widen,1,"F[1,5](F[0,2](y<=-3))",0.12549212598425197,0.03558089421231325,0.6875,0.0,
198,"F[1,4](F[0,2](y<=-3))",widen,2,"F[1,6](F[0,2](y<=-3))",0.22287581699346404,0.05860907038979035,0.6875,0.0,
198,"F[1,4](F[0,2](y<=-3))",widen,3,"F[1,7](F[0,2](y<=-3))",0.3006849315068494,0.07381331839121008,0.6875,0.0,
198,"F[1,4](F[0,2](y<=-3))",strict,0,"F[1,4](F[0,2](y<-3))",1.2541741889471325e-07,6.43961103330426e-08,0.0,0.0,
199,"F[0,1](G[1,2](((x<-3 || x>0) && y>-1)))",const,1,"F[0,1](G[1,2](((x<-3 || x>0) && y>0)))",0.042708369994207906,0.18387264300340245,0.06250000000000003,0.041666666666666664,
199,"F[0,1](G[1,2](((x<-3 || x>0) && y>-1)))",const,2,"F[0,1](G[1,2](((x<-3 || x>0) && y>1)))",0.0833333638888849,0.35524314168254467,0.12499999999999992,0.08333333333333333,
199,"F[0,1](G[1,2](((x<-3 || x>0) && y>-1)))",const,3,"F[0,1](G[1,2](((x<-3 || x>0) && y>2)))",0.12250002522221914,0.5116738056808555,0.1875,0.125,
199,"F[0,1](G[1,2](((x<-3 || x>0) && y>-1)))",const,4,"F[0,1](G[1,2](((x<-3 || x>0) && y>3)))",0.1606060809840809,0.6507267553309559,0.25,0.16666666666666666,
199,"F[0,1](G[1,2](((x<-3 || x>0) && y>-1)))",shift,1,"F[1,2](G[1,2](((x<-3 || x>0) && y>-1)))",0.44999999999999996,0.5205992903252866,0.43749999999999994,0.4375,
199,"F[0,1](G[1,2](((x<-3 || x>0) && y>-1)))",shift,2,"F[2,3](G[1,2](((x<-3 || x>0) && y>-1)))",0.6666666666666667,0.773227262789522,0.4375,0.7,
199,"F[0,1](G[1,2](((x<-3 || x>0) && y>-1)))",shift,3,"F[3,4](G[1,2](((x<-3 || x>0) && y>-1)))",0.8571428571428572,0.8078978317943106,0.4375,0.5833333333333334,
199,"F[0,1](G[1,2](((x<-3 || x>0) && y>-1)))",widen,1,"F[0,2](G[1,2](((x<-3 || x>0) && y>-1)))",0.21785714285714275,0.26029964516264326,0.4375,0.0,
199,"F[0,1](G[1,2](((x<-3 || x>0) && y>-1)))",widen,2,"F[0,3](G[1,2](((x<-3 || x>0) && y>-1)))",0.35983649789029537,0.3866136313947609,0.4375,0.0,
199,"F[0,1](G[1,2](((x<-3 || x>0) && y>-1)))",widen,3,"F[0,4](G[1,2](((x<-3 || x>0) && y>-1)))",0.45669166243009673,0.464891137063262,0.4375,0.0,
199,"F[0,1](G[1,2](((x<-3 || x>0) && y>-1)))",strict,0,"F[0,1](G[1,2](((x<-3 || x>0) && y>=-1)))",4.404761388965284e-08,1.8931080680850698e-07,0.0,0.0,
200,"F[1,4](((x<=-2 || x>=1) || y>2))",const,1,"F[1,4](((x<=-2 || x>=0) || y>2))",0.06105538314885006,0.00015134571709207734,0.0625,0.0,
200,"F[1,4](((x<=-2 || x>=1) || y>2))",const,2,"F[1,4](((x<=-2 || x>=-1) || y>2))",0.11840414143285449,0.0001862650883034389,0.09375,0.0,
200,"F[1,4](((x<=-2 || x>=1) || y>2))",const,3,"F[1,4](((x<=-2 || x>=-2) || y>2))",1.0,0.00018859275535210163,0.09375,0.0,
200,"F[1,4](((x<=-2 || x>=1) || y>2))",const,4,"F[1,4](((x<=-2 || x>=-3) || y>2))",1.0,0.00018859270820392737,0.09375,0.0,
200,"F[1,4](((x<=-2 || x>=1) || y>2))",shift,1,"F[2,5](((x<=-2 || x>=1) || y>2))",0.33333333333333337,0.0003329914468840345,0.09375,0.0,
200,"F[1,4](((x<=-2 || x>=1) || y>2))",shift,2,"F[3,6](((x<=-2 || x>=1) || y>2))",0.5714285714285714,0.00037200662034975185,0.09375,0.0,
200,"F[1,4](((x<=-2 || x>=1) || y>2))",shift,3,"F[4,7](((x<=-2 || x>=1) || y>2))",0.75,0.00037657861093143286,0.09375,0.10714285714285714,
200,"F[1,4](((x<=-2 || x>=1) || y>2))",widen,1,"F[1,5](((x<=-2 || x>=1) || y>2))",0.16669346195069668,0.00016649572344196173,0.09375,0.0,
200,"F[1,4](((x<=-2 || x>=1) || y>2))",widen,2,"F[1,6](((x<=-2 || x>=1) || y>2))",0.2857410781266745,0.0001860033101747094,0.09375,0.0,
200,"F[1,4](((x<=-2 || x>=1) || y>2))",widen,3,"F[1,7](((x<=-2 || x>=1) || y>2))",0.3750240011074,0.00018828930546577194,0.09375,0.0,
200,"F[1,4](((x<=-2 || x>=1) || y>2))",strict,0,"F[1,4](((x<=-2 || x>1) || y>2))",6.34381147612828e-08,2.5150459492806476e-10,0.0,0.0,
201,"G[1,2](((x>=-1 || y<=1)) U[0,2] (y>2))",const,1,"G[1,2](((x>=-1 || y<=1)) U[0,2] (y>1))",0.05944397849188432,0.1263016406279821,0.06250000000000044,0.0,
201,"G[1,2](((x>=-1 || y<=1)) U[0,2] (y>2))",const,2,"G[1,2](((x>=-1 || y<=1)) U[0,2] (y>0))",0.15235937786550102,0.2755710021983785,0.12500000000000047,0.015625,
201,"G[1,2](((x>=-1 || y<=1)) U[0,2] (y>2))",const,3,"G[1,2](((x>=-1 || y<=1)) U[0,2] (y>-1))",0.1600015999349642,0.369907695187898,0.1875,0.03125,
201,"G[1,2](((x>=-1 || y<=1)) U[0,2] (y>2))",const,4,"G[1,2](((x>=-1 || y<=1)) U[0,2] (y>-2))",0.16762566039428894,0.43287030329499887,0.25,0.046875,
201,"G[1,2](((x>=-1 || y<=1)) U[0,2] (y>2))",shift,1,"G[2,3](((x>=-1 || y<=1)) U[0,2] (y>2))",0.3579793044662306,0.5158240968982165,0.625,0.0,
201,"G[1,2](((x>=-1 || y<=1)) U[0,2] (y>2))",shift,2,"G[3,4](((x>=-1 || y<=1)) U[0,2] (y>2))",0.5938608793837532,0.7719327076438222,0.6250000625,0.0,
201,"G[1,2](((x>=-1 || y<=1)) U[0,2] (y>2))",shift,3,"G[4,5](((x>=-1 || y<=1)) U[0,2] (y>2))",0.7669117664705879,0.8268246688190837,0.6250000625,0.0,
201,"G[1,2](((x>=-1 || y<=1)) U[0,2] (y>2))",widen,1,"G[1,3](((x>=-1 || y<=1)) U[0,2] (y>2))",0.19337262847650116,0.34754916571559635,0.625,0.0,
201,"G[1,2](((x>=-1 || y<=1)) U[0,2] (y>2))",widen,2,"G[1,4](((x>=-1 || y<=1)) U[0,2] (y>2))",0.3078627959192095,0.628575251900722,0.625,0.0,
201,"G[1,2](((x>=-1 || y<=1)) U[0,2] (y>2))",widen,3,"G[1,5](((x>=-1 || y<=1)) U[0,2] (y>2))",0.3973362229940993,0.7640539566537453,0.625,0.0,
201,"G[1,2](((x>=-1 || y<=1)) U[0,2] (y>2))",strict,0,"G[1,2](((x>=-1 || y<=1)) U[0,2] (y>=2))",9.642695053546646e-08,1.4857586094763064e-07,0.0,0.0,
202,"F[2,3](((y<-1 && x>-2) && (x>=-3 && y>0)))",const,1,"F[2,3](((y<-1 && x>-2) && (x>=-3 && y>-1)))",0.0,0.0,0.062499999999998286,0.0,
202,"F[2,3](((y<-1 && x>-2) && (x>=-3 && y>0)))",const,2,"F[2,3](((y<-1 && x>-2) && (x>=-3 && y>-2)))",1.0,1.0,0.125,0.020833333333333332,
202,"F[2,3](((y<-1 && x>-2) && (x>=-3 && y>0)))",const,3,"F[2,3](((y<-1 && x>-2) && (x>=-3 && y>-3)))",1.0,1.0,0.1875,0.041666666666666664,
202,"F[2,3](((y<-1 && x>-2) && (x>=-3 && y>0)))",const,4,"F[2,3](((y<-1 && x>-2) && (x>=-3 && y>-4)))",1.0,1.0,0.25,0.0625,
202,"F[2,3](((y<-1 && x>-2) && (x>=-3 && y>0)))",shift,1,"F[3,4](((y<-1 && x>-2) && (x>=-3 && y>0)))",0.0,0.0,0.0,0.3125,
202,"F[2,3](((y<-1 && x>-2) && (x>=-3 && y>0)))",shift,2,"F[4,5](((y<-1 && x>-2) && (x>=-3 && y>0)))",0.0,0.0,0.0,0.25,
202,"F[2,3](((y<-1 && x>-2) && (x>=-3 && y>0)))",shift,3,"F[5,6](((y<-1 && x>-2) && (x>=-3 && y>0)))",0.0,0.0,0.0,0.20833333333333334,
202,"F[2,3](((y<-1 && x>-2) && (x>=-3 && y>0)))",widen,1,"F[2,4](((y<-1 && x>-2) && (x>=-3 && y>0)))",0.0,0.0,0.0,0.0,
202,"F[2,3](((y<-1 && x>-2) && (x>=-3 && y>0)))",widen,2,"F[2,5](((y<-1 && x>-2) && (x>=-3 && y>0)))",0.0,0.0,0.0,0.0,
202,"F[2,3](((y<-1 && x>-2) && (x>=-3 && y>0)))",widen,3,"F[2,6](((y<-1 && x>-2) && (x>=-3 && y>0)))",0.0,0.0,0.0,0.0,
202,"F[2,3](((y<-1 && x>-2) && (x>=-3 && y>0)))",strict,0,"F[2,3](((y<-1 && x>-2) && (x>=-3 && y>=0)))",0.0,0.0,0.0,0.0,
203,"G[2,4](F[1,3](((y>=-2 || x>=-2) && (y<1 && x>0))))",const,1,"G[2,4](F[1,3](((y>=-2 || x>=-1) && (y<1 && x>0))))",0.0,0.0,0.0,0.0,
203,"G[2,4](F[1,3](((y>=-2 || x>=-2) && (y<1 && x>0))))",const,2,"G[2,4](F[1,3](((y>=-2 || x>=0) && (y<1 && x>0))))",0.0,0.0,0.0,0.0,
203,"G[2,4](F[1,3](((y>=-2 || x>=-2) && (y<1 && x>0))))",const,3,"G[2,4](F[1,3](((y>=-2 || x>=1) && (y<1 && x>0))))",0.1570519537061792,0.09399599970733286,0.0625,0.0,
203,"G[2,4](F[1,3](((y>=-2 || x>=-2) && (y<1 && x>0))))",const,4,"G[2,4](F[1,3](((y>=-2 || x>=2) && (y<1 && x>0))))",0.17045895071132977,0.18817120382219477,0.12500000000000047,0.0,
203,"G[2,4](F[1,3](((y>=-2 || x>=-2) && (y<1 && x>0))))",shift,1,"G[3,5](F[1,3](((y>=-2 || x>=-2) && (y<1 && x>0))))",0.2222222222222222,0.3983890819539655,0.5000000000000003,0.0,
203,"G[2,4](F[1,3](((y>=-2 || x>=-2) && (y<1 && x>0))))",shift,2,"G[4,6](F[1,3](((y>=-2 || x>=-2) && (y<1 && x>0))))",0.4,0.5766395400952363,0.5,0.1527777777777778,
203,"G[2,4](F[1,3](((y>=-2 || x>=-2) && (y<1 && x>0))))",shift,3,"G[5,7](F[1,3](((y>=-2 || x>=-2) && (y<1 && x>0))))",0.5454545454545454,0.6975197327843614,0.5,0.275,
203,"G[2,4](F[1,3](((y>=-2 || x>=-2) && (y<1 && x>0))))",widen,1,"G[2,5](F[1,3](((y>=-2 || x>=-2) && (y<1 && x>0))))",0.11111111111111116,0.24874273611970643,0.5000000625,0.0859375,
203,"G[2,4](F[1,3](((y>=-2 || x>=-2) && (y<1 && x>0))))",widen,2,"G[2,6](F[1,3](((y>=-2 || x>=-2) && (y<1 && x>0))))",0.19999999999999996,0.40512544526761607,0.5000000624999997,0.1527777777777778,
203,"G[2,4](F[1,3](((y>=-2 || x>=-2) && (y<1 && x>0))))",widen,3,"G[2,7](F[1,3](((y>=-2 || x>=-2) && (y<1 && x>0))))",0.2727272727272727,0.5355319004375212,0.5000000624999998,0.20625,
203,"G[2,4](F[1,3](((y>=-2 || x>=-2) && (y<1 && x>0))))",strict,0,"G[2,4](F[1,3](((y>=-2 || x>-2) && (y<1 && x>0))))",0.0,0.0,0.0,0.0,
204,"G[2,4](x<=2)",const,1,"G[2,4](x<=1)",0.06000004799999048,0.27100019439994394,0.0625,0.03125,
204,"G[2,4](x<=2)",const,2,"G[2,4](x<=0)",0.12000003599999298,0.4880001151999682,0.125,0.0625,
204,"G[2,4](x<=2)",const,3,"G[2,4](x<=-1)",0.18000002399999526,0.6570000587999849,0.1875,0.09375,
204,"G[2,4](x<=2)",const,4,"G[2,4](x<=-2)",0.24000001199999743,0.784000021599995,0.25,0.125,
204,"G[2,4](x<=2)",shift,1,"G[3,5](x<=2)",0.33333333333333337,0.5454545206611583,0.375,0.25,
204,"G[2,4](x<=2)",shift,2,"G[4,6](x<=2)",0.5714285714285714,0.757281530775757,0.375,0.4166666666666667,
204,"G[2,4](x<=2)",shift,3,"G[5,7](x<=2)",0.75,0.8609566006476114,0.375,0.35714285714285715,
204,"G[2,4](x<=2)",widen,1,"G[2,5](x<=2)",0.16666666666666663,0.3749999765625016,0.375,0.125,
204,"G[2,4](x<=2)",widen,2,"G[2,6](x<=2)",0.2857142857142857,0.6093749707031264,0.375,0.20833333333333334,
204,"G[2,4](x<=2)",widen,3,"G[2,7](x<=2)",0.375,0.7558593475341804,0.375,0.26785714285714285,
204,"G[2,4](x<=2)",strict,0,"G[2,4](x<2)",5.999999397321432e-08,2.999999400010722e-07,0.0,0.0,
205,"F[1,3](G[0,1](y>=3))",const,1,"F[1,3](G[0,1](y>=2))",0.11439402116618524,0.26697546767825986,0.0625,0.03125,
205,"F[1,3](G[0,1](y>=3))",const,2,"F[1,3](G[0,1](y>=1))",0.20259745486590197,0.42977198003568573,0.125,0.0625,
205,"F[1,3](G[0,1](y>=3))",const,3,"F[1,3](G[0,1](y>=0))",0.27443185189823804,0.5361328390502834,0.1875,0.09375,
205,"F[1,3](G[0,1](y>=3))",const,4,"F[1,3](G[0,1](y>=-1))",0.33535355660646593,0.6090535002286214,0.2500000625,0.125,
205,"F[1,3](G[0,1](y>=3))",shift,1,"F[2,4](G[0,1](y>=3))",0.35416666666666674,0.41421466900611514,0.6875,0.0,
205,"F[1,3](G[0,1](y>=3))",shift,2,"F[3,5](G[0,1](y>=3))",0.5714285714285714,0.6693055471941218,0.6875,0.10416666666666667,
205,"F[1,3](G[0,1](y>=3))",shift,3,"F[4,6](G[0,1](y>=3))",0.75,0.8407877758432591,0.6875,0.17857142857142858,
205,"F[1,3](G[0,1](y>=3))",widen,1,"F[1,4](G[0,1](y>=3))",0.17982456140350878,0.20710733450305752,0.6875,0.0,
205,"F[1,3](G[0,1](y>=3))",widen,2,"F[1,5](G[0,1](y>=3))",0.30564784053156147,0.3346527735970609,0.6875,0.0,
205,"F[1,3](G[0,1](y>=3))",widen,3,"F[1,6](G[0,1](y>=3))",0.39694148936170215,0.42039388792162946,0.6875,0.0,
205,"F[1,3](G[0,1](y>=3))",strict,0,"F[1,3](G[0,1](y>3))",1.3272724863622187e-07,3.4736832354997915e-07,0.0,0.0,
206,"F[2,4](((x<=1 || x<=0)) U[0,1] ((x<-1 && x<1)))",const,1,"F[2,4](((x<=1 || x<=0)) U[0,1] ((x<-1 && x<2)))",0.0,0.0,0.0,0.0,
206,"F[2,4](((x<=1 || x<=0)) U[0,1] ((x<-1 && x<1)))",const,2,"F[2,4](((x<=1 || x<=0)) U[0,1] ((x<-1 && x<3)))",0.0,0.0,0.0,0.0,
206,"F[2,4](((x<=1 || x<=0)) U[0,1] ((x<-1 && x<1)))",const,3,"F[2,4](((x<=1 || x<=0)) U[0,1] ((x<-1 && x<4)))",0.0,0.0,0.0,0.0,
206,"F[2,4](((x<=1 || x<=0)) U[0,1] ((x<-1 && x<1)))",const,4,"F[2,4](((x<=1 || x<=0)) U[0,1] ((x<-1 && x<5)))",0.0,0.0,0.0,0.0,
206,"F[2,4](((x<=1 || x<=0)) U[0,1] ((x<-1 && x<1)))",shift,1,"F[3,5](((x<=1 || x<=0)) U[0,1] ((x<-1 && x<1)))",0.34882842966322125,0.1545597619532928,0.5625,0.0,
206,"F[2,4](((x<=1 || x<=0)) U[0,1] ((x<-1 && x<1)))",shift,2,"F[4,6](((x<=1 || x<=0)) U[0,1] ((x<-1 && x<1)))",0.526124342739564,0.23143900136904783,0.5625,0.07142857142857142,
206,"F[2,4](((x<=1 || x<=0)) U[0,1] ((x<-1 && x<1)))",shift,3,"F[5,7](((x<=1 || x<=0)) U[0,1] ((x<-1 && x<1)))",0.6666666666666667,0.27193314535169244,0.5625,0.109375,
206,"F[2,4](((x<=1 || x<=0)) U[0,1] ((x<-1 && x<1)))",widen,1,"F[2,5](((x<=1 || x<=0)) U[0,1] ((x<-1 && x<1)))",0.2073318310237655,0.07727988097664651,0.4375,0.0,
206,"F[2,4](((x<=1 || x<=0)) U[0,1] ((x<-1 && x<1)))",widen,2,"F[2,6](((x<=1 || x<=0)) U[0,1] ((x<-1 && x<1)))",0.2807006344773466,0.11571950068452397,0.5625,0.0,
206,"F[2,4](((x<=1 || x<=0)) U[0,1] ((x<-1 && x<1)))",widen,3,"F[2,7](((x<=1 || x<=0)) U[0,1] ((x<-1 && x<1)))",0.3613560676508366,0.13596657267584633,0.5625,0.0,
206,"F[2,4](((x<=1 || x<=0)) U[0,1] ((x<-1 && x<1)))",strict,0,"F[2,4](((x<=1 || x<=0)) U[0,1] ((x<-1 && x<=1)))",0.0,0.0,0.0,0.0,
207,"F[2,3](F[1,2](((y<=2 && y<-3) || x>1)))",const,1,"F[2,3](F[1,2](((y<=2 && y<-3) || x>2)))",0.030442202261090734,0.022819212895141883,0.06249999999999996,0.0,
207,"F[2,3](F[1,2](((y<=2 && y<-3) || x>1)))",const,2,"F[2,3](F[1,2](((y<=2 && y<-3) || x>3)))",0.05864772157902587,0.05069062394095958,0.12499999999999997,0.0,
207,"F[2,3](F[1,2](((y<=2 && y<-3) || x>1)))",const,3,"F[2,3](F[1,2](((y<=2 && y<-3) || x>4)))",0.08517575245316134,0.08411947535911424,0.1875,0.0,
207,"F[2,3](F[1,2](((y<=2 && y<-3) || x>1)))",const,4,"F[2,3](F[1,2](((y<=2 && y<-3) || x>5)))",0.11041340754174145,0.12361098890977651,0.24999999999999994,0.0,
207,"F[2,3](F[1,2](((y<=2 && y<-3) || x>1)))",shift,1,"F[3,4](F[1,2](((y<=2 && y<-3) || x>1)))",0.2857142857142857,0.07256029119475094,0.5625,0.10416666666666667,
207,"F[2,3](F[1,2](((y<=2 && y<-3) || x>1)))",shift,2,"F[4,5](F[1,2](((y<=2 && y<-3) || x>1)))",0.5,0.09922852186354603,0.5625,0.17857142857142858,
207,"F[2,3](F[1,2](((y<=2 && y<-3) || x>1)))",shift,3,"F[5,6](F[1,2](((y<=2 && y<-3) || x>1)))",0.6666666666666667,0.1093448057505747,0.5625,0.15625,
207,"F[2,3](F[1,2](((y<=2 && y<-3) || x>1)))",widen,1,"F[2,4](F[1,2](((y<=2 && y<-3) || x>1)))",0.14327731092436968,0.03628014559737558,0.5625,0.0,
207,"F[2,3](F[1,2](((y<=2 && y<-3) || x>1)))",widen,2,"F[2,5](F[1,2](((y<=2 && y<-3) || x>1)))",0.25045821114369504,0.049614260931773124,0.5625,0.0,
207,"F[2,3](F[1,2](((y<=2 && y<-3) || x>1)))",widen,3,"F[2,6](F[1,2](((y<=2 && y<-3) || x>1)))",0.3337606837606838,0.05467240287528741,0.5625,0.0,
207,"F[2,3](F[1,2](((y<=2 && y<-3) || x>1)))",strict,0,"F[2,3](F[1,2](((y<=2 && y<-3) || x>=1)))",3.180901575472461e-08,2.0461487393319544e-08,0.0,0.0,
208,"G[1,2](((y>=-1 && y<=2) || y<-3))",const,1,"G[1,2](((y>=-1 && y<=2) || y<-4))",0.06666671999998941,0.2343751367186928,0.0625,0.0,
208,"G[1,2](((y>=-1 && y<=2) || y<-3))",const,2,"G[1,2](((y>=-1 && y<=2) || y<-5))",0.1333333733333254,0.43750004687498123,0.125,0.0,
208,"G[1,2](((y>=-1 && y<=2) || y<-3))",const,3,"G[1,2](((y>=-1 && y<=2) || y<-6))",0.2000000266666614,0.6093749804687569,0.15625,0.0,
208,"G[1,2](((y>=-1 && y<=2) || y<-3))",const,4,"G[1,2](((y>=-1 && y<=2) || y<-7))",0.2666666799999974,0.7499999375000195,0.1875,0.0,
208,"G[1,2](((y>=-1 && y<=2) || y<-3))",shift,1,"G[2,3](((y>=-1 && y<=2) || y<-3))",0.5,0.6666666388888935,0.375,0.125,
208,"G[1,2](((y>=-1 && y<=2) || y<-3))",shift,2,"G[3,4](((y>=-1 && y<=2) || y<-3))",0.8,0.8571428367346967,0.375,0.09375,
208,"G[1,2](((y>=-1 && y<=2) || y<-3))",shift,3,"G[4,5](((y>=-1 && y<=2) || y<-3))",0.8333333333333334,0.8571428367346967,0.375,0.075,
208,"G[1,2](((y>=-1 && y<=2) || y<-3))",widen,1,"G[1,3](((y>=-1 && y<=2) || y<-3))",0.25,0.49999996875000585,0.375,0.0625,
208,"G[1,2](((y>=-1 && y<=2) || y<-3))",widen,2,"G[1,4](((y>=-1 && y<=2) || y<-3))",0.4,0.749999968750005,0.375,0.09375,
208,"G[1,2](((y>=-1 && y<=2) || y<-3))",widen,3,"G[1,5](((y>=-1 && y<=2) || y<-3))",0.5,0.874999976562503,0.375,0.1125,
208,"G[1,2](((y>=-1 && y<=2) || y<-3))",strict,0,"G[1,2](((y>=-1 && y<=2) || y<=-3))",6.666665341992228e-08,2.499998910110435e-07,0.0,0.0,
209,"G[1,4](F[0,2](x>=2))",const,1,"G[1,4](F[0,2](x>=1))",0.10742123351972765,0.1822214158567883,0.0625000625,0.041666666666666664,
209,"G[1,4](F[0,2](x>=2))",const,2,"G[1,4](F[0,2](x>=0))",0.1967533064610283,0.3000710782218291,0.1250000625,0.08333333333333333,
209,"G[1,4](F[0,2](x>=2))",const,3,"G[1,4](F[0,2](x>=-1))",0.27402601733044063,0.37905371601574056,0.1875,0.125,
209,"G[1,4](F[0,2](x>=2))",const,4,"G[1,4](F[0,2](x>=-2))",0.34285717402596994,0.43280575607390626,0.25,0.16666666666666666,
209,"G[1,4](F[0,2](x>=2))",shift,1,"G[2,5](F[0,2](x>=2))",0.25,0.2514560699138364,0.625,0.0,
209,"G[1,4](F[0,2](x>=2))",shift,2,"G[3,6](F[0,2](x>=2))",0.4444444444444444,0.42544353680590674,0.6250000625,0.09375,
209,"G[1,4](F[0,2](x>=2))",shift,3,"G[4,7](F[0,2](x>=2))",0.6,0.5498528699200194,0.6250000000000006,0.16666666666666666,
209,"G[1,4](F[0,2](x>=2))",widen,1,"G[1,5](F[0,2](x>=2))",0.125,0.1438088375059844,0.625,0.05357142857142857,
209,"G[1,4](F[0,2](x>=2))",widen,2,"G[1,6](F[0,2](x>=2))",0.2222222222222222,0.2701989714251759,0.625,0.09375,
209,"G[1,4](F[0,2](x>=2))",widen,3,"G[1,7](F[0,2](x>=2))",0.30000000000000004,0.3791704017575742,0.6250000625,0.125,
209,"G[1,4](F[0,2](x>=2))",strict,0,"G[1,4](F[0,2](x>2))",1.1948050193666404e-07,2.2831045420890206e-07,0.0,0.0,
210,"G[1,3](G[0,1](y<=3))",const,1,"G[1,3](G[0,1](y<=2))",0.07272733223139416,0.31698676816653737,0.0625,0.046875,
210,"G[1,3](G[0,1](y<=3))",const,2,"G[1,3](G[0,1](y<=1))",0.14545459173552877,0.551874998677401,0.125,0.09375,
210,"G[1,3](G[0,1](y<=3))",const,3,"G[1,3](G[0,1](y<=0))",0.2181818512396635,0.7202377522647936,0.1875,0.140625,
210,"G[1,3](G[0,1](y<=3))",const,4,"G[1,3](G[0,1](y<=-1))",0.290909110743798,0.8360084949239621,0.25,0.1875,
210,"G[1,3](G[0,1](y<=3))",shift,1,"G[2,4](G[0,1](y<=3))",0.33333333333333337,0.4761904535147403,0.3125,0.275,
210,"G[1,3](G[0,1](y<=3))",shift,2,"G[3,5](G[0,1](y<=3))",0.5714285714285714,0.6905370613745339,0.3125,0.4583333333333333,
210,"G[1,3](G[0,1](y<=3))",shift,3,"G[4,6](G[0,1](y<=3))",0.75,0.8060049358047209,0.3125,0.5892857142857143,
210,"G[1,3](G[0,1](y<=3))",widen,1,"G[1,4](G[0,1](y<=3))",0.16666666666666663,0.31249998046875116,0.3125,0.1375,
210,"G[1,3](G[0,1](y<=3))",widen,2,"G[1,5](G[0,1](y<=3))",0.2857142857142857,0.5273437231445326,0.3125,0.22916666666666666,
210,"G[1,3](G[0,1](y<=3))",widen,3,"G[1,6](G[0,1](y<=3))",0.375,0.6750488004302988,0.3125,0.29464285714285715,
210,"G[1,3](G[0,1](y<=3))",strict,0,"G[1,3](G[0,1](y<3))",7.272726598728241e-08,3.6363628064250975e-07,0.0,0.0,
211,"G[1,3](G[0,1](x<3))",const,1,"G[1,3](G[0,1](x<2))",0.07272733884296922,0.31698679300340227,0.0625,0.046875,
211,"G[1,3](G[0,1](x<3))",const,2,"G[1,3](G[0,1](x<1))",0.14545460495867224,0.551875034889532,0.125,0.09375,
211,"G[1,3](G[0,1](x<3))",const,3,"G[1,3](G[0,1](x<0))",0.21818187107437537,0.7202377904141936,0.1875,0.140625,
211,"G[1,3](G[0,1](x<3))",const,4,"G[1,3](G[0,1](x<-1))",0.2909091371900784,0.8360085290001168,0.25,0.1875,
211,"G[1,3](G[0,1](x<3))",shift,1,"G[2,4](G[0,1](x<3))",0.33333333333333337,0.4761905260770928,0.3125,0.275,
211,"G[1,3](G[0,1](x<3))",shift,2,"G[3,5](G[0,1](x<3))",0.5714285714285714,0.6905371350527467,0.3125,0.4583333333333333,
211,"G[1,3](G[0,1](x<3))",shift,3,"G[4,6](G[0,1](x<3))",0.75,0.8060049989762921,0.3125,0.5892857142857143,
211,"G[1,3](G[0,1](x<3))",widen,1,"G[1,4](G[0,1](x<3))",0.16666666666666663,0.31250004296874734,0.3125,0.1375,
211,"G[1,3](G[0,1](x<3))",widen,2,"G[1,5](G[0,1](x<3))",0.2857142857142857,0.5273438090820257,0.3125,0.22916666666666666,
211,"G[1,3](G[0,1](x<3))",widen,3,"G[1,6](G[0,1](x<3))",0.375,0.675048889053337,0.3125,0.29464285714285715,
211,"G[1,3](G[0,1](x<3))",strict,0,"G[1,3](G[0,1](x<=3))",7.272726598728241e-08,3.6363628064250975e-07,0.0,0.0,
212,"F[2,5]((y<=0 && y>2))",const,1,"F[2,5]((y<=1 && y>2))",0.0,0.0,0.0,0.0,
212,"F[2,5]((y<=0 && y>2))",const,2,"F[2,5]((y<=2 && y>2))",0.0,0.0,0.125,0.0,
212,"F[2,5]((y<=0 && y>2))",const,3,"F[2,5]((y<=3 && y>2))",1.0,1.0,0.1875,0.0125,
212,"F[2,5]((y<=0 && y>2))",const,4,"F[2,5]((y<=4 && y>2))",1.0,1.0,0.25,0.025,
212,"F[2,5]((y<=0 && y>2))",shift,1,"F[3,6]((y<=0 && y>2))",0.0,0.0,0.0,0.0,
212,"F[2,5]((y<=0 && y>2))",shift,2,"F[4,7]((y<=0 && y>2))",0.0,0.0,0.0,0.0,
212,"F[2,5]((y<=0 && y>2))",shift,3,"F[5,8]((y<=0 && y>2))",0.0,0.0,0.0,0.0,
212,"F[2,5]((y<=0 && y>2))",widen,1,"F[2,6]((y<=0 && y>2))",0.0,0.0,0.0,0.0,
212,"F[2,5]((y<=0 && y>2))",widen,2,"F[2,7]((y<=0 && y>2))",0.0,0.0,0.0,0.0,
212,"F[2,5]((y<=0 && y>2))",widen,3,"F[2,8]((y<=0 && y>2))",0.0,0.0,0.0,0.0,
212,"F[2,5]((y<=0 && y>2))",strict,0,"F[2,5]((y<0 && y>2))",0.0,0.0,0.0,0.0,
213,"G[2,3]((y<-3) U[0,2] (x>-3))",const,1,"G[2,3]((y<-2) U[0,2] (x>-3))",0.05001235988114017,0.31937289846987205,0.0625000000000002,0.0125,
213,"G[2,3]((y<-3) U[0,2] (x>-3))",const,2,"G[2,3]((y<-1) U[0,2] (x>-3))",0.08763597207469509,0.5099263858493062,0.125,0.025,
213,"G[2,3]((y<-3) U[0,2] (x>-3))",const,3,"G[2,3]((y<0) U[0,2] (x>-3))",0.11751665306053571,0.6322930559082156,0.18750000000000003,0.0375,
213,"G[2,3]((y<-3) U[0,2] (x>-3))",const,4,"G[2,3]((y<1) U[0,2] (x>-3))",0.14223537962112498,0.7152887271960702,0.25,0.05,
213,"G[2,3]((y<-3) U[0,2] (x>-3))",shift,1,"G[3,4]((y<-3) U[0,2] (x>-3))",0.3066202090592335,0.8167073719023091,0.6875000000000001,0.052083333333333336,
213,"G[2,3]((y<-3) U[0,2] (x>-3))",shift,2,"G[4,5]((y<-3) U[0,2] (x>-3))",0.5274390243902439,0.9506193776298598,0.6875,0.08928571428571429,
213,"G[2,3]((y<-3) U[0,2] (x>-3))",shift,3,"G[5,6]((y<-3) U[0,2] (x>-3))",0.6802168021680217,0.9609808857279228,0.6875,0.25,
213,"G[2,3]((y<-3) U[0,2] (x>-3))",widen,1,"G[2,4]((y<-3) U[0,2] (x>-3))",0.1637630662020908,0.6901989858715515,0.6875,0.11458333333333333,
213,"G[2,3]((y<-3) U[0,2] (x>-3))",widen,2,"G[2,5]((y<-3) U[0,2] (x>-3))",0.2774390243902439,0.9058861554759632,0.6875,0.19642857142857142,
213,"G[2,3]((y<-3) U[0,2] (x>-3))",widen,3,"G[2,6]((y<-3) U[0,2] (x>-3))",0.3577235772357723,0.9712314379044676,0.6875,0.296875,
213,"G[2,3]((y<-3) U[0,2] (x>-3))",strict,0,"G[2,3]((y<=-3) U[0,2] (x>-3))",5.868439378886592e-08,4.200629036832382e-07,0.0,0.0,
214,"F[0,2](((y<=-1 || x>-2) && x>=0))",const,1,"F[0,2](((y<=-1 || x>-2) && x>=1))",0.05952385747353606,0.06054692135183093,0.0625,0.03125,
214,"F[0,2](((y<=-1 || x>-2) && x>=0))",const,2,"F[0,2](((y<=-1 || x>-2) && x>=2))",0.11428574928570812,0.13616074788742782,0.125,0.0625,
214,"F[0,2](((y<=-1 || x>-2) && x>=0))",const,3,"F[0,2](((y<=-1 || x>-2) && x>=3))",0.165584438680634,0.2285156393345381,0.1875,0.09375,
214,"F[0,2](((y<=-1 || x>-2) && x>=0))",const,4,"F[0,2](((y<=-1 || x>-2) && x>=4))",0.21428572619047515,0.339285701849492,0.25,0.125,
214,"F[0,2](((y<=-1 || x>-2) && x>=0))",shift,1,"F[1,3](((y<=-1 || x>-2) && x>=0))",0.375,0.1333333333333333,0.5,0.0,
214,"F[0,2](((y<=-1 || x>-2) && x>=0))",shift,2,"F[2,4](((y<=-1 || x>-2) && x>=0))",0.6,0.19354838709677424,0.5,0.25,
214,"F[0,2](((y<=-1 || x>-2) && x>=0))",shift,3,"F[3,5](((y<=-1 || x>-2) && x>=0))",0.75,0.2222222222222222,0.5,0.2,
214,"F[0,2](((y<=-1 || x>-2) && x>=0))",widen,1,"F[0,3](((y<=-1 || x>-2) && x>=0))",0.25416666666666665,0.06666666666666665,0.5,0.0,
214,"F[0,2](((y<=-1 || x>-2) && x>=0))",widen,2,"F[0,4](((y<=-1 || x>-2) && x>=0))",0.4048387096774193,0.09677419354838712,0.5,0.0,
214,"F[0,2](((y<=-1 || x>-2) && x>=0))",widen,3,"F[0,5](((y<=-1 || x>-2) && x>=0))",0.5046296296296297,0.11111111111111116,0.5,0.0,
214,"F[0,2](((y<=-1 || x>-2) && x>=0))",strict,0,"F[0,2](((y<=-1 || x>-2) && x>0))",6.24999921816638e-08,5.357142851547536e-08,0.0,0.0,
215,"G[1,2](x<1)",const,1,"G[1,2](x<0)",0.07407413991768819,0.20987671879283776,0.0625,0.03125,
215,"G[1,2](x<1)",const,2,"G[1,2](x<-1)",0.1481482057613105,0.3950618628257663,0.125,0.0625,
215,"G[1,2](x<1)",const,3,"G[1,2](x<-2)",0.2222222716049327,0.5555556543209711,0.1875,0.09375,
215,"G[1,2](x<1)",const,4,"G[1,2](x<-3)",0.2962963374485551,0.6913580932784522,0.25,0.125,
215,"G[1,2](x<1)",shift,1,"G[2,3](x<1)",0.5,0.6086956862003752,0.4375,0.375,
215,"G[1,2](x<1)",shift,2,"G[3,4](x<1)",0.8,0.812064993104039,0.4375,0.28125,
215,"G[1,2](x<1)",shift,3,"G[4,5](x<1)",0.8333333333333334,0.812064993104039,0.4375,0.225,
215,"G[1,2](x<1)",widen,1,"G[1,3](x<1)",0.25,0.4375000351562478,0.4375,0.1875,
215,"G[1,2](x<1)",widen,2,"G[1,4](x<1)",0.4,0.6835937895507775,0.4375,0.28125,
215,"G[1,2](x<1)",widen,3,"G[1,5](x<1)",0.5,0.8220215177459675,0.4375,0.3375,
215,"G[1,2](x<1)",strict,0,"G[1,2](x<=1)",7.407406588111343e-08,2.222221853198647e-07,0.0,0.0,
216,"F[0,2](x<=-3)",const,1,"F[0,2](x<=-2)",0.1341992331102997,0.1069122089091924,0.0625,0.03125,
216,"F[0,2](x<=-3)",const,2,"F[0,2](x<=-1)",0.24118745090715044,0.17879420504071863,0.125,0.0625,
216,"F[0,2](x<=-3)",const,3,"F[0,2](x<=0)",0.3311688773612681,0.22851562834821004,0.1875,0.09375,
216,"F[0,2](x<=-3)",const,4,"F[0,2](x<=1)",0.40981244166046804,0.2632560507963464,0.25,0.125,
216,"F[0,2](x<=-3)",shift,1,"F[1,3](x<=-3)",0.5,0.26151878135918816,0.6875,0.0,
216,"F[0,2](x<=-3)",shift,2,"F[2,4](x<=-3)",0.8,0.4049124841579259,0.6875,0.15625,
216,"F[0,2](x<=-3)",shift,3,"F[3,5](x<=-3)",1.0,0.49051034149401773,0.6875,0.125,
216,"F[0,2](x<=-3)",widen,1,"F[0,3](x<=-3)",0.2583333333333333,0.13075939067959408,0.6875,0.0,
216,"F[0,2](x<=-3)",widen,2,"F[0,4](x<=-3)",0.4096774193548387,0.20245624207896296,0.6875,0.0,
216,"F[0,2](x<=-3)",widen,3,"F[0,5](x<=-3)",0.5092592592592593,0.24525517074700887,0.6875,0.0,
216,"F[0,2](x<=-3)",strict,0,"F[0,2](x<-3)",1.5324672675287587e-07,1.3128388132166435e-07,0.0,0.0,
217,"F[0,1](x>-1)",const,1,"F[0,1](x>-2)",0.11428580829930401,0.059090967851238574,0.0625,0.0625,
217,"F[0,1](x>-1)",const,2,"F[0,1](x>-3)",0.2164502864451462,0.10389615753077996,0.125,0.125,
217,"F[0,1](x>-1)",const,3,"F[0,1](x>-4)",0.30952385799319193,0.13750005124999876,0.1875,0.1875,
217,"F[0,1](x>-1)",const,4,"F[0,1](x>-5)",0.3956044243046323,0.16194337087970445,0.25,0.25,
217,"F[0,1](x>-1)",shift,1,"F[1,2](x>-1)",0.6666666666666667,0.23501201866707921,0.4375,0.5625,
217,"F[0,1](x>-1)",shift,2,"F[2,3](x>-1)",1.0,0.32131151875302144,0.4375,0.375,
217,"F[0,1](x>-1)",shift,3,"F[3,4](x>-1)",1.0,0.32131151875302144,0.4375,0.28125,
217,"F[0,1](x>-1)",widen,1,"F[0,2](x>-1)",0.3571428571428572,0.11750600933353961,0.4375,0.0,
217,"F[0,1](x>-1)",widen,2,"F[0,3](x>-1)",0.525,0.16065575937651067,0.4375,0.0,
217,"F[0,1](x>-1)",widen,3,"F[0,4](x>-1)",0.6225806451612903,0.17823468887587401,0.4375,0.0,
217,"F[0,1](x>-1)",strict,0,"F[0,1](x>=-1)",1.2169310659171373e-07,6.763284465804986e-08,0.0,0.0,
218,"F[1,2](y>-2)",const,1,"F[1,2](y>-1)",0.07619053886620275,0.05909096785123846,0.0625,0.03125,
218,"F[1,2](y>-2)",const,2,"F[1,2](y>0)",0.14444449388888192,0.12727278809917097,0.125,0.0625,
218,"F[1,2](y>-2)",const,3,"F[1,2](y>1)",0.20740744674896616,0.20454551528925258,0.1875,0.09375,
218,"F[1,2](y>-2)",const,4,"F[1,2](y>2)",0.2666666977777742,0.2909091494214834,0.25,0.125,
218,"F[1,2](y>-2)",shift,1,"F[2,3](y>-2)",0.5,0.18556704059942464,0.375,0.4166666666666667,
218,"F[1,2](y>-2)",shift,2,"F[3,4](y>-2)",0.7999999999999999,0.24657538750234398,0.375,0.3125,
218,"F[1,2](y>-2)",shift,3,"F[4,5](y>-2)",0.8333333333333334,0.24657538750234398,0.375,0.25,
218,"F[1,2](y>-2)",widen,1,"F[1,3](y>-2)",0.2678571428571428,0.09278352029971237,0.375,0.0,
218,"F[1,2](y>-2)",widen,2,"F[1,4](y>-2)",0.42000000000000004,0.12328769375117199,0.375,0.0,
218,"F[1,2](y>-2)",widen,3,"F[1,5](y>-2)",0.5188172043010753,0.13420448425588716,0.375,0.0,
218,"F[1,2](y>-2)",strict,0,"F[1,2](y>=-2)",8.14814709038103e-08,5.454545104477404e-08,0.0,0.0,
219,"G[0,1](((y>1 && x<=2)) U[0,2] ((x>=-3 || x>-2)))",const,1,"G[0,1](((y>1 && x<=3)) U[0,2] ((x>=-3 || x>-2)))",0.05686277777776483,0.24298555498530428,0.0625000625,0.020833333333333332,
219,"G[0,1](((y>1 && x<=2)) U[0,2] ((x>=-3 || x>-2)))",const,2,"G[0,1](((y>1 && x<=4)) U[0,2] ((x>=-3 || x>-2)))",0.10112046207816094,0.40556982374743766,0.125,0.041666666666666664,
219,"G[0,1](((y>1 && x<=2)) U[0,2] ((x>=-3 || x>-2)))",const,3,"G[0,1](((y>1 && x<=5)) U[0,2] ((x>=-3 || x>-2)))",0.13750000223652015,0.5201337809128063,0.1875000624999998,0.0625,
219,"G[0,1](((y>1 && x<=2)) U[0,2] ((x>=-3 || x>-2)))",const,4,"G[0,1](((y>1 && x<=6)) U[0,2] ((x>=-3 || x>-2)))",0.16746879834035833,0.604096974192682,0.2500000000000003,0.08333333333333333,
219,"G[0,1](((y>1 && x<=2)) U[0,2] ((x>=-3 || x>-2)))",shift,1,"G[1,2](((y>1 && x<=2)) U[0,2] ((x>=-3 || x>-2)))",0.4447058823529412,0.8470744235367311,0.5625,0.265625,
219,"G[0,1](((y>1 && x<=2)) U[0,2] ((x>=-3 || x>-2)))",shift,2,"G[2,3](((y>1 && x<=2)) U[0,2] ((x>=-3 || x>-2)))",0.7303921568627452,0.9667375428371421,0.5625000625,0.275,
219,"G[0,1](((y>1 && x<=2)) U[0,2] ((x>=-3 || x>-2)))",shift,3,"G[3,4](((y>1 && x<=2)) U[0,2] ((x>=-3 || x>-2)))",0.8865546218487395,0.9776183574159438,0.5625,0.22916666666666666,
219,"G[0,1](((y>1 && x<=2)) U[0,2] ((x>=-3 || x>-2)))",widen,1,"G[0,2](((y>1 && x<=2)) U[0,2] ((x>=-3 || x>-2)))",0.2447058823529411,0.7347173493498417,0.5625000000000001,0.078125,
219,"G[0,1](((y>1 && x<=2)) U[0,2] ((x>=-3 || x>-2)))",widen,2,"G[0,3](((y>1 && x<=2)) U[0,2] ((x>=-3 || x>-2)))",0.3970588235294118,0.9356166346076479,0.5625,0.125,
219,"G[0,1](((y>1 && x<=2)) U[0,2] ((x>=-3 || x>-2)))",widen,3,"G[0,4](((y>1 && x<=2)) U[0,2] ((x>=-3 || x>-2)))",0.48319327731092443,0.983683366714583,0.5624999999999959,0.22916666666666666,
219,"G[0,1](((y>1 && x<=2)) U[0,2] ((x>=-3 || x>-2)))",strict,0,"G[0,1](((y>1 && x<2)) U[0,2] ((x>=-3 || x>-2)))",6.56862508829903e-08,3.0081531610104406e-07,2.8446191815762225e-16,0.0,
220,"G[0,2](F[1,3](x>=-1))",const,1,"G[0,2](F[1,3](x>=-2))",0.09821436712016762,0.06727844453971077,0.0625,0.0375,
220,"G[0,2](F[1,3](x>=-1))",const,2,"G[0,2](F[1,3](x>=-3))",0.18759025114314687,0.11371042640114781,0.125,0.075,
220,"G[0,2](F[1,3](x>=-1))",const,3,"G[0,2](F[1,3](x>=-4))",0.2703373501865949,0.14453127073011518,0.1875,0.1125,
220,"G[0,2](F[1,3](x>=-1))",const,4,"G[0,2](F[1,3](x>=-5))",0.34798538362583165,0.1634731976925129,0.25,0.15,
220,"G[0,2](F[1,3](x>=-1))",shift,1,"G[1,3](F[1,3](x>=-1))",0.2857142857142857,0.10838993319103707,0.43750000000000006,0.0,
220,"G[0,2](F[1,3](x>=-1))",shift,2,"G[2,4](F[1,3](x>=-1))",0.5,0.1978773402378674,0.43750000000000044,0.16071428571428573,
220,"G[0,2](F[1,3](x>=-1))",shift,3,"G[3,5](F[1,3](x>=-1))",0.6666666666666667,0.275275238557406,0.4375,0.28125,
220,"G[0,2](F[1,3](x>=-1))",widen,1,"G[0,3](F[1,3](x>=-1))",0.1428571428571428,0.05730035755935925,0.4375000000000001,0.09375,
220,"G[0,2](F[1,3](x>=-1))",widen,2,"G[0,4](F[1,3](x>=-1))",0.25,0.10980237064661602,0.4375000624999997,0.16071428571428573,
220,"G[0,2](F[1,3](x>=-1))",widen,3,"G[0,5](F[1,3](x>=-1))",0.33333333333333337,0.1596053148371107,0.4375,0.2109375,
220,"G[0,2](F[1,3](x>=-1))",strict,0,"G[0,2](F[1,3](x>-1))",1.036155072853262e-07,8.003860152427933e-08,0.0,0.0,
221,"F[1,3]((y>=3 || (x<-1 && x<=3)))",const,1,"F[1,3]((y>=4 || (x<-1 && x<=3)))",0.05347225917492349,0.01830928126780118,0.0625,0.0,
221,"F[1,3]((y>=3 || (x<-1 && x<=3)))",const,2,"F[1,3]((y>=5 || (x<-1 && x<=3)))",0.10457877420822381,0.03993911739803979,0.12500006249999993,0.0,
221,"F[1,3]((y>=3 || (x<-1 && x<=3)))",const,3,"F[1,3]((y>=6 || (x<-1 && x<=3)))",0.15382653334912744,0.06516623940917698,0.18750000000000006,0.0,
221,"F[1,3]((y>=3 || (x<-1 && x<=3)))",const,4,"F[1,3]((y>=7 || (x<-1 && x<=3)))",0.1971726130477064,0.09426736157845717,0.24999999999999997,0.0,
221,"F[1,3]((y>=3 || (x<-1 && x<=3)))",shift,1,"F[2,4]((y>=3 || (x<-1 && x<=3)))",0.4,0.07256027856885727,0.5625,0.0,
221,"F[1,3]((y>=3 || (x<-1 && x<=3)))",shift,2,"F[3,5]((y>=3 || (x<-1 && x<=3)))",0.6666666666666667,0.09922850297658803,0.5625,0.125,
221,"F[1,3]((y>=3 || (x<-1 && x<=3)))",shift,3,"F[4,6]((y>=3 || (x<-1 && x<=3)))",0.8571428571428572,0.10934478382431378,0.5625,0.10416666666666667,
221,"F[1,3]((y>=3 || (x<-1 && x<=3)))",widen,1,"F[1,4]((y>=3 || (x<-1 && x<=3)))",0.2005882352941175,0.036280139284428636,0.5625,0.0,
221,"F[1,3]((y>=3 || (x<-1 && x<=3)))",widen,2,"F[1,5]((y>=3 || (x<-1 && x<=3)))",0.3339442815249267,0.049614251488294014,0.5625,0.0,
221,"F[1,3]((y>=3 || (x<-1 && x<=3)))",widen,3,"F[1,6]((y>=3 || (x<-1 && x<=3)))",0.42912087912087915,0.05467239191215689,0.5625,0.0,
221,"F[1,3]((y>=3 || (x<-1 && x<=3)))",strict,0,"F[1,3]((y>3 || (x<-1 && x<=3)))",5.4870120780314835e-08,1.674121907768722e-08,0.0,0.0,
222,"G[1,3](((y<1 && x>-1) || (y<=3 && x<=0)))",const,1,"G[1,3](((y<2 && x>-1) || (y<=3 && x<=0)))",0.0874999912500447,0.13616248939481523,0.0625,0.0,
222,"G[1,3](((y<1 && x>-1) || (y<=3 && x<=0)))",const,2,"G[1,3](((y<3 && x>-1) || (y<=3 && x<=0)))",0.15909089282027833,0.2486852528857112,0.12499999999999996,0.0,
222,"G[1,3](((y<1 && x>-1) || (y<=3 && x<=0)))",const,3,"G[1,3](((y<4 && x>-1) || (y<=3 && x<=0)))",0.20336180641343637,0.35308877812392303,0.1875,0.0,
222,"G[1,3](((y<1 && x>-1) || (y<=3 && x<=0)))",const,4,"G[1,3](((y<5 && x>-1) || (y<=3 && x<=0)))",0.20336180641343637,0.4390105531569465,0.2500000000000001,0.0,
222,"G[1,3](((y<1 && x>-1) || (y<=3 && x<=0)))",shift,1,"G[2,4](((y<1 && x>-1) || (y<=3 && x<=0)))",0.4,0.5454545537189999,0.4375,0.5625,
222,"G[1,3](((y<1 && x>-1) || (y<=3 && x<=0)))",shift,2,"G[3,5](((y<1 && x>-1) || (y<=3 && x<=0)))",0.6666666666666667,0.7572815609388179,0.43750000000000006,0.9,
222,"G[1,3](((y<1 && x>-1) || (y<=3 && x<=0)))",shift,3,"G[4,6](((y<1 && x>-1) || (y<=3 && x<=0)))",0.8571428571428572,0.8609566244040716,0.43750000000000044,0.75,
222,"G[1,3](((y<1 && x>-1) || (y<=3 && x<=0)))",widen,1,"G[1,4](((y<1 && x>-1) || (y<=3 && x<=0)))",0.19999999999999996,0.3750000078124922,0.4375,0.28125,
222,"G[1,3](((y<1 && x>-1) || (y<=3 && x<=0)))",widen,2,"G[1,5](((y<1 && x>-1) || (y<=3 && x<=0)))",0.33333333333333337,0.6093750097656152,0.4375,0.45,
222,"G[1,3](((y<1 && x>-1) || (y<=3 && x<=0)))",widen,3,"G[1,6](((y<1 && x>-1) || (y<=3 && x<=0)))",0.4285714285714286,0.7558593841552642,0.4375,0.5625,
222,"G[1,3](((y<1 && x>-1) || (y<=3 && x<=0)))",strict,0,"G[1,3](((y<=1 && x>-1) || (y<=3 && x<=0)))",9.027771219471958e-08,1.4999994912834325e-07,0.0,0.0,
223,"G[0,3]((x<=-3 && x>3))",const,1,"G[0,3]((x<=-3 && x>2))",0.0,0.0,0.0,0.0,
223,"G[0,3]((x<=-3 && x>3))",const,2,"G[0,3]((x<=-3 && x>1))",0.0,0.0,0.0,0.0,
223,"G[0,3]((x<=-3 && x>3))",const,3,"G[0,3]((x<=-3 && x>0))",0.0,0.0,0.0,0.0,
223,"G[0,3]((x<=-3 && x>3))",const,4,"G[0,3]((x<=-3 && x>-1))",0.0,0.0,0.0,0.0,
223,"G[0,3]((x<=-3 && x>3))",shift,1,"G[1,4]((x<=-3 && x>3))",0.0,0.0,0.0,0.0,
223,"G[0,3]((x<=-3 && x>3))",shift,2,"G[2,5]((x<=-3 && x>3))",0.0,0.0,0.0,0.0,
223,"G[0,3]((x<=-3 && x>3))",shift,3,"G[3,6]((x<=-3 && x>3))",0.0,0.0,0.0,0.0,
223,"G[0,3]((x<=-3 && x>3))",widen,1,"G[0,4]((x<=-3 && x>3))",0.0,0.0,0.0,0.0,
223,"G[0,3]((x<=-3 && x>3))",widen,2,"G[0,5]((x<=-3 && x>3))",0.0,0.0,0.0,0.0,
223,"G[0,3]((x<=-3 && x>3))",widen,3,"G[0,6]((x<=-3 && x>3))",0.0,0.0,0.0,0.0,
223,"G[0,3]((x<=-3 && x>3))",strict,0,"G[0,3]((x<=-3 && x>=3))",0.0,0.0,0.0,0.0,
224,"G[0,1](G[0,2](x>-1))",const,1,"G[0,1](G[0,2](x>0))",0.11111120987653222,0.37570520049442746,0.0625,0.0625,
224,"G[0,1](G[0,2](x>-1))",const,2,"G[0,1](G[0,2](x>1))",0.22222230864196568,0.6340498501921681,0.125,0.125,
224,"G[0,1](G[0,2](x>-1))",const,3,"G[0,1](G[0,2](x>2))",0.33333340740739914,0.80246922359394,0.1875,0.1875,
224,"G[0,1](G[0,2](x>-1))",const,4,"G[0,1](G[0,2](x>3))",0.4444445061728326,0.9047401734152875,0.25,0.25,
224,"G[0,1](G[0,2](x>-1))",shift,1,"G[1,2](G[0,2](x>-1))",0.4,0.6086956862003752,0.4375,0.28125,
224,"G[0,1](G[0,2](x>-1))",shift,2,"G[2,3](G[0,2](x>-1))",0.6666666666666667,0.812064993104039,0.4375,0.45,
224,"G[0,1](G[0,2](x>-1))",shift,3,"G[3,4](G[0,2](x>-1))",0.8571428571428572,0.9023181227441207,0.4375,0.5625,
224,"G[0,1](G[0,2](x>-1))",widen,1,"G[0,2](G[0,2](x>-1))",0.19999999999999996,0.4375000351562478,0.4375,0.140625,
224,"G[0,1](G[0,2](x>-1))",widen,2,"G[0,3](G[0,2](x>-1))",0.33333333333333337,0.6835937895507775,0.4375,0.225,
224,"G[0,1](G[0,2](x>-1))",widen,3,"G[0,4](G[0,2](x>-1))",0.4285714285714286,0.8220215177459675,0.4375,0.28125,
224,"G[0,1](G[0,2](x>-1))",strict,0,"G[0,1](G[0,2](x>=-1))",1.1111109876615899e-07,4.444443211237825e-07,0.0,0.0,
225,"F[0,1](x<=-2)",const,1,"F[0,1](x<=-3)",0.1414142430363977,0.134615470414169,0.0625,0.0625,
225,"F[0,1](x<=-2)",const,2,"F[0,1](x<=-4)",0.27777783796294864,0.2820513201840731,0.125,0.125,
225,"F[0,1](x<=-2)",const,3,"F[0,1](x<=-5)",0.41025642998027456,0.44230767751479405,0.1875,0.1875,
225,"F[0,1](x<=-2)",const,4,"F[0,1](x<=-6)",0.5396825196523165,0.6153845424063322,0.25,0.25,
225,"F[0,1](x<=-2)",shift,1,"F[1,2](x<=-2)",0.6666666666666667,0.38759686767622326,0.625,0.375,
225,"F[0,1](x<=-2)",shift,2,"F[2,3](x<=-2)",1.0,0.5617977023103173,0.625,0.25,
225,"F[0,1](x<=-2)",shift,3,"F[3,4](x<=-2)",1.0,0.5617977023103173,0.625,0.1875,
225,"F[0,1](x<=-2)",widen,1,"F[0,2](x<=-2)",0.3571428571428572,0.19379843383811157,0.625,0.0,
225,"F[0,1](x<=-2)",widen,2,"F[0,3](x<=-2)",0.525,0.28089885115515867,0.625,0.0,
225,"F[0,1](x<=-2)",widen,3,"F[0,4](x<=-2)",0.6225806451612903,0.3263839374499279,0.625,0.0,
225,"F[0,1](x<=-2)",strict,0,"F[0,1](x<-2)",1.4444442264505142e-07,1.2820510830735543e-07,0.0,0.0,
226,"F[0,3](((y<-1 && y>=1) || x<3))",const,1,"F[0,3](((y<-2 && y>=1) || x<3))",0.0,0.0,0.0,0.0,
226,"F[0,3](((y<-1 && y>=1) || x<3))",const,2,"F[0,3](((y<-3 && y>=1) || x<3))",0.0,0.0,0.0,0.0,
226,"F[0,3](((y<-1 && y>=1) || x<3))",const,3,"F[0,3](((y<-4 && y>=1) || x<3))",0.0,0.0,0.0,0.0,
226,"F[0,3](((y<-1 && y>=1) || x<3))",const,4,"F[0,3](((y<-5 && y>=1) || x<3))",0.0,0.0,0.0,0.0,
226,"F[0,3](((y<-1 && y>=1) || x<3))",shift,1,"F[1,4](((y<-1 && y>=1) || x<3))",0.30000000000000004,0.013152224954954828,0.3125,0.0,
226,"F[0,3](((y<-1 && y>=1) || x<3))",shift,2,"F[2,5](((y<-1 && y>=1) || x<3))",0.5,0.017226893941084453,0.3125,0.0,
226,"F[0,3](((y<-1 && y>=1) || x<3))",shift,3,"F[3,6](((y<-1 && y>=1) || x<3))",0.6428571428571428,0.018496802932507217,0.3125,0.0,
226,"F[0,3](((y<-1 && y>=1) || x<3))",widen,1,"F[0,4](((y<-1 && y>=1) || x<3))",0.2016129032258065,0.006576112477477469,0.3125,0.0,
226,"F[0,3](((y<-1 && y>=1) || x<3))",widen,2,"F[0,5](((y<-1 && y>=1) || x<3))",0.33531746031746035,0.008613446970542227,0.3125,0.0,
226,"F[0,3](((y<-1 && y>=1) || x<3))",widen,3,"F[0,6](((y<-1 && y>=1) || x<3))",0.4305399325084365,0.00924840146625372,0.3125,0.0,
226,"F[0,3](((y<-1 && y>=1) || x<3))",strict,0,"F[0,3](((y<=-1 && y>=1) || x<3))",0.0,0.0,0.0,0.0,
227,"F[2,5](x>=3)",const,1,"F[2,5](x>=4)",0.09703710346911676,0.11975641984127616,0.0625,0.0125,
227,"F[2,5](x>=3)",const,2,"F[2,5](x>=5)",0.1900855045575207,0.2735042700817647,0.125,0.025,
227,"F[2,5](x>=3)",const,3,"F[2,5](x>=6)",0.2800000032380996,0.4671381406585269,0.1875,0.0375,
227,"F[2,5](x>=3)",const,4,"F[2,5](x>=7)",0.3626851661103514,0.7070240756897945,0.25,0.05,
227,"F[2,5](x>=3)",shift,1,"F[3,6](x>=3)",0.2857142857142857,0.16496433928788312,0.6875,0.0,
227,"F[2,5](x>=3)",shift,2,"F[4,7](x>=3)",0.5,0.2634386356084547,0.6875,0.0,
227,"F[2,5](x>=3)",shift,3,"F[5,8](x>=3)",0.6666666666666667,0.3252270418080606,0.6875,0.078125,
227,"F[2,5](x>=3)",widen,1,"F[2,6](x>=3)",0.14516129032258074,0.08248216964394162,0.6875,0.0,
227,"F[2,5](x>=3)",widen,2,"F[2,7](x>=3)",0.25297619047619047,0.1317193178042274,0.6875,0.0,
227,"F[2,5](x>=3)",widen,3,"F[2,8](x>=3)",0.3363954505686789,0.16261352090403036,0.6875,0.0,
227,"F[2,5](x>=3)",strict,0,"F[2,5](x>3)",9.93939225368834e-08,1.046075057686835e-07,0.0,0.0,
228,"F[0,2](((x>=1 && y>0) || y>=2))",const,1,"F[0,2](((x>=2 && y>0) || y>=2))",0.061224537949455704,0.00948813237094881,0.0625000625,0.0,
228,"F[0,2](((x>=1 && y>0) || y>=2))",const,2,"F[0,2](((x>=3 && y>0) || y>=2))",0.11812000900737474,0.019236187858428844,0.12500000000000006,0.0,
228,"F[0,2](((x>=1 && y>0) || y>=2))",const,3,"F[0,2](((x>=4 && y>0) || y>=2))",0.17176872770893792,0.029247688421985107,0.125,0.0,
228,"F[0,2](((x>=1 && y>0) || y>=2))",const,4,"F[0,2](((x>=5 && y>0) || y>=2))",0.22291994454028496,0.03952614666183607,0.125,0.0,
228,"F[0,2](((x>=1 && y>0) || y>=2))",shift,1,"F[1,3](((x>=1 && y>0) || y>=2))",0.5,0.1782718062164993,0.5625,0.0,
228,"F[0,2](((x>=1 && y>0) || y>=2))",shift,2,"F[2,4](((x>=1 && y>0) || y>=2))",0.8,0.2663999186200017,0.5625,0.1875,
228,"F[0,2](((x>=1 && y>0) || y>=2))",shift,3,"F[3,5](((x>=1 && y>0) || y>=2))",1.0,0.31294491826039605,0.5625,0.15,
228,"F[0,2](((x>=1 && y>0) || y>=2))",widen,1,"F[0,3](((x>=1 && y>0) || y>=2))",0.25416666666666665,0.08913590310824959,0.5625,0.0,
228,"F[0,2](((x>=1 && y>0) || y>=2))",widen,2,"F[0,4](((x>=1 && y>0) || y>=2))",0.4048387096774194,0.13319995931000073,0.5625,0.0,
228,"F[0,2](((x>=1 && y>0) || y>=2))",widen,3,"F[0,5](((x>=1 && y>0) || y>=2))",0.5046296296296297,0.15647245913019803,0.5625,0.0,
228,"F[0,2](((x>=1 && y>0) || y>=2))",strict,0,"F[0,2](((x>1 && y>0) || y>=2))",6.386998419039003e-08,9.359328312363857e-09,0.0,0.0,
229,"F[0,2](((x>=1 && y>1) || x<-3))",const,1,"F[0,2](((x>=1 && y>2) || x<-3))",0.061224540913499825,0.024287151031484933,0.06250000000000007,0.0,
229,"F[0,2](((x>=1 && y>1) || x<-3))",const,2,"F[0,2](((x>=1 && y>3) || x<-3))",0.11812001576190645,0.05124903251715507,0.125,0.0,
229,"F[0,2](((x>=1 && y>1) || x<-3))",const,3,"F[0,2](((x>=1 && y>4) || x<-3))",0.17176873878360377,0.08102539334976477,0.1875,0.0,
229,"F[0,2](((x>=1 && y>1) || x<-3))",const,4,"F[0,2](((x>=1 && y>5) || x<-3))",0.2229199602848715,0.11375595942574257,0.25,0.0,
229,"F[0,2](((x>=1 && y>1) || x<-3))",shift,1,"F[1,3](((x>=1 && y>1) || x<-3))",0.5,0.1309804604775281,0.5625,0.0,
229,"F[0,2](((x>=1 && y>1) || x<-3))",shift,2,"F[2,4](((x>=1 && y>1) || x<-3))",0.8,0.189792819250295,0.5625,0.15625,
229,"F[0,2](((x>=1 && y>1) || x<-3))",shift,3,"F[3,5](((x>=1 && y>1) || x<-3))",1.0,0.2176168233000647,0.5625,0.125,
229,"F[0,2](((x>=1 && y>1) || x<-3))",widen,1,"F[0,3](((x>=1 && y>1) || x<-3))",0.25416666666666665,0.0654902302387641,0.5625,0.0,
229,"F[0,2](((x>=1 && y>1) || x<-3))",widen,2,"F[0,4](((x>=1 && y>1) || x<-3))",0.4048387096774194,0.09489640962514756,0.5625,0.0,
229,"F[0,2](((x>=1 && y>1) || x<-3))",widen,3,"F[0,5](((x>=1 && y>1) || x<-3))",0.5046296296296297,0.1088084116500323,0.5625,0.0,
229,"F[0,2](((x>=1 && y>1) || x<-3))",strict,0,"F[0,2](((x>=1 && y>=1) || x<-3))",6.386998419039003e-08,2.2996325621527092e-08,0.0,0.0,
230,"F[0,3](G[1,2](((x>-2 && x>=1) || (x<1 || x<2))))",const,1,"F[0,3](G[1,2](((x>-2 && x>=1) || (x<2 || x<2))))",0.0,0.0,0.0,0.0,
230,"F[0,3](G[1,2](((x>-2 && x>=1) || (x<1 || x<2))))",const,2,"F[0,3](G[1,2](((x>-2 && x>=1) || (x<3 || x<2))))",0.0,0.0,0.0,0.0,
230,"F[0,3](G[1,2](((x>-2 && x>=1) || (x<1 || x<2))))",const,3,"F[0,3](G[1,2](((x>-2 && x>=1) || (x<4 || x<2))))",0.0,0.0,0.0,0.0,
230,"F[0,3](G[1,2](((x>-2 && x>=1) || (x<1 || x<2))))",const,4,"F[0,3](G[1,2](((x>-2 && x>=1) || (x<5 || x<2))))",0.0,0.0,0.0,0.0,
230,"F[0,3](G[1,2](((x>-2 && x>=1) || (x<1 || x<2))))",shift,1,"F[1,4](G[1,2](((x>-2 && x>=1) || (x<1 || x<2))))",0.0,0.0,0.0,0.0,
230,"F[0,3](G[1,2](((x>-2 && x>=1) || (x<1 || x<2))))",shift,2,"F[2,5](G[1,2](((x>-2 && x>=1) || (x<1 || x<2))))",0.0,0.0,0.0,0.0,
230,"F[0,3](G[1,2](((x>-2 && x>=1) || (x<1 || x<2))))",shift,3,"F[3,6](G[1,2](((x>-2 && x>=1) || (x<1 || x<2))))",0.0,0.0,0.0,0.109375,
230,"F[0,3](G[1,2](((x>-2 && x>=1) || (x<1 || x<2))))",widen,1,"F[0,4](G[1,2](((x>-2 && x>=1) || (x<1 || x<2))))",0.0,0.0,0.0,0.0,
230,"F[0,3](G[1,2](((x>-2 && x>=1) || (x<1 || x<2))))",widen,2,"F[0,5](G[1,2](((x>-2 && x>=1) || (x<1 || x<2))))",0.0,0.0,0.0,0.0,
230,"F[0,3](G[1,2](((x>-2 && x>=1) || (x<1 || x<2))))",widen,3,"F[0,6](G[1,2](((x>-2 && x>=1) || (x<1 || x<2))))",0.0,0.0,0.0,0.0,
230,"F[0,3](G[1,2](((x>-2 && x>=1) || (x<1 || x<2))))",strict,0,"F[0,3](G[1,2](((x>-2 && x>=1) || (x<=1 || x<2))))",0.0,0.0,0.0,0.0,
231,"G[1,3](((x<-2 || y>=0) || x<1))",const,1,"G[1,3](((x<-1 || y>=0) || x<1))",0.0,0.0,0.0,0.0,
231,"G[1,3](((x<-2 || y>=0) || x<1))",const,2,"G[1,3](((x<0 || y>=0) || x<1))",0.0,0.0,0.0,0.0,
231,"G[1,3](((x<-2 || y>=0) || x<1))",const,3,"G[1,3](((x<1 || y>=0) || x<1))",0.0,0.0,0.0,0.0,
231,"G[1,3](((x<-2 || y>=0) || x<1))",const,4,"G[1,3](((x<2 || y>=0) || x<1))",0.04285717811223888,0.11100371928720243,0.06250000000000017,0.0,
231,"G[1,3](((x<-2 || y>=0) || x<1))",shift,1,"G[2,4](((x<-2 || y>=0) || x<1))",0.4,0.3589743458251152,0.4375,0.1875,
231,"G[1,3](((x<-2 || y>=0) || x<1))",shift,2,"G[3,5](((x<-2 || y>=0) || x<1))",0.6666666666666667,0.5607870537683051,0.43750000000000056,0.3,
231,"G[1,3](((x<-2 || y>=0) || x<1))",shift,3,"G[4,6](((x<-2 || y>=0) || x<1))",0.8571428571428572,0.6869427426946069,0.4375,0.25,
231,"G[1,3](((x<-2 || y>=0) || x<1))",widen,1,"G[1,4](((x<-2 || y>=0) || x<1))",0.19999999999999996,0.21874999023437536,0.4375,0.09375,
231,"G[1,3](((x<-2 || y>=0) || x<1))",widen,2,"G[1,5](((x<-2 || y>=0) || x<1))",0.33333333333333337,0.3896484222412113,0.4374999999999991,0.15,
231,"G[1,3](((x<-2 || y>=0) || x<1))",widen,3,"G[1,6](((x<-2 || y>=0) || x<1))",0.4285714285714286,0.5231628239154817,0.43750006249999956,0.1875,
231,"G[1,3](((x<-2 || y>=0) || x<1))",strict,0,"G[1,3](((x<=-2 || y>=0) || x<1))",0.0,0.0,0.0,0.0,
232,"G[2,4](((x<-3 || x>=0)) U[0,1] ((y>=3 || y<=-1)))",const,1,"G[2,4](((x<-2 || x>=0)) U[0,1] ((y>=3 || y<=-1)))",0.03373018287036511,0.2078618030357342,0.0625000625,0.0,
232,"G[2,4](((x<-3 || x>=0)) U[0,1] ((y>=3 || y<=-1)))",const,2,"G[2,4](((x<-1 || x>=0)) U[0,1] ((y>=3 || y<=-1)))",0.060090716094373664,0.36274163155735584,0.09375,0.0,
232,"G[2,4](((x<-3 || x>=0)) U[0,1] ((y>=3 || y<=-1)))",const,3,"G[2,4](((x<0 || x>=0)) U[0,1] ((y>=3 || y<=-1)))",0.33333333333333337,0.480384903699861,0.09375,0.0,
232,"G[2,4](((x<-3 || x>=0)) U[0,1] ((y>=3 || y<=-1)))",const,4,"G[2,4](((x<1 || x>=0)) U[0,1] ((y>=3 || y<=-1)))",0.33333333333333337,0.4803848801689026,0.09375,0.0,
232,"G[2,4](((x<-3 || x>=0)) U[0,1] ((y>=3 || y<=-1)))",shift,1,"G[3,5](((x<-3 || x>=0)) U[0,1] ((y>=3 || y<=-1)))",0.29591836734693877,0.3733816504711912,0.125,0.052083333333333336,
232,"G[2,4](((x<-3 || x>=0)) U[0,1] ((y>=3 || y<=-1)))",shift,2,"G[4,6](((x<-3 || x>=0)) U[0,1] ((y>=3 || y<=-1)))",0.5089285714285714,0.578257546659967,0.125,0.22321428571428573,
232,"G[2,4](((x<-3 || x>=0)) U[0,1] ((y>=3 || y<=-1)))",shift,3,"G[5,7](((x<-3 || x>=0)) U[0,1] ((y>=3 || y<=-1)))",0.6746031746031746,0.7039130714829535,0.125,0.3125,
232,"G[2,4](((x<-3 || x>=0)) U[0,1] ((y>=3 || y<=-1)))",widen,1,"G[2,5](((x<-3 || x>=0)) U[0,1] ((y>=3 || y<=-1)))",0.15306122448979598,0.22954471808297916,0.125,0.052083333333333336,
232,"G[2,4](((x<-3 || x>=0)) U[0,1] ((y>=3 || y<=-1)))",widen,2,"G[2,6](((x<-3 || x>=0)) U[0,1] ((y>=3 || y<=-1)))",0.2589285714285714,0.40672454093320043,0.125,0.13392857142857142,
232,"G[2,4](((x<-3 || x>=0)) U[0,1] ((y>=3 || y<=-1)))",widen,3,"G[2,7](((x<-3 || x>=0)) U[0,1] ((y>=3 || y<=-1)))",0.3412698412698413,0.5431063734963787,0.125,0.1953125,
232,"G[2,4](((x<-3 || x>=0)) U[0,1] ((y>=3 || y<=-1)))",strict,0,"G[2,4](((x<=-3 || x>=0)) U[0,1] ((y>=3 || y<=-1)))",3.888887989411671e-08,2.4152186084425153e-07,2.2581936320875782e-15,0.0,
233,"G[2,3](y<1)",const,1,"G[2,3](y<2)",0.05000004499999555,0.19000016199997571,0.0625,0.020833333333333332,
233,"G[2,3](y<1)",const,2,"G[2,3](y<3)",0.09090912809917029,0.33057863410967514,0.125,0.041666666666666664,
233,"G[2,3](y<1)",const,3,"G[2,3](y<4)",0.12500003124999748,0.43750009374998833,0.1875,0.0625,
233,"G[2,3](y<1)",const,4,"G[2,3](y<5)",0.15384618047337062,0.5207101329085031,0.25,0.08333333333333333,
233,"G[2,3](y<1)",shift,1,"G[3,4](y<1)",0.4,0.6086956862003752,0.4375,0.28125,
233,"G[2,3](y<1)",shift,2,"G[4,5](y<1)",0.6666666666666667,0.812064993104039,0.4375,0.225,
233,"G[2,3](y<1)",shift,3,"G[5,6](y<1)",0.7142857142857143,0.812064993104039,0.4375,0.1875,
233,"G[2,3](y<1)",widen,1,"G[2,4](y<1)",0.19999999999999996,0.4375000351562478,0.4375,0.140625,
233,"G[2,3](y<1)",widen,2,"G[2,5](y<1)",0.33333333333333337,0.6835937895507775,0.4375,0.225,
233,"G[2,3](y<1)",widen,3,"G[2,6](y<1)",0.4285714285714286,0.8220215177459675,0.4375,0.28125,
233,"G[2,3](y<1)",strict,0,"G[2,3](y<=1)",5.55555494941018e-08,2.222221853198647e-07,0.0,0.0,
234,"G[1,3](G[1,3](x>=0))",const,1,"G[1,3](G[1,3](x>=-1))",0.07936514109346082,0.445071312450376,0.0625,0.041666666666666664,
234,"G[1,3](G[1,3](x>=0))",const,2,"G[1,3](G[1,3](x>=-2))",0.1428571857142773,0.6723201228799569,0.125,0.08333333333333333,
234,"G[1,3](G[1,3](x>=0))",const,3,"G[1,3](G[1,3](x>=-3))",0.1948052243211279,0.7965365586620894,0.1875,0.125,
234,"G[1,3](G[1,3](x>=0))",const,4,"G[1,3](G[1,3](x>=-4))",0.23809525793650466,0.8683127846364815,0.25,0.16666666666666666,
234,"G[1,3](G[1,3](x>=0))",shift,1,"G[2,4](G[1,3](x>=0))",0.25,0.66666663888889,0.5,0.14285714285714285,
234,"G[1,3](G[1,3](x>=0))",shift,2,"G[3,5](G[1,3](x>=0))",0.4444444444444444,0.8571428367346942,0.5,0.25,
234,"G[1,3](G[1,3](x>=0))",shift,3,"G[4,6](G[1,3](x>=0))",0.6,0.9333333199999998,0.5,0.3333333333333333,
234,"G[1,3](G[1,3](x>=0))",widen,1,"G[1,4](G[1,3](x>=0))",0.125,0.49999996875000197,0.5,0.07142857142857142,
234,"G[1,3](G[1,3](x>=0))",widen,2,"G[1,5](G[1,3](x>=0))",0.2222222222222222,0.749999968750001,0.5,0.125,
234,"G[1,3](G[1,3](x>=0))",widen,3,"G[1,6](G[1,3](x>=0))",0.30000000000000004,0.8749999765625001,0.5,0.16666666666666666,
234,"G[1,3](G[1,3](x>=0))",strict,0,"G[1,3](G[1,3](x>0))",8.928570327526586e-08,6.24999765830303e-07,0.0,0.0,
235,"G[0,3](((y<=3 || y<=0)) U[0,1] ((y>=-2 && x<-3)))",const,1,"G[0,3](((y<=2 || y<=0)) U[0,1] ((y>=-2 && x<-3)))",0.07358027837858339,0.48763022360977093,0.06250000000000021,0.0,
235,"G[0,3](((y<=3 || y<=0)) U[0,1] ((y>=-2 && x<-3)))",const,2,"G[0,3](((y<=1 || y<=0)) U[0,1] ((y>=-2 && x<-3)))",0.14582009491459602,0.7749872923816976,0.12500006249999993,0.0,
235,"G[0,3](((y<=3 || y<=0)) U[0,1] ((y>=-2 && x<-3)))",const,3,"G[0,3](((y<=0 || y<=0)) U[0,1] ((y>=-2 && x<-3)))",0.21722216931021787,0.9244012484156445,0.18750006250000006,0.0,
235,"G[0,3](((y<=3 || y<=0)) U[0,1] ((y>=-2 && x<-3)))",const,4,"G[0,3](((y<=-1 || y<=0)) U[0,1] ((y>=-2 && x<-3)))",0.21722216931021787,0.9244011961542185,0.18750006249999998,0.0,
235,"G[0,3](((y<=3 || y<=0)) U[0,1] ((y>=-2 && x<-3)))",shift,1,"G[1,4](((y<=3 || y<=0)) U[0,1] ((y>=-2 && x<-3)))",0.3450617283950618,0.8517690247151462,0.6875,0.1,
235,"G[0,3](((y<=3 || y<=0)) U[0,1] ((y>=-2 && x<-3)))",shift,2,"G[2,5](((y<=3 || y<=0)) U[0,1] ((y>=-2 && x<-3)))",0.5814814814814815,0.9568033964850847,0.6875,0.22916666666666666,
235,"G[0,3](((y<=3 || y<=0)) U[0,1] ((y>=-2 && x<-3)))",shift,3,"G[3,6](((y<=3 || y<=0)) U[0,1] ((y>=-2 && x<-3)))",0.7587962962962963,0.98838680947122,0.6875000625,0.32142857142857145,
235,"G[0,3](((y<=3 || y<=0)) U[0,1] ((y>=-2 && x<-3)))",widen,1,"G[0,4](((y<=3 || y<=0)) U[0,1] ((y>=-2 && x<-3)))",0.17839506172839503,0.7418098301204936,0.6875000625,0.0875,
235,"G[0,3](((y<=3 || y<=0)) U[0,1] ((y>=-2 && x<-3)))",widen,2,"G[0,5](((y<=3 || y<=0)) U[0,1] ((y>=-2 && x<-3)))",0.2957671957671957,0.9171841561420543,0.6875000624999913,0.14583333333333334,
235,"G[0,3](((y<=3 || y<=0)) U[0,1] ((y>=-2 && x<-3)))",widen,3,"G[0,6](((y<=3 || y<=0)) U[0,1] ((y>=-2 && x<-3)))",0.3837962962962963,0.9770402548375043,0.6875000625,0.1875,
235,"G[0,3](((y<=3 || y<=0)) U[0,1] ((y>=-2 && x<-3)))",strict,0,"G[0,3](((y<3 || y<=0)) U[0,1] ((y>=-2 && x<-3)))",7.451848960116081e-08,6.116543332934654e-07,0.0,0.0,
236,"F[1,2]((y>-2 || x<=-1))",const,1,"F[1,2]((y>-3 || x<=-1))",0.042087574063863875,0.014029078436571862,0.0625,0.0,
236,"F[1,2]((y>-2 || x<=-1))",const,2,"F[1,2]((y>-4 || x<=-1))",0.08148150246913188,0.025217943533393572,0.125,0.0,
236,"F[1,2]((y>-2 || x<=-1))",const,3,"F[1,2]((y>-5 || x<=-1))",0.11880342932281318,0.03374636451386759,0.1875,0.0,
236,"F[1,2]((y>-2 || x<=-1))",const,4,"F[1,2]((y>-6 || x<=-1))",0.15449735492567607,0.03974729583586889,0.25,0.0,
236,"F[1,2]((y>-2 || x<=-1))",shift,1,"F[2,3]((y>-2 || x<=-1))",0.5,0.07088337337676165,0.375,0.2916666666666667,
236,"F[1,2]((y>-2 || x<=-1))",shift,2,"F[3,4]((y>-2 || x<=-1))",0.8,0.0851983939884402,0.375,0.21875,
236,"F[1,2]((y>-2 || x<=-1))",shift,3,"F[4,5]((y>-2 || x<=-1))",0.8333333333333334,0.0851983939884402,0.375,0.175,
236,"F[1,2]((y>-2 || x<=-1))",widen,1,"F[1,3]((y>-2 || x<=-1))",0.25297619047619047,0.03544168668838088,0.375,0.0,
236,"F[1,2]((y>-2 || x<=-1))",widen,2,"F[1,4]((y>-2 || x<=-1))",0.40294117647058825,0.04259919699422021,0.375,0.0,
236,"F[1,2]((y>-2 || x<=-1))",widen,3,"F[1,5]((y>-2 || x<=-1))",0.5025659824046921,0.04409543898939172,0.375,0.0,
236,"F[1,2]((y>-2 || x<=-1))",strict,0,"F[1,2]((y>=-2 || x<=-1))",4.370369766082405e-08,1.552219475176031e-08,0.0,0.0,
237,"F[0,3](((x>=-3 && y<=2)) U[0,1] (y>-1))",const,1,"F[0,3](((x>=-2 && y<=2)) U[0,1] (y>-1))",0.06149673292023394,0.07824107214218001,0.06250000000000047,0.015625,
237,"F[0,3](((x>=-3 && y<=2)) U[0,1] (y>-1))",const,2,"F[0,3](((x>=-1 && y<=2)) U[0,1] (y>-1))",0.1129097736933683,0.1590854365023956,0.12500000000000028,0.03125,
237,"F[0,3](((x>=-3 && y<=2)) U[0,1] (y>-1))",const,3,"F[0,3](((x>=0 && y<=2)) U[0,1] (y>-1))",0.15802054924890097,0.24251990207093477,0.18750000000000033,0.046875,
237,"F[0,3](((x>=-3 && y<=2)) U[0,1] (y>-1))",const,4,"F[0,3](((x>=1 && y<=2)) U[0,1] (y>-1))",0.1989298144259486,0.3285264019122418,0.2500000000000002,0.0625,
237,"F[0,3](((x>=-3 && y<=2)) U[0,1] (y>-1))",shift,1,"F[1,4](((x>=-3 && y<=2)) U[0,1] (y>-1))",0.33843250622339993,0.2723639454300524,0.4375,0.0,
237,"F[0,3](((x>=-3 && y<=2)) U[0,1] (y>-1))",shift,2,"F[2,5](((x>=-3 && y<=2)) U[0,1] (y>-1))",0.5714285714285714,0.4555748687805288,0.4375,0.0,
237,"F[0,3](((x>=-3 && y<=2)) U[0,1] (y>-1))",shift,3,"F[3,6](((x>=-3 && y<=2)) U[0,1] (y>-1))",0.75,0.5861794131182575,0.4375,0.1875,
237,"F[0,3](((x>=-3 && y<=2)) U[0,1] (y>-1))",widen,1,"F[0,4](((x>=-3 && y<=2)) U[0,1] (y>-1))",0.1720540815253584,0.1361819727150262,0.4375,0.0,
237,"F[0,3](((x>=-3 && y<=2)) U[0,1] (y>-1))",widen,2,"F[0,5](((x>=-3 && y<=2)) U[0,1] (y>-1))",0.29339684434607594,0.2277874343902645,0.4375,0.0,
237,"F[0,3](((x>=-3 && y<=2)) U[0,1] (y>-1))",widen,3,"F[0,6](((x>=-3 && y<=2)) U[0,1] (y>-1))",0.38359369840463564,0.2930897065591288,0.4375,0.0,
237,"F[0,3](((x>=-3 && y<=2)) U[0,1] (y>-1))",strict,0,"F[0,3](((x>-3 && y<=2)) U[0,1] (y>-1))",6.85552112855703e-08,7.693606640657435e-08,0.0,0.0,
238,"F[1,2](F[0,2](x>-3))",const,1,"F[1,2](F[0,2](x>-2))",0.10101017775327348,0.010337244757258945,0.0625,0.03125,
238,"F[1,2](F[0,2](x>-3))",const,2,"F[1,2](F[0,2](x>-1))",0.18424247883509481,0.027360560785233412,0.125,0.0625,
238,"F[1,2](F[0,2](x>-3))",const,3,"F[1,2](F[0,2](x>0))",0.25636367623966394,0.05347324599107017,0.1875,0.09375,
238,"F[1,2](F[0,2](x>-3))",const,4,"F[1,2](F[0,2](x>1))",0.3210774703696868,0.09144832741979947,0.25,0.125,
238,"F[1,2](F[0,2](x>-3))",shift,1,"F[2,3](F[0,2](x>-3))",0.33333333333333337,0.013152224954954828,0.3125,0.0,
238,"F[1,2](F[0,2](x>-3))",shift,2,"F[3,4](F[0,2](x>-3))",0.5714285714285714,0.017226893941084453,0.3125,0.22916666666666666,
238,"F[1,2](F[0,2](x>-3))",shift,3,"F[4,5](F[0,2](x>-3))",0.75,0.018496802932507106,0.3125,0.39285714285714285,
238,"F[1,2](F[0,2](x>-3))",widen,1,"F[1,3](F[0,2](x>-3))",0.16935483870967738,0.006576112477477469,0.3125,0.0,
238,"F[1,2](F[0,2](x>-3))",widen,2,"F[1,4](F[0,2](x>-3))",0.2891156462585034,0.008613446970542227,0.3125,0.0,
238,"F[1,2](F[0,2](x>-3))",widen,3,"F[1,5](F[0,2](x>-3))",0.3784448818897638,0.009248401466253608,0.3125,0.0,
238,"F[1,2](F[0,2](x>-3))",strict,0,"F[1,2](F[0,2](x>=-3))",1.134545271064269e-07,7.702855020497168e-09,0.0,0.0,
239,"F[0,2](((x>1 && x<-1)) U[0,1] ((y<=-1 && y<=-1)))",const,1,"F[0,2](((x>2 && x<-1)) U[0,1] ((y<=-1 && y<=-1)))",0.0,0.0,0.0,0.0,
239,"F[0,2](((x>1 && x<-1)) U[0,1] ((y<=-1 && y<=-1)))",const,2,"F[0,2](((x>3 && x<-1)) U[0,1] ((y<=-1 && y<=-1)))",0.0,0.0,0.0,0.0,
239,"F[0,2](((x>1 && x<-1)) U[0,1] ((y<=-1 && y<=-1)))",const,3,"F[0,2](((x>4 && x<-1)) U[0,1] ((y<=-1 && y<=-1)))",0.0,0.0,0.0,0.0,
239,"F[0,2](((x>1 && x<-1)) U[0,1] ((y<=-1 && y<=-1)))",const,4,"F[0,2](((x>5 && x<-1)) U[0,1] ((y<=-1 && y<=-1)))",0.0,0.0,0.0,0.0,
239,"F[0,2](((x>1 && x<-1)) U[0,1] ((y<=-1 && y<=-1)))",shift,1,"F[1,3](((x>1 && x<-1)) U[0,1] ((y<=-1 && y<=-1)))",0.0,0.0,0.0,0.0,
239,"F[0,2](((x>1 && x<-1)) U[0,1] ((y<=-1 && y<=-1)))",shift,2,"F[2,4](((x>1 && x<-1)) U[0,1] ((y<=-1 && y<=-1)))",0.0,0.0,0.0,0.0,
239,"F[0,2](((x>1 && x<-1)) U[0,1] ((y<=-1 && y<=-1)))",shift,3,"F[3,5](((x>1 && x<-1)) U[0,1] ((y<=-1 && y<=-1)))",0.0,0.0,0.0,0.14583333333333334,
239,"F[0,2](((x>1 && x<-1)) U[0,1] ((y<=-1 && y<=-1)))",widen,1,"F[0,3](((x>1 && x<-1)) U[0,1] ((y<=-1 && y<=-1)))",0.0,0.0,0.0,0.0,
239,"F[0,2](((x>1 && x<-1)) U[0,1] ((y<=-1 && y<=-1)))",widen,2,"F[0,4](((x>1 && x<-1)) U[0,1] ((y<=-1 && y<=-1)))",0.0,0.0,0.0,0.0,
239,"F[0,2](((x>1 && x<-1)) U[0,1] ((y<=-1 && y<=-1)))",widen,3,"F[0,5](((x>1 && x<-1)) U[0,1] ((y<=-1 && y<=-1)))",0.0,0.0,0.0,0.0,
239,"F[0,2](((x>1 && x<-1)) U[0,1] ((y<=-1 && y<=-1)))",strict,0,"F[0,2](((x>=1 && x<-1)) U[0,1] ((y<=-1 && y<=-1)))",0.0,0.0,0.0,0.0,
240,"G[2,4](((x<=2 || y>-2)) U[0,2] ((y<=1 || x<=0)))",const,1,"G[2,4](((x<=2 || y>-2)) U[0,2] ((y<=2 || x<=0)))",0.050585786288582346,0.019483699055632187,0.06250000000000012,0.0,
240,"G[2,4](((x<=2 || y>-2)) U[0,2] ((y<=1 || x<=0)))",const,2,"G[2,4](((x<=2 || y>-2)) U[0,2] ((y<=3 || x<=0)))",0.08793467120544718,0.03505924783952097,0.1250000000000009,0.0,
240,"G[2,4](((x<=2 || y>-2)) U[0,2] ((y<=1 || x<=0)))",const,3,"G[2,4](((x<=2 || y>-2)) U[0,2] ((y<=4 || x<=0)))",0.11866513403853152,0.047362112007568125,0.1875000000000002,0.0,
240,"G[2,4](((x<=2 || y>-2)) U[0,2] ((y<=1 || x<=0)))",const,4,"G[2,4](((x<=2 || y>-2)) U[0,2] ((y<=5 || x<=0)))",0.14561364058475212,0.05698169914389595,0.2500000000000011,0.0,
240,"G[2,4](((x<=2 || y>-2)) U[0,2] ((y<=1 || x<=0)))",shift,1,"G[3,5](((x<=2 || y>-2)) U[0,2] ((y<=1 || x<=0)))",0.2534076827757126,0.26396873908032115,0.4375,0.05357142857142857,
240,"G[2,4](((x<=2 || y>-2)) U[0,2] ((y<=1 || x<=0)))",shift,2,"G[4,6](((x<=2 || y>-2)) U[0,2] ((y<=1 || x<=0)))",0.4499173895084675,0.43819353300454766,0.43750000000000006,0.09375,
240,"G[2,4](((x<=2 || y>-2)) U[0,2] ((y<=1 || x<=0)))",shift,3,"G[5,7](((x<=2 || y>-2)) U[0,2] ((y<=1 || x<=0)))",0.6049256505576208,0.5607686927393649,0.4375,0.08333333333333333,
240,"G[2,4](((x<=2 || y>-2)) U[0,2] ((y<=1 || x<=0)))",widen,1,"G[2,5](((x<=2 || y>-2)) U[0,2] ((y<=1 || x<=0)))",0.12840768277571257,0.1520529871913029,0.4375,0.017857142857142856,
240,"G[2,4](((x<=2 || y>-2)) U[0,2] ((y<=1 || x<=0)))",widen,2,"G[2,6](((x<=2 || y>-2)) U[0,2] ((y<=1 || x<=0)))",0.22769516728624528,0.2805683945255578,0.4375,0.03125,
240,"G[2,4](((x<=2 || y>-2)) U[0,2] ((y<=1 || x<=0)))",widen,3,"G[2,7](((x<=2 || y>-2)) U[0,2] ((y<=1 || x<=0)))",0.3049256505576209,0.3896306937671511,0.4375,0.0625,
240,"G[2,4](((x<=2 || y>-2)) U[0,2] ((y<=1 || x<=0)))",strict,0,"G[2,4](((x<=2 || y>-2)) U[0,2] ((y<1 || x<=0)))",6.161645105251523e-08,2.1667086347321174e-08,0.0,0.0,
241,"G[1,4]((x>-2) U[0,2] (x<=2))",const,1,"G[1,4]((x>-3) U[0,2] (x<=2))",0.10823535995515654,0.4427046544560256,0.06250000000000003,0.03125,
241,"G[1,4]((x>-2) U[0,2] (x<=2))",const,2,"G[1,4]((x>-4) U[0,2] (x<=2))",0.18487398039214642,0.6602186978529259,0.12500006250000006,0.0625,
241,"G[1,4]((x>-2) U[0,2] (x<=2))",const,3,"G[1,4]((x>-5) U[0,2] (x<=2))",0.24345739262561883,0.7792044840192183,0.18750006249999887,0.09375,
241,"G[1,4]((x>-2) U[0,2] (x<=2))",const,4,"G[1,4]((x>-6) U[0,2] (x<=2))",0.28806722545658314,0.849484475919749,0.25000000000000094,0.125,
241,"G[1,4]((x>-2) U[0,2] (x<=2))",shift,1,"G[2,5]((x>-2) U[0,2] (x<=2))",0.2705882352941176,0.6214157473499633,0.375,0.07142857142857142,
241,"G[1,4]((x>-2) U[0,2] (x<=2))",shift,2,"G[3,6]((x>-2) U[0,2] (x<=2))",0.47581699346405226,0.8245275425708832,0.37500006249999934,0.125,
241,"G[1,4]((x>-2) U[0,2] (x<=2))",shift,3,"G[4,7]((x>-2) U[0,2] (x<=2))",0.628235294117647,0.9122830952586128,0.375,0.16666666666666666,
241,"G[1,4]((x>-2) U[0,2] (x<=2))",widen,1,"G[1,5]((x>-2) U[0,2] (x<=2))",0.14558823529411757,0.45076370642956576,0.3750000000000003,0.03571428571428571,
241,"G[1,4]((x>-2) U[0,2] (x<=2))",widen,2,"G[1,6]((x>-2) U[0,2] (x<=2))",0.25359477124183005,0.7014435237165937,0.375,0.0625,
241,"G[1,4]((x>-2) U[0,2] (x<=2))",widen,3,"G[1,7]((x>-2) U[0,2] (x<=2))",0.3282352941176472,0.8387137234715636,0.375,0.08333333333333333,
241,"G[1,4]((x>-2) U[0,2] (x<=2))",strict,0,"G[1,4]((x>=-2) U[0,2] (x<=2))",1.3193271164446685e-07,6.427906117378868e-07,0.0,0.0,
242,"F[2,4]((x<=1 && (x>=-2 && x<1)))",const,1,"F[2,4]((x<=1 && (x>=-1 && x<1)))",0.11729328399567973,0.288046419894997,0.0625,0.015625,
242,"F[2,4]((x<=1 && (x>=-2 && x<1)))",const,2,"F[2,4]((x<=1 && (x>=0 && x<1)))",0.2289473516447561,0.6203263445357852,0.125,0.03125,
242,"F[2,4]((x<=1 && (x>=-2 && x<1)))",const,3,"F[2,4]((x<=1 && (x>=1 && x<1)))",1.0,1.0,0.1875,0.046875,
242,"F[2,4]((x<=1 && (x>=-2 && x<1)))",const,4,"F[2,4]((x<=1 && (x>=2 && x<1)))",1.0,1.0,0.25,0.046875,
242,"F[2,4]((x<=1 && (x>=-2 && x<1)))",shift,1,"F[3,5]((x<=1 && (x>=-2 && x<1)))",0.33333333333333337,0.3565111260814773,0.4375,0.0,
242,"F[2,4]((x<=1 && (x>=-2 && x<1)))",shift,2,"F[4,6]((x<=1 && (x>=-2 && x<1)))",0.5714285714285714,0.5644287039379758,0.4374999999999998,0.0625,
242,"F[2,4]((x<=1 && (x>=-2 && x<1)))",shift,3,"F[5,7]((x<=1 && (x>=-2 && x<1)))",0.75,0.6982360698400805,0.4374999999999998,0.05357142857142857,
242,"F[2,4]((x<=1 && (x>=-2 && x<1)))",widen,1,"F[2,5]((x<=1 && (x>=-2 && x<1)))",0.17692307692307696,0.17825556304073864,0.4375,0.0,
242,"F[2,4]((x<=1 && (x>=-2 && x<1)))",widen,2,"F[2,6]((x<=1 && (x>=-2 && x<1)))",0.2992552471225457,0.2822143519689879,0.4375,0.0,
242,"F[2,4]((x<=1 && (x>=-2 && x<1)))",widen,3,"F[2,7]((x<=1 && (x>=-2 && x<1)))",0.38928571428571423,0.34911803492004034,0.4375,0.0,
242,"F[2,4]((x<=1 && (x>=-2 && x<1)))",strict,0,"F[2,4]((x<=1 && (x>-2 && x<1)))",1.2105259561412396e-07,2.669825391876657e-07,0.0,0.0,
243,"G[1,3](((x>-3 || x>=1) || (y>=-2 || x>=-1)))",const,1,"G[1,3](((x>-2 || x>=1) || (y>=-2 || x>=-1)))",0.04356064061064557,0.07755028476907944,0.0625000625,0.0,
243,"G[1,3](((x>-3 || x>=1) || (y>=-2 || x>=-1)))",const,2,"G[1,3](((x>-1 || x>=1) || (y>=-2 || x>=-1)))",0.08116882193455999,0.1509837133986066,0.125,0.0,
243,"G[1,3](((x>-3 || x>=1) || (y>=-2 || x>=-1)))",const,3,"G[1,3](((x>0 || x>=1) || (y>=-2 || x>=-1)))",0.08116882193455999,0.15098370328709554,0.125,0.0,
243,"G[1,3](((x>-3 || x>=1) || (y>=-2 || x>=-1)))",const,4,"G[1,3](((x>1 || x>=1) || (y>=-2 || x>=-1)))",0.08116882193455999,0.1509837133986066,0.125,0.0,
243,"G[1,3](((x>-3 || x>=1) || (y>=-2 || x>=-1)))",shift,1,"G[2,4](((x>-3 || x>=1) || (y>=-2 || x>=-1)))",0.4,0.20979020040099794,0.3125,0.21875,
243,"G[1,3](((x>-3 || x>=1) || (y>=-2 || x>=-1)))",shift,2,"G[3,5](((x>-3 || x>=1) || (y>=-2 || x>=-1)))",0.6666666666666667,0.3615180620169668,0.3125000000000005,0.35,
243,"G[1,3](((x>-3 || x>=1) || (y>=-2 || x>=-1)))",shift,3,"G[4,6](((x>-3 || x>=1) || (y>=-2 || x>=-1)))",0.8571428571428572,0.475578479012007,0.3125,0.2916666666666667,
243,"G[1,3](((x>-3 || x>=1) || (y>=-2 || x>=-1)))",widen,1,"G[1,4](((x>-3 || x>=1) || (y>=-2 || x>=-1)))",0.19999999999999996,0.11718749414062524,0.3125,0.109375,
243,"G[1,3](((x>-3 || x>=1) || (y>=-2 || x>=-1)))",widen,2,"G[1,5](((x>-3 || x>=1) || (y>=-2 || x>=-1)))",0.33333333333333337,0.22064207949829118,0.31249999999999983,0.175,
243,"G[1,3](((x>-3 || x>=1) || (y>=-2 || x>=-1)))",widen,3,"G[1,6](((x>-3 || x>=1) || (y>=-2 || x>=-1)))",0.4285714285714286,0.3119730812405349,0.3125,0.21875,
243,"G[1,3](((x>-3 || x>=1) || (y>=-2 || x>=-1)))",strict,0,"G[1,3](((x>=-3 || x>=1) || (y>=-2 || x>=-1)))",4.772726569512997e-08,7.964599257892502e-08,0.0,0.0,
244,"F[2,5](G[1,2](((y<=2 || y<-2) || y<-1)))",const,1,"F[2,5](G[1,2](((y<=1 || y<-2) || y<-1)))",0.07236848082705738,0.10993958583240016,0.0625,0.0,
244,"F[2,5](G[1,2](((y<=2 || y<-2) || y<-1)))",const,2,"F[2,5](G[1,2](((y<=0 || y<-2) || y<-1)))",0.13651320316611104,0.23174727735701361,0.125,0.0,
244,"F[2,5](G[1,2](((y<=2 || y<-2) || y<-1)))",const,3,"F[2,5](G[1,2](((y<=-1 || y<-2) || y<-1)))",0.19517547144249003,0.3610772292932314,0.1875,0.0,
244,"F[2,5](G[1,2](((y<=2 || y<-2) || y<-1)))",const,4,"F[2,5](G[1,2](((y<=-2 || y<-2) || y<-1)))",0.195175527972691,0.361077360750496,0.1875,0.0,
244,"F[2,5](G[1,2](((y<=2 || y<-2) || y<-1)))",shift,1,"F[3,6](G[1,2](((y<=2 || y<-2) || y<-1)))",0.23391812865497064,0.1613158972377573,0.375,0.0,
244,"F[2,5](G[1,2](((y<=2 || y<-2) || y<-1)))",shift,2,"F[4,7](G[1,2](((y<=2 || y<-2) || y<-1)))",0.4,0.25739160546792517,0.375,0.0,
244,"F[2,5](G[1,2](((y<=2 || y<-2) || y<-1)))",shift,3,"F[5,8](G[1,2](((y<=2 || y<-2) || y<-1)))",0.5454545454545454,0.3203953744989384,0.375,0.075,
244,"F[2,5](G[1,2](((y<=2 || y<-2) || y<-1)))",widen,1,"F[2,6](G[1,2](((y<=2 || y<-2) || y<-1)))",0.11757105943152457,0.08065794861887865,0.375,0.0,
244,"F[2,5](G[1,2](((y<=2 || y<-2) || y<-1)))",widen,2,"F[2,7](G[1,2](((y<=2 || y<-2) || y<-1)))",0.21010638297872342,0.12869580273396242,0.375,0.0,
244,"F[2,5](G[1,2](((y<=2 || y<-2) || y<-1)))",widen,3,"F[2,8](G[1,2](((y<=2 || y<-2) || y<-1)))",0.284486657620986,0.16019768724946903,0.375,0.0,
244,"F[2,5](G[1,2](((y<=2 || y<-2) || y<-1)))",strict,0,"F[2,5](G[1,2](((y<2 || y<-2) || y<-1)))",7.785086675315966e-08,1.0276402606645973e-07,0.0,0.0,
245,"F[2,4]((x<=0) U[0,2] ((x<2 && y<=-3)))",const,1,"F[2,4]((x<=0) U[0,2] ((x<3 && y<=-3)))",0.0,0.0,0.0,0.0,
245,"F[2,4]((x<=0) U[0,2] ((x<2 && y<=-3)))",const,2,"F[2,4]((x<=0) U[0,2] ((x<4 && y<=-3)))",0.0,0.0,0.0,0.0,
245,"F[2,4]((x<=0) U[0,2] ((x<2 && y<=-3)))",const,3,"F[2,4]((x<=0) U[0,2] ((x<5 && y<=-3)))",0.0,0.0,0.0,0.0,
245,"F[2,4]((x<=0) U[0,2] ((x<2 && y<=-3)))",const,4,"F[2,4]((x<=0) U[0,2] ((x<6 && y<=-3)))",0.0,0.0,0.0,0.0,
245,"F[2,4]((x<=0) U[0,2] ((x<2 && y<=-3)))",shift,1,"F[3,5]((x<=0) U[0,2] ((x<2 && y<=-3)))",0.2545133437990581,0.31993433588844156,0.6875,0.0,
245,"F[2,4]((x<=0) U[0,2] ((x<2 && y<=-3)))",shift,2,"F[4,6]((x<=0) U[0,2] ((x<2 && y<=-3)))",0.4499389499389499,0.5197298011333402,0.6875,0.0625,
245,"F[2,4]((x<=0) U[0,2] ((x<2 && y<=-3)))",shift,3,"F[5,7]((x<=0) U[0,2] ((x<2 && y<=-3)))",0.6,0.6547153656863511,0.6875,0.1111111111111111,
245,"F[2,4]((x<=0) U[0,2] ((x<2 && y<=-3)))",widen,1,"F[2,5]((x<=0) U[0,2] ((x<2 && y<=-3)))",0.12913117546848385,0.15996716794422083,0.6874999999999998,0.0,
245,"F[2,4]((x<=0) U[0,2] ((x<2 && y<=-3)))",widen,2,"F[2,6]((x<=0) U[0,2] ((x<2 && y<=-3)))",0.22815630140643706,0.25986490056667,0.6875,0.0,
245,"F[2,4]((x<=0) U[0,2] ((x<2 && y<=-3)))",widen,3,"F[2,7]((x<=0) U[0,2] ((x<2 && y<=-3)))",0.3066422204875924,0.32735768284317546,0.6875,0.0,
245,"F[2,4]((x<=0) U[0,2] ((x<2 && y<=-3)))",strict,0,"F[2,4]((x<=0) U[0,2] ((x<=2 && y<=-3)))",0.0,0.0,0.0,0.0,
246,"F[0,1](G[1,2](((y<=-2 || x<1) || y>=-3)))",const,1,"F[0,1](G[1,2](((y<=-2 || x<1) || y>=-2)))",0.0,0.0,0.0,0.0,
246,"F[0,1](G[1,2](((y<=-2 || x<1) || y>=-3)))",const,2,"F[0,1](G[1,2](((y<=-2 || x<1) || y>=-1)))",1.0,0.028070983187571508,0.03125,0.0,
246,"F[0,1](G[1,2](((y<=-2 || x<1) || y>=-3)))",const,3,"F[0,1](G[1,2](((y<=-2 || x<1) || y>=0)))",1.0,0.057514661063314376,0.0625,0.0,
246,"F[0,1](G[1,2](((y<=-2 || x<1) || y>=-3)))",const,4,"F[0,1](G[1,2](((y<=-2 || x<1) || y>=1)))",1.0,0.0882083673077092,0.09375,0.0,
246,"F[0,1](G[1,2](((y<=-2 || x<1) || y>=-3)))",shift,1,"F[1,2](G[1,2](((y<=-2 || x<1) || y>=-3)))",0.0,0.0,0.0,0.1875,
246,"F[0,1](G[1,2](((y<=-2 || x<1) || y>=-3)))",shift,2,"F[2,3](G[1,2](((y<=-2 || x<1) || y>=-3)))",0.0,0.0,0.0,0.3,
246,"F[0,1](G[1,2](((y<=-2 || x<1) || y>=-3)))",shift,3,"F[3,4](G[1,2](((y<=-2 || x<1) || y>=-3)))",0.0,0.0,0.0,0.25,
246,"F[0,1](G[1,2](((y<=-2 || x<1) || y>=-3)))",widen,1,"F[0,2](G[1,2](((y<=-2 || x<1) || y>=-3)))",0.0,0.0,0.0,0.0,
246,"F[0,1](G[1,2](((y<=-2 || x<1) || y>=-3)))",widen,2,"F[0,3](G[1,2](((y<=-2 || x<1) || y>=-3)))",0.0,0.0,0.0,0.0,
246,"F[0,1](G[1,2](((y<=-2 || x<1) || y>=-3)))",widen,3,"F[0,4](G[1,2](((y<=-2 || x<1) || y>=-3)))",0.0,0.0,0.0,0.0,
246,"F[0,1](G[1,2](((y<=-2 || x<1) || y>=-3)))",strict,0,"F[0,1](G[1,2](((y<=-2 || x<1) || y>-3)))",0.0,0.0,0.0,0.0,
247,"G[2,4](G[1,2](((x>=0 || x>2) && y<0)))",const,1,"G[2,4](G[1,2](((x>=-1 || x>2) && y<0)))",0.03174605643738426,0.3757051311282894,0.06250006249999994,0.0,
247,"G[2,4](G[1,2](((x>=0 || x>2) && y<0)))",const,2,"G[2,4](G[1,2](((x>=-2 || x>2) && y<0)))",0.057142874285710965,0.5904000819199692,0.12500006249999998,0.0,
247,"G[2,4](G[1,2](((x>=0 || x>2) && y<0)))",const,3,"G[2,4](G[1,2](((x>=-3 || x>2) && y<0)))",0.07792208972845116,0.7202377141153966,0.18750000000000003,0.0,
247,"G[2,4](G[1,2](((x>=0 || x>2) && y<0)))",const,4,"G[2,4](G[1,2](((x>=-4 || x>2) && y<0)))",0.09523810317460202,0.8024691358024691,0.25,0.0,
247,"G[2,4](G[1,2](((x>=0 || x>2) && y<0)))",shift,1,"G[3,5](G[1,2](((x>=0 || x>2) && y<0)))",0.25,0.8571428469387786,0.5,0.25,
247,"G[2,4](G[1,2](((x>=0 || x>2) && y<0)))",shift,2,"G[4,6](G[1,2](((x>=0 || x>2) && y<0)))",0.4444444444444444,0.9677419313215412,0.5000000625,0.4375,
247,"G[2,4](G[1,2](((x>=0 || x>2) && y<0)))",shift,3,"G[5,7](G[1,2](((x>=0 || x>2) && y<0)))",0.6,0.9921259827639659,0.5000000625,0.5833333333333334,
247,"G[2,4](G[1,2](((x>=0 || x>2) && y<0)))",widen,1,"G[2,5](G[1,2](((x>=0 || x>2) && y<0)))",0.125,0.7499999843750049,0.5,0.125,
247,"G[2,4](G[1,2](((x>=0 || x>2) && y<0)))",widen,2,"G[2,6](G[1,2](((x>=0 || x>2) && y<0)))",0.2222222222222222,0.9374999921875022,0.5000000625,0.21875,
247,"G[2,4](G[1,2](((x>=0 || x>2) && y<0)))",widen,3,"G[2,7](G[1,2](((x>=0 || x>2) && y<0)))",0.30000000000000004,0.9843749970703133,0.5000000624999998,0.2916666666666667,
247,"G[2,4](G[1,2](((x>=0 || x>2) && y<0)))",strict,0,"G[2,4](G[1,2](((x>0 || x>2) && y<0)))",3.571428119908404e-08,4.999997811339085e-07,0.0,0.0,
248,"F[1,4](F[0,2](y<2))",const,1,"F[1,4](F[0,2](y<3))",0.1098743355759012,0.001851318964995019,0.0625,0.020833333333333332,
248,"F[1,4](F[0,2](y<2))",const,2,"F[1,4](F[0,2](y<4))",0.21315198110354217,0.0025373964567007024,0.125,0.041666666666666664,
248,"F[1,4](F[0,2](y<2))",const,3,"F[1,4](F[0,2](y<5))",0.3113553371170933,0.0027375848955306648,0.1875,0.0625,
248,"F[1,4](F[0,2](y<2))",const,4,"F[1,4](F[0,2](y<6))",0.40557175129190637,0.002777113670808129,0.25,0.08333333333333333,
248,"F[1,4](F[0,2](y<2))",shift,1,"F[2,5](F[0,2](y<2))",0.25,0.003479773698450872,0.375,0.0,
248,"F[1,4](F[0,2](y<2))",shift,2,"F[3,6](F[0,2](y<2))",0.4444444444444444,0.0047815691999599785,0.375,0.0,
248,"F[1,4](F[0,2](y<2))",shift,3,"F[4,7](F[0,2](y<2))",0.6,0.005269305001810665,0.375,0.0,
248,"F[1,4](F[0,2](y<2))",widen,1,"F[1,5](F[0,2](y<2))",0.12549212598425197,0.001739886849225547,0.375,0.0,
248,"F[1,4](F[0,2](y<2))",widen,2,"F[1,6](F[0,2](y<2))",0.22287581699346404,0.0023907845999799893,0.375,0.0,
248,"F[1,4](F[0,2](y<2))",widen,3,"F[1,7](F[0,2](y<2))",0.3006849315068494,0.0026346525009053323,0.375,0.0,
248,"F[1,4](F[0,2](y<2))",strict,0,"F[1,4](F[0,2](y<=2))",1.1383218356808555e-07,2.788669406506017e-09,0.0,0.0,
249,"F[1,3]((y<0 || y>3))",const,1,"F[1,3]((y<-1 || y>3))",0.09014427358772603,0.009093160368753184,0.0625,0.0,
249,"F[1,3]((y<0 || y>3))",const,2,"F[1,3]((y<-2 || y>3))",0.15721155356971406,0.02408457036367817,0.125,0.0,
249,"F[1,3]((y<0 || y>3))",const,3,"F[1,3]((y<-3 || y>3))",0.21274038566707432,0.04644879957982517,0.1875,0.0,
249,"F[1,3]((y<0 || y>3))",const,4,"F[1,3]((y<-4 || y>3))",0.26167581685391306,0.07766041097670129,0.21875,0.0,
249,"F[1,3]((y<0 || y>3))",shift,1,"F[2,4]((y<0 || y>3))",0.4,0.010724941637499819,0.09375,0.0,
249,"F[1,3]((y<0 || y>3))",shift,2,"F[3,5]((y<0 || y>3))",0.6666666666666667,0.012723076690451918,0.09375,0.125,
249,"F[1,3]((y<0 || y>3))",shift,3,"F[4,6]((y<0 || y>3))",0.8571428571428572,0.013097280420905522,0.09375,0.10416666666666667,
249,"F[1,3]((y<0 || y>3))",widen,1,"F[1,4]((y<0 || y>3))",0.2024999999999999,0.005362470818749854,0.09375,0.0,
249,"F[1,3]((y<0 || y>3))",widen,2,"F[1,5]((y<0 || y>3))",0.3360881542699725,0.006361538345225903,0.09375,0.0,
249,"F[1,3]((y<0 || y>3))",widen,3,"F[1,6]((y<0 || y>3))",0.43112244897959184,0.006548640210452761,0.09375,0.0,
249,"F[1,3]((y<0 || y>3))",strict,0,"F[1,3]((y<=0 || y>3))",1.0937494465679265e-07,6.635540894528447e-09,0.0,0.0,
250,"G[0,3](x<=1)",const,1,"G[0,3](x<=2)",0.10000007999998395,0.3439002332799225,0.0625,0.0625,
250,"G[0,3](x<=1)",const,2,"G[0,3](x<=3)",0.18181823966941102,0.551874998677401,0.125,0.125,
250,"G[0,3](x<=1)",const,3,"G[0,3](x<=4)",0.2500000416666597,0.6835938203124824,0.1875,0.1875,
250,"G[0,3](x<=1)",const,4,"G[0,3](x<=5)",0.30769233727810197,0.770281191888877,0.25,0.25,
250,"G[0,3](x<=1)",shift,1,"G[1,4](x<=1)",0.4,0.6086956257088858,0.4375,0.28125,
250,"G[0,3](x<=1)",shift,2,"G[2,5](x<=1)",0.6666666666666667,0.8120649434919067,0.4375,0.45,
250,"G[0,3](x<=1)",shift,3,"G[3,6](x<=1)",0.8571428571428572,0.9023180870029068,0.4375,0.5625,
250,"G[0,3](x<=1)",widen,1,"G[0,4](x<=1)",0.19999999999999996,0.43749997265625173,0.4375,0.140625,
250,"G[0,3](x<=1)",widen,2,"G[0,5](x<=1)",0.33333333333333337,0.6835937192382824,0.4375,0.225,
250,"G[0,3](x<=1)",widen,3,"G[0,6](x<=1)",0.4285714285714286,0.8220214584198002,0.4375,0.28125,
250,"G[0,3](x<=1)",strict,0,"G[0,3](x<1)",1.1111109876615899e-07,4.444443211237825e-07,0.0,0.0,
251,"G[1,3](x<2)",const,1,"G[1,3](x<1)",0.07500006749999333,0.27100021869995605,0.0625,0.041666666666666664,
251,"G[1,3](x<2)",const,2,"G[1,3](x<0)",0.1500000599999941,0.4880001535999693,0.125,0.08333333333333333,
251,"G[1,3](x<2)",const,3,"G[1,3](x<-1)",0.22500005249999466,0.6570001028999792,0.1875,0.125,
251,"G[1,3](x<2)",const,4,"G[1,3](x<-2)",0.30000004499999555,0.7840000647999871,0.25,0.16666666666666666,
251,"G[1,3](x<2)",shift,1,"G[2,4](x<2)",0.4,0.5454545867768557,0.375,0.3125,
251,"G[1,3](x<2)",shift,2,"G[3,5](x<2)",0.6666666666666667,0.75728159110189,0.375,0.5,
251,"G[1,3](x<2)",shift,3,"G[4,6](x<2)",0.8571428571428572,0.8609566481605397,0.375,0.4166666666666667,
251,"G[1,3](x<2)",widen,1,"G[1,4](x<2)",0.19999999999999996,0.37500003906249757,0.375,0.15625,
251,"G[1,3](x<2)",widen,2,"G[1,5](x<2)",0.33333333333333337,0.6093750488281204,0.375,0.25,
251,"G[1,3](x<2)",widen,3,"G[1,6](x<2)",0.4285714285714286,0.7558594207763615,0.375,0.3125,
251,"G[1,3](x<2)",strict,0,"G[1,3](x<=2)",7.499999254978462e-08,2.999999400010722e-07,0.0,0.0,
252,"G[2,3](x<=-1)",const,1,"G[2,3](x<=-2)",0.07142862244896508,0.26530629737603284,0.0625,0.020833333333333332,
252,"G[2,3](x<=-1)",const,2,"G[2,3](x<=-3)",0.1428571734693791,0.489796005830875,0.125,0.041666666666666664,
252,"G[2,3](x<=-1)",const,3,"G[2,3](x<=-4)",0.21428572448979288,0.6734694110787101,0.1875,0.0625,
252,"G[2,3](x<=-1)",const,4,"G[2,3](x<=-5)",0.2857142755102071,0.8163265131195381,0.25,0.08333333333333333,
252,"G[2,3](x<=-1)",shift,1,"G[3,4](x<=-1)",0.4,0.7199999712000011,0.5625,0.21875,
252,"G[2,3](x<=-1)",shift,2,"G[4,5](x<=-1)",0.6666666666666667,0.8941684477139886,0.5625,0.175,
252,"G[2,3](x<=-1)",shift,3,"G[5,6](x<=-1)",0.7142857142857143,0.8941684477139886,0.5625,0.14583333333333334,
252,"G[2,3](x<=-1)",widen,1,"G[2,4](x<=-1)",0.19999999999999996,0.5624999648437521,0.5625,0.109375,
252,"G[2,3](x<=-1)",widen,2,"G[2,5](x<=-1)",0.33333333333333337,0.8085937192382819,0.5625,0.175,
252,"G[2,3](x<=-1)",widen,3,"G[2,6](x<=-1)",0.4285714285714286,0.9162597454376217,0.5625,0.21875,
252,"G[2,3](x<=-1)",strict,0,"G[2,3](x<-1)",7.142856128794506e-08,2.8571422427958737e-07,0.0,0.0,
253,"F[2,4]((y<=1) U[0,1] ((x<=-3 && y<=2)))",const,1,"F[2,4]((y<=1) U[0,1] ((x<=-3 && y<=1)))",0.0,0.0,0.0,0.0,
253,"F[2,4]((y<=1) U[0,1] ((x<=-3 && y<=2)))",const,2,"F[2,4]((y<=1) U[0,1] ((x<=-3 && y<=0)))",0.04608128975600767,0.08585076885716236,0.0625,0.0125,
253,"F[2,4]((y<=1) U[0,1] ((x<=-3 && y<=2)))",const,3,"F[2,4]((y<=1) U[0,1] ((x<=-3 && y<=-1)))",0.0759421834625329,0.17735290859685027,0.1250000000000118,0.025,
253,"F[2,4]((y<=1) U[0,1] ((x<=-3 && y<=2)))",const,4,"F[2,4]((y<=1) U[0,1] ((x<=-3 && y<=-2)))",0.10379225839779127,0.2747801485995339,0.1875,0.0375,
253,"F[2,4]((y<=1) U[0,1] ((x<=-3 && y<=2)))",shift,1,"F[3,5]((y<=1) U[0,1] ((x<=-3 && y<=2)))",0.2898089171974523,0.3132564209647648,0.6875,0.0,
253,"F[2,4]((y<=1) U[0,1] ((x<=-3 && y<=2)))",shift,2,"F[4,6]((y<=1) U[0,1] ((x<=-3 && y<=2)))",0.5,0.5061113299768241,0.6875,0.08035714285714286,
253,"F[2,4]((y<=1) U[0,1] ((x<=-3 && y<=2)))",shift,3,"F[5,7]((y<=1) U[0,1] ((x<=-3 && y<=2)))",0.6666666666666667,0.6347675299464143,0.6875,0.21875,
253,"F[2,4]((y<=1) U[0,1] ((x<=-3 && y<=2)))",widen,1,"F[2,5]((y<=1) U[0,1] ((x<=-3 && y<=2)))",0.14776969935154272,0.15662821048238218,0.6875000000000004,0.0,
253,"F[2,4]((y<=1) U[0,1] ((x<=-3 && y<=2)))",widen,2,"F[2,6]((y<=1) U[0,1] ((x<=-3 && y<=2)))",0.25690327613104524,0.2530556649884119,0.6875,0.0,
253,"F[2,4]((y<=1) U[0,1] ((x<=-3 && y<=2)))",widen,3,"F[2,7]((y<=1) U[0,1] ((x<=-3 && y<=2)))",0.3409427953224906,0.31738376497320697,0.6875,0.0,
253,"F[2,4]((y<=1) U[0,1] ((x<=-3 && y<=2)))",strict,0,"F[2,4]((y<=1) U[0,1] ((x<=-3 && y<2)))",0.0,0.0,0.0,0.0,
254,"F[0,2]((y<-2 || (y<0 || x<-3)))",const,1,"F[0,2]((y<-2 || (y<-1 || x<-3)))",0.05908294145599813,0.017944324426014346,0.0625,0.0,
254,"F[0,2]((y<-2 || (y<0 || x<-3)))",const,2,"F[0,2]((y<-2 || (y<-2 || x<-3)))",0.11269845126983535,0.04035404372586149,0.125,0.0,
254,"F[0,2]((y<-2 || (y<0 || x<-3)))",const,3,"F[0,2]((y<-2 || (y<-3 || x<-3)))",0.11269845126983535,0.040354035839129776,0.125,0.0,
254,"F[0,2]((y<-2 || (y<0 || x<-3)))",const,4,"F[0,2]((y<-2 || (y<-4 || x<-3)))",0.11269845126983535,0.040354035839129776,0.125,0.0,
254,"F[0,2]((y<-2 || (y<0 || x<-3)))",shift,1,"F[1,3]((y<-2 || (y<0 || x<-3)))",0.5,0.05406723248797474,0.5,0.0,
254,"F[0,2]((y<-2 || (y<0 || x<-3)))",shift,2,"F[2,4]((y<-2 || (y<0 || x<-3)))",0.8,0.07198391166841167,0.5,0.15625,
254,"F[0,2]((y<-2 || (y<0 || x<-3)))",shift,3,"F[3,5]((y<-2 || (y<0 || x<-3)))",1.0,0.07806681187188158,0.5,0.125,
254,"F[0,2]((y<-2 || (y<0 || x<-3)))",widen,1,"F[0,3]((y<-2 || (y<0 || x<-3)))",0.25073529411764706,0.02703361624398737,0.5,0.0,
254,"F[0,2]((y<-2 || (y<0 || x<-3)))",widen,2,"F[0,4]((y<-2 || (y<0 || x<-3)))",0.40073313782991205,0.03599195583420578,0.5,0.0,
254,"F[0,2]((y<-2 || (y<0 || x<-3)))",widen,3,"F[0,5]((y<-2 || (y<0 || x<-3)))",0.5006410256410256,0.039033405935940846,0.5,0.0,
254,"F[0,2]((y<-2 || (y<0 || x<-3)))",strict,0,"F[0,2]((y<-2 || (y<=0 || x<-3)))",6.24999922926861e-08,1.5876989389873586e-08,0.0,0.0,
255,"F[2,5](((y>2 || y>=3) || (x>2 && x<=3)))",const,1,"F[2,5](((y>2 || y>=3) || (x>2 && x<=4)))",0.0783333509999965,0.031218630951438064,0.0625,0.0,
255,"F[2,5](((y>2 || y>=3) || (x>2 && x<=3)))",const,2,"F[2,5](((y>2 || y>=3) || (x>2 && x<=5)))",0.11916666741667237,0.05503126056448204,0.125,0.0,
255,"F[2,5](((y>2 || y>=3) || (x>2 && x<=3)))",const,3,"F[2,5](((y>2 || y>=3) || (x>2 && x<=6)))",0.13157063514176714,0.07312100144309475,0.1875,0.0,
255,"F[2,5](((y>2 || y>=3) || (x>2 && x<=3)))",const,4,"F[2,5](((y>2 || y>=3) || (x>2 && x<=7)))",0.12687283136074967,0.08673856452855477,0.25,0.0,
255,"F[2,5](((y>2 || y>=3) || (x>2 && x<=3)))",shift,1,"F[3,6](((y>2 || y>=3) || (x>2 && x<=3)))",0.2857142857142857,0.10485315196157674,0.625,0.0,
255,"F[2,5](((y>2 || y>=3) || (x>2 && x<=3)))",shift,2,"F[4,7](((y>2 || y>=3) || (x>2 && x<=3)))",0.5,0.16133455373252303,0.625,0.0,
255,"F[2,5](((y>2 || y>=3) || (x>2 && x<=3)))",shift,3,"F[5,8](((y>2 || y>=3) || (x>2 && x<=3)))",0.6666666666666667,0.19289172245887853,0.625,0.015625,
255,"F[2,5](((y>2 || y>=3) || (x>2 && x<=3)))",widen,1,"F[2,6](((y>2 || y>=3) || (x>2 && x<=3)))",0.1431523022432113,0.05242657598078848,0.625,0.0,
255,"F[2,5](((y>2 || y>=3) || (x>2 && x<=3)))",widen,2,"F[2,7](((y>2 || y>=3) || (x>2 && x<=3)))",0.2503434065934066,0.08066727686626152,0.625,0.0,
255,"F[2,5](((y>2 || y>=3) || (x>2 && x<=3)))",widen,3,"F[2,8](((y>2 || y>=3) || (x>2 && x<=3)))",0.3336637186133984,0.0964458612294391,0.625,0.0,
255,"F[2,5](((y>2 || y>=3) || (x>2 && x<=3)))",strict,0,"F[2,5](((y>2 || y>=3) || (x>2 && x<3)))",1.3458321634907122e-07,3.563209960422142e-08,0.0,0.0,
256,"F[1,3]((x>1 || x<=-1))",const,1,"F[1,3]((x>2 || x<=-1))",0.11401104644163185,0.004647757178906198,0.0625,0.0,
256,"F[1,3]((x>1 || x<=-1))",const,2,"F[1,3]((x>3 || x<=-1))",0.18956046605180166,0.013698643004585898,0.125,0.0,
256,"F[1,3]((x>1 || x<=-1))",const,3,"F[1,3]((x>4 || x<=-1))",0.24972528668759886,0.028620369961387837,0.15625,0.0,
256,"F[1,3]((x>1 || x<=-1))",const,4,"F[1,3]((x>5 || x<=-1))",0.2878510388370461,0.05088064759823918,0.1875,0.0,
256,"F[1,3]((x>1 || x<=-1))",shift,1,"F[2,4]((x>1 || x<=-1))",0.4,0.0034188070830600825,0.0625,0.0,
256,"F[1,3]((x>1 || x<=-1))",shift,2,"F[3,5]((x>1 || x<=-1))",0.6666666666666667,0.0038453364744174268,0.0625,0.175,
256,"F[1,3]((x>1 || x<=-1))",shift,3,"F[4,6]((x>1 || x<=-1))",0.8571428571428572,0.003898639854999053,0.0625,0.14583333333333334,
256,"F[1,3]((x>1 || x<=-1))",widen,1,"F[1,4]((x>1 || x<=-1))",0.2024999999999999,0.0017094035415300413,0.0625,0.0,
256,"F[1,3]((x>1 || x<=-1))",widen,2,"F[1,5]((x>1 || x<=-1))",0.3360881542699725,0.00192266823720888,0.0625,0.0,
256,"F[1,3]((x>1 || x<=-1))",widen,3,"F[1,6]((x>1 || x<=-1))",0.43112244897959184,0.001949319927499471,0.0625,0.0,
256,"F[1,3]((x>1 || x<=-1))",strict,0,"F[1,3]((x>=1 || x<=-1))",1.5247246443195195e-07,2.935421017369322e-09,0.0,0.0,
257,"F[0,2](((y>=0 && x>=0) && y<=-2))",const,1,"F[0,2](((y>=0 && x>=0) && y<=-3))",0.0,0.0,0.0,0.0,
257,"F[0,2](((y>=0 && x>=0) && y<=-2))",const,2,"F[0,2](((y>=0 && x>=0) && y<=-4))",0.0,0.0,0.0,0.0,
257,"F[0,2](((y>=0 && x>=0) && y<=-2))",const,3,"F[0,2](((y>=0 && x>=0) && y<=-5))",0.0,0.0,0.0,0.0,
257,"F[0,2](((y>=0 && x>=0) && y<=-2))",const,4,"F[0,2](((y>=0 && x>=0) && y<=-6))",0.0,0.0,0.0,0.0,
257,"F[0,2](((y>=0 && x>=0) && y<=-2))",shift,1,"F[1,3](((y>=0 && x>=0) && y<=-2))",0.0,0.0,0.0,0.0,
257,"F[0,2](((y>=0 && x>=0) && y<=-2))",shift,2,"F[2,4](((y>=0 && x>=0) && y<=-2))",0.0,0.0,0.0,0.25,
257,"F[0,2](((y>=0 && x>=0) && y<=-2))",shift,3,"F[3,5](((y>=0 && x>=0) && y<=-2))",0.0,0.0,0.0,0.2,
257,"F[0,2](((y>=0 && x>=0) && y<=-2))",widen,1,"F[0,3](((y>=0 && x>=0) && y<=-2))",0.0,0.0,0.0,0.0,
257,"F[0,2](((y>=0 && x>=0) && y<=-2))",widen,2,"F[0,4](((y>=0 && x>=0) && y<=-2))",0.0,0.0,0.0,0.0,
257,"F[0,2](((y>=0 && x>=0) && y<=-2))",widen,3,"F[0,5](((y>=0 && x>=0) && y<=-2))",0.0,0.0,0.0,0.0,
257,"F[0,2](((y>=0 && x>=0) && y<=-2))",strict,0,"F[0,2](((y>=0 && x>=0) && y<-2))",0.0,0.0,0.0,0.0,
258,"G[2,3](((y>2 && y<=-3)) U[0,1] (y>=0))",const,1,"G[2,3](((y>2 && y<=-4)) U[0,1] (y>=0))",0.0,0.0,0.0,0.0,
258,"G[2,3](((y>2 && y<=-3)) U[0,1] (y>=0))",const,2,"G[2,3](((y>2 && y<=-5)) U[0,1] (y>=0))",0.0,0.0,0.0,0.0,
258,"G[2,3](((y>2 && y<=-3)) U[0,1] (y>=0))",const,3,"G[2,3](((y>2 && y<=-6)) U[0,1] (y>=0))",0.0,0.0,0.0,0.0,
258,"G[2,3](((y>2 && y<=-3)) U[0,1] (y>=0))",const,4,"G[2,3](((y>2 && y<=-7)) U[0,1] (y>=0))",0.0,0.0,0.0,0.0,
258,"G[2,3](((y>2 && y<=-3)) U[0,1] (y>=0))",shift,1,"G[3,4](((y>2 && y<=-3)) U[0,1] (y>=0))",0.0,0.0,0.0,0.0,
258,"G[2,3](((y>2 && y<=-3)) U[0,1] (y>=0))",shift,2,"G[4,5](((y>2 && y<=-3)) U[0,1] (y>=0))",0.0,0.0,0.0,0.0,
258,"G[2,3](((y>2 && y<=-3)) U[0,1] (y>=0))",shift,3,"G[5,6](((y>2 && y<=-3)) U[0,1] (y>=0))",0.0,0.0,0.0,0.0,
258,"G[2,3](((y>2 && y<=-3)) U[0,1] (y>=0))",widen,1,"G[2,4](((y>2 && y<=-3)) U[0,1] (y>=0))",0.0,0.0,0.0,0.0,
258,"G[2,3](((y>2 && y<=-3)) U[0,1] (y>=0))",widen,2,"G[2,5](((y>2 && y<=-3)) U[0,1] (y>=0))",0.0,0.0,0.0,0.0,
258,"G[2,3](((y>2 && y<=-3)) U[0,1] (y>=0))",widen,3,"G[2,6](((y>2 && y<=-3)) U[0,1] (y>=0))",0.0,0.0,0.0,0.0,
258,"G[2,3](((y>2 && y<=-3)) U[0,1] (y>=0))",strict,0,"G[2,3](((y>2 && y<-3)) U[0,1] (y>=0))",0.0,0.0,0.0,0.0,
259,"F[0,2](((y<=-3 || y<=-2)) U[0,2] ((x<0 || y>-1)))",const,1,"F[0,2](((y<=-3 || y<=-2)) U[0,2] ((x<0 || y>-2)))",0.0,0.0,0.06250000000000007,0.0,
259,"F[0,2](((y<=-3 || y<=-2)) U[0,2] ((x<0 || y>-1)))",const,2,"F[0,2](((y<=-3 || y<=-2)) U[0,2] ((x<0 || y>-3)))",0.11981684962560157,0.10250773116340106,0.12500000000000003,0.0,
259,"F[0,2](((y<=-3 || y<=-2)) U[0,2] ((x<0 || y>-1)))",const,3,"F[0,2](((y<=-3 || y<=-2)) U[0,2] ((x<0 || y>-4)))",0.14310142943437687,0.17848650226327412,0.1875,0.0,
259,"F[0,2](((y<=-3 || y<=-2)) U[0,2] ((x<0 || y>-1)))",const,4,"F[0,2](((y<=-3 || y<=-2)) U[0,2] ((x<0 || y>-5)))",0.16638600924315217,0.23680831618404585,0.25000000000000006,0.0,
259,"F[0,2](((y<=-3 || y<=-2)) U[0,2] ((x<0 || y>-1)))",shift,1,"F[1,3](((y<=-3 || y<=-2)) U[0,2] ((x<0 || y>-1)))",0.3393511250654109,0.32528243581441285,0.625,0.0,
259,"F[0,2](((y<=-3 || y<=-2)) U[0,2] ((x<0 || y>-1)))",shift,2,"F[2,4](((y<=-3 || y<=-2)) U[0,2] ((x<0 || y>-1)))",0.5784929356357928,0.5207582914187774,0.625,0.0,
259,"F[0,2](((y<=-3 || y<=-2)) U[0,2] ((x<0 || y>-1)))",shift,3,"F[3,5](((y<=-3 || y<=-2)) U[0,2] ((x<0 || y>-1)))",0.75,0.6488924252988277,0.625,0.0,
259,"F[0,2](((y<=-3 || y<=-2)) U[0,2] ((x<0 || y>-1)))",widen,1,"F[0,3](((y<=-3 || y<=-2)) U[0,2] ((x<0 || y>-1)))",0.17217490062464513,0.16264121790720643,0.625,0.0,
259,"F[0,2](((y<=-3 || y<=-2)) U[0,2] ((x<0 || y>-1)))",widen,2,"F[0,4](((y<=-3 || y<=-2)) U[0,2] ((x<0 || y>-1)))",0.2933438160939905,0.2603791457093887,0.625,0.0,
259,"F[0,2](((y<=-3 || y<=-2)) U[0,2] ((x<0 || y>-1)))",widen,3,"F[0,5](((y<=-3 || y<=-2)) U[0,2] ((x<0 || y>-1)))",0.38330277560949044,0.32444621264941387,0.625,0.0,
259,"F[0,2](((y<=-3 || y<=-2)) U[0,2] ((x<0 || y>-1)))",strict,0,"F[0,2](((y<=-3 || y<=-2)) U[0,2] ((x<0 || y>=-1)))",0.0,0.0,0.0,0.0,
260,"G[0,3](((y<1 && y>3) && (x<0 && y<=3)))",const,1,"G[0,3](((y<1 && y>3) && (x<1 && y<=3)))",0.0,0.0,0.0,0.0625,
260,"G[0,3](((y<1 && y>3) && (x<0 && y<=3)))",const,2,"G[0,3](((y<1 && y>3) && (x<2 && y<=3)))",0.0,0.0,0.0,0.125,
260,"G[0,3](((y<1 && y>3) && (x<0 && y<=3)))",const,3,"G[0,3](((y<1 && y>3) && (x<3 && y<=3)))",0.0,0.0,0.0,0.1875,
260,"G[0,3](((y<1 && y>3) && (x<0 && y<=3)))",const,4,"G[0,3](((y<1 && y>3) && (x<4 && y<=3)))",0.0,0.0,0.0,0.25,
260,"G[0,3](((y<1 && y>3) && (x<0 && y<=3)))",shift,1,"G[1,4](((y<1 && y>3) && (x<0 && y<=3)))",0.0,0.0,0.0,0.25,
260,"G[0,3](((y<1 && y>3) && (x<0 && y<=3)))",shift,2,"G[2,5](((y<1 && y>3) && (x<0 && y<=3)))",0.0,0.0,0.0,0.4,
260,"G[0,3](((y<1 && y>3) && (x<0 && y<=3)))",shift,3,"G[3,6](((y<1 && y>3) && (x<0 && y<=3)))",0.0,0.0,0.0,0.5,
260,"G[0,3](((y<1 && y>3) && (x<0 && y<=3)))",widen,1,"G[0,4](((y<1 && y>3) && (x<0 && y<=3)))",0.0,0.0,0.0,0.125,
260,"G[0,3](((y<1 && y>3) && (x<0 && y<=3)))",widen,2,"G[0,5](((y<1 && y>3) && (x<0 && y<=3)))",0.0,0.0,0.0,0.2,
260,"G[0,3](((y<1 && y>3) && (x<0 && y<=3)))",widen,3,"G[0,6](((y<1 && y>3) && (x<0 && y<=3)))",0.0,0.0,0.0,0.25,
260,"G[0,3](((y<1 && y>3) && (x<0 && y<=3)))",strict,0,"G[0,3](((y<1 && y>3) && (x<=0 && y<=3)))",0.0,0.0,0.0,0.0,
261,"F[1,2]((x<=-1) U[0,2] ((y>=1 || y<2)))",const,1,"F[1,2]((x<=0) U[0,2] ((y>=1 || y<2)))",0.040123488597387236,0.08854173090275985,0.0625,0.015625,
261,"F[1,2]((x<=-1) U[0,2] ((y>=1 || y<2)))",const,2,"F[1,2]((x<=1) U[0,2] ((y>=1 || y<2)))",0.07407409739368598,0.15458941114143998,0.125,0.03125,
261,"F[1,2]((x<=-1) U[0,2] ((y>=1 || y<2)))",const,3,"F[1,2]((x<=2) U[0,2] ((y>=1 || y<2)))",0.10370372082304258,0.20454547685949886,0.1875,0.046875,
261,"F[1,2]((x<=-1) U[0,2] ((y>=1 || y<2)))",const,4,"F[1,2]((x<=3) U[0,2] ((y>=1 || y<2)))",0.13019080922581416,0.24242425318115945,0.25,0.0625,
261,"F[1,2]((x<=-1) U[0,2] ((y>=1 || y<2)))",shift,1,"F[2,3]((x<=-1) U[0,2] ((y>=1 || y<2)))",0.375,0.3367983080899565,0.5625,0.0875,
261,"F[1,2]((x<=-1) U[0,2] ((y>=1 || y<2)))",shift,2,"F[3,4]((x<=-1) U[0,2] ((y>=1 || y<2)))",0.5999999999999999,0.48071212052585055,0.5625,0.14583333333333334,
261,"F[1,2]((x<=-1) U[0,2] ((y>=1 || y<2)))",shift,3,"F[4,5]((x<=-1) U[0,2] ((y>=1 || y<2)))",0.6666666666666667,0.48071212052585055,0.5625,0.25,
261,"F[1,2]((x<=-1) U[0,2] ((y>=1 || y<2)))",widen,1,"F[1,3]((x<=-1) U[0,2] ((y>=1 || y<2)))",0.2589285714285714,0.1683991540449783,0.5625,0.0,
261,"F[1,2]((x<=-1) U[0,2] ((y>=1 || y<2)))",widen,2,"F[1,4]((x<=-1) U[0,2] ((y>=1 || y<2)))",0.41000000000000003,0.24035606026292533,0.5625,0.0,
261,"F[1,2]((x<=-1) U[0,2] ((y>=1 || y<2)))",widen,3,"F[1,5]((x<=-1) U[0,2] ((y>=1 || y<2)))",0.5094086021505376,0.2756134717849742,0.5625,0.0,
261,"F[1,2]((x<=-1) U[0,2] ((y>=1 || y<2)))",strict,0,"F[1,2]((x<-1) U[0,2] ((y>=1 || y<2)))",4.409170495378589e-08,1.028571294803271e-07,0.0,0.0,
262,"G[2,5]((y<2 && x>2))",const,1,"G[2,5]((y<2 && x>3))",0.05555560185184427,0.5177472350821705,0.0625,0.0375,
262,"G[2,5]((y<2 && x>2))",const,2,"G[2,5]((y<2 && x>4))",0.11111114814814194,0.8024692674896571,0.125,0.075,
262,"G[2,5]((y<2 && x>2))",const,3,"G[2,5]((y<2 && x>5))",0.16666669444443993,0.9375000416666492,0.1875,0.1125,
262,"G[2,5]((y<2 && x>2))",const,4,"G[2,5]((y<2 && x>6))",0.2222222407407376,0.9876543292181036,0.25,0.15,
262,"G[2,5]((y<2 && x>2))",shift,1,"G[3,6]((y<2 && x>2))",0.2857142857142857,0.86725665596366,0.625,0.3333333333333333,
262,"G[2,5]((y<2 && x>2))",shift,2,"G[4,7]((y<2 && x>2))",0.5,0.9717585110880601,0.625,0.5714285714285714,
262,"G[2,5]((y<2 && x>2))",shift,3,"G[5,8]((y<2 && x>2))",0.6666666666666667,0.9935209934745816,0.625,0.75,
262,"G[2,5]((y<2 && x>2))",widen,1,"G[2,6]((y<2 && x>2))",0.1428571428571429,0.7656250292968723,0.625,0.16666666666666666,
262,"G[2,5]((y<2 && x>2))",widen,2,"G[2,7]((y<2 && x>2))",0.25,0.945068373107908,0.625,0.2857142857142857,
262,"G[2,5]((y<2 && x>2))",widen,3,"G[2,8]((y<2 && x>2))",0.33333333333333337,0.9871254015564908,0.625,0.375,
262,"G[2,5]((y<2 && x>2))",strict,0,"G[2,5]((y<2 && x>=2))",5.555554638547733e-08,6.666663889820512e-07,0.0,0.0,
263,"F[1,3](y<-1)",const,1,"F[1,3](y<0)",0.08928578893848005,0.06054693432617009,0.0625,0.020833333333333332,
263,"F[1,3](y<-1)",const,2,"F[1,3](y<1)",0.16666672354496515,0.10285110475350001,0.125,0.041666666666666664,
263,"F[1,3](y<-1)",const,3,"F[1,3](y<2)",0.23571432761904187,0.13221654360691826,0.1875,0.0625,
263,"F[1,3](y<-1)",const,4,"F[1,3](y<3)",0.298701327462938,0.15210279243965907,0.25,0.08333333333333333,
263,"F[1,3](y<-1)",shift,1,"F[2,4](y<-1)",0.4,0.17305639798688643,0.5625,0.0,
263,"F[1,3](y<-1)",shift,2,"F[3,5](y<-1)",0.6666666666666667,0.25785049769065627,0.5625,0.175,
263,"F[1,3](y<-1)",shift,3,"F[4,6](y<-1)",0.8571428571428572,0.30217620321241234,0.5625,0.14583333333333334,
263,"F[1,3](y<-1)",widen,1,"F[1,4](y<-1)",0.20666666666666655,0.08652819899344322,0.5625,0.0,
263,"F[1,3](y<-1)",widen,2,"F[1,5](y<-1)",0.3413978494623656,0.1289252488453282,0.5625,0.0,
263,"F[1,3](y<-1)",widen,3,"F[1,6](y<-1)",0.4365079365079365,0.15108810160620623,0.5625,0.0,
263,"F[1,3](y<-1)",strict,0,"F[1,3](y<=-1)",9.693876279470715e-08,7.217106368084814e-08,0.0,0.0,
264,"G[2,3](((y<=-3 || x<-3) && (x<=3 && y>-1)))",const,1,"G[2,3](((y<=-3 || x<-2) && (x<=3 && y>-1)))",0.041666701388883176,0.3055557870369793,0.0625,0.0,
264,"G[2,3](((y<=-3 || x<-3) && (x<=3 && y>-1)))",const,2,"G[2,3](((y<=-3 || x<-1) && (x<=3 && y>-1)))",0.0714285969387718,0.4897960641399105,0.125,0.0,
264,"G[2,3](((y<=-3 || x<-3) && (x<=3 && y>-1)))",const,3,"G[2,3](((y<=-3 || x<0) && (x<=3 && y>-1)))",0.09375001953124751,0.6093750976562318,0.1875,0.0,
264,"G[2,3](((y<=-3 || x<-3) && (x<=3 && y>-1)))",const,4,"G[2,3](((y<=-3 || x<1) && (x<=3 && y>-1)))",0.1111111265432081,0.6913580932784522,0.25,0.0,
264,"G[2,3](((y<=-3 || x<-3) && (x<=3 && y>-1)))",shift,1,"G[3,4](((y<=-3 || x<-3) && (x<=3 && y>-1)))",0.4,0.903640283370545,0.6875,0.34375,
264,"G[2,3](((y<=-3 || x<-3) && (x<=3 && y>-1)))",shift,2,"G[4,5](((y<=-3 || x<-3) && (x<=3 && y>-1)))",0.6666666666666667,0.9843080507752042,0.6875000624999998,0.275,
264,"G[2,3](((y<=-3 || x<-3) && (x<=3 && y>-1)))",shift,3,"G[5,6](((y<=-3 || x<-3) && (x<=3 && y>-1)))",0.7142857142857143,0.9843080507752042,0.6875000624999998,0.22916666666666666,
264,"G[2,3](((y<=-3 || x<-3) && (x<=3 && y>-1)))",widen,1,"G[2,4](((y<=-3 || x<-3) && (x<=3 && y>-1)))",0.19999999999999996,0.8242187939453043,0.6875,0.171875,
264,"G[2,3](((y<=-3 || x<-3) && (x<=3 && y>-1)))",widen,2,"G[2,5](((y<=-3 || x<-3) && (x<=3 && y>-1)))",0.33333333333333337,0.9691009675979566,0.6875,0.275,
264,"G[2,3](((y<=-3 || x<-3) && (x<=3 && y>-1)))",widen,3,"G[2,6](((y<=-3 || x<-3) && (x<=3 && y>-1)))",0.4285714285714286,0.9945685308184457,0.6875,0.34375,
264,"G[2,3](((y<=-3 || x<-3) && (x<=3 && y>-1)))",strict,0,"G[2,3](((y<=-3 || x<=-3) && (x<=3 && y>-1)))",4.9999989926163835e-08,3.999998801074156e-07,0.0,0.0,
265,"F[2,3](F[1,2]((y<2 && x>-3)))",const,1,"F[2,3](F[1,2]((y<3 && x>-3)))",0.029893553247457683,0.04552412847247522,0.0625,0.025,
265,"F[2,3](F[1,2]((y<2 && x>-3)))",const,2,"F[2,3](F[1,2]((y<4 && x>-3)))",0.05743244847972706,0.08106689606472794,0.125,0.05,
265,"F[2,3](F[1,2]((y<2 && x>-3)))",const,3,"F[2,3](F[1,2]((y<5 && x>-3)))",0.08316009235566846,0.10885646627904444,0.1875,0.075,
265,"F[2,3](F[1,2]((y<2 && x>-3)))",const,4,"F[2,3](F[1,2]((y<6 && x>-3)))",0.10746461013820052,0.13049935033250493,0.25,0.1,
265,"F[2,3](F[1,2]((y<2 && x>-3)))",shift,1,"F[3,4](F[1,2]((y<2 && x>-3)))",0.2857142857142857,0.1782718510891348,0.375,0.4375,
265,"F[2,3](F[1,2]((y<2 && x>-3)))",shift,2,"F[4,5](F[1,2]((y<2 && x>-3)))",0.5,0.26639999226829514,0.375,0.75,
265,"F[2,3](F[1,2]((y<2 && x>-3)))",shift,3,"F[5,6](F[1,2]((y<2 && x>-3)))",0.6666666666666667,0.31294501114979245,0.375,0.65625,
265,"F[2,3](F[1,2]((y<2 && x>-3)))",widen,1,"F[2,4](F[1,2]((y<2 && x>-3)))",0.14857142857142858,0.08913592554456751,0.375,0.0,
265,"F[2,3](F[1,2]((y<2 && x>-3)))",widen,2,"F[2,5](F[1,2]((y<2 && x>-3)))",0.257842509603073,0.13319999613414768,0.375,0.0,
265,"F[2,3](F[1,2]((y<2 && x>-3)))",widen,3,"F[2,6](F[1,2]((y<2 && x>-3)))",0.3418803418803419,0.15647250557489634,0.375,0.0,
265,"F[2,3](F[1,2]((y<2 && x>-3)))",strict,0,"F[2,3](F[1,2]((y<=2 && x>-3)))",3.130630221725994e-08,5.1476317874943334e-08,0.0,0.0,
266,"F[0,2](((x<-2 || x<=1)) U[0,2] (x<=3))",const,1,"F[0,2](((x<-2 || x<=1)) U[0,2] (x<=4))",0.0,0.0,0.0,0.0,
266,"F[0,2](((x<-2 || x<=1)) U[0,2] (x<=3))",const,2,"F[0,2](((x<-2 || x<=1)) U[0,2] (x<=5))",0.0,0.0,0.0,0.0,
266,"F[0,2](((x<-2 || x<=1)) U[0,2] (x<=3))",const,3,"F[0,2](((x<-2 || x<=1)) U[0,2] (x<=6))",0.0,0.0,0.0,0.0,
266,"F[0,2](((x<-2 || x<=1)) U[0,2] (x<=3))",const,4,"F[0,2](((x<-2 || x<=1)) U[0,2] (x<=7))",0.0,0.0,0.0,0.0,
266,"F[0,2](((x<-2 || x<=1)) U[0,2] (x<=3))",shift,1,"F[1,3](((x<-2 || x<=1)) U[0,2] (x<=3))",0.5,0.0977904386722499,0.4375,0.0,
266,"F[0,2](((x<-2 || x<=1)) U[0,2] (x<=3))",shift,2,"F[2,4](((x<-2 || x<=1)) U[0,2] (x<=3))",0.8,0.13762962782057075,0.4375,0.0625,
266,"F[0,2](((x<-2 || x<=1)) U[0,2] (x<=3))",shift,3,"F[3,5](((x<-2 || x<=1)) U[0,2] (x<=3))",1.0,0.15453929155759605,0.4375,0.10714285714285714,
266,"F[0,2](((x<-2 || x<=1)) U[0,2] (x<=3))",widen,1,"F[0,3](((x<-2 || x<=1)) U[0,2] (x<=3))",0.2583333333333333,0.04889521933612495,0.4375,0.0,
266,"F[0,2](((x<-2 || x<=1)) U[0,2] (x<=3))",widen,2,"F[0,4](((x<-2 || x<=1)) U[0,2] (x<=3))",0.4096774193548387,0.06881481391028532,0.4375,0.0,
266,"F[0,2](((x<-2 || x<=1)) U[0,2] (x<=3))",widen,3,"F[0,5](((x<-2 || x<=1)) U[0,2] (x<=3))",0.5092592592592593,0.07726964577879802,0.4375,0.0,
266,"F[0,2](((x<-2 || x<=1)) U[0,2] (x<=3))",strict,0,"F[0,2](((x<-2 || x<=1)) U[0,2] (x<3))",0.0,0.0,0.0,0.0,
267,"G[0,1]((x<=-2) U[0,1] ((y>=1 && x>=-2)))",const,1,"G[0,1]((x<=-2) U[0,1] ((y>=1 && x>=-3)))",0.32664585219528663,0.999999024725171,0.0625,0.03125,
267,"G[0,1]((x<=-2) U[0,1] ((y>=1 && x>=-2)))",const,2,"G[0,1]((x<=-2) U[0,1] ((y>=1 && x>=-4)))",0.33847725274360796,0.9999995223142748,0.125,0.0625,
267,"G[0,1]((x<=-2) U[0,1] ((y>=1 && x>=-2)))",const,3,"G[0,1]((x<=-2) U[0,1] ((y>=1 && x>=-5)))",0.34876535622433313,0.9999996867425907,0.1875,0.09375,
267,"G[0,1]((x<=-2) U[0,1] ((y>=1 && x>=-2)))",const,4,"G[0,1]((x<=-2) U[0,1] ((y>=1 && x>=-6)))",0.3364197034465293,0.9999997679759464,0.2500000000000001,0.125,
267,"G[0,1]((x<=-2) U[0,1] ((y>=1 && x>=-2)))",shift,1,"G[1,2]((x<=-2) U[0,1] ((y>=1 && x>=-2)))",0.5185185185185185,0.999999967529297,0.625,0.125,
267,"G[0,1]((x<=-2) U[0,1] ((y>=1 && x>=-2)))",shift,2,"G[2,3]((x<=-2) U[0,1] ((y>=1 && x>=-2)))",0.8148148148148148,0.9999999948730457,0.6250000000000003,0.21875,
267,"G[0,1]((x<=-2) U[0,1] ((y>=1 && x>=-2)))",shift,3,"G[3,4]((x<=-2) U[0,1] ((y>=1 && x>=-2)))",1.0,0.999999994873046,0.625,0.175,
267,"G[0,1]((x<=-2) U[0,1] ((y>=1 && x>=-2)))",widen,1,"G[0,2]((x<=-2) U[0,1] ((y>=1 && x>=-2)))",0.2685185185185186,0.9999999350585961,0.625,0.14583333333333334,
267,"G[0,1]((x<=-2) U[0,1] ((y>=1 && x>=-2)))",widen,2,"G[0,3]((x<=-2) U[0,1] ((y>=1 && x>=-2)))",0.41481481481481475,0.9999999897460915,0.625,0.21875,
267,"G[0,1]((x<=-2) U[0,1] ((y>=1 && x>=-2)))",widen,3,"G[0,4]((x<=-2) U[0,1] ((y>=1 && x>=-2)))",0.5123456790123457,0.999999999999999,0.6250000625,0.2625,
267,"G[0,1]((x<=-2) U[0,1] ((y>=1 && x>=-2)))",strict,0,"G[0,1]((x<=-2) U[0,1] ((y>=1 && x>-2)))",1.0,1.0,0.0,0.0,
268,"F[2,5](((x<2 || x<=-2) || x<1))",const,1,"F[2,5](((x<3 || x<=-2) || x<1))",0.08417514812772786,0.010337239538872,0.0625,0.0,
268,"F[2,5](((x<2 || x<=-2) || x<1))",const,2,"F[2,5](((x<4 || x<=-2) || x<1))",0.16296300493826377,0.015931379166665316,0.125,0.0,
268,"F[2,5](((x<2 || x<=-2) || x<1))",const,3,"F[2,5](((x<5 || x<=-2) || x<1))",0.23760685864562625,0.01856237728975796,0.1875,0.0,
268,"F[2,5](((x<2 || x<=-2) || x<1))",const,4,"F[2,5](((x<6 || x<=-2) || x<1))",0.30899470985135247,0.019536025889995257,0.25,0.0,
268,"F[2,5](((x<2 || x<=-2) || x<1))",shift,1,"F[3,6](((x<2 || x<=-2) || x<1))",0.2857142857142857,0.024903918278082915,0.375,0.0,
268,"F[2,5](((x<2 || x<=-2) || x<1))",shift,2,"F[4,7](((x<2 || x<=-2) || x<1))",0.5,0.03408373396761566,0.375,0.0,
268,"F[2,5](((x<2 || x<=-2) || x<1))",shift,3,"F[5,8](((x<2 || x<=-2) || x<1))",0.6666666666666667,0.037504203513621714,0.375,0.09375,
268,"F[2,5](((x<2 || x<=-2) || x<1))",widen,1,"F[2,6](((x<2 || x<=-2) || x<1))",0.14516129032258074,0.012451959139041402,0.375,0.0,
268,"F[2,5](((x<2 || x<=-2) || x<1))",widen,2,"F[2,7](((x<2 || x<=-2) || x<1))",0.25297619047619047,0.01704186698380794,0.375,0.0,
268,"F[2,5](((x<2 || x<=-2) || x<1))",widen,3,"F[2,8](((x<2 || x<=-2) || x<1))",0.3363954505686789,0.018752101756810968,0.375,0.0,
268,"F[2,5](((x<2 || x<=-2) || x<1))",strict,0,"F[2,5](((x<=2 || x<=-2) || x<1))",8.74073952106258e-08,1.3449556912625837e-08,0.0,0.0,
269,"F[0,2](F[0,2](y<-2))",const,1,"F[0,2](F[0,2](y<-3))",0.13000988284603732,0.0643607443669385,0.0625,0.03125,
269,"F[0,2](F[0,2](y<-2))",const,2,"F[0,2](F[0,2](y<-4))",0.25268825627238756,0.15690051443293918,0.125,0.0625,
269,"F[0,2](F[0,2](y<-2))",const,3,"F[0,2](F[0,2](y<-5))",0.36972711019913707,0.2860003441757598,0.1875,0.09375,
269,"F[0,2](F[0,2](y<-2))",const,4,"F[0,2](F[0,2](y<-6))",0.48233491291784847,0.46155927911996886,0.25,0.125,
269,"F[0,2](F[0,2](y<-2))",shift,1,"F[1,3](F[0,2](y<-2))",0.33333333333333337,0.07605905675077818,0.625,0.0,
269,"F[0,2](F[0,2](y<-2))",shift,2,"F[2,4](F[0,2](y<-2))",0.5714285714285714,0.12072648679795295,0.625,0.0,
269,"F[0,2](F[0,2](y<-2))",shift,3,"F[3,5](F[0,2](y<-2))",0.75,0.14760546491472892,0.625,0.10714285714285714,
269,"F[0,2](F[0,2](y<-2))",widen,1,"F[0,3](F[0,2](y<-2))",0.1679894179894179,0.03802952837538898,0.625,0.0,
269,"F[0,2](F[0,2](y<-2))",widen,2,"F[0,4](F[0,2](y<-2))",0.28740157480314965,0.060363243398976474,0.625,0.0,
269,"F[0,2](F[0,2](y<-2))",widen,3,"F[0,5](F[0,2](y<-2))",0.3767156862745098,0.07380273245736435,0.625,0.0,
269,"F[0,2](F[0,2](y<-2))",strict,0,"F[0,2](F[0,2](y<=-2))",1.344085830412567e-07,5.271058156619546e-08,0.0,0.0,
270,"G[1,4](y>=0)",const,1,"G[1,4](y>=-1)",0.088888958024676,0.3757051658113555,0.0625,0.046875,
270,"G[1,4](y>=0)",const,2,"G[1,4](y>=-2)",0.16000004799999046,0.5904001228799616,0.125,0.09375,
270,"G[1,4](y>=0)",const,3,"G[1,4](y>=-3)",0.2181818512396635,0.7202377522647936,0.1875,0.140625,
270,"G[1,4](y>=0)",const,4,"G[1,4](y>=-4)",0.2666666888888851,0.8024691687242723,0.25,0.1875,
270,"G[1,4](y>=0)",shift,1,"G[2,5](y>=0)",0.33333333333333337,0.66666663888889,0.5,0.2,
270,"G[1,4](y>=0)",shift,2,"G[3,6](y>=0)",0.5714285714285714,0.8571428367346942,0.5,0.3333333333333333,
270,"G[1,4](y>=0)",shift,3,"G[4,7](y>=0)",0.75,0.9333333199999998,0.5,0.42857142857142855,
270,"G[1,4](y>=0)",widen,1,"G[1,5](y>=0)",0.16666666666666663,0.49999996875000197,0.5,0.1,
270,"G[1,4](y>=0)",widen,2,"G[1,6](y>=0)",0.2857142857142857,0.749999968750001,0.5,0.16666666666666666,
270,"G[1,4](y>=0)",widen,3,"G[1,7](y>=0)",0.375,0.8749999765625001,0.5,0.21428571428571427,
270,"G[1,4](y>=0)",strict,0,"G[1,4](y>0)",9.999998751286654e-08,4.999998439725317e-07,0.0,0.0,
271,"F[1,2](G[0,2](x<=0))",const,1,"F[1,2](G[0,2](x<=-1))",0.0981482238168554,0.3021649122585023,0.0625,0.046875,
271,"F[1,2](G[0,2](x<=0))",const,2,"F[1,2](G[0,2](x<=-2))",0.19333338566665514,0.5429688496093417,0.125,0.09375,
271,"F[1,2](G[0,2](x<=0))",const,3,"F[1,2](G[0,2](x<=-3))",0.2863636660123907,0.7253418304443253,0.1875,0.140625,
271,"F[1,2](G[0,2](x<=0))",const,4,"F[1,2](G[0,2](x<=-4))",0.37777778518518457,0.8541666631944447,0.25,0.1875,
271,"F[1,2](G[0,2](x<=0))",shift,1,"F[2,3](G[0,2](x<=0))",0.38888888888888895,0.4999999843750005,0.5,0.2,
271,"F[1,2](G[0,2](x<=0))",shift,2,"F[3,4](G[0,2](x<=0))",0.6190476190476191,0.7999999800000004,0.5000000625,0.3333333333333333,
271,"F[1,2](G[0,2](x<=0))",shift,3,"F[4,5](G[0,2](x<=0))",0.75,0.8837209113034072,0.5,0.42857142857142855,
271,"F[1,2](G[0,2](x<=0))",widen,1,"F[1,3](G[0,2](x<=0))",0.1875,0.24999999218750024,0.5000000625,0.0,
271,"F[1,2](G[0,2](x<=0))",widen,2,"F[1,4](G[0,2](x<=0))",0.3214285714285714,0.3999999900000002,0.5,0.0,
271,"F[1,2](G[0,2](x<=0))",widen,3,"F[1,5](G[0,2](x<=0))",0.41755319148936176,0.48936168967858773,0.5,0.0,
271,"F[1,2](G[0,2](x<=0))",strict,0,"F[1,2](G[0,2](x<0))",9.999998751286654e-08,3.333332567745373e-07,0.0,0.0,
272,"F[2,5](F[1,3](((x<=3 || y<-2) && y>=2)))",const,1,"F[2,5](F[1,3](((x<=2 || y<-2) && y>=2)))",0.04201807678693448,0.04115546694353678,0.0625000625,0.0,
272,"F[2,5](F[1,3](((x<=3 || y<-2) && y>=2)))",const,2,"F[2,5](F[1,3](((x<=1 || y<-2) && y>=2)))",0.07667238850378522,0.08911613272419783,0.125,0.0,
272,"F[2,5](F[1,3](((x<=3 || y<-2) && y>=2)))",const,3,"F[2,5](F[1,3](((x<=0 || y<-2) && y>=2)))",0.10672437618955788,0.14475395926368984,0.1875000000000001,0.0,
272,"F[2,5](F[1,3](((x<=3 || y<-2) && y>=2)))",const,4,"F[2,5](F[1,3](((x<=-1 || y<-2) && y>=2)))",0.13370814768415573,0.20902210229429363,0.2500000624999999,0.0,
272,"F[2,5](F[1,3](((x<=3 || y<-2) && y>=2)))",shift,1,"F[3,6](F[1,3](((x<=3 || y<-2) && y>=2)))",0.19999999999999984,0.09838666339017454,0.625,0.0,
272,"F[2,5](F[1,3](((x<=3 || y<-2) && y>=2)))",shift,2,"F[4,7](F[1,3](((x<=3 || y<-2) && y>=2)))",0.36363636363636365,0.16537023446584298,0.625,0.0,
272,"F[2,5](F[1,3](((x<=3 || y<-2) && y>=2)))",shift,3,"F[5,8](F[1,3](((x<=3 || y<-2) && y>=2)))",0.5,0.21211146557649174,0.625,0.0,
272,"F[2,5](F[1,3](((x<=3 || y<-2) && y>=2)))",widen,1,"F[2,6](F[1,3](((x<=3 || y<-2) && y>=2)))",0.10128548284848915,0.04919333169508733,0.625,0.0,
272,"F[2,5](F[1,3](((x<=3 || y<-2) && y>=2)))",widen,2,"F[2,7](F[1,3](((x<=3 || y<-2) && y>=2)))",0.1837874291880226,0.08268511723292105,0.625,0.0,
272,"F[2,5](F[1,3](((x<=3 || y<-2) && y>=2)))",widen,3,"F[2,8](F[1,3](((x<=3 || y<-2) && y>=2)))",0.25232081998067046,0.10605573278824576,0.625,0.0,
272,"F[2,5](F[1,3](((x<=3 || y<-2) && y>=2)))",strict,0,"F[2,5](F[1,3](((x<3 || y<-2) && y>=2)))",4.717263946130146e-08,3.80241009789728e-08,0.0,0.0,
273,"G[2,4](G[0,1](((x<=-1 && y>=1) || (y<3 || x>=-3))))",const,1,"G[2,4](G[0,1](((x<=-1 && y>=0) || (y<3 || x>=-3))))",0.0,0.0,0.0,0.0,
273,"G[2,4](G[0,1](((x<=-1 && y>=1) || (y<3 || x>=-3))))",const,2,"G[2,4](G[0,1](((x<=-1 && y>=-1) || (y<3 || x>=-3))))",0.0,0.0,0.0,0.0,
273,"G[2,4](G[0,1](((x<=-1 && y>=1) || (y<3 || x>=-3))))",const,3,"G[2,4](G[0,1](((x<=-1 && y>=-2) || (y<3 || x>=-3))))",0.0,0.0,0.0,0.0,
273,"G[2,4](G[0,1](((x<=-1 && y>=1) || (y<3 || x>=-3))))",const,4,"G[2,4](G[0,1](((x<=-1 && y>=-3) || (y<3 || x>=-3))))",0.0,0.0,0.0,0.0,
273,"G[2,4](G[0,1](((x<=-1 && y>=1) || (y<3 || x>=-3))))",shift,1,"G[3,5](G[0,1](((x<=-1 && y>=1) || (y<3 || x>=-3))))",0.0,0.0,0.0,0.22916666666666666,
273,"G[2,4](G[0,1](((x<=-1 && y>=1) || (y<3 || x>=-3))))",shift,2,"G[4,6](G[0,1](((x<=-1 && y>=1) || (y<3 || x>=-3))))",0.0,0.0,0.0,0.39285714285714285,
273,"G[2,4](G[0,1](((x<=-1 && y>=1) || (y<3 || x>=-3))))",shift,3,"G[5,7](G[0,1](((x<=-1 && y>=1) || (y<3 || x>=-3))))",0.0,0.0,0.0,0.515625,
273,"G[2,4](G[0,1](((x<=-1 && y>=1) || (y<3 || x>=-3))))",widen,1,"G[2,5](G[0,1](((x<=-1 && y>=1) || (y<3 || x>=-3))))",0.0,0.0,0.0,0.11458333333333333,
273,"G[2,4](G[0,1](((x<=-1 && y>=1) || (y<3 || x>=-3))))",widen,2,"G[2,6](G[0,1](((x<=-1 && y>=1) || (y<3 || x>=-3))))",0.0,0.0,0.0,0.19642857142857142,
273,"G[2,4](G[0,1](((x<=-1 && y>=1) || (y<3 || x>=-3))))",widen,3,"G[2,7](G[0,1](((x<=-1 && y>=1) || (y<3 || x>=-3))))",0.0,0.0,0.0,0.2578125,
273,"G[2,4](G[0,1](((x<=-1 && y>=1) || (y<3 || x>=-3))))",strict,0,"G[2,4](G[0,1](((x<=-1 && y>1) || (y<3 || x>=-3))))",0.0,0.0,0.0,0.0,
274,"G[0,1](x<=-1)",const,1,"G[0,1](x<=-2)",0.14285724489793006,0.26530629737603284,0.0625,0.0625,
274,"G[0,1](x<=-1)",const,2,"G[0,1](x<=-3)",0.28571434693875797,0.489796005830875,0.125,0.125,
274,"G[0,1](x<=-1)",const,3,"G[0,1](x<=-4)",0.428571448979586,0.6734694110787101,0.1875,0.1875,
274,"G[0,1](x<=-1)",const,4,"G[0,1](x<=-5)",0.571428551020414,0.8163265131195381,0.25,0.25,
274,"G[0,1](x<=-1)",shift,1,"G[1,2](x<=-1)",0.6666666666666667,0.7199999712000011,0.5625,0.4375,
274,"G[0,1](x<=-1)",shift,2,"G[2,3](x<=-1)",1.0,0.8941684477139886,0.5625,0.2916666666666667,
274,"G[0,1](x<=-1)",shift,3,"G[3,4](x<=-1)",1.0,0.8941684477139886,0.5625,0.21875,
274,"G[0,1](x<=-1)",widen,1,"G[0,2](x<=-1)",0.33333333333333337,0.5624999648437521,0.5625,0.21875,
274,"G[0,1](x<=-1)",widen,2,"G[0,3](x<=-1)",0.5,0.8085937192382819,0.5625,0.2916666666666667,
274,"G[0,1](x<=-1)",widen,3,"G[0,4](x<=-1)",0.6,0.9162597454376217,0.5625,0.328125,
274,"G[0,1](x<=-1)",strict,0,"G[0,1](x<-1)",1.4285712246486781e-07,2.8571422439060967e-07,0.0,0.0,
275,"G[2,3](((y<-3 && y<2) || x>0))",const,1,"G[2,3](((y<-4 && y<2) || x>0))",0.04027781023147525,0.09297060360651288,0.0625,0.0,
275,"G[2,3](((y<-3 && y<2) || x>0))",const,2,"G[2,3](((y<-5 && y<2) || x>0))",0.07948720392504471,0.18140596544648857,0.125,0.0,
275,"G[2,3](((y<-3 && y<2) || x>0))",const,3,"G[2,3](((y<-6 && y<2) || x>0))",0.11785715959183363,0.26530618075801216,0.1875,0.0,
275,"G[2,3](((y<-3 && y<2) || x>0))",const,4,"G[2,3](((y<-7 && y<2) || x>0))",0.15347222851273024,0.34467124954108264,0.25,0.0,
275,"G[2,3](((y<-3 && y<2) || x>0))",shift,1,"G[3,4](((y<-3 && y<2) || x>0))",0.4,0.511627952406702,0.5,0.15625,
275,"G[2,3](((y<-3 && y<2) || x>0))",shift,2,"G[4,5](((y<-3 && y<2) || x>0))",0.6666666666666667,0.7255756504372344,0.5,0.125,
275,"G[2,3](((y<-3 && y<2) || x>0))",shift,3,"G[5,6](((y<-3 && y<2) || x>0))",0.7142857142857143,0.7255756504372344,0.5,0.10416666666666667,
275,"G[2,3](((y<-3 && y<2) || x>0))",widen,1,"G[2,4](((y<-3 && y<2) || x>0))",0.19999999999999996,0.34375004101562234,0.5,0.078125,
275,"G[2,3](((y<-3 && y<2) || x>0))",widen,2,"G[2,5](((y<-3 && y<2) || x>0))",0.33333333333333337,0.5693359913330027,0.5,0.125,
275,"G[2,3](((y<-3 && y<2) || x>0))",widen,3,"G[2,6](((y<-3 && y<2) || x>0))",0.4285714285714286,0.7173767619762355,0.49999999999999856,0.15625,
275,"G[2,3](((y<-3 && y<2) || x>0))",strict,0,"G[2,3](((y<=-3 && y<2) || x>0))",4.0909083565132676e-08,9.523808885969487e-08,0.0,0.0,
276,"F[1,3](F[1,2](((x<-2 || x>3) && (y>3 && y>1))))",const,1,"F[1,3](F[1,2](((x<-1 || x>3) && (y>3 && y>1))))",0.03633701857456162,0.05549557311739728,0.06250000000000011,0.0,
276,"F[1,3](F[1,2](((x<-2 || x>3) && (y>3 && y>1))))",const,2,"F[1,3](F[1,2](((x<0 || x>3) && (y>3 && y>1))))",0.06846154562179596,0.10167579191267506,0.125,0.0,
276,"F[1,3](F[1,2](((x<-2 || x>3) && (y>3 && y>1))))",const,3,"F[1,3](F[1,2](((x<1 || x>3) && (y>3 && y>1))))",0.09777777092498474,0.14052484010565047,0.15625,0.0,
276,"F[1,3](F[1,2](((x<-2 || x>3) && (y>3 && y>1))))",const,4,"F[1,3](F[1,2](((x<2 || x>3) && (y>3 && y>1))))",0.11715617099470954,0.17349865675366372,0.15625,0.0,
276,"F[1,3](F[1,2](((x<-2 || x>3) && (y>3 && y>1))))",shift,1,"F[2,4](F[1,2](((x<-2 || x>3) && (y>3 && y>1))))",0.2857142857142857,0.2327446857724612,0.6875,0.0,
276,"F[1,3](F[1,2](((x<-2 || x>3) && (y>3 && y>1))))",shift,2,"F[3,5](F[1,2](((x<-2 || x>3) && (y>3 && y>1))))",0.5,0.3807008262647106,0.6875,0.17857142857142858,
276,"F[1,3](F[1,2](((x<-2 || x>3) && (y>3 && y>1))))",shift,3,"F[4,6](F[1,2](((x<-2 || x>3) && (y>3 && y>1))))",0.6666666666666667,0.4805784284418798,0.6875,0.3125,
276,"F[1,3](F[1,2](((x<-2 || x>3) && (y>3 && y>1))))",widen,1,"F[1,4](F[1,2](((x<-2 || x>3) && (y>3 && y>1))))",0.1455759140148951,0.11637234288623077,0.6875,0.0,
276,"F[1,3](F[1,2](((x<-2 || x>3) && (y>3 && y>1))))",widen,2,"F[1,5](F[1,2](((x<-2 || x>3) && (y>3 && y>1))))",0.25377408364661647,0.19035041313235546,0.6875,0.0,
276,"F[1,3](F[1,2](((x<-2 || x>3) && (y>3 && y>1))))",widen,3,"F[1,6](F[1,2](((x<-2 || x>3) && (y>3 && y>1))))",0.3374505895526416,0.24028921422094007,0.6875,0.0,
276,"F[1,3](F[1,2](((x<-2 || x>3) && (y>3 && y>1))))",strict,0,"F[1,3](F[1,2](((x<=-2 || x>3) && (y>3 && y>1))))",3.9145287900055337e-08,6.099463278896877e-08,0.0,0.0,
277,"G[0,2](((x>3 && y>=3) && (x>=0 && x>=-3)))",const,1,"G[0,2](((x>4 && y>=3) && (x>=0 && x>=-3)))",0.10000007999998406,0.4880003071998771,0.0625,0.0625,
277,"G[0,2](((x>3 && y>=3) && (x>=0 && x>=-3)))",const,2,"G[0,2](((x>5 && y>=3) && (x>=0 && x>=-3)))",0.20000005999998793,0.7840001295999481,0.125,0.125,
277,"G[0,2](((x>3 && y>=3) && (x>=0 && x>=-3)))",const,3,"G[0,2](((x>6 && y>=3) && (x>=0 && x>=-3)))",0.30000003999999203,0.9360000383999847,0.1875,0.1875,
277,"G[0,2](((x>3 && y>=3) && (x>=0 && x>=-3)))",const,4,"G[0,2](((x>7 && y>=3) && (x>=0 && x>=-3)))",0.400000019999996,0.9920000047999981,0.25,0.25,
277,"G[0,2](((x>3 && y>=3) && (x>=0 && x>=-3)))",shift,1,"G[1,3](((x>3 && y>=3) && (x>=0 && x>=-3)))",0.5,0.9486653004397707,0.6875,0.4166666666666667,
277,"G[0,2](((x>3 && y>=3) && (x>=0 && x>=-3)))",shift,2,"G[2,4](((x>3 && y>=3) && (x>=0 && x>=-3)))",0.8,0.9952087825921596,0.6875,0.625,
277,"G[0,2](((x>3 && y>=3) && (x>=0 && x>=-3)))",shift,3,"G[3,5](((x>3 && y>=3) && (x>=0 && x>=-3)))",1.0,0.9995341218411508,0.6875,0.5,
277,"G[0,2](((x>3 && y>=3) && (x>=0 && x>=-3)))",widen,1,"G[0,3](((x>3 && y>=3) && (x>=0 && x>=-3)))",0.25,0.9023437548828124,0.6875,0.20833333333333334,
277,"G[0,2](((x>3 && y>=3) && (x>=0 && x>=-3)))",widen,2,"G[0,4](((x>3 && y>=3) && (x>=0 && x>=-3)))",0.4,0.9904632577896118,0.6875,0.3125,
277,"G[0,2](((x>3 && y>=3) && (x>=0 && x>=-3)))",widen,3,"G[0,5](((x>3 && y>=3) && (x>=0 && x>=-3)))",0.5,0.9990686775650829,0.6875,0.375,
277,"G[0,2](((x>3 && y>=3) && (x>=0 && x>=-3)))",strict,0,"G[0,2](((x>=3 && y>=3) && (x>=0 && x>=-3)))",9.999997996334997e-08,5.999997598760132e-07,0.0,0.0,
278,"F[2,3](y>-3)",const,1,"F[2,3](y>-2)",0.05808085414752728,0.04761909709338352,0.0625,0.020833333333333332,
278,"F[2,3](y>-3)",const,2,"F[2,3](y>-1)",0.10822514322257326,0.10389615753077996,0.125,0.041666666666666664,
278,"F[2,3](y>-3)",const,3,"F[2,3](y>0)",0.15340911815598846,0.16883122460223532,0.1875,0.0625,
278,"F[2,3](y>-3)",const,4,"F[2,3](y>1)",0.19528621662755274,0.24242429830774959,0.25,0.08333333333333333,
278,"F[2,3](y>-3)",shift,1,"F[3,4](y>-3)",0.4,0.13850418635522965,0.3125,0.34375,
278,"F[2,3](y>-3)",shift,2,"F[4,5](y>-3)",0.6666666666666667,0.17793598763946683,0.3125,0.275,
278,"F[2,3](y>-3)",shift,3,"F[5,6](y>-3)",0.7142857142857143,0.17793598763946683,0.3125,0.22916666666666666,
278,"F[2,3](y>-3)",widen,1,"F[2,4](y>-3)",0.2142857142857142,0.06925209317761472,0.3125,0.0,
278,"F[2,3](y>-3)",widen,2,"F[2,5](y>-3)",0.3500000000000001,0.0889679938197333,0.3125,0.0,
278,"F[2,3](y>-3)",widen,3,"F[2,6](y>-3)",0.4447004608294931,0.09495904276295664,0.3125,0.0,
278,"F[2,3](y>-3)",strict,0,"F[2,3](y>=-3)",6.363635429718073e-08,4.3290041662480405e-08,0.0,0.0,
279,"F[0,1](y<=2)",const,1,"F[0,1](y<=1)",0.11428580843535763,0.05909095553718002,0.0625,0.0625,
279,"F[0,1](y<=2)",const,2,"F[0,1](y<=0)",0.21666673791665492,0.1272727629751983,0.125,0.125,
279,"F[0,1](y<=2)",const,3,"F[0,1](y<=-1)",0.31111116246912773,0.20454547685949853,0.1875,0.1875,
279,"F[0,1](y<=2)",const,4,"F[0,1](y<=-2)",0.4000000333333287,0.29090909719008007,0.25,0.25,
279,"F[0,1](y<=2)",shift,1,"F[1,2](y<=2)",0.6666666666666667,0.185566992135191,0.375,0.625,
279,"F[0,1](y<=2)",shift,2,"F[2,3](y<=2)",1.0,0.24657531544380018,0.375,0.4166666666666667,
279,"F[0,1](y<=2)",shift,3,"F[3,4](y<=2)",1.0,0.24657531544380018,0.375,0.3125,
279,"F[0,1](y<=2)",widen,1,"F[0,2](y<=2)",0.3571428571428572,0.0927834960675955,0.375,0.0,
279,"F[0,1](y<=2)",widen,2,"F[0,3](y<=2)",0.525,0.12328765772190009,0.375,0.0,
279,"F[0,1](y<=2)",widen,3,"F[0,4](y<=2)",0.6225806451612903,0.13420444242110352,0.375,0.0,
279,"F[0,1](y<=2)",strict,0,"F[0,1](y<2)",1.2222220624469315e-07,5.454545104477404e-08,0.0,0.0,
280,"G[0,3](x>=-1)",const,1,"G[0,3](x>=-2)",0.10000007999998395,0.34390023327992225,0.0625,0.0625,
280,"G[0,3](x>=-1)",const,2,"G[0,3](x>=-3)",0.18181823966941102,0.5518749986774011,0.125,0.125,
280,"G[0,3](x>=-1)",const,3,"G[0,3](x>=-4)",0.2500000416666597,0.6835938203124824,0.1875,0.1875,
280,"G[0,3](x>=-1)",const,4,"G[0,3](x>=-5)",0.30769233727810197,0.770281191888877,0.25,0.25,
280,"G[0,3](x>=-1)",shift,1,"G[1,4](x>=-1)",0.4,0.6086956257088858,0.4375,0.28125,
280,"G[0,3](x>=-1)",shift,2,"G[2,5](x>=-1)",0.6666666666666667,0.8120649434919067,0.4375,0.45,
280,"G[0,3](x>=-1)",shift,3,"G[3,6](x>=-1)",0.8571428571428572,0.9023180870029068,0.4375,0.5625,
280,"G[0,3](x>=-1)",widen,1,"G[0,4](x>=-1)",0.19999999999999996,0.43749997265625173,0.4375,0.140625,
280,"G[0,3](x>=-1)",widen,2,"G[0,5](x>=-1)",0.33333333333333337,0.6835937192382824,0.4375,0.225,
280,"G[0,3](x>=-1)",widen,3,"G[0,6](x>=-1)",0.4285714285714286,0.8220214584198002,0.4375,0.28125,
280,"G[0,3](x>=-1)",strict,0,"G[0,3](x>-1)",1.1111109876615899e-07,4.444443211237825e-07,0.0,0.0,
281,"G[1,2](G[0,2]((y>2 || x<-3)))",const,1,"G[1,2](G[0,2]((y>1 || x<-3)))",0.05142861474829252,0.2521531063401148,0.0625,0.0,
281,"G[1,2](G[0,2]((y>2 || x<-3)))",const,2,"G[1,2](G[0,2]((y>0 || x<-3)))",0.09333336633332878,0.42960700048631106,0.125,0.0,
281,"G[1,2](G[0,2]((y>2 || x<-3)))",const,3,"G[1,2](G[0,2]((y>-1 || x<-3)))",0.12888891397530544,0.5574124444974897,0.1875,0.0,
281,"G[1,2](G[0,2]((y>2 || x<-3)))",const,4,"G[1,2](G[0,2]((y>-2 || x<-3)))",0.16000001866666447,0.6513441742779014,0.25,0.0,
281,"G[1,2](G[0,2]((y>2 || x<-3)))",shift,1,"G[2,3](G[0,2]((y>2 || x<-3)))",0.33333333333333337,0.601092923885453,0.6250000000000001,0.125,
281,"G[1,2](G[0,2]((y>2 || x<-3)))",shift,2,"G[3,4](G[0,2]((y>2 || x<-3)))",0.5714285714285714,0.8057874059563749,0.6250000624999998,0.20833333333333334,
281,"G[1,2](G[0,2]((y>2 || x<-3)))",shift,3,"G[4,5](G[0,2]((y>2 || x<-3)))",0.75,0.8977693571805303,0.6250000625,0.26785714285714285,
281,"G[1,2](G[0,2]((y>2 || x<-3)))",widen,1,"G[1,3](G[0,2]((y>2 || x<-3)))",0.16666666666666663,0.4296875283203112,0.6250000625,0.0625,
281,"G[1,2](G[0,2]((y>2 || x<-3)))",widen,2,"G[1,4](G[0,2]((y>2 || x<-3)))",0.2857142857142856,0.6747436846466042,0.6250000624999997,0.10416666666666667,
281,"G[1,2](G[0,2]((y>2 || x<-3)))",widen,3,"G[1,5](G[0,2]((y>2 || x<-3)))",0.375,0.8145022668613765,0.6250000625,0.13392857142857142,
281,"G[1,2](G[0,2]((y>2 || x<-3)))",strict,0,"G[1,2](G[0,2]((y>=2 || x<-3)))",5.7777769013611646e-08,3.0136981032935495e-07,0.0,0.0,
282,"F[0,2]((y>=0) U[0,2] (y>=-3))",const,1,"F[0,2]((y>=1) U[0,2] (y>=-3))",0.11904771494707178,0.06054692135183093,0.0625,0.015625,
282,"F[0,2]((y>=0) U[0,2] (y>=-3))",const,2,"F[0,2]((y>=2) U[0,2] (y>=-3))",0.22857149857141634,0.1361607478874277,0.125,0.03125,
282,"F[0,2]((y>=0) U[0,2] (y>=-3))",const,3,"F[0,2]((y>=3) U[0,2] (y>=-3))",0.3311688773612681,0.2285156393345381,0.1875,0.046875,
282,"F[0,2]((y>=0) U[0,2] (y>=-3))",const,4,"F[0,2]((y>=4) U[0,2] (y>=-3))",0.4285714523809504,0.339285701849492,0.25,0.0625,
282,"F[0,2]((y>=0) U[0,2] (y>=-3))",shift,1,"F[1,3]((y>=0) U[0,2] (y>=-3))",0.5,0.1333333333333333,0.5,0.0,
282,"F[0,2]((y>=0) U[0,2] (y>=-3))",shift,2,"F[2,4]((y>=0) U[0,2] (y>=-3))",0.8,0.19354838709677424,0.5,0.08333333333333333,
282,"F[0,2]((y>=0) U[0,2] (y>=-3))",shift,3,"F[3,5]((y>=0) U[0,2] (y>=-3))",1.0,0.2222222222222222,0.5,0.14285714285714285,
282,"F[0,2]((y>=0) U[0,2] (y>=-3))",widen,1,"F[0,3]((y>=0) U[0,2] (y>=-3))",0.2583333333333333,0.06666666666666665,0.5,0.0,
282,"F[0,2]((y>=0) U[0,2] (y>=-3))",widen,2,"F[0,4]((y>=0) U[0,2] (y>=-3))",0.4096774193548387,0.09677419354838712,0.5,0.0,
282,"F[0,2]((y>=0) U[0,2] (y>=-3))",widen,3,"F[0,5]((y>=0) U[0,2] (y>=-3))",0.5092592592592593,0.11111111111111116,0.5,0.0,
282,"F[0,2]((y>=0) U[0,2] (y>=-3))",strict,0,"F[0,2]((y>0) U[0,2] (y>=-3))",1.249999842523053e-07,5.357142851547536e-08,0.0,0.0,
283,"F[1,2]((x<=-1) U[0,1] ((x>-3 && x>=2)))",const,1,"F[1,2]((x<=-1) U[0,1] ((x>-3 && x>=3)))",0.0,0.0,0.0,0.0,
283,"F[1,2]((x<=-1) U[0,1] ((x>-3 && x>=2)))",const,2,"F[1,2]((x<=-1) U[0,1] ((x>-3 && x>=4)))",0.0,0.0,0.0,0.0,
283,"F[1,2]((x<=-1) U[0,1] ((x>-3 && x>=2)))",const,3,"F[1,2]((x<=-1) U[0,1] ((x>-3 && x>=5)))",0.0,0.0,0.0,0.0,
283,"F[1,2]((x<=-1) U[0,1] ((x>-3 && x>=2)))",const,4,"F[1,2]((x<=-1) U[0,1] ((x>-3 && x>=6)))",0.0,0.0,0.0,0.0,
283,"F[1,2]((x<=-1) U[0,1] ((x>-3 && x>=2)))",shift,1,"F[2,3]((x<=-1) U[0,1] ((x>-3 && x>=2)))",0.0,0.0,0.0,0.0,
283,"F[1,2]((x<=-1) U[0,1] ((x>-3 && x>=2)))",shift,2,"F[3,4]((x<=-1) U[0,1] ((x>-3 && x>=2)))",0.0,0.0,0.0,0.0,
283,"F[1,2]((x<=-1) U[0,1] ((x>-3 && x>=2)))",shift,3,"F[4,5]((x<=-1) U[0,1] ((x>-3 && x>=2)))",0.0,0.0,0.0,0.0,
283,"F[1,2]((x<=-1) U[0,1] ((x>-3 && x>=2)))",widen,1,"F[1,3]((x<=-1) U[0,1] ((x>-3 && x>=2)))",0.0,0.0,0.0,0.0,
283,"F[1,2]((x<=-1) U[0,1] ((x>-3 && x>=2)))",widen,2,"F[1,4]((x<=-1) U[0,1] ((x>-3 && x>=2)))",0.0,0.0,0.0,0.0,
283,"F[1,2]((x<=-1) U[0,1] ((x>-3 && x>=2)))",widen,3,"F[1,5]((x<=-1) U[0,1] ((x>-3 && x>=2)))",0.0,0.0,0.0,0.0,
283,"F[1,2]((x<=-1) U[0,1] ((x>-3 && x>=2)))",strict,0,"F[1,2]((x<=-1) U[0,1] ((x>-3 && x>2)))",0.0,0.0,0.0,0.0,
284,"F[2,5](F[1,3](((y<=0 && x<=1) && y<2)))",const,1,"F[2,5](F[1,3](((y<=0 && x<=0) && y<2)))",0.0391848215411249,0.04652354229394251,0.0625000625,0.015625,
284,"F[2,5](F[1,3](((y<=0 && x<=1) && y<2)))",const,2,"F[2,5](F[1,3](((y<=0 && x<=-1) && y<2)))",0.07407409846842794,0.10381780576840449,0.12500000000000056,0.03125,
284,"F[2,5](F[1,3](((y<=0 && x<=1) && y<2)))",const,3,"F[2,5](F[1,3](((y<=0 && x<=-2) && y<2)))",0.10595652339951411,0.1737915800401305,0.1875,0.046875,
284,"F[2,5](F[1,3](((y<=0 && x<=1) && y<2)))",const,4,"F[2,5](F[1,3](((y<=0 && x<=-3) && y<2)))",0.13565214680425663,0.25859680025446385,0.25000000000000006,0.0625,
284,"F[2,5](F[1,3](((y<=0 && x<=1) && y<2)))",shift,1,"F[3,6](F[1,3](((y<=0 && x<=1) && y<2)))",0.19999999999999984,0.08608151459475066,0.5,0.0,
284,"F[2,5](F[1,3](((y<=0 && x<=1) && y<2)))",shift,2,"F[4,7](F[1,3](((y<=0 && x<=1) && y<2)))",0.36363636363636365,0.14351295086703675,0.5,0.0,
284,"F[2,5](F[1,3](((y<=0 && x<=1) && y<2)))",shift,3,"F[5,8](F[1,3](((y<=0 && x<=1) && y<2)))",0.5,0.18270778721484582,0.5,0.0,
284,"F[2,5](F[1,3](((y<=0 && x<=1) && y<2)))",widen,1,"F[2,6](F[1,3](((y<=0 && x<=1) && y<2)))",0.10128548284848915,0.04304075729737533,0.5,0.0,
284,"F[2,5](F[1,3](((y<=0 && x<=1) && y<2)))",widen,2,"F[2,7](F[1,3](((y<=0 && x<=1) && y<2)))",0.1837874291880226,0.07175647543351837,0.5,0.0,
284,"F[2,5](F[1,3](((y<=0 && x<=1) && y<2)))",widen,3,"F[2,8](F[1,3](((y<=0 && x<=1) && y<2)))",0.25232081998067046,0.09135389360742296,0.5,0.0,
284,"F[2,5](F[1,3](((y<=0 && x<=1) && y<2)))",strict,0,"F[2,5](F[1,3](((y<=0 && x<1) && y<2)))",4.1946179418772545e-08,4.171741130321038e-08,3.272038980864099e-15,0.0,
285,"G[0,2]((x<=3 || (y<=3 || x<1)))",const,1,"G[0,2]((x<=3 || (y<=3 || x<0)))",0.0,0.0,0.0,0.0,
285,"G[0,2]((x<=3 || (y<=3 || x<1)))",const,2,"G[0,2]((x<=3 || (y<=3 || x<-1)))",0.0,0.0,0.0,0.0,
285,"G[0,2]((x<=3 || (y<=3 || x<1)))",const,3,"G[0,2]((x<=3 || (y<=3 || x<-2)))",0.0,0.0,0.0,0.0,
285,"G[0,2]((x<=3 || (y<=3 || x<1)))",const,4,"G[0,2]((x<=3 || (y<=3 || x<-3)))",0.0,0.0,0.0,0.0,
285,"G[0,2]((x<=3 || (y<=3 || x<1)))",shift,1,"G[1,3]((x<=3 || (y<=3 || x<1)))",0.5,0.17793591266575026,0.31250000000000006,0.375,
285,"G[0,2]((x<=3 || (y<=3 || x<1)))",shift,2,"G[2,4]((x<=3 || (y<=3 || x<1)))",0.8,0.31334040672914143,0.3125,0.5625,
285,"G[0,2]((x<=3 || (y<=3 || x<1)))",shift,3,"G[3,5]((x<=3 || (y<=3 || x<1)))",1.0,0.41933444606998826,0.3125,0.45,
285,"G[0,2]((x<=3 || (y<=3 || x<1)))",widen,1,"G[0,3]((x<=3 || (y<=3 || x<1)))",0.25,0.09765623168945581,0.3125,0.1875,
285,"G[0,2]((x<=3 || (y<=3 || x<1)))",widen,2,"G[0,4]((x<=3 || (y<=3 || x<1)))",0.4,0.18577572379112695,0.3125,0.28125,
285,"G[0,2]((x<=3 || (y<=3 || x<1)))",widen,3,"G[0,5]((x<=3 || (y<=3 || x<1)))",0.5,0.26528979835575983,0.3125,0.3375,
285,"G[0,2]((x<=3 || (y<=3 || x<1)))",strict,0,"G[0,2]((x<=3 || (y<=3 || x<=1)))",0.0,0.0,0.0,0.0,
286,"G[0,2](G[1,3]((y<-1 || (x>=2 || x>=-3))))",const,1,"G[0,2](G[1,3]((y<-1 || (x>=2 || x>=-2))))",0.048400713351946845,0.19583625339403077,0.06250006249999962,0.0,
286,"G[0,2](G[1,3]((y<-1 || (x>=2 || x>=-3))))",const,2,"G[0,2](G[1,3]((y<-1 || (x>=2 || x>=-1))))",0.09018762042970963,0.35971371186452294,0.125,0.0,
286,"G[0,2](G[1,3]((y<-1 || (x>=2 || x>=-3))))",const,3,"G[0,2](G[1,3]((y<-1 || (x>=2 || x>=0))))",0.12784093142002073,0.4957141456013211,0.18750006249999987,0.0,
286,"G[0,2](G[1,3]((y<-1 || (x>=2 || x>=-3))))",const,4,"G[0,2](G[1,3]((y<-1 || (x>=2 || x>=1))))",0.1627385115322677,0.607555785915196,0.25,0.0,
286,"G[0,2](G[1,3]((y<-1 || (x>=2 || x>=-3))))",shift,1,"G[1,3](G[1,3]((y<-1 || (x>=2 || x>=-3))))",0.2857142857142857,0.29900330283330323,0.3125,0.125,
286,"G[0,2](G[1,3]((y<-1 || (x>=2 || x>=-3))))",shift,2,"G[2,4](G[1,3]((y<-1 || (x>=2 || x>=-3))))",0.5,0.4856096151770357,0.3125000624999999,0.21428571428571427,
286,"G[0,2](G[1,3]((y<-1 || (x>=2 || x>=-3))))",shift,3,"G[3,5](G[1,3]((y<-1 || (x>=2 || x>=-3))))",0.6666666666666667,0.6111863889893687,0.31250006249999984,0.28125,
286,"G[0,2](G[1,3]((y<-1 || (x>=2 || x>=-3))))",widen,1,"G[0,3](G[1,3]((y<-1 || (x>=2 || x>=-3))))",0.14285714285714302,0.17578123657226674,0.3125,0.0625,
286,"G[0,2](G[1,3]((y<-1 || (x>=2 || x>=-3))))",widen,2,"G[0,4](G[1,3]((y<-1 || (x>=2 || x>=-3))))",0.25,0.3206634300136584,0.3125,0.10714285714285714,
286,"G[0,2](G[1,3]((y<-1 || (x>=2 || x>=-3))))",widen,3,"G[0,5](G[1,3]((y<-1 || (x>=2 || x>=-3))))",0.33333333333333337,0.44007805233461994,0.3125,0.140625,
286,"G[0,2](G[1,3]((y<-1 || (x>=2 || x>=-3))))",strict,0,"G[0,2](G[1,3]((y<-1 || (x>=2 || x>-3))))",5.3030295155132023e-08,2.1327010435445715e-07,0.0,0.0,
287,"G[0,1](((y>-2 && x>=-1)) U[0,2] ((x<=-2 || x>2)))",const,1,"G[0,1](((y>-2 && x>=-1)) U[0,2] ((x<=-1 || x>2)))",0.10611422136099224,1.2792166792507942e-07,0.06250000000000022,0.0,
287,"G[0,1](((y>-2 && x>=-1)) U[0,2] ((x<=-2 || x>2)))",const,2,"G[0,1](((y>-2 && x>=-1)) U[0,2] ((x<=0 || x>2)))",0.12707908186313377,0.10844837573924482,0.1250000000000016,0.0,
287,"G[0,1](((y>-2 && x>=-1)) U[0,2] ((x<=-2 || x>2)))",const,3,"G[0,1](((y>-2 && x>=-1)) U[0,2] ((x<=1 || x>2)))",0.12594660706085004,0.18806072770418292,0.125,0.0,
287,"G[0,1](((y>-2 && x>=-1)) U[0,2] ((x<=-2 || x>2)))",const,4,"G[0,1](((y>-2 && x>=-1)) U[0,2] ((x<=2 || x>2)))",0.5968567501624376,0.2491049482919011,0.125,0.0,
287,"G[0,1](((y>-2 && x>=-1)) U[0,2] ((x<=-2 || x>2)))",shift,1,"G[1,2](((y>-2 && x>=-1)) U[0,2] ((x<=-2 || x>2)))",0.46552631812280654,0.7897137829804174,0.4375,0.296875,
287,"G[0,1](((y>-2 && x>=-1)) U[0,2] ((x<=-2 || x>2)))",shift,2,"G[2,3](((y>-2 && x>=-1)) U[0,2] ((x<=-2 || x>2)))",0.7353070137573108,0.9372424603861947,0.43750000000000033,0.25,
287,"G[0,1](((y>-2 && x>=-1)) U[0,2] ((x<=-2 || x>2)))",shift,3,"G[3,4](((y>-2 && x>=-1)) U[0,2] ((x<=-2 || x>2)))",0.8992481153884722,0.9505675988345128,0.4375000000000002,0.20833333333333334,
287,"G[0,1](((y>-2 && x>=-1)) U[0,2] ((x<=-2 || x>2)))",widen,1,"G[0,2](((y>-2 && x>=-1)) U[0,2] ((x<=-2 || x>2)))",0.26605901349314154,0.6525016742941555,0.43749999999999883,0.046875,
287,"G[0,1](((y>-2 && x>=-1)) U[0,2] ((x<=-2 || x>2)))",widen,2,"G[0,3](((y>-2 && x>=-1)) U[0,2] ((x<=-2 || x>2)))",0.40153508402046867,0.8818967877911068,0.4375000624999997,0.075,
287,"G[0,1](((y>-2 && x>=-1)) U[0,2] ((x<=-2 || x>2)))",widen,3,"G[0,4](((y>-2 && x>=-1)) U[0,2] ((x<=-2 || x>2)))",0.4944779257031017,0.9595565856997819,0.4375,0.22916666666666666,
287,"G[0,1](((y>-2 && x>=-1)) U[0,2] ((x<=-2 || x>2)))",strict,0,"G[0,1](((y>-2 && x>=-1)) U[0,2] ((x<-2 || x>2)))",0.0,0.0,4.218847493575595e-15,0.0,
288,"F[0,3](x>=0)",const,1,"F[0,3](x>=-1)",0.11759268972477743,0.0268472506259525,0.0625,0.020833333333333332,
288,"F[0,3](x>=0)",const,2,"F[0,3](x>=-2)",0.22333340908332155,0.04358656008337036,0.125,0.041666666666666664,
288,"F[0,3](x>=0)",const,3,"F[0,3](x>=-3)",0.32045460395143766,0.053473221731132226,0.1875,0.0625,
288,"F[0,3](x>=0)",const,4,"F[0,3](x>=-4)",0.41111115509258656,0.058823531257208184,0.25,0.08333333333333333,
288,"F[0,3](x>=0)",shift,1,"F[1,4](x>=0)",0.4,0.06451611628512122,0.5,0.0,
288,"F[0,3](x>=0)",shift,2,"F[2,5](x>=0)",0.6666666666666667,0.09523807482993452,0.5,0.0,
288,"F[0,3](x>=0)",shift,3,"F[3,6](x>=0)",0.8571428571428572,0.1102361954863944,0.5,0.16666666666666666,
288,"F[0,3](x>=0)",widen,1,"F[0,4](x>=0)",0.2032258064516128,0.032258058142560664,0.5,0.0,
288,"F[0,3](x>=0)",widen,2,"F[0,5](x>=0)",0.3373015873015873,0.04761903741496731,0.5,0.0,
288,"F[0,3](x>=0)",widen,3,"F[0,6](x>=0)",0.43250843644544434,0.0551180977431972,0.5,0.0,
288,"F[0,3](x>=0)",strict,0,"F[0,3](x>0)",1.249999843633276e-07,3.333333054023058e-08,0.0,0.0,
289,"G[1,4](((y>2 || x<2) && x<=1))",const,1,"G[1,4](((y>2 || x<3) && x<=1))",0.0,0.0,0.0,0.0,
289,"G[1,4](((y>2 || x<2) && x<=1))",const,2,"G[1,4](((y>2 || x<4) && x<=1))",0.0,0.0,0.0,0.0,
289,"G[1,4](((y>2 || x<2) && x<=1))",const,3,"G[1,4](((y>2 || x<5) && x<=1))",0.0,0.0,0.0,0.0,
289,"G[1,4](((y>2 || x<2) && x<=1))",const,4,"G[1,4](((y>2 || x<6) && x<=1))",0.0,0.0,0.0,0.0,
289,"G[1,4](((y>2 || x<2) && x<=1))",shift,1,"G[2,5](((y>2 || x<2) && x<=1))",0.25,0.6086956597353488,0.4375,0.225,
289,"G[1,4](((y>2 || x<2) && x<=1))",shift,2,"G[3,6](((y>2 || x<2) && x<=1))",0.4285714285714286,0.8120649713987319,0.4375,0.375,
289,"G[1,4](((y>2 || x<2) && x<=1))",shift,3,"G[4,7](((y>2 || x<2) && x<=1))",0.5625,0.9023181071073406,0.4375,0.48214285714285715,
289,"G[1,4](((y>2 || x<2) && x<=1))",widen,1,"G[1,5](((y>2 || x<2) && x<=1))",0.16666666666666663,0.437500007812499,0.4375,0.1125,
289,"G[1,4](((y>2 || x<2) && x<=1))",widen,2,"G[1,6](((y>2 || x<2) && x<=1))",0.2857142857142857,0.6835937587890614,0.4375,0.1875,
289,"G[1,4](((y>2 || x<2) && x<=1))",widen,3,"G[1,7](((y>2 || x<2) && x<=1))",0.375,0.8220214917907704,0.4375,0.24107142857142858,
289,"G[1,4](((y>2 || x<2) && x<=1))",strict,0,"G[1,4](((y>2 || x<=2) && x<=1))",0.0,0.0,0.0,0.0,
290,"F[0,3](G[1,2]((y<1 || (x<=1 || y>-1))))",const,1,"F[0,3](G[1,2]((y<0 || (x<=1 || y>-1))))",0.0,0.0,0.0,0.0,
290,"F[0,3](G[1,2]((y<1 || (x<=1 || y>-1))))",const,2,"F[0,3](G[1,2]((y<-1 || (x<=1 || y>-1))))",1.0,5.551115123125783e-16,0.0,0.0,
290,"F[0,3](G[1,2]((y<1 || (x<=1 || y>-1))))",const,3,"F[0,3](G[1,2]((y<-2 || (x<=1 || y>-1))))",1.0,0.0008067959472768393,0.03125,0.0,
290,"F[0,3](G[1,2]((y<1 || (x<=1 || y>-1))))",const,4,"F[0,3](G[1,2]((y<-3 || (x<=1 || y>-1))))",1.0,0.003446105036676528,0.0625,0.0,
290,"F[0,3](G[1,2]((y<1 || (x<=1 || y>-1))))",shift,1,"F[1,4](G[1,2]((y<1 || (x<=1 || y>-1))))",0.0,0.0,0.0,0.0,
290,"F[0,3](G[1,2]((y<1 || (x<=1 || y>-1))))",shift,2,"F[2,5](G[1,2]((y<1 || (x<=1 || y>-1))))",0.0,0.0,0.0,0.0,
290,"F[0,3](G[1,2]((y<1 || (x<=1 || y>-1))))",shift,3,"F[3,6](G[1,2]((y<1 || (x<=1 || y>-1))))",0.0,0.0,0.0,0.140625,
290,"F[0,3](G[1,2]((y<1 || (x<=1 || y>-1))))",widen,1,"F[0,4](G[1,2]((y<1 || (x<=1 || y>-1))))",0.0,0.0,0.0,0.0,
290,"F[0,3](G[1,2]((y<1 || (x<=1 || y>-1))))",widen,2,"F[0,5](G[1,2]((y<1 || (x<=1 || y>-1))))",0.0,0.0,0.0,0.0,
290,"F[0,3](G[1,2]((y<1 || (x<=1 || y>-1))))",widen,3,"F[0,6](G[1,2]((y<1 || (x<=1 || y>-1))))",0.0,0.0,0.0,0.0,
290,"F[0,3](G[1,2]((y<1 || (x<=1 || y>-1))))",strict,0,"F[0,3](G[1,2]((y<=1 || (x<=1 || y>-1))))",0.0,0.0,0.0,0.0,
291,"F[2,3](F[1,3](y>=-1))",const,1,"F[2,3](F[1,3](y>=-2))",0.0685714856054328,0.017201133380346567,0.0625,0.020833333333333332,
291,"F[2,3](F[1,3](y>=-1))",const,2,"F[2,3](F[1,3](y>=-3))",0.13160177644346283,0.027360547140696467,0.125,0.041666666666666664,
291,"F[2,3](F[1,3](y>=-1))",const,3,"F[2,3](F[1,3](y>=-4))",0.1904762249433053,0.03285846040585272,0.1875,0.0625,
291,"F[2,3](F[1,3](y>=-1))",const,4,"F[2,3](F[1,3](y>=-5))",0.2461538714969974,0.035444201521113716,0.25,0.08333333333333333,
291,"F[2,3](F[1,3](y>=-1))",shift,1,"F[3,4](F[1,3](y>=-1))",0.25,0.04188727426039751,0.4375,0.0,
291,"F[2,3](F[1,3](y>=-1))",shift,2,"F[4,5](F[1,3](y>=-1))",0.4444444444444444,0.05966624332291459,0.4375,0.140625,
291,"F[2,3](F[1,3](y>=-1))",shift,3,"F[5,6](F[1,3](y>=-1))",0.6,0.06734342121417025,0.4375,0.25,
291,"F[2,3](F[1,3](y>=-1))",widen,1,"F[2,4](F[1,3](y>=-1))",0.127016129032258,0.020943637130198756,0.4375,0.0,
291,"F[2,3](F[1,3](y>=-1))",widen,2,"F[2,5](F[1,3](y>=-1))",0.22486772486772488,0.029833121661457462,0.4375,0.0,
291,"F[2,3](F[1,3](y>=-1))",widen,3,"F[2,6](F[1,3](y>=-1))",0.302755905511811,0.03367171060708518,0.4375,0.0,
291,"F[2,3](F[1,3](y>=-1))",strict,0,"F[2,3](F[1,3](y>-1))",7.195766282830363e-08,2.1731209831621356e-08,0.0,0.0,
292,"F[2,4]((y>0 || y<-2))",const,1,"F[2,4]((y>0 || y<-3))",0.09615387499999517,0.0046477608618297195,0.0625,0.0,
292,"F[2,4]((y>0 || y<-2))",const,2,"F[2,4]((y>0 || y<-4))",0.16153846153847495,0.013698651851064558,0.125,0.0,
292,"F[2,4]((y>0 || y<-2))",const,3,"F[2,4]((y>0 || y<-5))",0.21461537238463024,0.02862038545636514,0.15625,0.0,
292,"F[2,4]((y>0 || y<-2))",const,4,"F[2,4]((y>0 || y<-6))",0.23333333579060078,0.0508806712309654,0.1875,0.0,
292,"F[2,4]((y>0 || y<-2))",shift,1,"F[3,5]((y>0 || y<-2))",0.33333333333333337,0.00341881196873961,0.0625,0.0,
292,"F[2,4]((y>0 || y<-2))",shift,2,"F[4,6]((y>0 || y<-2))",0.5714285714285714,0.003845342181678535,0.0625,0.125,
292,"F[2,4]((y>0 || y<-2))",shift,3,"F[5,7]((y>0 || y<-2))",0.75,0.0038986456915593992,0.0625,0.10714285714285714,
292,"F[2,4]((y>0 || y<-2))",widen,1,"F[2,5]((y>0 || y<-2))",0.16874999999999996,0.0017094059843697496,0.0625,0.0,
292,"F[2,4]((y>0 || y<-2))",widen,2,"F[2,6]((y>0 || y<-2))",0.2880755608028336,0.001922671090839212,0.0625,0.0,
292,"F[2,4]((y>0 || y<-2))",widen,3,"F[2,7]((y>0 || y<-2))",0.3772321428571428,0.0019493228457797551,0.0625,0.0,
292,"F[2,4]((y>0 || y<-2))",strict,0,"F[2,4]((y>0 || y<=-2))",1.2692297890470883e-07,2.9354242370160932e-09,0.0,0.0,
293,"F[2,4]((x>=1) U[0,1] (x>2))",const,1,"F[2,4]((x>=2) U[0,1] (x>2))",0.05793647857149198,0.01196745989787551,0.0625,0.0,
293,"F[2,4]((x>=1) U[0,1] (x>2))",const,2,"F[2,4]((x>=3) U[0,1] (x>2))",0.26106300287871664,0.11760012903653927,0.12499999999999996,0.0125,
293,"F[2,4]((x>=1) U[0,1] (x>2))",const,3,"F[2,4]((x>=4) U[0,1] (x>2))",0.32109786670524987,0.2442954891155158,0.18750000000000017,0.025,
293,"F[2,4]((x>=1) U[0,1] (x>2))",const,4,"F[2,4]((x>=5) U[0,1] (x>2))",0.3788156035816077,0.39396834107141077,0.2500000000000006,0.0375,
293,"F[2,4]((x>=1) U[0,1] (x>2))",shift,1,"F[3,5]((x>=1) U[0,1] (x>2))",0.3421768805442157,0.2065783274845343,0.625,0.0,
293,"F[2,4]((x>=1) U[0,1] (x>2))",shift,2,"F[4,6]((x>=1) U[0,1] (x>2))",0.5232142899999991,0.31533322464772395,0.625,0.0625,
293,"F[2,4]((x>=1) U[0,1] (x>2))",shift,3,"F[5,7]((x>=1) U[0,1] (x>2))",0.6666666666666667,0.3768515766231775,0.625,0.09375,
293,"F[2,4]((x>=1) U[0,1] (x>2))",widen,1,"F[2,5]((x>=1) U[0,1] (x>2))",0.20068028190475995,0.10328916374226726,0.5625,0.0,
293,"F[2,4]((x>=1) U[0,1] (x>2))",widen,2,"F[2,6]((x>=1) U[0,1] (x>2))",0.27860023350806395,0.15766661232386214,0.625,0.0,
293,"F[2,4]((x>=1) U[0,1] (x>2))",widen,3,"F[2,7]((x>=1) U[0,1] (x>2))",0.35952381222222174,0.18842578831158885,0.625,0.0,
293,"F[2,4]((x>=1) U[0,1] (x>2))",strict,0,"F[2,4]((x>1) U[0,1] (x>2))",6.0846449101426e-08,1.1967447921534813e-08,0.0,0.0,
294,"G[2,4](y>2)",const,1,"G[2,4](y>3)",0.10000008333331944,0.4212965856480517,0.0625,0.03125,
294,"G[2,4](y>2)",const,2,"G[2,4](y>4)",0.20000006666665548,0.7037038518518025,0.125,0.0625,
294,"G[2,4](y>2)",const,3,"G[2,4](y>5)",0.30000004999999164,0.8750000624999792,0.1875,0.09375,
294,"G[2,4](y>2)",const,4,"G[2,4](y>6)",0.4000000333333278,0.9629629814814753,0.25,0.125,
294,"G[2,4](y>2)",shift,1,"G[3,5](y>2)",0.33333333333333337,0.7692307869822471,0.625,0.15,
294,"G[2,4](y>2)",shift,2,"G[4,6](y>2)",0.5714285714285714,0.924369758067932,0.625,0.25,
294,"G[2,4](y>2)",shift,3,"G[5,7](y>2)",0.75,0.9729187614840503,0.625,0.21428571428571427,
294,"G[2,4](y>2)",widen,1,"G[2,5](y>2)",0.16666666666666663,0.6250000234374986,0.625,0.075,
294,"G[2,4](y>2)",widen,2,"G[2,6](y>2)",0.2857142857142857,0.8593750175781234,0.625,0.125,
294,"G[2,4](y>2)",widen,3,"G[2,7](y>2)",0.375,0.9472656348876941,0.625,0.16071428571428573,
294,"G[2,4](y>2)",strict,0,"G[2,4](y>=2)",9.999998318299674e-08,4.99999833425413e-07,0.0,0.0,
295,"F[2,4](y<0)",const,1,"F[2,4](y<-1)",0.07142863115078413,0.06054693432617009,0.0625,0.015625,
295,"F[2,4](y<0)",const,2,"F[2,4](y<-2)",0.1371429047142786,0.13616077706472907,0.125,0.03125,
295,"F[2,4](y<0)",const,3,"F[2,4](y<-3)",0.19870133611274554,0.22851568830217217,0.1875,0.046875,
295,"F[2,4](y<0)",const,4,"F[2,4](y<-4)",0.2571428857142818,0.33928577455356645,0.25,0.0625,
295,"F[2,4](y<0)",shift,1,"F[3,5](y<0)",0.33333333333333337,0.13333335222222165,0.5,0.0,
295,"F[2,4](y<0)",shift,2,"F[4,6](y<0)",0.5714285714285714,0.19354841727367245,0.5,0.16666666666666666,
295,"F[2,4](y<0)",shift,3,"F[5,7](y<0)",0.75,0.22222225925925843,0.5,0.14285714285714285,
295,"F[2,4](y<0)",widen,1,"F[2,5](y<0)",0.17222222222222217,0.06666667611111077,0.5,0.0,
295,"F[2,4](y<0)",widen,2,"F[2,6](y<0)",0.292626728110599,0.09677420863683628,0.5,0.0,
295,"F[2,4](y<0)",widen,3,"F[2,7](y<0)",0.3819444444444444,0.11111112962962932,0.5,0.0,
295,"F[2,4](y<0)",strict,0,"F[2,4](y<=0)",7.499999077342778e-08,5.3571423741516355e-08,0.0,0.0,
296,"G[1,2](F[1,2](x>-3))",const,1,"G[1,2](F[1,2](x>-4))",0.07333338788887678,0.062225942803315615,0.0625,0.03125,
296,"G[1,2](F[1,2](x>-3))",const,2,"G[1,2](F[1,2](x>-5))",0.14153849557395937,0.10795312773993726,0.125,0.0625,
296,"G[1,2](F[1,2](x>-3))",const,3,"G[1,2](F[1,2](x>-6))",0.20571430016326686,0.1395875910510831,0.1875,0.09375,
296,"G[1,2](F[1,2](x>-3))",const,4,"G[1,2](F[1,2](x>-7))",0.2616666710972262,0.15842565607772352,0.25,0.125,
296,"G[1,2](F[1,2](x>-3))",shift,1,"G[2,3](F[1,2](x>-3))",0.33333333333333337,0.148809559860402,0.3125,0.275,
296,"G[1,2](F[1,2](x>-3))",shift,2,"G[3,4](F[1,2](x>-3))",0.5714285714285714,0.2652766091423242,0.3125,0.4583333333333333,
296,"G[1,2](F[1,2](x>-3))",shift,3,"G[4,5](F[1,2](x>-3))",0.75,0.2829596078838793,0.3125,0.39285714285714285,
296,"G[1,2](F[1,2](x>-3))",widen,1,"G[1,3](F[1,2](x>-3))",0.16666666666666663,0.0803858731299304,0.31250000000000006,0.1375,
296,"G[1,2](F[1,2](x>-3))",widen,2,"G[1,4](F[1,2](x>-3))",0.2857142857142857,0.15292156117821587,0.3125000000000001,0.22916666666666666,
296,"G[1,2](F[1,2](x>-3))",widen,3,"G[1,5](F[1,2](x>-3))",0.375,0.2200602473201828,0.3125,0.29464285714285715,
296,"G[1,2](F[1,2](x>-3))",strict,0,"G[1,2](F[1,2](x>=-3))",7.63636250900035e-08,7.161648218900751e-08,0.0,0.0,
297,"G[2,3](G[0,1](((y>3 || x<-2) && (x>=-2 || x>=2))))",const,1,"G[2,3](G[0,1](((y>3 || x<-2) && (x>=-2 || x>=1))))",0.0,0.0,0.0,0.0,
297,"G[2,3](G[0,1](((y>3 || x<-2) && (x>=-2 || x>=2))))",const,2,"G[2,3](G[0,1](((y>3 || x<-2) && (x>=-2 || x>=0))))",0.0,0.0,0.0,0.0,
297,"G[2,3](G[0,1](((y>3 || x<-2) && (x>=-2 || x>=2))))",const,3,"G[2,3](G[0,1](((y>3 || x<-2) && (x>=-2 || x>=-1))))",0.0,0.0,0.0,0.0,
297,"G[2,3](G[0,1](((y>3 || x<-2) && (x>=-2 || x>=2))))",const,4,"G[2,3](G[0,1](((y>3 || x<-2) && (x>=-2 || x>=-2))))",0.0,0.0,0.0,0.0,
297,"G[2,3](G[0,1](((y>3 || x<-2) && (x>=-2 || x>=2))))",shift,1,"G[3,4](G[0,1](((y>3 || x<-2) && (x>=-2 || x>=2))))",0.33333333333333337,0.8917748902756707,0.6250000000000003,0.0,
297,"G[2,3](G[0,1](((y>3 || x<-2) && (x>=-2 || x>=2))))",shift,2,"G[4,5](G[0,1](((y>3 || x<-2) && (x>=-2 || x>=2))))",0.5714285714285714,0.9805556414793639,0.6250000625,0.0,
297,"G[2,3](G[0,1](((y>3 || x<-2) && (x>=-2 || x>=2))))",shift,3,"G[5,6](G[0,1](((y>3 || x<-2) && (x>=-2 || x>=2))))",0.75,0.9962607798808839,0.6250000625,0.0,
297,"G[2,3](G[0,1](((y>3 || x<-2) && (x>=-2 || x>=2))))",widen,1,"G[2,4](G[0,1](((y>3 || x<-2) && (x>=-2 || x>=2))))",0.16666666666666663,0.8046874975585958,0.6250000624999997,0.0,
297,"G[2,3](G[0,1](((y>3 || x<-2) && (x>=-2 || x>=2))))",widen,2,"G[2,5](G[0,1](((y>3 || x<-2) && (x>=-2 || x>=2))))",0.2857142857142857,0.9618530263900764,0.6250000625,0.0,
297,"G[2,3](G[0,1](((y>3 || x<-2) && (x>=-2 || x>=2))))",widen,3,"G[2,6](G[0,1](((y>3 || x<-2) && (x>=-2 || x>=2))))",0.375,0.9925494191236797,0.6250000625,0.0,
297,"G[2,3](G[0,1](((y>3 || x<-2) && (x>=-2 || x>=2))))",strict,0,"G[2,3](G[0,1](((y>3 || x<-2) && (x>=-2 || x>2))))",0.0,0.0,0.0,0.0,
298,"G[0,2](G[0,2]((y>=3 && x>-3)))",const,1,"G[0,2](G[0,2]((y>=3 && x>-4)))",0.041666704861107795,0.35277242116997254,0.0625,0.0625,
298,"G[0,2](G[0,2]((y>=3 && x>-3)))",const,2,"G[0,2](G[0,2]((y>=3 && x>-5)))",0.07692310946745307,0.5662429993096503,0.125,0.125,
298,"G[0,2](G[0,2]((y>=3 && x>-3)))",const,3,"G[0,2](G[0,2]((y>=3 && x>-6)))",0.10714288520407966,0.7005508447339686,0.1875,0.1875,
298,"G[0,2](G[0,2]((y>=3 && x>-3)))",const,4,"G[0,2](G[0,2]((y>=3 && x>-7)))",0.1333333577777761,0.7879164492953494,0.25,0.25,
298,"G[0,2](G[0,2]((y>=3 && x>-3)))",shift,1,"G[1,3](G[0,2]((y>=3 && x>-3)))",0.33333333333333337,0.879649880478242,0.6875,0.4,
298,"G[0,2](G[0,2]((y>=3 && x>-3)))",shift,2,"G[2,4](G[0,2]((y>=3 && x>-3)))",0.5714285714285714,0.9763758583608411,0.6875,0.6666666666666666,
298,"G[0,2](G[0,2]((y>=3 && x>-3)))",shift,3,"G[3,5](G[0,2]((y>=3 && x>-3)))",0.75,0.9950169296278334,0.6875,0.8571428571428571,
298,"G[0,2](G[0,2]((y>=3 && x>-3)))",widen,1,"G[0,3](G[0,2]((y>=3 && x>-3)))",0.16666666666666663,0.7851562338867216,0.6875,0.2,
298,"G[0,2](G[0,2]((y>=3 && x>-3)))",widen,2,"G[0,4](G[0,2]((y>=3 && x>-3)))",0.2857142857142857,0.953842156162263,0.6875,0.3333333333333333,
298,"G[0,2](G[0,2]((y>=3 && x>-3)))",widen,3,"G[0,5](G[0,2]((y>=3 && x>-3)))",0.375,0.990083274994232,0.6875,0.42857142857142855,
298,"G[0,2](G[0,2]((y>=3 && x>-3)))",strict,0,"G[0,2](G[0,2]((y>=3 && x>=-3)))",4.5454541242051505e-08,4.5454533048605583e-07,0.0,0.0,
299,"G[2,4](F[1,3]((y>=-3 && x>-1)))",const,1,"G[2,4](F[1,3]((y>=-4 && x>-1)))",0.04008203614545791,0.08203211527559806,0.0625,0.026785714285714284,
299,"G[2,4](F[1,3]((y>=-3 && x>-1)))",const,2,"G[2,4](F[1,3]((y>=-5 && x>-1)))",0.07770051567291514,0.14802826835754201,0.125,0.05357142857142857,
299,"G[2,4](F[1,3]((y>=-3 && x>-1)))",const,3,"G[2,4](F[1,3]((y>=-6 && x>-1)))",0.11338337613330118,0.20159719644740226,0.18750006249999993,0.08035714285714286,
299,"G[2,4](F[1,3]((y>=-3 && x>-1)))",const,4,"G[2,4](F[1,3]((y>=-7 && x>-1)))",0.1445090933840767,0.2453343774678468,0.25,0.10714285714285714,
299,"G[2,4](F[1,3]((y>=-3 && x>-1)))",shift,1,"G[3,5](F[1,3]((y>=-3 && x>-1)))",0.2222222222222222,0.2623067873491577,0.4375,0.0,
299,"G[2,4](F[1,3]((y>=-3 && x>-1)))",shift,2,"G[4,6](F[1,3]((y>=-3 && x>-1)))",0.4,0.4215718857822762,0.4375,0.2777777777777778,
299,"G[2,4](F[1,3]((y>=-3 && x>-1)))",shift,3,"G[5,7](F[1,3]((y>=-3 && x>-1)))",0.5454545454545454,0.5398800061913495,0.4375,0.5,
299,"G[2,4](F[1,3]((y>=-3 && x>-1)))",widen,1,"G[2,5](F[1,3]((y>=-3 && x>-1)))",0.11111111111111116,0.15095114916689467,0.4375,0.15625,
299,"G[2,4](F[1,3]((y>=-3 && x>-1)))",widen,2,"G[2,6](F[1,3]((y>=-3 && x>-1)))",0.19999999999999996,0.26708336096206,0.43750006249999984,0.2777777777777778,
299,"G[2,4](F[1,3]((y>=-3 && x>-1)))",widen,3,"G[2,7](F[1,3]((y>=-3 && x>-1)))",0.2727272727272727,0.36975043727954104,0.4375000624999979,0.375,
299,"G[2,4](F[1,3]((y>=-3 && x>-1)))",strict,0,"G[2,4](F[1,3]((y>-3 && x>-1)))",4.1537711048533765e-08,9.160207614655747e-08,0.0,0.0,
