family,n_vars,T,method,status,seconds,value,formula1,formula2
F,1,2,reference,ok,0.166693,0.9109299439552664,"F[0,2](x>=0.2 && x<=0.4)","F[0,2](x>=0.2 && x<=0.44)"
F,1,4,reference,ok,31.656010,0.9241695315450877,"F[0,4](x>=0.2 && x<=0.4)","F[0,4](x>=0.2 && x<=0.44)"
F,1,6,reference,timeout,,,"F[0,6](x>=0.2 && x<=0.4)","F[0,6](x>=0.2 && x<=0.44)"
F,1,8,reference,skipped,,,"F[0,8](x>=0.2 && x<=0.4)","F[0,8](x>=0.2 && x<=0.44)"
F,1,10,reference,skipped,,,"F[0,10](x>=0.2 && x<=0.4)","F[0,10](x>=0.2 && x<=0.44)"
F,1,12,reference,skipped,,,"F[0,12](x>=0.2 && x<=0.4)","F[0,12](x>=0.2 && x<=0.44)"
F,1,16,reference,skipped,,,"F[0,16](x>=0.2 && x<=0.4)","F[0,16](x>=0.2 && x<=0.44)"
F,1,20,reference,skipped,,,"F[0,20](x>=0.2 && x<=0.4)","F[0,20](x>=0.2 && x<=0.44)"
F,1,24,reference,skipped,,,"F[0,24](x>=0.2 && x<=0.4)","F[0,24](x>=0.2 && x<=0.44)"
F,1,28,reference,skipped,,,"F[0,28](x>=0.2 && x<=0.4)","F[0,28](x>=0.2 && x<=0.44)"
F,1,32,reference,skipped,,,"F[0,32](x>=0.2 && x<=0.4)","F[0,32](x>=0.2 && x<=0.44)"
F,1,36,reference,skipped,,,"F[0,36](x>=0.2 && x<=0.4)","F[0,36](x>=0.2 && x<=0.44)"
F,1,40,reference,skipped,,,"F[0,40](x>=0.2 && x<=0.4)","F[0,40](x>=0.2 && x<=0.44)"
F,1,2,tabex_fast,ok,0.007933,0.9109299439552664,"F[0,2](x>=0.2 && x<=0.4)","F[0,2](x>=0.2 && x<=0.44)"
F,1,4,tabex_fast,ok,0.013158,0.9241695315450866,"F[0,4](x>=0.2 && x<=0.4)","F[0,4](x>=0.2 && x<=0.44)"
F,1,6,tabex_fast,ok,0.014451,0.9285677238284462,"F[0,6](x>=0.2 && x<=0.4)","F[0,6](x>=0.2 && x<=0.44)"
F,1,8,tabex_fast,ok,0.024117,0.930310390803794,"F[0,8](x>=0.2 && x<=0.4)","F[0,8](x>=0.2 && x<=0.44)"
F,1,10,tabex_fast,ok,0.042847,0.9310481074491246,"F[0,10](x>=0.2 && x<=0.4)","F[0,10](x>=0.2 && x<=0.44)"
F,1,12,tabex_fast,ok,0.079066,0.9313691021015686,"F[0,12](x>=0.2 && x<=0.4)","F[0,12](x>=0.2 && x<=0.44)"
F,1,16,tabex_fast,ok,0.218882,0.9315729973011663,"F[0,16](x>=0.2 && x<=0.4)","F[0,16](x>=0.2 && x<=0.44)"
F,1,20,tabex_fast,ok,0.429069,0.9316130739856382,"F[0,20](x>=0.2 && x<=0.4)","F[0,20](x>=0.2 && x<=0.44)"
F,1,24,tabex_fast,ok,0.760569,0.93162098264615,"F[0,24](x>=0.2 && x<=0.4)","F[0,24](x>=0.2 && x<=0.44)"
F,1,28,tabex_fast,ok,1.396129,0.931622544549716,"F[0,28](x>=0.2 && x<=0.4)","F[0,28](x>=0.2 && x<=0.44)"
F,1,32,tabex_fast,ok,2.021161,0.9316228530621327,"F[0,32](x>=0.2 && x<=0.4)","F[0,32](x>=0.2 && x<=0.44)"
F,1,36,tabex_fast,ok,2.567957,0.9316229140024008,"F[0,36](x>=0.2 && x<=0.4)","F[0,36](x>=0.2 && x<=0.44)"
F,1,40,tabex_fast,ok,3.890907,0.9316229260399692,"F[0,40](x>=0.2 && x<=0.4)","F[0,40](x>=0.2 && x<=0.44)"
F,1,2,PH,ok,0.117072,0.03999999999999915,"F[0,2](x>=0.2 && x<=0.4)","F[0,2](x>=0.2 && x<=0.44)"
F,1,4,PH,ok,0.105545,0.03999999999999915,"F[0,4](x>=0.2 && x<=0.4)","F[0,4](x>=0.2 && x<=0.44)"
F,1,6,PH,ok,0.154261,0.03999999999999915,"F[0,6](x>=0.2 && x<=0.4)","F[0,6](x>=0.2 && x<=0.44)"
F,1,8,PH,ok,0.362904,0.03999999999999915,"F[0,8](x>=0.2 && x<=0.4)","F[0,8](x>=0.2 && x<=0.44)"
F,1,10,PH,ok,0.297711,0.03999999999999915,"F[0,10](x>=0.2 && x<=0.4)","F[0,10](x>=0.2 && x<=0.44)"
F,1,12,PH,ok,0.348568,0.03999999999999915,"F[0,12](x>=0.2 && x<=0.4)","F[0,12](x>=0.2 && x<=0.44)"
F,1,16,PH,ok,0.352783,0.03999999999999915,"F[0,16](x>=0.2 && x<=0.4)","F[0,16](x>=0.2 && x<=0.44)"
F,1,20,PH,ok,0.486897,0.04000000000000048,"F[0,20](x>=0.2 && x<=0.4)","F[0,20](x>=0.2 && x<=0.44)"
F,1,24,PH,ok,0.681312,0.03999999999999915,"F[0,24](x>=0.2 && x<=0.4)","F[0,24](x>=0.2 && x<=0.44)"
F,1,28,PH,ok,1.124438,0.03999999999999915,"F[0,28](x>=0.2 && x<=0.4)","F[0,28](x>=0.2 && x<=0.44)"
F,1,32,PH,ok,1.080573,0.03999999999999915,"F[0,32](x>=0.2 && x<=0.4)","F[0,32](x>=0.2 && x<=0.44)"
F,1,36,PH,ok,1.192533,0.03999999999999915,"F[0,36](x>=0.2 && x<=0.4)","F[0,36](x>=0.2 && x<=0.44)"
F,1,40,PH,ok,1.701262,0.04000000000000073,"F[0,40](x>=0.2 && x<=0.4)","F[0,40](x>=0.2 && x<=0.44)"
F,1,2,SD,ok,0.000315,0.006944444444444475,"F[0,2](x>=0.2 && x<=0.4)","F[0,2](x>=0.2 && x<=0.44)"
F,1,4,SD,ok,0.000374,0.0034722222222222376,"F[0,4](x>=0.2 && x<=0.4)","F[0,4](x>=0.2 && x<=0.44)"
F,1,6,SD,ok,0.000858,0.002314814814814825,"F[0,6](x>=0.2 && x<=0.4)","F[0,6](x>=0.2 && x<=0.44)"
F,1,8,SD,ok,0.000985,0.0017361111111111188,"F[0,8](x>=0.2 && x<=0.4)","F[0,8](x>=0.2 && x<=0.44)"
F,1,10,SD,ok,0.001919,0.001388888888888895,"F[0,10](x>=0.2 && x<=0.4)","F[0,10](x>=0.2 && x<=0.44)"
F,1,12,SD,ok,0.002562,0.0011574074074074125,"F[0,12](x>=0.2 && x<=0.4)","F[0,12](x>=0.2 && x<=0.44)"
F,1,16,SD,ok,0.003381,0.0008680555555555594,"F[0,16](x>=0.2 && x<=0.4)","F[0,16](x>=0.2 && x<=0.44)"
F,1,20,SD,ok,0.004545,0.0006944444444444475,"F[0,20](x>=0.2 && x<=0.4)","F[0,20](x>=0.2 && x<=0.44)"
F,1,24,SD,ok,0.006232,0.0005787037037037063,"F[0,24](x>=0.2 && x<=0.4)","F[0,24](x>=0.2 && x<=0.44)"
F,1,28,SD,ok,0.008633,0.0004960317460317483,"F[0,28](x>=0.2 && x<=0.4)","F[0,28](x>=0.2 && x<=0.44)"
F,1,32,SD,ok,0.011021,0.0004340277777777797,"F[0,32](x>=0.2 && x<=0.4)","F[0,32](x>=0.2 && x<=0.44)"
F,1,36,SD,ok,0.013660,0.0003858024691358042,"F[0,36](x>=0.2 && x<=0.4)","F[0,36](x>=0.2 && x<=0.44)"
F,1,40,SD,ok,0.016808,0.00034722222222222375,"F[0,40](x>=0.2 && x<=0.4)","F[0,40](x>=0.2 && x<=0.44)"
F,2,2,reference,ok,46.826097,0.902633678060529,"F[0,2](x>=0.2 && x<=0.4 && y>=0.2 && y<=0.4)","F[0,2](x>=0.2 && x<=0.44 && y>=0.2 && y<=0.44)"
F,2,4,reference,timeout,,,"F[0,4](x>=0.2 && x<=0.4 && y>=0.2 && y<=0.4)","F[0,4](x>=0.2 && x<=0.44 && y>=0.2 && y<=0.44)"
F,2,6,reference,skipped,,,"F[0,6](x>=0.2 && x<=0.4 && y>=0.2 && y<=0.4)","F[0,6](x>=0.2 && x<=0.44 && y>=0.2 && y<=0.44)"
F,2,8,reference,skipped,,,"F[0,8](x>=0.2 && x<=0.4 && y>=0.2 && y<=0.4)","F[0,8](x>=0.2 && x<=0.44 && y>=0.2 && y<=0.44)"
F,2,10,reference,skipped,,,"F[0,10](x>=0.2 && x<=0.4 && y>=0.2 && y<=0.4)","F[0,10](x>=0.2 && x<=0.44 && y>=0.2 && y<=0.44)"
F,2,12,reference,skipped,,,"F[0,12](x>=0.2 && x<=0.4 && y>=0.2 && y<=0.4)","F[0,12](x>=0.2 && x<=0.44 && y>=0.2 && y<=0.44)"
F,2,16,reference,skipped,,,"F[0,16](x>=0.2 && x<=0.4 && y>=0.2 && y<=0.4)","F[0,16](x>=0.2 && x<=0.44 && y>=0.2 && y<=0.44)"
F,2,20,reference,skipped,,,"F[0,20](x>=0.2 && x<=0.4 && y>=0.2 && y<=0.4)","F[0,20](x>=0.2 && x<=0.44 && y>=0.2 && y<=0.44)"
F,2,24,reference,skipped,,,"F[0,24](x>=0.2 && x<=0.4 && y>=0.2 && y<=0.4)","F[0,24](x>=0.2 && x<=0.44 && y>=0.2 && y<=0.44)"
F,2,28,reference,skipped,,,"F[0,28](x>=0.2 && x<=0.4 && y>=0.2 && y<=0.4)","F[0,28](x>=0.2 && x<=0.44 && y>=0.2 && y<=0.44)"
F,2,32,reference,skipped,,,"F[0,32](x>=0.2 && x<=0.4 && y>=0.2 && y<=0.4)","F[0,32](x>=0.2 && x<=0.44 && y>=0.2 && y<=0.44)"
F,2,36,reference,skipped,,,"F[0,36](x>=0.2 && x<=0.4 && y>=0.2 && y<=0.4)","F[0,36](x>=0.2 && x<=0.44 && y>=0.2 && y<=0.44)"
F,2,40,reference,skipped,,,"F[0,40](x>=0.2 && x<=0.4 && y>=0.2 && y<=0.4)","F[0,40](x>=0.2 && x<=0.44 && y>=0.2 && y<=0.44)"
F,2,2,tabex_fast,ok,0.011595,0.9026336780605286,"F[0,2](x>=0.2 && x<=0.4 && y>=0.2 && y<=0.4)","F[0,2](x>=0.2 && x<=0.44 && y>=0.2 && y<=0.44)"
F,2,4,tabex_fast,ok,0.046462,0.9163037738305068,"F[0,4](x>=0.2 && x<=0.4 && y>=0.2 && y<=0.4)","F[0,4](x>=0.2 && x<=0.44 && y>=0.2 && y<=0.44)"
F,2,6,tabex_fast,ok,0.292179,0.9220293588179912,"F[0,6](x>=0.2 && x<=0.4 && y>=0.2 && y<=0.4)","F[0,6](x>=0.2 && x<=0.44 && y>=0.2 && y<=0.44)"
F,2,8,tabex_fast,ok,1.259750,0.925110121944055,"F[0,8](x>=0.2 && x<=0.4 && y>=0.2 && y<=0.4)","F[0,8](x>=0.2 && x<=0.44 && y>=0.2 && y<=0.44)"
F,2,10,tabex_fast,ok,2.916370,0.9269921840709828,"F[0,10](x>=0.2 && x<=0.4 && y>=0.2 && y<=0.4)","F[0,10](x>=0.2 && x<=0.44 && y>=0.2 && y<=0.44)"
F,2,12,tabex_fast,ok,4.753409,0.9282322765301335,"F[0,12](x>=0.2 && x<=0.4 && y>=0.2 && y<=0.4)","F[0,12](x>=0.2 && x<=0.44 && y>=0.2 && y<=0.44)"
F,2,16,tabex_fast,ok,18.257082,0.9297050145748935,"F[0,16](x>=0.2 && x<=0.4 && y>=0.2 && y<=0.4)","F[0,16](x>=0.2 && x<=0.44 && y>=0.2 && y<=0.44)"
F,2,20,tabex_fast,ok,36.420988,0.9304919155545434,"F[0,20](x>=0.2 && x<=0.4 && y>=0.2 && y<=0.4)","F[0,20](x>=0.2 && x<=0.44 && y>=0.2 && y<=0.44)"
F,2,24,tabex_fast,timeout,,,"F[0,24](x>=0.2 && x<=0.4 && y>=0.2 && y<=0.4)","F[0,24](x>=0.2 && x<=0.44 && y>=0.2 && y<=0.44)"
F,2,28,tabex_fast,skipped,,,"F[0,28](x>=0.2 && x<=0.4 && y>=0.2 && y<=0.4)","F[0,28](x>=0.2 && x<=0.44 && y>=0.2 && y<=0.44)"
F,2,32,tabex_fast,skipped,,,"F[0,32](x>=0.2 && x<=0.4 && y>=0.2 && y<=0.4)","F[0,32](x>=0.2 && x<=0.44 && y>=0.2 && y<=0.44)"
F,2,36,tabex_fast,skipped,,,"F[0,36](x>=0.2 && x<=0.4 && y>=0.2 && y<=0.4)","F[0,36](x>=0.2 && x<=0.44 && y>=0.2 && y<=0.44)"
F,2,40,tabex_fast,skipped,,,"F[0,40](x>=0.2 && x<=0.4 && y>=0.2 && y<=0.4)","F[0,40](x>=0.2 && x<=0.44 && y>=0.2 && y<=0.44)"
F,2,2,PH,ok,0.265038,0.03999999999999915,"F[0,2](x>=0.2 && x<=0.4 && y>=0.2 && y<=0.4)","F[0,2](x>=0.2 && x<=0.44 && y>=0.2 && y<=0.44)"
F,2,4,PH,ok,0.552382,0.03999999999999915,"F[0,4](x>=0.2 && x<=0.4 && y>=0.2 && y<=0.4)","F[0,4](x>=0.2 && x<=0.44 && y>=0.2 && y<=0.44)"
F,2,6,PH,ok,1.108928,0.040000000000000716,"F[0,6](x>=0.2 && x<=0.4 && y>=0.2 && y<=0.4)","F[0,6](x>=0.2 && x<=0.44 && y>=0.2 && y<=0.44)"
F,2,8,PH,ok,2.400733,0.040000000000000195,"F[0,8](x>=0.2 && x<=0.4 && y>=0.2 && y<=0.4)","F[0,8](x>=0.2 && x<=0.44 && y>=0.2 && y<=0.44)"
F,2,10,PH,ok,9.337958,0.03999999999999915,"F[0,10](x>=0.2 && x<=0.4 && y>=0.2 && y<=0.4)","F[0,10](x>=0.2 && x<=0.44 && y>=0.2 && y<=0.44)"
F,2,12,PH,ok,3.816007,0.03999999999999974,"F[0,12](x>=0.2 && x<=0.4 && y>=0.2 && y<=0.4)","F[0,12](x>=0.2 && x<=0.44 && y>=0.2 && y<=0.44)"
F,2,16,PH,ok,16.608391,0.03999999999999915,"F[0,16](x>=0.2 && x<=0.4 && y>=0.2 && y<=0.4)","F[0,16](x>=0.2 && x<=0.44 && y>=0.2 && y<=0.44)"
F,2,20,PH,ok,23.857048,0.040000000000000646,"F[0,20](x>=0.2 && x<=0.4 && y>=0.2 && y<=0.4)","F[0,20](x>=0.2 && x<=0.44 && y>=0.2 && y<=0.44)"
F,2,24,PH,ok,36.147936,0.040000000000001396,"F[0,24](x>=0.2 && x<=0.4 && y>=0.2 && y<=0.4)","F[0,24](x>=0.2 && x<=0.44 && y>=0.2 && y<=0.44)"
F,2,28,PH,ok,25.450866,0.039999999999999314,"F[0,28](x>=0.2 && x<=0.4 && y>=0.2 && y<=0.4)","F[0,28](x>=0.2 && x<=0.44 && y>=0.2 && y<=0.44)"
F,2,32,PH,timeout,,,"F[0,32](x>=0.2 && x<=0.4 && y>=0.2 && y<=0.4)","F[0,32](x>=0.2 && x<=0.44 && y>=0.2 && y<=0.44)"
F,2,36,PH,skipped,,,"F[0,36](x>=0.2 && x<=0.4 && y>=0.2 && y<=0.4)","F[0,36](x>=0.2 && x<=0.44 && y>=0.2 && y<=0.44)"
F,2,40,PH,skipped,,,"F[0,40](x>=0.2 && x<=0.4 && y>=0.2 && y<=0.4)","F[0,40](x>=0.2 && x<=0.44 && y>=0.2 && y<=0.44)"
F,2,2,SD,ok,0.000380,0.01388888888888895,"F[0,2](x>=0.2 && x<=0.4 && y>=0.2 && y<=0.4)","F[0,2](x>=0.2 && x<=0.44 && y>=0.2 && y<=0.44)"
F,2,4,SD,ok,0.000932,0.006944444444444475,"F[0,4](x>=0.2 && x<=0.4 && y>=0.2 && y<=0.4)","F[0,4](x>=0.2 && x<=0.44 && y>=0.2 && y<=0.44)"
F,2,6,SD,ok,0.001581,0.00462962962962965,"F[0,6](x>=0.2 && x<=0.4 && y>=0.2 && y<=0.4)","F[0,6](x>=0.2 && x<=0.44 && y>=0.2 && y<=0.44)"
F,2,8,SD,ok,0.002356,0.0034722222222222376,"F[0,8](x>=0.2 && x<=0.4 && y>=0.2 && y<=0.4)","F[0,8](x>=0.2 && x<=0.44 && y>=0.2 && y<=0.44)"
F,2,10,SD,ok,0.002520,0.00277777777777779,"F[0,10](x>=0.2 && x<=0.4 && y>=0.2 && y<=0.4)","F[0,10](x>=0.2 && x<=0.44 && y>=0.2 && y<=0.44)"
F,2,12,SD,ok,0.003358,0.002314814814814825,"F[0,12](x>=0.2 && x<=0.4 && y>=0.2 && y<=0.4)","F[0,12](x>=0.2 && x<=0.44 && y>=0.2 && y<=0.44)"
F,2,16,SD,ok,0.005600,0.0017361111111111188,"F[0,16](x>=0.2 && x<=0.4 && y>=0.2 && y<=0.4)","F[0,16](x>=0.2 && x<=0.44 && y>=0.2 && y<=0.44)"
F,2,20,SD,ok,0.008471,0.001388888888888895,"F[0,20](x>=0.2 && x<=0.4 && y>=0.2 && y<=0.4)","F[0,20](x>=0.2 && x<=0.44 && y>=0.2 && y<=0.44)"
F,2,24,SD,ok,0.012064,0.0011574074074074125,"F[0,24](x>=0.2 && x<=0.4 && y>=0.2 && y<=0.4)","F[0,24](x>=0.2 && x<=0.44 && y>=0.2 && y<=0.44)"
F,2,28,SD,ok,0.016105,0.0009920634920634966,"F[0,28](x>=0.2 && x<=0.4 && y>=0.2 && y<=0.4)","F[0,28](x>=0.2 && x<=0.44 && y>=0.2 && y<=0.44)"
F,2,32,SD,ok,0.020940,0.0008680555555555594,"F[0,32](x>=0.2 && x<=0.4 && y>=0.2 && y<=0.4)","F[0,32](x>=0.2 && x<=0.44 && y>=0.2 && y<=0.44)"
F,2,36,SD,ok,0.027048,0.0007716049382716084,"F[0,36](x>=0.2 && x<=0.4 && y>=0.2 && y<=0.4)","F[0,36](x>=0.2 && x<=0.44 && y>=0.2 && y<=0.44)"
F,2,40,SD,ok,0.032309,0.0006944444444444475,"F[0,40](x>=0.2 && x<=0.4 && y>=0.2 && y<=0.4)","F[0,40](x>=0.2 && x<=0.44 && y>=0.2 && y<=0.44)"
F,3,2,reference,timeout,,,"F[0,2](x>=0.2 && x<=0.4 && y>=0.2 && y<=0.4 && z>=0.2 && z<=0.4)","F[0,2](x>=0.2 && x<=0.44 && y>=0.2 && y<=0.44 && z>=0.2 && z<=0.44)"
F,3,4,reference,skipped,,,"F[0,4](x>=0.2 && x<=0.4 && y>=0.2 && y<=0.4 && z>=0.2 && z<=0.4)","F[0,4](x>=0.2 && x<=0.44 && y>=0.2 && y<=0.44 && z>=0.2 && z<=0.44)"
F,3,6,reference,skipped,,,"F[0,6](x>=0.2 && x<=0.4 && y>=0.2 && y<=0.4 && z>=0.2 && z<=0.4)","F[0,6](x>=0.2 && x<=0.44 && y>=0.2 && y<=0.44 && z>=0.2 && z<=0.44)"
F,3,8,reference,skipped,,,"F[0,8](x>=0.2 && x<=0.4 && y>=0.2 && y<=0.4 && z>=0.2 && z<=0.4)","F[0,8](x>=0.2 && x<=0.44 && y>=0.2 && y<=0.44 && z>=0.2 && z<=0.44)"
F,3,10,reference,skipped,,,"F[0,10](x>=0.2 && x<=0.4 && y>=0.2 && y<=0.4 && z>=0.2 && z<=0.4)","F[0,10](x>=0.2 && x<=0.44 && y>=0.2 && y<=0.44 && z>=0.2 && z<=0.44)"
F,3,12,reference,skipped,,,"F[0,12](x>=0.2 && x<=0.4 && y>=0.2 && y<=0.4 && z>=0.2 && z<=0.4)","F[0,12](x>=0.2 && x<=0.44 && y>=0.2 && y<=0.44 && z>=0.2 && z<=0.44)"
F,3,16,reference,skipped,,,"F[0,16](x>=0.2 && x<=0.4 && y>=0.2 && y<=0.4 && z>=0.2 && z<=0.4)","F[0,16](x>=0.2 && x<=0.44 && y>=0.2 && y<=0.44 && z>=0.2 && z<=0.44)"
F,3,20,reference,skipped,,,"F[0,20](x>=0.2 && x<=0.4 && y>=0.2 && y<=0.4 && z>=0.2 && z<=0.4)","F[0,20](x>=0.2 && x<=0.44 && y>=0.2 && y<=0.44 && z>=0.2 && z<=0.44)"
F,3,24,reference,skipped,,,"F[0,24](x>=0.2 && x<=0.4 && y>=0.2 && y<=0.4 && z>=0.2 && z<=0.4)","F[0,24](x>=0.2 && x<=0.44 && y>=0.2 && y<=0.44 && z>=0.2 && z<=0.44)"
F,3,28,reference,skipped,,,"F[0,28](x>=0.2 && x<=0.4 && y>=0.2 && y<=0.4 && z>=0.2 && z<=0.4)","F[0,28](x>=0.2 && x<=0.44 && y>=0.2 && y<=0.44 && z>=0.2 && z<=0.44)"
F,3,32,reference,skipped,,,"F[0,32](x>=0.2 && x<=0.4 && y>=0.2 && y<=0.4 && z>=0.2 && z<=0.4)","F[0,32](x>=0.2 && x<=0.44 && y>=0.2 && y<=0.44 && z>=0.2 && z<=0.44)"
F,3,36,reference,skipped,,,"F[0,36](x>=0.2 && x<=0.4 && y>=0.2 && y<=0.4 && z>=0.2 && z<=0.4)","F[0,36](x>=0.2 && x<=0.44 && y>=0.2 && y<=0.44 && z>=0.2 && z<=0.44)"
F,3,40,reference,skipped,,,"F[0,40](x>=0.2 && x<=0.4 && y>=0.2 && y<=0.4 && z>=0.2 && z<=0.4)","F[0,40](x>=0.2 && x<=0.44 && y>=0.2 && y<=0.44 && z>=0.2 && z<=0.44)"
F,3,2,tabex_fast,ok,0.024232,0.9000874876226777,"F[0,2](x>=0.2 && x<=0.4 && y>=0.2 && y<=0.4 && z>=0.2 && z<=0.4)","F[0,2](x>=0.2 && x<=0.44 && y>=0.2 && y<=0.44 && z>=0.2 && z<=0.44)"
F,3,4,tabex_fast,ok,0.365552,0.9134197379216912,"F[0,4](x>=0.2 && x<=0.4 && y>=0.2 && y<=0.4 && z>=0.2 && z<=0.4)","F[0,4](x>=0.2 && x<=0.44 && y>=0.2 && y<=0.44 && z>=0.2 && z<=0.44)"
F,3,6,tabex_fast,ok,2.708243,0.9191200209022145,"F[0,6](x>=0.2 && x<=0.4 && y>=0.2 && y<=0.4 && z>=0.2 && z<=0.4)","F[0,6](x>=0.2 && x<=0.44 && y>=0.2 && y<=0.44 && z>=0.2 && z<=0.44)"
F,3,8,tabex_fast,ok,9.517455,0.9222763506661809,"F[0,8](x>=0.2 && x<=0.4 && y>=0.2 && y<=0.4 && z>=0.2 && z<=0.4)","F[0,8](x>=0.2 && x<=0.44 && y>=0.2 && y<=0.44 && z>=0.2 && z<=0.44)"
F,3,10,tabex_fast,ok,22.497960,0.9242763770261988,"F[0,10](x>=0.2 && x<=0.4 && y>=0.2 && y<=0.4 && z>=0.2 && z<=0.4)","F[0,10](x>=0.2 && x<=0.44 && y>=0.2 && y<=0.44 && z>=0.2 && z<=0.44)"
F,3,12,tabex_fast,ok,41.860289,0.9256538194416254,"F[0,12](x>=0.2 && x<=0.4 && y>=0.2 && y<=0.4 && z>=0.2 && z<=0.4)","F[0,12](x>=0.2 && x<=0.44 && y>=0.2 && y<=0.44 && z>=0.2 && z<=0.44)"
F,3,16,tabex_fast,timeout,,,"F[0,16](x>=0.2 && x<=0.4 && y>=0.2 && y<=0.4 && z>=0.2 && z<=0.4)","F[0,16](x>=0.2 && x<=0.44 && y>=0.2 && y<=0.44 && z>=0.2 && z<=0.44)"
F,3,20,tabex_fast,skipped,,,"F[0,20](x>=0.2 && x<=0.4 && y>=0.2 && y<=0.4 && z>=0.2 && z<=0.4)","F[0,20](x>=0.2 && x<=0.44 && y>=0.2 && y<=0.44 && z>=0.2 && z<=0.44)"
F,3,24,tabex_fast,skipped,,,"F[0,24](x>=0.2 && x<=0.4 && y>=0.2 && y<=0.4 && z>=0.2 && z<=0.4)","F[0,24](x>=0.2 && x<=0.44 && y>=0.2 && y<=0.44 && z>=0.2 && z<=0.44)"
F,3,28,tabex_fast,skipped,,,"F[0,28](x>=0.2 && x<=0.4 && y>=0.2 && y<=0.4 && z>=0.2 && z<=0.4)","F[0,28](x>=0.2 && x<=0.44 && y>=0.2 && y<=0.44 && z>=0.2 && z<=0.44)"
F,3,32,tabex_fast,skipped,,,"F[0,32](x>=0.2 && x<=0.4 && y>=0.2 && y<=0.4 && z>=0.2 && z<=0.4)","F[0,32](x>=0.2 && x<=0.44 && y>=0.2 && y<=0.44 && z>=0.2 && z<=0.44)"
F,3,36,tabex_fast,skipped,,,"F[0,36](x>=0.2 && x<=0.4 && y>=0.2 && y<=0.4 && z>=0.2 && z<=0.4)","F[0,36](x>=0.2 && x<=0.44 && y>=0.2 && y<=0.44 && z>=0.2 && z<=0.44)"
F,3,40,tabex_fast,skipped,,,"F[0,40](x>=0.2 && x<=0.4 && y>=0.2 && y<=0.4 && z>=0.2 && z<=0.4)","F[0,40](x>=0.2 && x<=0.44 && y>=0.2 && y<=0.44 && z>=0.2 && z<=0.44)"
F,3,2,PH,ok,0.674992,0.03999999999999915,"F[0,2](x>=0.2 && x<=0.4 && y>=0.2 && y<=0.4 && z>=0.2 && z<=0.4)","F[0,2](x>=0.2 && x<=0.44 && y>=0.2 && y<=0.44 && z>=0.2 && z<=0.44)"
F,3,4,PH,ok,1.748921,0.04000000000000052,"F[0,4](x>=0.2 && x<=0.4 && y>=0.2 && y<=0.4 && z>=0.2 && z<=0.4)","F[0,4](x>=0.2 && x<=0.44 && y>=0.2 && y<=0.44 && z>=0.2 && z<=0.44)"
F,3,6,PH,ok,6.151265,0.04000000000000105,"F[0,6](x>=0.2 && x<=0.4 && y>=0.2 && y<=0.4 && z>=0.2 && z<=0.4)","F[0,6](x>=0.2 && x<=0.44 && y>=0.2 && y<=0.44 && z>=0.2 && z<=0.44)"
F,3,8,PH,ok,16.663225,0.04000000000001197,"F[0,8](x>=0.2 && x<=0.4 && y>=0.2 && y<=0.4 && z>=0.2 && z<=0.4)","F[0,8](x>=0.2 && x<=0.44 && y>=0.2 && y<=0.44 && z>=0.2 && z<=0.44)"
F,3,10,PH,ok,25.358452,0.0399999999999999,"F[0,10](x>=0.2 && x<=0.4 && y>=0.2 && y<=0.4 && z>=0.2 && z<=0.4)","F[0,10](x>=0.2 && x<=0.44 && y>=0.2 && y<=0.44 && z>=0.2 && z<=0.44)"
F,3,12,PH,ok,24.342963,0.04000000000002404,"F[0,12](x>=0.2 && x<=0.4 && y>=0.2 && y<=0.4 && z>=0.2 && z<=0.4)","F[0,12](x>=0.2 && x<=0.44 && y>=0.2 && y<=0.44 && z>=0.2 && z<=0.44)"
F,3,16,PH,timeout,,,"F[0,16](x>=0.2 && x<=0.4 && y>=0.2 && y<=0.4 && z>=0.2 && z<=0.4)","F[0,16](x>=0.2 && x<=0.44 && y>=0.2 && y<=0.44 && z>=0.2 && z<=0.44)"
F,3,20,PH,skipped,,,"F[0,20](x>=0.2 && x<=0.4 && y>=0.2 && y<=0.4 && z>=0.2 && z<=0.4)","F[0,20](x>=0.2 && x<=0.44 && y>=0.2 && y<=0.44 && z>=0.2 && z<=0.44)"
F,3,24,PH,skipped,,,"F[0,24](x>=0.2 && x<=0.4 && y>=0.2 && y<=0.4 && z>=0.2 && z<=0.4)","F[0,24](x>=0.2 && x<=0.44 && y>=0.2 && y<=0.44 && z>=0.2 && z<=0.44)"
F,3,28,PH,skipped,,,"F[0,28](x>=0.2 && x<=0.4 && y>=0.2 && y<=0.4 && z>=0.2 && z<=0.4)","F[0,28](x>=0.2 && x<=0.44 && y>=0.2 && y<=0.44 && z>=0.2 && z<=0.44)"
F,3,32,PH,skipped,,,"F[0,32](x>=0.2 && x<=0.4 && y>=0.2 && y<=0.4 && z>=0.2 && z<=0.4)","F[0,32](x>=0.2 && x<=0.44 && y>=0.2 && y<=0.44 && z>=0.2 && z<=0.44)"
F,3,36,PH,skipped,,,"F[0,36](x>=0.2 && x<=0.4 && y>=0.2 && y<=0.4 && z>=0.2 && z<=0.4)","F[0,36](x>=0.2 && x<=0.44 && y>=0.2 && y<=0.44 && z>=0.2 && z<=0.44)"
F,3,40,PH,skipped,,,"F[0,40](x>=0.2 && x<=0.4 && y>=0.2 && y<=0.4 && z>=0.2 && z<=0.4)","F[0,40](x>=0.2 && x<=0.44 && y>=0.2 && y<=0.44 && z>=0.2 && z<=0.44)"
F,3,2,SD,ok,0.000741,0.020833333333333426,"F[0,2](x>=0.2 && x<=0.4 && y>=0.2 && y<=0.4 && z>=0.2 && z<=0.4)","F[0,2](x>=0.2 && x<=0.44 && y>=0.2 && y<=0.44 && z>=0.2 && z<=0.44)"
F,3,4,SD,ok,0.001331,0.010416666666666713,"F[0,4](x>=0.2 && x<=0.4 && y>=0.2 && y<=0.4 && z>=0.2 && z<=0.4)","F[0,4](x>=0.2 && x<=0.44 && y>=0.2 && y<=0.44 && z>=0.2 && z<=0.44)"
F,3,6,SD,ok,0.001534,0.006944444444444475,"F[0,6](x>=0.2 && x<=0.4 && y>=0.2 && y<=0.4 && z>=0.2 && z<=0.4)","F[0,6](x>=0.2 && x<=0.44 && y>=0.2 && y<=0.44 && z>=0.2 && z<=0.44)"
F,3,8,SD,ok,0.002385,0.0052083333333333565,"F[0,8](x>=0.2 && x<=0.4 && y>=0.2 && y<=0.4 && z>=0.2 && z<=0.4)","F[0,8](x>=0.2 && x<=0.44 && y>=0.2 && y<=0.44 && z>=0.2 && z<=0.44)"
F,3,10,SD,ok,0.003496,0.004166666666666685,"F[0,10](x>=0.2 && x<=0.4 && y>=0.2 && y<=0.4 && z>=0.2 && z<=0.4)","F[0,10](x>=0.2 && x<=0.44 && y>=0.2 && y<=0.44 && z>=0.2 && z<=0.44)"
F,3,12,SD,ok,0.004872,0.0034722222222222376,"F[0,12](x>=0.2 && x<=0.4 && y>=0.2 && y<=0.4 && z>=0.2 && z<=0.4)","F[0,12](x>=0.2 && x<=0.44 && y>=0.2 && y<=0.44 && z>=0.2 && z<=0.44)"
F,3,16,SD,ok,0.008284,0.0026041666666666782,"F[0,16](x>=0.2 && x<=0.4 && y>=0.2 && y<=0.4 && z>=0.2 && z<=0.4)","F[0,16](x>=0.2 && x<=0.44 && y>=0.2 && y<=0.44 && z>=0.2 && z<=0.44)"
F,3,20,SD,ok,0.012691,0.0020833333333333424,"F[0,20](x>=0.2 && x<=0.4 && y>=0.2 && y<=0.4 && z>=0.2 && z<=0.4)","F[0,20](x>=0.2 && x<=0.44 && y>=0.2 && y<=0.44 && z>=0.2 && z<=0.44)"
F,3,24,SD,ok,0.017662,0.0017361111111111188,"F[0,24](x>=0.2 && x<=0.4 && y>=0.2 && y<=0.4 && z>=0.2 && z<=0.4)","F[0,24](x>=0.2 && x<=0.44 && y>=0.2 && y<=0.44 && z>=0.2 && z<=0.44)"
F,3,28,SD,ok,0.023863,0.0014880952380952447,"F[0,28](x>=0.2 && x<=0.4 && y>=0.2 && y<=0.4 && z>=0.2 && z<=0.4)","F[0,28](x>=0.2 && x<=0.44 && y>=0.2 && y<=0.44 && z>=0.2 && z<=0.44)"
F,3,32,SD,ok,0.031229,0.0013020833333333391,"F[0,32](x>=0.2 && x<=0.4 && y>=0.2 && y<=0.4 && z>=0.2 && z<=0.4)","F[0,32](x>=0.2 && x<=0.44 && y>=0.2 && y<=0.44 && z>=0.2 && z<=0.44)"
F,3,36,SD,ok,0.039203,0.0011574074074074125,"F[0,36](x>=0.2 && x<=0.4 && y>=0.2 && y<=0.4 && z>=0.2 && z<=0.4)","F[0,36](x>=0.2 && x<=0.44 && y>=0.2 && y<=0.44 && z>=0.2 && z<=0.44)"
F,3,40,SD,ok,0.048010,0.0010416666666666712,"F[0,40](x>=0.2 && x<=0.4 && y>=0.2 && y<=0.4 && z>=0.2 && z<=0.4)","F[0,40](x>=0.2 && x<=0.44 && y>=0.2 && y<=0.44 && z>=0.2 && z<=0.44)"
F,4,2,reference,timeout,,,"F[0,2](x>=0.2 && x<=0.4 && y>=0.2 && y<=0.4 && z>=0.2 && z<=0.4 && w>=0.2 && w<=0.4)","F[0,2](x>=0.2 && x<=0.44 && y>=0.2 && y<=0.44 && z>=0.2 && z<=0.44 && w>=0.2 && w<=0.44)"
F,4,4,reference,skipped,,,"F[0,4](x>=0.2 && x<=0.4 && y>=0.2 && y<=0.4 && z>=0.2 && z<=0.4 && w>=0.2 && w<=0.4)","F[0,4](x>=0.2 && x<=0.44 && y>=0.2 && y<=0.44 && z>=0.2 && z<=0.44 && w>=0.2 && w<=0.44)"
F,4,6,reference,skipped,,,"F[0,6](x>=0.2 && x<=0.4 && y>=0.2 && y<=0.4 && z>=0.2 && z<=0.4 && w>=0.2 && w<=0.4)","F[0,6](x>=0.2 && x<=0.44 && y>=0.2 && y<=0.44 && z>=0.2 && z<=0.44 && w>=0.2 && w<=0.44)"
F,4,8,reference,skipped,,,"F[0,8](x>=0.2 && x<=0.4 && y>=0.2 && y<=0.4 && z>=0.2 && z<=0.4 && w>=0.2 && w<=0.4)","F[0,8](x>=0.2 && x<=0.44 && y>=0.2 && y<=0.44 && z>=0.2 && z<=0.44 && w>=0.2 && w<=0.44)"
F,4,10,reference,skipped,,,"F[0,10](x>=0.2 && x<=0.4 && y>=0.2 && y<=0.4 && z>=0.2 && z<=0.4 && w>=0.2 && w<=0.4)","F[0,10](x>=0.2 && x<=0.44 && y>=0.2 && y<=0.44 && z>=0.2 && z<=0.44 && w>=0.2 && w<=0.44)"
F,4,12,reference,skipped,,,"F[0,12](x>=0.2 && x<=0.4 && y>=0.2 && y<=0.4 && z>=0.2 && z<=0.4 && w>=0.2 && w<=0.4)","F[0,12](x>=0.2 && x<=0.44 && y>=0.2 && y<=0.44 && z>=0.2 && z<=0.44 && w>=0.2 && w<=0.44)"
F,4,16,reference,skipped,,,"F[0,16](x>=0.2 && x<=0.4 && y>=0.2 && y<=0.4 && z>=0.2 && z<=0.4 && w>=0.2 && w<=0.4)","F[0,16](x>=0.2 && x<=0.44 && y>=0.2 && y<=0.44 && z>=0.2 && z<=0.44 && w>=0.2 && w<=0.44)"
F,4,20,reference,skipped,,,"F[0,20](x>=0.2 && x<=0.4 && y>=0.2 && y<=0.4 && z>=0.2 && z<=0.4 && w>=0.2 && w<=0.4)","F[0,20](x>=0.2 && x<=0.44 && y>=0.2 && y<=0.44 && z>=0.2 && z<=0.44 && w>=0.2 && w<=0.44)"
F,4,24,reference,skipped,,,"F[0,24](x>=0.2 && x<=0.4 && y>=0.2 && y<=0.4 && z>=0.2 && z<=0.4 && w>=0.2 && w<=0.4)","F[0,24](x>=0.2 && x<=0.44 && y>=0.2 && y<=0.44 && z>=0.2 && z<=0.44 && w>=0.2 && w<=0.44)"
F,4,28,reference,skipped,,,"F[0,28](x>=0.2 && x<=0.4 && y>=0.2 && y<=0.4 && z>=0.2 && z<=0.4 && w>=0.2 && w<=0.4)","F[0,28](x>=0.2 && x<=0.44 && y>=0.2 && y<=0.44 && z>=0.2 && z<=0.44 && w>=0.2 && w<=0.44)"
F,4,32,reference,skipped,,,"F[0,32](x>=0.2 && x<=0.4 && y>=0.2 && y<=0.4 && z>=0.2 && z<=0.4 && w>=0.2 && w<=0.4)","F[0,32](x>=0.2 && x<=0.44 && y>=0.2 && y<=0.44 && z>=0.2 && z<=0.44 && w>=0.2 && w<=0.44)"
F,4,36,reference,skipped,,,"F[0,36](x>=0.2 && x<=0.4 && y>=0.2 && y<=0.4 && z>=0.2 && z<=0.4 && w>=0.2 && w<=0.4)","F[0,36](x>=0.2 && x<=0.44 && y>=0.2 && y<=0.44 && z>=0.2 && z<=0.44 && w>=0.2 && w<=0.44)"
F,4,40,reference,skipped,,,"F[0,40](x>=0.2 && x<=0.4 && y>=0.2 && y<=0.4 && z>=0.2 && z<=0.4 && w>=0.2 && w<=0.4)","F[0,40](x>=0.2 && x<=0.44 && y>=0.2 && y<=0.44 && z>=0.2 && z<=0.44 && w>=0.2 && w<=0.44)"
F,4,2,tabex_fast,ok,0.076538,0.8992651930093907,"F[0,2](x>=0.2 && x<=0.4 && y>=0.2 && y<=0.4 && z>=0.2 && z<=0.4 && w>=0.2 && w<=0.4)","F[0,2](x>=0.2 && x<=0.44 && y>=0.2 && y<=0.44 && z>=0.2 && z<=0.44 && w>=0.2 && w<=0.44)"
F,4,4,tabex_fast,ok,2.694486,0.9124499468590243,"F[0,4](x>=0.2 && x<=0.4 && y>=0.2 && y<=0.4 && z>=0.2 && z<=0.4 && w>=0.2 && w<=0.4)","F[0,4](x>=0.2 && x<=0.44 && y>=0.2 && y<=0.44 && z>=0.2 && z<=0.44 && w>=0.2 && w<=0.44)"
F,4,6,tabex_fast,ok,15.534831,0.9180991026197722,"F[0,6](x>=0.2 && x<=0.4 && y>=0.2 && y<=0.4 && z>=0.2 && z<=0.4 && w>=0.2 && w<=0.4)","F[0,6](x>=0.2 && x<=0.44 && y>=0.2 && y<=0.44 && z>=0.2 && z<=0.44 && w>=0.2 && w<=0.44)"
F,4,8,tabex_fast,ok,43.434285,0.9212363927693209,"F[0,8](x>=0.2 && x<=0.4 && y>=0.2 && y<=0.4 && z>=0.2 && z<=0.4 && w>=0.2 && w<=0.4)","F[0,8](x>=0.2 && x<=0.44 && y>=0.2 && y<=0.44 && z>=0.2 && z<=0.44 && w>=0.2 && w<=0.44)"
F,4,10,tabex_fast,timeout,,,"F[0,10](x>=0.2 && x<=0.4 && y>=0.2 && y<=0.4 && z>=0.2 && z<=0.4 && w>=0.2 && w<=0.4)","F[0,10](x>=0.2 && x<=0.44 && y>=0.2 && y<=0.44 && z>=0.2 && z<=0.44 && w>=0.2 && w<=0.44)"
F,4,12,tabex_fast,skipped,,,"F[0,12](x>=0.2 && x<=0.4 && y>=0.2 && y<=0.4 && z>=0.2 && z<=0.4 && w>=0.2 && w<=0.4)","F[0,12](x>=0.2 && x<=0.44 && y>=0.2 && y<=0.44 && z>=0.2 && z<=0.44 && w>=0.2 && w<=0.44)"
F,4,16,tabex_fast,skipped,,,"F[0,16](x>=0.2 && x<=0.4 && y>=0.2 && y<=0.4 && z>=0.2 && z<=0.4 && w>=0.2 && w<=0.4)","F[0,16](x>=0.2 && x<=0.44 && y>=0.2 && y<=0.44 && z>=0.2 && z<=0.44 && w>=0.2 && w<=0.44)"
F,4,20,tabex_fast,skipped,,,"F[0,20](x>=0.2 && x<=0.4 && y>=0.2 && y<=0.4 && z>=0.2 && z<=0.4 && w>=0.2 && w<=0.4)","F[0,20](x>=0.2 && x<=0.44 && y>=0.2 && y<=0.44 && z>=0.2 && z<=0.44 && w>=0.2 && w<=0.44)"
F,4,24,tabex_fast,skipped,,,"F[0,24](x>=0.2 && x<=0.4 && y>=0.2 && y<=0.4 && z>=0.2 && z<=0.4 && w>=0.2 && w<=0.4)","F[0,24](x>=0.2 && x<=0.44 && y>=0.2 && y<=0.44 && z>=0.2 && z<=0.44 && w>=0.2 && w<=0.44)"
F,4,28,tabex_fast,skipped,,,"F[0,28](x>=0.2 && x<=0.4 && y>=0.2 && y<=0.4 && z>=0.2 && z<=0.4 && w>=0.2 && w<=0.4)","F[0,28](x>=0.2 && x<=0.44 && y>=0.2 && y<=0.44 && z>=0.2 && z<=0.44 && w>=0.2 && w<=0.44)"
F,4,32,tabex_fast,skipped,,,"F[0,32](x>=0.2 && x<=0.4 && y>=0.2 && y<=0.4 && z>=0.2 && z<=0.4 && w>=0.2 && w<=0.4)","F[0,32](x>=0.2 && x<=0.44 && y>=0.2 && y<=0.44 && z>=0.2 && z<=0.44 && w>=0.2 && w<=0.44)"
F,4,36,tabex_fast,skipped,,,"F[0,36](x>=0.2 && x<=0.4 && y>=0.2 && y<=0.4 && z>=0.2 && z<=0.4 && w>=0.2 && w<=0.4)","F[0,36](x>=0.2 && x<=0.44 && y>=0.2 && y<=0.44 && z>=0.2 && z<=0.44 && w>=0.2 && w<=0.44)"
F,4,40,tabex_fast,skipped,,,"F[0,40](x>=0.2 && x<=0.4 && y>=0.2 && y<=0.4 && z>=0.2 && z<=0.4 && w>=0.2 && w<=0.4)","F[0,40](x>=0.2 && x<=0.44 && y>=0.2 && y<=0.44 && z>=0.2 && z<=0.44 && w>=0.2 && w<=0.44)"
F,4,2,PH,ok,0.614045,0.03999999999999915,"F[0,2](x>=0.2 && x<=0.4 && y>=0.2 && y<=0.4 && z>=0.2 && z<=0.4 && w>=0.2 && w<=0.4)","F[0,2](x>=0.2 && x<=0.44 && y>=0.2 && y<=0.44 && z>=0.2 && z<=0.44 && w>=0.2 && w<=0.44)"
F,4,4,PH,ok,4.159830,0.03999999999999949,"F[0,4](x>=0.2 && x<=0.4 && y>=0.2 && y<=0.4 && z>=0.2 && z<=0.4 && w>=0.2 && w<=0.4)","F[0,4](x>=0.2 && x<=0.44 && y>=0.2 && y<=0.44 && z>=0.2 && z<=0.44 && w>=0.2 && w<=0.44)"
F,4,6,PH,ok,15.800404,0.039999999999999584,"F[0,6](x>=0.2 && x<=0.4 && y>=0.2 && y<=0.4 && z>=0.2 && z<=0.4 && w>=0.2 && w<=0.4)","F[0,6](x>=0.2 && x<=0.44 && y>=0.2 && y<=0.44 && z>=0.2 && z<=0.44 && w>=0.2 && w<=0.44)"
F,4,8,PH,ok,39.090713,0.04000000000000237,"F[0,8](x>=0.2 && x<=0.4 && y>=0.2 && y<=0.4 && z>=0.2 && z<=0.4 && w>=0.2 && w<=0.4)","F[0,8](x>=0.2 && x<=0.44 && y>=0.2 && y<=0.44 && z>=0.2 && z<=0.44 && w>=0.2 && w<=0.44)"
F,4,10,PH,timeout,,,"F[0,10](x>=0.2 && x<=0.4 && y>=0.2 && y<=0.4 && z>=0.2 && z<=0.4 && w>=0.2 && w<=0.4)","F[0,10](x>=0.2 && x<=0.44 && y>=0.2 && y<=0.44 && z>=0.2 && z<=0.44 && w>=0.2 && w<=0.44)"
F,4,12,PH,skipped,,,"F[0,12](x>=0.2 && x<=0.4 && y>=0.2 && y<=0.4 && z>=0.2 && z<=0.4 && w>=0.2 && w<=0.4)","F[0,12](x>=0.2 && x<=0.44 && y>=0.2 && y<=0.44 && z>=0.2 && z<=0.44 && w>=0.2 && w<=0.44)"
F,4,16,PH,skipped,,,"F[0,16](x>=0.2 && x<=0.4 && y>=0.2 && y<=0.4 && z>=0.2 && z<=0.4 && w>=0.2 && w<=0.4)","F[0,16](x>=0.2 && x<=0.44 && y>=0.2 && y<=0.44 && z>=0.2 && z<=0.44 && w>=0.2 && w<=0.44)"
F,4,20,PH,skipped,,,"F[0,20](x>=0.2 && x<=0.4 && y>=0.2 && y<=0.4 && z>=0.2 && z<=0.4 && w>=0.2 && w<=0.4)","F[0,20](x>=0.2 && x<=0.44 && y>=0.2 && y<=0.44 && z>=0.2 && z<=0.44 && w>=0.2 && w<=0.44)"
F,4,24,PH,skipped,,,"F[0,24](x>=0.2 && x<=0.4 && y>=0.2 && y<=0.4 && z>=0.2 && z<=0.4 && w>=0.2 && w<=0.4)","F[0,24](x>=0.2 && x<=0.44 && y>=0.2 && y<=0.44 && z>=0.2 && z<=0.44 && w>=0.2 && w<=0.44)"
F,4,28,PH,skipped,,,"F[0,28](x>=0.2 && x<=0.4 && y>=0.2 && y<=0.4 && z>=0.2 && z<=0.4 && w>=0.2 && w<=0.4)","F[0,28](x>=0.2 && x<=0.44 && y>=0.2 && y<=0.44 && z>=0.2 && z<=0.44 && w>=0.2 && w<=0.44)"
F,4,32,PH,skipped,,,"F[0,32](x>=0.2 && x<=0.4 && y>=0.2 && y<=0.4 && z>=0.2 && z<=0.4 && w>=0.2 && w<=0.4)","F[0,32](x>=0.2 && x<=0.44 && y>=0.2 && y<=0.44 && z>=0.2 && z<=0.44 && w>=0.2 && w<=0.44)"
F,4,36,PH,skipped,,,"F[0,36](x>=0.2 && x<=0.4 && y>=0.2 && y<=0.4 && z>=0.2 && z<=0.4 && w>=0.2 && w<=0.4)","F[0,36](x>=0.2 && x<=0.44 && y>=0.2 && y<=0.44 && z>=0.2 && z<=0.44 && w>=0.2 && w<=0.44)"
F,4,40,PH,skipped,,,"F[0,40](x>=0.2 && x<=0.4 && y>=0.2 && y<=0.4 && z>=0.2 && z<=0.4 && w>=0.2 && w<=0.4)","F[0,40](x>=0.2 && x<=0.44 && y>=0.2 && y<=0.44 && z>=0.2 && z<=0.44 && w>=0.2 && w<=0.44)"
F,4,2,SD,ok,0.000672,0.0277777777777779,"F[0,2](x>=0.2 && x<=0.4 && y>=0.2 && y<=0.4 && z>=0.2 && z<=0.4 && w>=0.2 && w<=0.4)","F[0,2](x>=0.2 && x<=0.44 && y>=0.2 && y<=0.44 && z>=0.2 && z<=0.44 && w>=0.2 && w<=0.44)"
F,4,4,SD,ok,0.001725,0.01388888888888895,"F[0,4](x>=0.2 && x<=0.4 && y>=0.2 && y<=0.4 && z>=0.2 && z<=0.4 && w>=0.2 && w<=0.4)","F[0,4](x>=0.2 && x<=0.44 && y>=0.2 && y<=0.44 && z>=0.2 && z<=0.44 && w>=0.2 && w<=0.44)"
F,4,6,SD,ok,0.002961,0.0092592592592593,"F[0,6](x>=0.2 && x<=0.4 && y>=0.2 && y<=0.4 && z>=0.2 && z<=0.4 && w>=0.2 && w<=0.4)","F[0,6](x>=0.2 && x<=0.44 && y>=0.2 && y<=0.44 && z>=0.2 && z<=0.44 && w>=0.2 && w<=0.44)"
F,4,8,SD,ok,0.003180,0.006944444444444475,"F[0,8](x>=0.2 && x<=0.4 && y>=0.2 && y<=0.4 && z>=0.2 && z<=0.4 && w>=0.2 && w<=0.4)","F[0,8](x>=0.2 && x<=0.44 && y>=0.2 && y<=0.44 && z>=0.2 && z<=0.44 && w>=0.2 && w<=0.44)"
F,4,10,SD,ok,0.004644,0.00555555555555558,"F[0,10](x>=0.2 && x<=0.4 && y>=0.2 && y<=0.4 && z>=0.2 && z<=0.4 && w>=0.2 && w<=0.4)","F[0,10](x>=0.2 && x<=0.44 && y>=0.2 && y<=0.44 && z>=0.2 && z<=0.44 && w>=0.2 && w<=0.44)"
F,4,12,SD,ok,0.006413,0.00462962962962965,"F[0,12](x>=0.2 && x<=0.4 && y>=0.2 && y<=0.4 && z>=0.2 && z<=0.4 && w>=0.2 && w<=0.4)","F[0,12](x>=0.2 && x<=0.44 && y>=0.2 && y<=0.44 && z>=0.2 && z<=0.44 && w>=0.2 && w<=0.44)"
F,4,16,SD,ok,0.011499,0.0034722222222222376,"F[0,16](x>=0.2 && x<=0.4 && y>=0.2 && y<=0.4 && z>=0.2 && z<=0.4 && w>=0.2 && w<=0.4)","F[0,16](x>=0.2 && x<=0.44 && y>=0.2 && y<=0.44 && z>=0.2 && z<=0.44 && w>=0.2 && w<=0.44)"
F,4,20,SD,ok,0.016752,0.00277777777777779,"F[0,20](x>=0.2 && x<=0.4 && y>=0.2 && y<=0.4 && z>=0.2 && z<=0.4 && w>=0.2 && w<=0.4)","F[0,20](x>=0.2 && x<=0.44 && y>=0.2 && y<=0.44 && z>=0.2 && z<=0.44 && w>=0.2 && w<=0.44)"
F,4,24,SD,ok,0.023580,0.002314814814814825,"F[0,24](x>=0.2 && x<=0.4 && y>=0.2 && y<=0.4 && z>=0.2 && z<=0.4 && w>=0.2 && w<=0.4)","F[0,24](x>=0.2 && x<=0.44 && y>=0.2 && y<=0.44 && z>=0.2 && z<=0.44 && w>=0.2 && w<=0.44)"
F,4,28,SD,ok,0.031663,0.001984126984126993,"F[0,28](x>=0.2 && x<=0.4 && y>=0.2 && y<=0.4 && z>=0.2 && z<=0.4 && w>=0.2 && w<=0.4)","F[0,28](x>=0.2 && x<=0.44 && y>=0.2 && y<=0.44 && z>=0.2 && z<=0.44 && w>=0.2 && w<=0.44)"
F,4,32,SD,ok,0.042184,0.0017361111111111188,"F[0,32](x>=0.2 && x<=0.4 && y>=0.2 && y<=0.4 && z>=0.2 && z<=0.4 && w>=0.2 && w<=0.4)","F[0,32](x>=0.2 && x<=0.44 && y>=0.2 && y<=0.44 && z>=0.2 && z<=0.44 && w>=0.2 && w<=0.44)"
F,4,36,SD,ok,0.051927,0.0015432098765432167,"F[0,36](x>=0.2 && x<=0.4 && y>=0.2 && y<=0.4 && z>=0.2 && z<=0.4 && w>=0.2 && w<=0.4)","F[0,36](x>=0.2 && x<=0.44 && y>=0.2 && y<=0.44 && z>=0.2 && z<=0.44 && w>=0.2 && w<=0.44)"
F,4,40,SD,ok,0.063640,0.001388888888888895,"F[0,40](x>=0.2 && x<=0.4 && y>=0.2 && y<=0.4 && z>=0.2 && z<=0.4 && w>=0.2 && w<=0.4)","F[0,40](x>=0.2 && x<=0.44 && y>=0.2 && y<=0.44 && z>=0.2 && z<=0.44 && w>=0.2 && w<=0.44)"
F,5,2,reference,timeout,,,"F[0,2](x>=0.2 && x<=0.4 && y>=0.2 && y<=0.4 && z>=0.2 && z<=0.4 && w>=0.2 && w<=0.4 && v>=0.2 && v<=0.4)","F[0,2](x>=0.2 && x<=0.44 && y>=0.2 && y<=0.44 && z>=0.2 && z<=0.44 && w>=0.2 && w<=0.44 && v>=0.2 && v<=0.44)"
F,5,4,reference,skipped,,,"F[0,4](x>=0.2 && x<=0.4 && y>=0.2 && y<=0.4 && z>=0.2 && z<=0.4 && w>=0.2 && w<=0.4 && v>=0.2 && v<=0.4)","F[0,4](x>=0.2 && x<=0.44 && y>=0.2 && y<=0.44 && z>=0.2 && z<=0.44 && w>=0.2 && w<=0.44 && v>=0.2 && v<=0.44)"
F,5,6,reference,skipped,,,"F[0,6](x>=0.2 && x<=0.4 && y>=0.2 && y<=0.4 && z>=0.2 && z<=0.4 && w>=0.2 && w<=0.4 && v>=0.2 && v<=0.4)","F[0,6](x>=0.2 && x<=0.44 && y>=0.2 && y<=0.44 && z>=0.2 && z<=0.44 && w>=0.2 && w<=0.44 && v>=0.2 && v<=0.44)"
F,5,8,reference,skipped,,,"F[0,8](x>=0.2 && x<=0.4 && y>=0.2 && y<=0.4 && z>=0.2 && z<=0.4 && w>=0.2 && w<=0.4 && v>=0.2 && v<=0.4)","F[0,8](x>=0.2 && x<=0.44 && y>=0.2 && y<=0.44 && z>=0.2 && z<=0.44 && w>=0.2 && w<=0.44 && v>=0.2 && v<=0.44)"
F,5,10,reference,skipped,,,"F[0,10](x>=0.2 && x<=0.4 && y>=0.2 && y<=0.4 && z>=0.2 && z<=0.4 && w>=0.2 && w<=0.4 && v>=0.2 && v<=0.4)","F[0,10](x>=0.2 && x<=0.44 && y>=0.2 && y<=0.44 && z>=0.2 && z<=0.44 && w>=0.2 && w<=0.44 && v>=0.2 && v<=0.44)"
F,5,12,reference,skipped,,,"F[0,12](x>=0.2 && x<=0.4 && y>=0.2 && y<=0.4 && z>=0.2 && z<=0.4 && w>=0.2 && w<=0.4 && v>=0.2 && v<=0.4)","F[0,12](x>=0.2 && x<=0.44 && y>=0.2 && y<=0.44 && z>=0.2 && z<=0.44 && w>=0.2 && w<=0.44 && v>=0.2 && v<=0.44)"
F,5,16,reference,skipped,,,"F[0,16](x>=0.2 && x<=0.4 && y>=0.2 && y<=0.4 && z>=0.2 && z<=0.4 && w>=0.2 && w<=0.4 && v>=0.2 && v<=0.4)","F[0,16](x>=0.2 && x<=0.44 && y>=0.2 && y<=0.44 && z>=0.2 && z<=0.44 && w>=0.2 && w<=0.44 && v>=0.2 && v<=0.44)"
F,5,20,reference,skipped,,,"F[0,20](x>=0.2 && x<=0.4 && y>=0.2 && y<=0.4 && z>=0.2 && z<=0.4 && w>=0.2 && w<=0.4 && v>=0.2 && v<=0.4)","F[0,20](x>=0.2 && x<=0.44 && y>=0.2 && y<=0.44 && z>=0.2 && z<=0.44 && w>=0.2 && w<=0.44 && v>=0.2 && v<=0.44)"
F,5,24,reference,skipped,,,"F[0,24](x>=0.2 && x<=0.4 && y>=0.2 && y<=0.4 && z>=0.2 && z<=0.4 && w>=0.2 && w<=0.4 && v>=0.2 && v<=0.4)","F[0,24](x>=0.2 && x<=0.44 && y>=0.2 && y<=0.44 && z>=0.2 && z<=0.44 && w>=0.2 && w<=0.44 && v>=0.2 && v<=0.44)"
F,5,28,reference,skipped,,,"F[0,28](x>=0.2 && x<=0.4 && y>=0.2 && y<=0.4 && z>=0.2 && z<=0.4 && w>=0.2 && w<=0.4 && v>=0.2 && v<=0.4)","F[0,28](x>=0.2 && x<=0.44 && y>=0.2 && y<=0.44 && z>=0.2 && z<=0.44 && w>=0.2 && w<=0.44 && v>=0.2 && v<=0.44)"
F,5,32,reference,skipped,,,"F[0,32](x>=0.2 && x<=0.4 && y>=0.2 && y<=0.4 && z>=0.2 && z<=0.4 && w>=0.2 && w<=0.4 && v>=0.2 && v<=0.4)","F[0,32](x>=0.2 && x<=0.44 && y>=0.2 && y<=0.44 && z>=0.2 && z<=0.44 && w>=0.2 && w<=0.44 && v>=0.2 && v<=0.44)"
F,5,36,reference,skipped,,,"F[0,36](x>=0.2 && x<=0.4 && y>=0.2 && y<=0.4 && z>=0.2 && z<=0.4 && w>=0.2 && w<=0.4 && v>=0.2 && v<=0.4)","F[0,36](x>=0.2 && x<=0.44 && y>=0.2 && y<=0.44 && z>=0.2 && z<=0.44 && w>=0.2 && w<=0.44 && v>=0.2 && v<=0.44)"
F,5,40,reference,skipped,,,"F[0,40](x>=0.2 && x<=0.4 && y>=0.2 && y<=0.4 && z>=0.2 && z<=0.4 && w>=0.2 && w<=0.4 && v>=0.2 && v<=0.4)","F[0,40](x>=0.2 && x<=0.44 && y>=0.2 && y<=0.44 && z>=0.2 && z<=0.44 && w>=0.2 && w<=0.44 && v>=0.2 && v<=0.44)"
F,5,2,tabex_fast,ok,0.148354,0.898994051798166,"F[0,2](x>=0.2 && x<=0.4 && y>=0.2 && y<=0.4 && z>=0.2 && z<=0.4 && w>=0.2 && w<=0.4 && v>=0.2 && v<=0.4)","F[0,2](x>=0.2 && x<=0.44 && y>=0.2 && y<=0.44 && z>=0.2 && z<=0.44 && w>=0.2 && w<=0.44 && v>=0.2 && v<=0.44)"
F,5,4,tabex_fast,ok,12.529621,0.9121263888355539,"F[0,4](x>=0.2 && x<=0.4 && y>=0.2 && y<=0.4 && z>=0.2 && z<=0.4 && w>=0.2 && w<=0.4 && v>=0.2 && v<=0.4)","F[0,4](x>=0.2 && x<=0.44 && y>=0.2 && y<=0.44 && z>=0.2 && z<=0.44 && w>=0.2 && w<=0.44 && v>=0.2 && v<=0.44)"
F,5,6,tabex_fast,ok,53.670014,0.9177543737723185,"F[0,6](x>=0.2 && x<=0.4 && y>=0.2 && y<=0.4 && z>=0.2 && z<=0.4 && w>=0.2 && w<=0.4 && v>=0.2 && v<=0.4)","F[0,6](x>=0.2 && x<=0.44 && y>=0.2 && y<=0.44 && z>=0.2 && z<=0.44 && w>=0.2 && w<=0.44 && v>=0.2 && v<=0.44)"
F,5,8,tabex_fast,timeout,,,"F[0,8](x>=0.2 && x<=0.4 && y>=0.2 && y<=0.4 && z>=0.2 && z<=0.4 && w>=0.2 && w<=0.4 && v>=0.2 && v<=0.4)","F[0,8](x>=0.2 && x<=0.44 && y>=0.2 && y<=0.44 && z>=0.2 && z<=0.44 && w>=0.2 && w<=0.44 && v>=0.2 && v<=0.44)"
F,5,10,tabex_fast,skipped,,,"F[0,10](x>=0.2 && x<=0.4 && y>=0.2 && y<=0.4 && z>=0.2 && z<=0.4 && w>=0.2 && w<=0.4 && v>=0.2 && v<=0.4)","F[0,10](x>=0.2 && x<=0.44 && y>=0.2 && y<=0.44 && z>=0.2 && z<=0.44 && w>=0.2 && w<=0.44 && v>=0.2 && v<=0.44)"
F,5,12,tabex_fast,skipped,,,"F[0,12](x>=0.2 && x<=0.4 && y>=0.2 && y<=0.4 && z>=0.2 && z<=0.4 && w>=0.2 && w<=0.4 && v>=0.2 && v<=0.4)","F[0,12](x>=0.2 && x<=0.44 && y>=0.2 && y<=0.44 && z>=0.2 && z<=0.44 && w>=0.2 && w<=0.44 && v>=0.2 && v<=0.44)"
F,5,16,tabex_fast,skipped,,,"F[0,16](x>=0.2 && x<=0.4 && y>=0.2 && y<=0.4 && z>=0.2 && z<=0.4 && w>=0.2 && w<=0.4 && v>=0.2 && v<=0.4)","F[0,16](x>=0.2 && x<=0.44 && y>=0.2 && y<=0.44 && z>=0.2 && z<=0.44 && w>=0.2 && w<=0.44 && v>=0.2 && v<=0.44)"
F,5,20,tabex_fast,skipped,,,"F[0,20](x>=0.2 && x<=0.4 && y>=0.2 && y<=0.4 && z>=0.2 && z<=0.4 && w>=0.2 && w<=0.4 && v>=0.2 && v<=0.4)","F[0,20](x>=0.2 && x<=0.44 && y>=0.2 && y<=0.44 && z>=0.2 && z<=0.44 && w>=0.2 && w<=0.44 && v>=0.2 && v<=0.44)"
F,5,24,tabex_fast,skipped,,,"F[0,24](x>=0.2 && x<=0.4 && y>=0.2 && y<=0.4 && z>=0.2 && z<=0.4 && w>=0.2 && w<=0.4 && v>=0.2 && v<=0.4)","F[0,24](x>=0.2 && x<=0.44 && y>=0.2 && y<=0.44 && z>=0.2 && z<=0.44 && w>=0.2 && w<=0.44 && v>=0.2 && v<=0.44)"
F,5,28,tabex_fast,skipped,,,"F[0,28](x>=0.2 && x<=0.4 && y>=0.2 && y<=0.4 && z>=0.2 && z<=0.4 && w>=0.2 && w<=0.4 && v>=0.2 && v<=0.4)","F[0,28](x>=0.2 && x<=0.44 && y>=0.2 && y<=0.44 && z>=0.2 && z<=0.44 && w>=0.2 && w<=0.44 && v>=0.2 && v<=0.44)"
F,5,32,tabex_fast,skipped,,,"F[0,32](x>=0.2 && x<=0.4 && y>=0.2 && y<=0.4 && z>=0.2 && z<=0.4 && w>=0.2 && w<=0.4 && v>=0.2 && v<=0.4)","F[0,32](x>=0.2 && x<=0.44 && y>=0.2 && y<=0.44 && z>=0.2 && z<=0.44 && w>=0.2 && w<=0.44 && v>=0.2 && v<=0.44)"
F,5,36,tabex_fast,skipped,,,"F[0,36](x>=0.2 && x<=0.4 && y>=0.2 && y<=0.4 && z>=0.2 && z<=0.4 && w>=0.2 && w<=0.4 && v>=0.2 && v<=0.4)","F[0,36](x>=0.2 && x<=0.44 && y>=0.2 && y<=0.44 && z>=0.2 && z<=0.44 && w>=0.2 && w<=0.44 && v>=0.2 && v<=0.44)"
F,5,40,tabex_fast,skipped,,,"F[0,40](x>=0.2 && x<=0.4 && y>=0.2 && y<=0.4 && z>=0.2 && z<=0.4 && w>=0.2 && w<=0.4 && v>=0.2 && v<=0.4)","F[0,40](x>=0.2 && x<=0.44 && y>=0.2 && y<=0.44 && z>=0.2 && z<=0.44 && w>=0.2 && w<=0.44 && v>=0.2 && v<=0.44)"
F,5,2,PH,ok,1.315350,0.03999999999999956,"F[0,2](x>=0.2 && x<=0.4 && y>=0.2 && y<=0.4 && z>=0.2 && z<=0.4 && w>=0.2 && w<=0.4 && v>=0.2 && v<=0.4)","F[0,2](x>=0.2 && x<=0.44 && y>=0.2 && y<=0.44 && z>=0.2 && z<=0.44 && w>=0.2 && w<=0.44 && v>=0.2 && v<=0.44)"
F,5,4,PH,ok,7.881153,0.040000000000001014,"F[0,4](x>=0.2 && x<=0.4 && y>=0.2 && y<=0.4 && z>=0.2 && z<=0.4 && w>=0.2 && w<=0.4 && v>=0.2 && v<=0.4)","F[0,4](x>=0.2 && x<=0.44 && y>=0.2 && y<=0.44 && z>=0.2 && z<=0.44 && w>=0.2 && w<=0.44 && v>=0.2 && v<=0.44)"
F,5,6,PH,ok,14.025524,0.04000000000000118,"F[0,6](x>=0.2 && x<=0.4 && y>=0.2 && y<=0.4 && z>=0.2 && z<=0.4 && w>=0.2 && w<=0.4 && v>=0.2 && v<=0.4)","F[0,6](x>=0.2 && x<=0.44 && y>=0.2 && y<=0.44 && z>=0.2 && z<=0.44 && w>=0.2 && w<=0.44 && v>=0.2 && v<=0.44)"
F,5,8,PH,ok,30.112829,0.04000000000000692,"F[0,8](x>=0.2 && x<=0.4 && y>=0.2 && y<=0.4 && z>=0.2 && z<=0.4 && w>=0.2 && w<=0.4 && v>=0.2 && v<=0.4)","F[0,8](x>=0.2 && x<=0.44 && y>=0.2 && y<=0.44 && z>=0.2 && z<=0.44 && w>=0.2 && w<=0.44 && v>=0.2 && v<=0.44)"
F,5,10,PH,timeout,,,"F[0,10](x>=0.2 && x<=0.4 && y>=0.2 && y<=0.4 && z>=0.2 && z<=0.4 && w>=0.2 && w<=0.4 && v>=0.2 && v<=0.4)","F[0,10](x>=0.2 && x<=0.44 && y>=0.2 && y<=0.44 && z>=0.2 && z<=0.44 && w>=0.2 && w<=0.44 && v>=0.2 && v<=0.44)"
F,5,12,PH,skipped,,,"F[0,12](x>=0.2 && x<=0.4 && y>=0.2 && y<=0.4 && z>=0.2 && z<=0.4 && w>=0.2 && w<=0.4 && v>=0.2 && v<=0.4)","F[0,12](x>=0.2 && x<=0.44 && y>=0.2 && y<=0.44 && z>=0.2 && z<=0.44 && w>=0.2 && w<=0.44 && v>=0.2 && v<=0.44)"
F,5,16,PH,skipped,,,"F[0,16](x>=0.2 && x<=0.4 && y>=0.2 && y<=0.4 && z>=0.2 && z<=0.4 && w>=0.2 && w<=0.4 && v>=0.2 && v<=0.4)","F[0,16](x>=0.2 && x<=0.44 && y>=0.2 && y<=0.44 && z>=0.2 && z<=0.44 && w>=0.2 && w<=0.44 && v>=0.2 && v<=0.44)"
F,5,20,PH,skipped,,,"F[0,20](x>=0.2 && x<=0.4 && y>=0.2 && y<=0.4 && z>=0.2 && z<=0.4 && w>=0.2 && w<=0.4 && v>=0.2 && v<=0.4)","F[0,20](x>=0.2 && x<=0.44 && y>=0.2 && y<=0.44 && z>=0.2 && z<=0.44 && w>=0.2 && w<=0.44 && v>=0.2 && v<=0.44)"
F,5,24,PH,skipped,,,"F[0,24](x>=0.2 && x<=0.4 && y>=0.2 && y<=0.4 && z>=0.2 && z<=0.4 && w>=0.2 && w<=0.4 && v>=0.2 && v<=0.4)","F[0,24](x>=0.2 && x<=0.44 && y>=0.2 && y<=0.44 && z>=0.2 && z<=0.44 && w>=0.2 && w<=0.44 && v>=0.2 && v<=0.44)"
F,5,28,PH,skipped,,,"F[0,28](x>=0.2 && x<=0.4 && y>=0.2 && y<=0.4 && z>=0.2 && z<=0.4 && w>=0.2 && w<=0.4 && v>=0.2 && v<=0.4)","F[0,28](x>=0.2 && x<=0.44 && y>=0.2 && y<=0.44 && z>=0.2 && z<=0.44 && w>=0.2 && w<=0.44 && v>=0.2 && v<=0.44)"
F,5,32,PH,skipped,,,"F[0,32](x>=0.2 && x<=0.4 && y>=0.2 && y<=0.4 && z>=0.2 && z<=0.4 && w>=0.2 && w<=0.4 && v>=0.2 && v<=0.4)","F[0,32](x>=0.2 && x<=0.44 && y>=0.2 && y<=0.44 && z>=0.2 && z<=0.44 && w>=0.2 && w<=0.44 && v>=0.2 && v<=0.44)"
F,5,36,PH,skipped,,,"F[0,36](x>=0.2 && x<=0.4 && y>=0.2 && y<=0.4 && z>=0.2 && z<=0.4 && w>=0.2 && w<=0.4 && v>=0.2 && v<=0.4)","F[0,36](x>=0.2 && x<=0.44 && y>=0.2 && y<=0.44 && z>=0.2 && z<=0.44 && w>=0.2 && w<=0.44 && v>=0.2 && v<=0.44)"
F,5,40,PH,skipped,,,"F[0,40](x>=0.2 && x<=0.4 && y>=0.2 && y<=0.4 && z>=0.2 && z<=0.4 && w>=0.2 && w<=0.4 && v>=0.2 && v<=0.4)","F[0,40](x>=0.2 && x<=0.44 && y>=0.2 && y<=0.44 && z>=0.2 && z<=0.44 && w>=0.2 && w<=0.44 && v>=0.2 && v<=0.44)"
F,5,2,SD,ok,0.001131,0.034722222222222376,"F[0,2](x>=0.2 && x<=0.4 && y>=0.2 && y<=0.4 && z>=0.2 && z<=0.4 && w>=0.2 && w<=0.4 && v>=0.2 && v<=0.4)","F[0,2](x>=0.2 && x<=0.44 && y>=0.2 && y<=0.44 && z>=0.2 && z<=0.44 && w>=0.2 && w<=0.44 && v>=0.2 && v<=0.44)"
F,5,4,SD,ok,0.002082,0.017361111111111188,"F[0,4](x>=0.2 && x<=0.4 && y>=0.2 && y<=0.4 && z>=0.2 && z<=0.4 && w>=0.2 && w<=0.4 && v>=0.2 && v<=0.4)","F[0,4](x>=0.2 && x<=0.44 && y>=0.2 && y<=0.44 && z>=0.2 && z<=0.44 && w>=0.2 && w<=0.44 && v>=0.2 && v<=0.44)"
F,5,6,SD,ok,0.002462,0.011574074074074125,"F[0,6](x>=0.2 && x<=0.4 && y>=0.2 && y<=0.4 && z>=0.2 && z<=0.4 && w>=0.2 && w<=0.4 && v>=0.2 && v<=0.4)","F[0,6](x>=0.2 && x<=0.44 && y>=0.2 && y<=0.44 && z>=0.2 && z<=0.44 && w>=0.2 && w<=0.44 && v>=0.2 && v<=0.44)"
F,5,8,SD,ok,0.003877,0.008680555555555594,"F[0,8](x>=0.2 && x<=0.4 && y>=0.2 && y<=0.4 && z>=0.2 && z<=0.4 && w>=0.2 && w<=0.4 && v>=0.2 && v<=0.4)","F[0,8](x>=0.2 && x<=0.44 && y>=0.2 && y<=0.44 && z>=0.2 && z<=0.44 && w>=0.2 && w<=0.44 && v>=0.2 && v<=0.44)"
F,5,10,SD,ok,0.009984,0.006944444444444475,"F[0,10](x>=0.2 && x<=0.4 && y>=0.2 && y<=0.4 && z>=0.2 && z<=0.4 && w>=0.2 && w<=0.4 && v>=0.2 && v<=0.4)","F[0,10](x>=0.2 && x<=0.44 && y>=0.2 && y<=0.44 && z>=0.2 && z<=0.44 && w>=0.2 && w<=0.44 && v>=0.2 && v<=0.44)"
F,5,12,SD,ok,0.007990,0.005787037037037063,"F[0,12](x>=0.2 && x<=0.4 && y>=0.2 && y<=0.4 && z>=0.2 && z<=0.4 && w>=0.2 && w<=0.4 && v>=0.2 && v<=0.4)","F[0,12](x>=0.2 && x<=0.44 && y>=0.2 && y<=0.44 && z>=0.2 && z<=0.44 && w>=0.2 && w<=0.44 && v>=0.2 && v<=0.44)"
F,5,16,SD,ok,0.013730,0.004340277777777797,"F[0,16](x>=0.2 && x<=0.4 && y>=0.2 && y<=0.4 && z>=0.2 && z<=0.4 && w>=0.2 && w<=0.4 && v>=0.2 && v<=0.4)","F[0,16](x>=0.2 && x<=0.44 && y>=0.2 && y<=0.44 && z>=0.2 && z<=0.44 && w>=0.2 && w<=0.44 && v>=0.2 && v<=0.44)"
F,5,20,SD,ok,0.020844,0.0034722222222222376,"F[0,20](x>=0.2 && x<=0.4 && y>=0.2 && y<=0.4 && z>=0.2 && z<=0.4 && w>=0.2 && w<=0.4 && v>=0.2 && v<=0.4)","F[0,20](x>=0.2 && x<=0.44 && y>=0.2 && y<=0.44 && z>=0.2 && z<=0.44 && w>=0.2 && w<=0.44 && v>=0.2 && v<=0.44)"
F,5,24,SD,ok,0.029478,0.0028935185185185314,"F[0,24](x>=0.2 && x<=0.4 && y>=0.2 && y<=0.4 && z>=0.2 && z<=0.4 && w>=0.2 && w<=0.4 && v>=0.2 && v<=0.4)","F[0,24](x>=0.2 && x<=0.44 && y>=0.2 && y<=0.44 && z>=0.2 && z<=0.44 && w>=0.2 && w<=0.44 && v>=0.2 && v<=0.44)"
F,5,28,SD,ok,0.039672,0.0024801587301587413,"F[0,28](x>=0.2 && x<=0.4 && y>=0.2 && y<=0.4 && z>=0.2 && z<=0.4 && w>=0.2 && w<=0.4 && v>=0.2 && v<=0.4)","F[0,28](x>=0.2 && x<=0.44 && y>=0.2 && y<=0.44 && z>=0.2 && z<=0.44 && w>=0.2 && w<=0.44 && v>=0.2 && v<=0.44)"
F,5,32,SD,ok,0.051825,0.0021701388888888985,"F[0,32](x>=0.2 && x<=0.4 && y>=0.2 && y<=0.4 && z>=0.2 && z<=0.4 && w>=0.2 && w<=0.4 && v>=0.2 && v<=0.4)","F[0,32](x>=0.2 && x<=0.44 && y>=0.2 && y<=0.44 && z>=0.2 && z<=0.44 && w>=0.2 && w<=0.44 && v>=0.2 && v<=0.44)"
F,5,36,SD,ok,0.065098,0.001929012345679021,"F[0,36](x>=0.2 && x<=0.4 && y>=0.2 && y<=0.4 && z>=0.2 && z<=0.4 && w>=0.2 && w<=0.4 && v>=0.2 && v<=0.4)","F[0,36](x>=0.2 && x<=0.44 && y>=0.2 && y<=0.44 && z>=0.2 && z<=0.44 && w>=0.2 && w<=0.44 && v>=0.2 && v<=0.44)"
F,5,40,SD,ok,0.079745,0.0017361111111111188,"F[0,40](x>=0.2 && x<=0.4 && y>=0.2 && y<=0.4 && z>=0.2 && z<=0.4 && w>=0.2 && w<=0.4 && v>=0.2 && v<=0.4)","F[0,40](x>=0.2 && x<=0.44 && y>=0.2 && y<=0.44 && z>=0.2 && z<=0.44 && w>=0.2 && w<=0.44 && v>=0.2 && v<=0.44)"
G,1,2,reference,ok,0.001759,0.8333312500260414,"G[0,2](x>=0.2 && x<=0.4)","G[0,2](x>=0.2 && x<=0.44)"
G,1,4,reference,ok,0.002735,0.8333312500260414,"G[0,4](x>=0.2 && x<=0.4)","G[0,4](x>=0.2 && x<=0.44)"
G,1,6,reference,ok,0.003697,0.8333312500260412,"G[0,6](x>=0.2 && x<=0.4)","G[0,6](x>=0.2 && x<=0.44)"
G,1,8,reference,ok,0.004673,0.8333312500260412,"G[0,8](x>=0.2 && x<=0.4)","G[0,8](x>=0.2 && x<=0.44)"
G,1,10,reference,ok,0.005634,0.8333312500260412,"G[0,10](x>=0.2 && x<=0.4)","G[0,10](x>=0.2 && x<=0.44)"
G,1,12,reference,ok,0.006667,0.8333312500260414,"G[0,12](x>=0.2 && x<=0.4)","G[0,12](x>=0.2 && x<=0.44)"
G,1,16,reference,ok,0.008557,0.8333312500260415,"G[0,16](x>=0.2 && x<=0.4)","G[0,16](x>=0.2 && x<=0.44)"
G,1,20,reference,ok,0.010514,0.8333312500260416,"G[0,20](x>=0.2 && x<=0.4)","G[0,20](x>=0.2 && x<=0.44)"
G,1,24,reference,ok,0.012283,0.8333312500260416,"G[0,24](x>=0.2 && x<=0.4)","G[0,24](x>=0.2 && x<=0.44)"
G,1,28,reference,ok,0.014346,0.8333312500260417,"G[0,28](x>=0.2 && x<=0.4)","G[0,28](x>=0.2 && x<=0.44)"
G,1,32,reference,ok,0.016179,0.8333312500260417,"G[0,32](x>=0.2 && x<=0.4)","G[0,32](x>=0.2 && x<=0.44)"
G,1,36,reference,ok,0.018165,0.8333312500260417,"G[0,36](x>=0.2 && x<=0.4)","G[0,36](x>=0.2 && x<=0.44)"
G,1,40,reference,ok,0.020279,0.8333312500260417,"G[0,40](x>=0.2 && x<=0.4)","G[0,40](x>=0.2 && x<=0.44)"
G,1,2,tabex_fast,ok,0.002079,0.8333312500260414,"G[0,2](x>=0.2 && x<=0.4)","G[0,2](x>=0.2 && x<=0.44)"
G,1,4,tabex_fast,ok,0.003405,0.8333312500260414,"G[0,4](x>=0.2 && x<=0.4)","G[0,4](x>=0.2 && x<=0.44)"
G,1,6,tabex_fast,ok,0.004873,0.8333312500260412,"G[0,6](x>=0.2 && x<=0.4)","G[0,6](x>=0.2 && x<=0.44)"
G,1,8,tabex_fast,ok,0.006515,0.8333312500260412,"G[0,8](x>=0.2 && x<=0.4)","G[0,8](x>=0.2 && x<=0.44)"
G,1,10,tabex_fast,ok,0.008245,0.8333312500260412,"G[0,10](x>=0.2 && x<=0.4)","G[0,10](x>=0.2 && x<=0.44)"
G,1,12,tabex_fast,ok,0.009771,0.8333312500260414,"G[0,12](x>=0.2 && x<=0.4)","G[0,12](x>=0.2 && x<=0.44)"
G,1,16,tabex_fast,ok,0.013994,0.8333312500260415,"G[0,16](x>=0.2 && x<=0.4)","G[0,16](x>=0.2 && x<=0.44)"
G,1,20,tabex_fast,ok,0.018468,0.8333312500260416,"G[0,20](x>=0.2 && x<=0.4)","G[0,20](x>=0.2 && x<=0.44)"
G,1,24,tabex_fast,ok,0.023172,0.8333312500260416,"G[0,24](x>=0.2 && x<=0.4)","G[0,24](x>=0.2 && x<=0.44)"
G,1,28,tabex_fast,ok,0.034714,0.8333312500260417,"G[0,28](x>=0.2 && x<=0.4)","G[0,28](x>=0.2 && x<=0.44)"
G,1,32,tabex_fast,ok,0.035279,0.8333312500260417,"G[0,32](x>=0.2 && x<=0.4)","G[0,32](x>=0.2 && x<=0.44)"
G,1,36,tabex_fast,ok,0.041638,0.8333312500260417,"G[0,36](x>=0.2 && x<=0.4)","G[0,36](x>=0.2 && x<=0.44)"
G,1,40,tabex_fast,ok,0.048442,0.8333312500260417,"G[0,40](x>=0.2 && x<=0.4)","G[0,40](x>=0.2 && x<=0.44)"
G,1,2,PH,ok,0.016025,0.03999999999999915,"G[0,2](x>=0.2 && x<=0.4)","G[0,2](x>=0.2 && x<=0.44)"
G,1,4,PH,ok,0.020009,0.03999999999999915,"G[0,4](x>=0.2 && x<=0.4)","G[0,4](x>=0.2 && x<=0.44)"
G,1,6,PH,ok,0.032406,0.03999999999999921,"G[0,6](x>=0.2 && x<=0.4)","G[0,6](x>=0.2 && x<=0.44)"
G,1,8,PH,ok,0.043296,0.0399999999999992,"G[0,8](x>=0.2 && x<=0.4)","G[0,8](x>=0.2 && x<=0.44)"
G,1,10,PH,ok,0.012176,0.03999999999999929,"G[0,10](x>=0.2 && x<=0.4)","G[0,10](x>=0.2 && x<=0.44)"
G,1,12,PH,ok,0.039719,0.0399999999999987,"G[0,12](x>=0.2 && x<=0.4)","G[0,12](x>=0.2 && x<=0.44)"
G,1,16,PH,ok,0.038468,0.03999999999999915,"G[0,16](x>=0.2 && x<=0.4)","G[0,16](x>=0.2 && x<=0.44)"
G,1,20,PH,ok,0.041840,0.03999999999999915,"G[0,20](x>=0.2 && x<=0.4)","G[0,20](x>=0.2 && x<=0.44)"
G,1,24,PH,ok,0.041596,0.03999999999999915,"G[0,24](x>=0.2 && x<=0.4)","G[0,24](x>=0.2 && x<=0.44)"
G,1,28,PH,ok,0.043506,0.03999999999999915,"G[0,28](x>=0.2 && x<=0.4)","G[0,28](x>=0.2 && x<=0.44)"
G,1,32,PH,ok,0.044710,0.03999999999999915,"G[0,32](x>=0.2 && x<=0.4)","G[0,32](x>=0.2 && x<=0.44)"
G,1,36,PH,ok,0.050985,0.03999999999999915,"G[0,36](x>=0.2 && x<=0.4)","G[0,36](x>=0.2 && x<=0.44)"
G,1,40,PH,ok,0.089287,0.03999999999999915,"G[0,40](x>=0.2 && x<=0.4)","G[0,40](x>=0.2 && x<=0.44)"
G,1,2,SD,ok,0.000242,0.01388888888888895,"G[0,2](x>=0.2 && x<=0.4)","G[0,2](x>=0.2 && x<=0.44)"
G,1,4,SD,ok,0.000264,0.01388888888888895,"G[0,4](x>=0.2 && x<=0.4)","G[0,4](x>=0.2 && x<=0.44)"
G,1,6,SD,ok,0.000245,0.01388888888888895,"G[0,6](x>=0.2 && x<=0.4)","G[0,6](x>=0.2 && x<=0.44)"
G,1,8,SD,ok,0.000180,0.01388888888888895,"G[0,8](x>=0.2 && x<=0.4)","G[0,8](x>=0.2 && x<=0.44)"
G,1,10,SD,ok,0.000240,0.01388888888888895,"G[0,10](x>=0.2 && x<=0.4)","G[0,10](x>=0.2 && x<=0.44)"
G,1,12,SD,ok,0.000247,0.01388888888888895,"G[0,12](x>=0.2 && x<=0.4)","G[0,12](x>=0.2 && x<=0.44)"
G,1,16,SD,ok,0.000178,0.01388888888888895,"G[0,16](x>=0.2 && x<=0.4)","G[0,16](x>=0.2 && x<=0.44)"
G,1,20,SD,ok,0.000247,0.01388888888888895,"G[0,20](x>=0.2 && x<=0.4)","G[0,20](x>=0.2 && x<=0.44)"
G,1,24,SD,ok,0.000240,0.01388888888888895,"G[0,24](x>=0.2 && x<=0.4)","G[0,24](x>=0.2 && x<=0.44)"
G,1,28,SD,ok,0.000182,0.01388888888888895,"G[0,28](x>=0.2 && x<=0.4)","G[0,28](x>=0.2 && x<=0.44)"
G,1,32,SD,ok,0.000242,0.01388888888888895,"G[0,32](x>=0.2 && x<=0.4)","G[0,32](x>=0.2 && x<=0.44)"
G,1,36,SD,ok,0.000242,0.01388888888888895,"G[0,36](x>=0.2 && x<=0.4)","G[0,36](x>=0.2 && x<=0.44)"
G,1,40,SD,ok,0.000180,0.01388888888888895,"G[0,40](x>=0.2 && x<=0.4)","G[0,40](x>=0.2 && x<=0.44)"
G,2,2,reference,ok,0.003407,0.8333312500260414,"G[0,2](x>=0.2 && x<=0.4 && y>=0.2 && y<=0.4)","G[0,2](x>=0.2 && x<=0.44 && y>=0.2 && y<=0.44)"
G,2,4,reference,ok,0.005250,0.8333312500260412,"G[0,4](x>=0.2 && x<=0.4 && y>=0.2 && y<=0.4)","G[0,4](x>=0.2 && x<=0.44 && y>=0.2 && y<=0.44)"
G,2,6,reference,ok,0.007202,0.8333312500260414,"G[0,6](x>=0.2 && x<=0.4 && y>=0.2 && y<=0.4)","G[0,6](x>=0.2 && x<=0.44 && y>=0.2 && y<=0.44)"
G,2,8,reference,ok,0.009119,0.8333312500260415,"G[0,8](x>=0.2 && x<=0.4 && y>=0.2 && y<=0.4)","G[0,8](x>=0.2 && x<=0.44 && y>=0.2 && y<=0.44)"
G,2,10,reference,ok,0.011008,0.8333312500260416,"G[0,10](x>=0.2 && x<=0.4 && y>=0.2 && y<=0.4)","G[0,10](x>=0.2 && x<=0.44 && y>=0.2 && y<=0.44)"
G,2,12,reference,ok,0.012904,0.8333312500260417,"G[0,12](x>=0.2 && x<=0.4 && y>=0.2 && y<=0.4)","G[0,12](x>=0.2 && x<=0.44 && y>=0.2 && y<=0.44)"
G,2,16,reference,ok,0.016670,0.8333312500260417,"G[0,16](x>=0.2 && x<=0.4 && y>=0.2 && y<=0.4)","G[0,16](x>=0.2 && x<=0.44 && y>=0.2 && y<=0.44)"
G,2,20,reference,ok,0.020882,0.8333312500260417,"G[0,20](x>=0.2 && x<=0.4 && y>=0.2 && y<=0.4)","G[0,20](x>=0.2 && x<=0.44 && y>=0.2 && y<=0.44)"
G,2,24,reference,ok,0.024421,0.8333312500260418,"G[0,24](x>=0.2 && x<=0.4 && y>=0.2 && y<=0.4)","G[0,24](x>=0.2 && x<=0.44 && y>=0.2 && y<=0.44)"
G,2,28,reference,ok,0.028330,0.8333312500260418,"G[0,28](x>=0.2 && x<=0.4 && y>=0.2 && y<=0.4)","G[0,28](x>=0.2 && x<=0.44 && y>=0.2 && y<=0.44)"
G,2,32,reference,ok,0.032333,0.8333312500260418,"G[0,32](x>=0.2 && x<=0.4 && y>=0.2 && y<=0.4)","G[0,32](x>=0.2 && x<=0.44 && y>=0.2 && y<=0.44)"
G,2,36,reference,ok,0.036800,0.8333312500260418,"G[0,36](x>=0.2 && x<=0.4 && y>=0.2 && y<=0.4)","G[0,36](x>=0.2 && x<=0.44 && y>=0.2 && y<=0.44)"
G,2,40,reference,ok,0.040547,0.8333312500260414,"G[0,40](x>=0.2 && x<=0.4 && y>=0.2 && y<=0.4)","G[0,40](x>=0.2 && x<=0.44 && y>=0.2 && y<=0.44)"
G,2,2,tabex_fast,ok,0.004035,0.8333312500260414,"G[0,2](x>=0.2 && x<=0.4 && y>=0.2 && y<=0.4)","G[0,2](x>=0.2 && x<=0.44 && y>=0.2 && y<=0.44)"
G,2,4,tabex_fast,ok,0.006959,0.8333312500260412,"G[0,4](x>=0.2 && x<=0.4 && y>=0.2 && y<=0.4)","G[0,4](x>=0.2 && x<=0.44 && y>=0.2 && y<=0.44)"
G,2,6,tabex_fast,ok,0.010156,0.8333312500260414,"G[0,6](x>=0.2 && x<=0.4 && y>=0.2 && y<=0.4)","G[0,6](x>=0.2 && x<=0.44 && y>=0.2 && y<=0.44)"
G,2,8,tabex_fast,ok,0.014123,0.8333312500260415,"G[0,8](x>=0.2 && x<=0.4 && y>=0.2 && y<=0.4)","G[0,8](x>=0.2 && x<=0.44 && y>=0.2 && y<=0.44)"
G,2,10,tabex_fast,ok,0.018148,0.8333312500260416,"G[0,10](x>=0.2 && x<=0.4 && y>=0.2 && y<=0.4)","G[0,10](x>=0.2 && x<=0.44 && y>=0.2 && y<=0.44)"
G,2,12,tabex_fast,ok,0.022606,0.8333312500260417,"G[0,12](x>=0.2 && x<=0.4 && y>=0.2 && y<=0.4)","G[0,12](x>=0.2 && x<=0.44 && y>=0.2 && y<=0.44)"
G,2,16,tabex_fast,ok,0.032712,0.8333312500260417,"G[0,16](x>=0.2 && x<=0.4 && y>=0.2 && y<=0.4)","G[0,16](x>=0.2 && x<=0.44 && y>=0.2 && y<=0.44)"
G,2,20,tabex_fast,ok,0.044829,0.8333312500260417,"G[0,20](x>=0.2 && x<=0.4 && y>=0.2 && y<=0.4)","G[0,20](x>=0.2 && x<=0.44 && y>=0.2 && y<=0.44)"
G,2,24,tabex_fast,ok,0.059613,0.8333312500260418,"G[0,24](x>=0.2 && x<=0.4 && y>=0.2 && y<=0.4)","G[0,24](x>=0.2 && x<=0.44 && y>=0.2 && y<=0.44)"
G,2,28,tabex_fast,ok,0.074176,0.8333312500260418,"G[0,28](x>=0.2 && x<=0.4 && y>=0.2 && y<=0.4)","G[0,28](x>=0.2 && x<=0.44 && y>=0.2 && y<=0.44)"
G,2,32,tabex_fast,ok,0.093618,0.8333312500260418,"G[0,32](x>=0.2 && x<=0.4 && y>=0.2 && y<=0.4)","G[0,32](x>=0.2 && x<=0.44 && y>=0.2 && y<=0.44)"
G,2,36,tabex_fast,ok,0.112472,0.8333312500260418,"G[0,36](x>=0.2 && x<=0.4 && y>=0.2 && y<=0.4)","G[0,36](x>=0.2 && x<=0.44 && y>=0.2 && y<=0.44)"
G,2,40,tabex_fast,ok,0.133899,0.8333312500260414,"G[0,40](x>=0.2 && x<=0.4 && y>=0.2 && y<=0.4)","G[0,40](x>=0.2 && x<=0.44 && y>=0.2 && y<=0.44)"
G,2,2,PH,ok,0.021396,0.03999999999999915,"G[0,2](x>=0.2 && x<=0.4 && y>=0.2 && y<=0.4)","G[0,2](x>=0.2 && x<=0.44 && y>=0.2 && y<=0.44)"
G,2,4,PH,ok,0.017840,0.03999999999999915,"G[0,4](x>=0.2 && x<=0.4 && y>=0.2 && y<=0.4)","G[0,4](x>=0.2 && x<=0.44 && y>=0.2 && y<=0.44)"
G,2,6,PH,ok,0.044529,0.0399999999999989,"G[0,6](x>=0.2 && x<=0.4 && y>=0.2 && y<=0.4)","G[0,6](x>=0.2 && x<=0.44 && y>=0.2 && y<=0.44)"
G,2,8,PH,ok,0.046868,0.03999999999999915,"G[0,8](x>=0.2 && x<=0.4 && y>=0.2 && y<=0.4)","G[0,8](x>=0.2 && x<=0.44 && y>=0.2 && y<=0.44)"
G,2,10,PH,ok,0.047873,0.03999999999999915,"G[0,10](x>=0.2 && x<=0.4 && y>=0.2 && y<=0.4)","G[0,10](x>=0.2 && x<=0.44 && y>=0.2 && y<=0.44)"
G,2,12,PH,ok,0.044098,0.03999999999999915,"G[0,12](x>=0.2 && x<=0.4 && y>=0.2 && y<=0.4)","G[0,12](x>=0.2 && x<=0.44 && y>=0.2 && y<=0.44)"
G,2,16,PH,ok,0.068020,0.03999999999999915,"G[0,16](x>=0.2 && x<=0.4 && y>=0.2 && y<=0.4)","G[0,16](x>=0.2 && x<=0.44 && y>=0.2 && y<=0.44)"
G,2,20,PH,ok,0.047897,0.03999999999999915,"G[0,20](x>=0.2 && x<=0.4 && y>=0.2 && y<=0.4)","G[0,20](x>=0.2 && x<=0.44 && y>=0.2 && y<=0.44)"
G,2,24,PH,ok,0.067466,0.03999999999999915,"G[0,24](x>=0.2 && x<=0.4 && y>=0.2 && y<=0.4)","G[0,24](x>=0.2 && x<=0.44 && y>=0.2 && y<=0.44)"
G,2,28,PH,ok,0.051387,0.03999999999999915,"G[0,28](x>=0.2 && x<=0.4 && y>=0.2 && y<=0.4)","G[0,28](x>=0.2 && x<=0.44 && y>=0.2 && y<=0.44)"
G,2,32,PH,ok,0.051483,0.03999999999999915,"G[0,32](x>=0.2 && x<=0.4 && y>=0.2 && y<=0.4)","G[0,32](x>=0.2 && x<=0.44 && y>=0.2 && y<=0.44)"
G,2,36,PH,ok,0.079249,0.03999999999999915,"G[0,36](x>=0.2 && x<=0.4 && y>=0.2 && y<=0.4)","G[0,36](x>=0.2 && x<=0.44 && y>=0.2 && y<=0.44)"
G,2,40,PH,ok,0.082315,0.03999999999999915,"G[0,40](x>=0.2 && x<=0.4 && y>=0.2 && y<=0.4)","G[0,40](x>=0.2 && x<=0.44 && y>=0.2 && y<=0.44)"
G,2,2,SD,ok,0.000304,0.0277777777777779,"G[0,2](x>=0.2 && x<=0.4 && y>=0.2 && y<=0.4)","G[0,2](x>=0.2 && x<=0.44 && y>=0.2 && y<=0.44)"
G,2,4,SD,ok,0.000418,0.0277777777777779,"G[0,4](x>=0.2 && x<=0.4 && y>=0.2 && y<=0.4)","G[0,4](x>=0.2 && x<=0.44 && y>=0.2 && y<=0.44)"
G,2,6,SD,ok,0.000402,0.0277777777777779,"G[0,6](x>=0.2 && x<=0.4 && y>=0.2 && y<=0.4)","G[0,6](x>=0.2 && x<=0.44 && y>=0.2 && y<=0.44)"
G,2,8,SD,ok,0.000424,0.0277777777777779,"G[0,8](x>=0.2 && x<=0.4 && y>=0.2 && y<=0.4)","G[0,8](x>=0.2 && x<=0.44 && y>=0.2 && y<=0.44)"
G,2,10,SD,ok,0.000409,0.0277777777777779,"G[0,10](x>=0.2 && x<=0.4 && y>=0.2 && y<=0.4)","G[0,10](x>=0.2 && x<=0.44 && y>=0.2 && y<=0.44)"
G,2,12,SD,ok,0.000304,0.0277777777777779,"G[0,12](x>=0.2 && x<=0.4 && y>=0.2 && y<=0.4)","G[0,12](x>=0.2 && x<=0.44 && y>=0.2 && y<=0.44)"
G,2,16,SD,ok,0.000415,0.0277777777777779,"G[0,16](x>=0.2 && x<=0.4 && y>=0.2 && y<=0.4)","G[0,16](x>=0.2 && x<=0.44 && y>=0.2 && y<=0.44)"
G,2,20,SD,ok,0.000401,0.0277777777777779,"G[0,20](x>=0.2 && x<=0.4 && y>=0.2 && y<=0.4)","G[0,20](x>=0.2 && x<=0.44 && y>=0.2 && y<=0.44)"
G,2,24,SD,ok,0.000414,0.0277777777777779,"G[0,24](x>=0.2 && x<=0.4 && y>=0.2 && y<=0.4)","G[0,24](x>=0.2 && x<=0.44 && y>=0.2 && y<=0.44)"
G,2,28,SD,ok,0.000301,0.0277777777777779,"G[0,28](x>=0.2 && x<=0.4 && y>=0.2 && y<=0.4)","G[0,28](x>=0.2 && x<=0.44 && y>=0.2 && y<=0.44)"
G,2,32,SD,ok,0.000477,0.0277777777777779,"G[0,32](x>=0.2 && x<=0.4 && y>=0.2 && y<=0.4)","G[0,32](x>=0.2 && x<=0.44 && y>=0.2 && y<=0.44)"
G,2,36,SD,ok,0.000413,0.0277777777777779,"G[0,36](x>=0.2 && x<=0.4 && y>=0.2 && y<=0.4)","G[0,36](x>=0.2 && x<=0.44 && y>=0.2 && y<=0.44)"
G,2,40,SD,ok,0.000415,0.0277777777777779,"G[0,40](x>=0.2 && x<=0.4 && y>=0.2 && y<=0.4)","G[0,40](x>=0.2 && x<=0.44 && y>=0.2 && y<=0.44)"
G,3,2,reference,ok,0.004843,0.8333312500260412,"G[0,2](x>=0.2 && x<=0.4 && y>=0.2 && y<=0.4 && z>=0.2 && z<=0.4)","G[0,2](x>=0.2 && x<=0.44 && y>=0.2 && y<=0.44 && z>=0.2 && z<=0.44)"
G,3,4,reference,ok,0.007731,0.8333312500260415,"G[0,4](x>=0.2 && x<=0.4 && y>=0.2 && y<=0.4 && z>=0.2 && z<=0.4)","G[0,4](x>=0.2 && x<=0.44 && y>=0.2 && y<=0.44 && z>=0.2 && z<=0.44)"
G,3,6,reference,ok,0.010569,0.8333312500260416,"G[0,6](x>=0.2 && x<=0.4 && y>=0.2 && y<=0.4 && z>=0.2 && z<=0.4)","G[0,6](x>=0.2 && x<=0.44 && y>=0.2 && y<=0.44 && z>=0.2 && z<=0.44)"
G,3,8,reference,ok,0.013523,0.8333312500260417,"G[0,8](x>=0.2 && x<=0.4 && y>=0.2 && y<=0.4 && z>=0.2 && z<=0.4)","G[0,8](x>=0.2 && x<=0.44 && y>=0.2 && y<=0.44 && z>=0.2 && z<=0.44)"
G,3,10,reference,ok,0.016435,0.8333312500260417,"G[0,10](x>=0.2 && x<=0.4 && y>=0.2 && y<=0.4 && z>=0.2 && z<=0.4)","G[0,10](x>=0.2 && x<=0.44 && y>=0.2 && y<=0.44 && z>=0.2 && z<=0.44)"
G,3,12,reference,ok,0.019383,0.8333312500260417,"G[0,12](x>=0.2 && x<=0.4 && y>=0.2 && y<=0.4 && z>=0.2 && z<=0.4)","G[0,12](x>=0.2 && x<=0.44 && y>=0.2 && y<=0.44 && z>=0.2 && z<=0.44)"
G,3,16,reference,ok,0.025083,0.8333312500260418,"G[0,16](x>=0.2 && x<=0.4 && y>=0.2 && y<=0.4 && z>=0.2 && z<=0.4)","G[0,16](x>=0.2 && x<=0.44 && y>=0.2 && y<=0.44 && z>=0.2 && z<=0.44)"
G,3,20,reference,ok,0.031041,0.8333312500260418,"G[0,20](x>=0.2 && x<=0.4 && y>=0.2 && y<=0.4 && z>=0.2 && z<=0.4)","G[0,20](x>=0.2 && x<=0.44 && y>=0.2 && y<=0.44 && z>=0.2 && z<=0.44)"
G,3,24,reference,ok,0.036879,0.8333312500260418,"G[0,24](x>=0.2 && x<=0.4 && y>=0.2 && y<=0.4 && z>=0.2 && z<=0.4)","G[0,24](x>=0.2 && x<=0.44 && y>=0.2 && y<=0.44 && z>=0.2 && z<=0.44)"
G,3,28,reference,ok,0.042923,0.833331250026041,"G[0,28](x>=0.2 && x<=0.4 && y>=0.2 && y<=0.4 && z>=0.2 && z<=0.4)","G[0,28](x>=0.2 && x<=0.44 && y>=0.2 && y<=0.44 && z>=0.2 && z<=0.44)"
G,3,32,reference,ok,0.048603,0.8333312500260402,"G[0,32](x>=0.2 && x<=0.4 && y>=0.2 && y<=0.4 && z>=0.2 && z<=0.4)","G[0,32](x>=0.2 && x<=0.44 && y>=0.2 && y<=0.44 && z>=0.2 && z<=0.44)"
G,3,36,reference,ok,0.054218,0.8333312500260397,"G[0,36](x>=0.2 && x<=0.4 && y>=0.2 && y<=0.4 && z>=0.2 && z<=0.4)","G[0,36](x>=0.2 && x<=0.44 && y>=0.2 && y<=0.44 && z>=0.2 && z<=0.44)"
G,3,40,reference,ok,0.060630,0.8333312500260392,"G[0,40](x>=0.2 && x<=0.4 && y>=0.2 && y<=0.4 && z>=0.2 && z<=0.4)","G[0,40](x>=0.2 && x<=0.44 && y>=0.2 && y<=0.44 && z>=0.2 && z<=0.44)"
G,3,2,tabex_fast,ok,0.006194,0.8333312500260412,"G[0,2](x>=0.2 && x<=0.4 && y>=0.2 && y<=0.4 && z>=0.2 && z<=0.4)","G[0,2](x>=0.2 && x<=0.44 && y>=0.2 && y<=0.44 && z>=0.2 && z<=0.44)"
G,3,4,tabex_fast,ok,0.010932,0.8333312500260415,"G[0,4](x>=0.2 && x<=0.4 && y>=0.2 && y<=0.4 && z>=0.2 && z<=0.4)","G[0,4](x>=0.2 && x<=0.44 && y>=0.2 && y<=0.44 && z>=0.2 && z<=0.44)"
G,3,6,tabex_fast,ok,0.016716,0.8333312500260416,"G[0,6](x>=0.2 && x<=0.4 && y>=0.2 && y<=0.4 && z>=0.2 && z<=0.4)","G[0,6](x>=0.2 && x<=0.44 && y>=0.2 && y<=0.44 && z>=0.2 && z<=0.44)"
G,3,8,tabex_fast,ok,0.023097,0.8333312500260417,"G[0,8](x>=0.2 && x<=0.4 && y>=0.2 && y<=0.4 && z>=0.2 && z<=0.4)","G[0,8](x>=0.2 && x<=0.44 && y>=0.2 && y<=0.44 && z>=0.2 && z<=0.44)"
G,3,10,tabex_fast,ok,0.030042,0.8333312500260417,"G[0,10](x>=0.2 && x<=0.4 && y>=0.2 && y<=0.4 && z>=0.2 && z<=0.4)","G[0,10](x>=0.2 && x<=0.44 && y>=0.2 && y<=0.44 && z>=0.2 && z<=0.44)"
G,3,12,tabex_fast,ok,0.038306,0.8333312500260417,"G[0,12](x>=0.2 && x<=0.4 && y>=0.2 && y<=0.4 && z>=0.2 && z<=0.4)","G[0,12](x>=0.2 && x<=0.44 && y>=0.2 && y<=0.44 && z>=0.2 && z<=0.44)"
G,3,16,tabex_fast,ok,0.057418,0.8333312500260418,"G[0,16](x>=0.2 && x<=0.4 && y>=0.2 && y<=0.4 && z>=0.2 && z<=0.4)","G[0,16](x>=0.2 && x<=0.44 && y>=0.2 && y<=0.44 && z>=0.2 && z<=0.44)"
G,3,20,tabex_fast,ok,0.082005,0.8333312500260418,"G[0,20](x>=0.2 && x<=0.4 && y>=0.2 && y<=0.4 && z>=0.2 && z<=0.4)","G[0,20](x>=0.2 && x<=0.44 && y>=0.2 && y<=0.44 && z>=0.2 && z<=0.44)"
G,3,24,tabex_fast,ok,0.109288,0.8333312500260418,"G[0,24](x>=0.2 && x<=0.4 && y>=0.2 && y<=0.4 && z>=0.2 && z<=0.4)","G[0,24](x>=0.2 && x<=0.44 && y>=0.2 && y<=0.44 && z>=0.2 && z<=0.44)"
G,3,28,tabex_fast,ok,0.140938,0.833331250026041,"G[0,28](x>=0.2 && x<=0.4 && y>=0.2 && y<=0.4 && z>=0.2 && z<=0.4)","G[0,28](x>=0.2 && x<=0.44 && y>=0.2 && y<=0.44 && z>=0.2 && z<=0.44)"
G,3,32,tabex_fast,ok,0.176251,0.8333312500260402,"G[0,32](x>=0.2 && x<=0.4 && y>=0.2 && y<=0.4 && z>=0.2 && z<=0.4)","G[0,32](x>=0.2 && x<=0.44 && y>=0.2 && y<=0.44 && z>=0.2 && z<=0.44)"
G,3,36,tabex_fast,ok,0.219107,0.8333312500260397,"G[0,36](x>=0.2 && x<=0.4 && y>=0.2 && y<=0.4 && z>=0.2 && z<=0.4)","G[0,36](x>=0.2 && x<=0.44 && y>=0.2 && y<=0.44 && z>=0.2 && z<=0.44)"
G,3,40,tabex_fast,ok,0.260008,0.8333312500260392,"G[0,40](x>=0.2 && x<=0.4 && y>=0.2 && y<=0.4 && z>=0.2 && z<=0.4)","G[0,40](x>=0.2 && x<=0.44 && y>=0.2 && y<=0.44 && z>=0.2 && z<=0.44)"
G,3,2,PH,ok,0.042485,0.039999999999998946,"G[0,2](x>=0.2 && x<=0.4 && y>=0.2 && y<=0.4 && z>=0.2 && z<=0.4)","G[0,2](x>=0.2 && x<=0.44 && y>=0.2 && y<=0.44 && z>=0.2 && z<=0.44)"
G,3,4,PH,ok,0.038372,0.03999999999999915,"G[0,4](x>=0.2 && x<=0.4 && y>=0.2 && y<=0.4 && z>=0.2 && z<=0.4)","G[0,4](x>=0.2 && x<=0.44 && y>=0.2 && y<=0.44 && z>=0.2 && z<=0.44)"
G,3,6,PH,ok,0.049744,0.03999999999999915,"G[0,6](x>=0.2 && x<=0.4 && y>=0.2 && y<=0.4 && z>=0.2 && z<=0.4)","G[0,6](x>=0.2 && x<=0.44 && y>=0.2 && y<=0.44 && z>=0.2 && z<=0.44)"
G,3,8,PH,ok,0.044631,0.03999999999999915,"G[0,8](x>=0.2 && x<=0.4 && y>=0.2 && y<=0.4 && z>=0.2 && z<=0.4)","G[0,8](x>=0.2 && x<=0.44 && y>=0.2 && y<=0.44 && z>=0.2 && z<=0.44)"
G,3,10,PH,ok,0.056939,0.03999999999999915,"G[0,10](x>=0.2 && x<=0.4 && y>=0.2 && y<=0.4 && z>=0.2 && z<=0.4)","G[0,10](x>=0.2 && x<=0.44 && y>=0.2 && y<=0.44 && z>=0.2 && z<=0.44)"
G,3,12,PH,ok,0.073140,0.03999999999999915,"G[0,12](x>=0.2 && x<=0.4 && y>=0.2 && y<=0.4 && z>=0.2 && z<=0.4)","G[0,12](x>=0.2 && x<=0.44 && y>=0.2 && y<=0.44 && z>=0.2 && z<=0.44)"
G,3,16,PH,ok,0.094494,0.03999999999999915,"G[0,16](x>=0.2 && x<=0.4 && y>=0.2 && y<=0.4 && z>=0.2 && z<=0.4)","G[0,16](x>=0.2 && x<=0.44 && y>=0.2 && y<=0.44 && z>=0.2 && z<=0.44)"
G,3,20,PH,ok,0.112038,0.03999999999999915,"G[0,20](x>=0.2 && x<=0.4 && y>=0.2 && y<=0.4 && z>=0.2 && z<=0.4)","G[0,20](x>=0.2 && x<=0.44 && y>=0.2 && y<=0.44 && z>=0.2 && z<=0.44)"
G,3,24,PH,ok,0.120577,0.03999999999999916,"G[0,24](x>=0.2 && x<=0.4 && y>=0.2 && y<=0.4 && z>=0.2 && z<=0.4)","G[0,24](x>=0.2 && x<=0.44 && y>=0.2 && y<=0.44 && z>=0.2 && z<=0.44)"
G,3,28,PH,ok,0.122983,0.03999999999999915,"G[0,28](x>=0.2 && x<=0.4 && y>=0.2 && y<=0.4 && z>=0.2 && z<=0.4)","G[0,28](x>=0.2 && x<=0.44 && y>=0.2 && y<=0.44 && z>=0.2 && z<=0.44)"
G,3,32,PH,ok,0.162817,0.03999999999999948,"G[0,32](x>=0.2 && x<=0.4 && y>=0.2 && y<=0.4 && z>=0.2 && z<=0.4)","G[0,32](x>=0.2 && x<=0.44 && y>=0.2 && y<=0.44 && z>=0.2 && z<=0.44)"
G,3,36,PH,ok,0.114471,0.03999999999999886,"G[0,36](x>=0.2 && x<=0.4 && y>=0.2 && y<=0.4 && z>=0.2 && z<=0.4)","G[0,36](x>=0.2 && x<=0.44 && y>=0.2 && y<=0.44 && z>=0.2 && z<=0.44)"
G,3,40,PH,ok,0.114386,0.03999999999999915,"G[0,40](x>=0.2 && x<=0.4 && y>=0.2 && y<=0.4 && z>=0.2 && z<=0.4)","G[0,40](x>=0.2 && x<=0.44 && y>=0.2 && y<=0.44 && z>=0.2 && z<=0.44)"
G,3,2,SD,ok,0.000415,0.04166666666666685,"G[0,2](x>=0.2 && x<=0.4 && y>=0.2 && y<=0.4 && z>=0.2 && z<=0.4)","G[0,2](x>=0.2 && x<=0.44 && y>=0.2 && y<=0.44 && z>=0.2 && z<=0.44)"
G,3,4,SD,ok,0.000571,0.04166666666666685,"G[0,4](x>=0.2 && x<=0.4 && y>=0.2 && y<=0.4 && z>=0.2 && z<=0.4)","G[0,4](x>=0.2 && x<=0.44 && y>=0.2 && y<=0.44 && z>=0.2 && z<=0.44)"
G,3,6,SD,ok,0.000571,0.04166666666666685,"G[0,6](x>=0.2 && x<=0.4 && y>=0.2 && y<=0.4 && z>=0.2 && z<=0.4)","G[0,6](x>=0.2 && x<=0.44 && y>=0.2 && y<=0.44 && z>=0.2 && z<=0.44)"
G,3,8,SD,ok,0.000560,0.04166666666666685,"G[0,8](x>=0.2 && x<=0.4 && y>=0.2 && y<=0.4 && z>=0.2 && z<=0.4)","G[0,8](x>=0.2 && x<=0.44 && y>=0.2 && y<=0.44 && z>=0.2 && z<=0.44)"
G,3,10,SD,ok,0.000565,0.04166666666666685,"G[0,10](x>=0.2 && x<=0.4 && y>=0.2 && y<=0.4 && z>=0.2 && z<=0.4)","G[0,10](x>=0.2 && x<=0.44 && y>=0.2 && y<=0.44 && z>=0.2 && z<=0.44)"
G,3,12,SD,ok,0.000431,0.04166666666666685,"G[0,12](x>=0.2 && x<=0.4 && y>=0.2 && y<=0.4 && z>=0.2 && z<=0.4)","G[0,12](x>=0.2 && x<=0.44 && y>=0.2 && y<=0.44 && z>=0.2 && z<=0.44)"
G,3,16,SD,ok,0.000573,0.04166666666666685,"G[0,16](x>=0.2 && x<=0.4 && y>=0.2 && y<=0.4 && z>=0.2 && z<=0.4)","G[0,16](x>=0.2 && x<=0.44 && y>=0.2 && y<=0.44 && z>=0.2 && z<=0.44)"
G,3,20,SD,ok,0.000576,0.04166666666666685,"G[0,20](x>=0.2 && x<=0.4 && y>=0.2 && y<=0.4 && z>=0.2 && z<=0.4)","G[0,20](x>=0.2 && x<=0.44 && y>=0.2 && y<=0.44 && z>=0.2 && z<=0.44)"
G,3,24,SD,ok,0.000570,0.04166666666666685,"G[0,24](x>=0.2 && x<=0.4 && y>=0.2 && y<=0.4 && z>=0.2 && z<=0.4)","G[0,24](x>=0.2 && x<=0.44 && y>=0.2 && y<=0.44 && z>=0.2 && z<=0.44)"
G,3,28,SD,ok,0.000582,0.04166666666666685,"G[0,28](x>=0.2 && x<=0.4 && y>=0.2 && y<=0.4 && z>=0.2 && z<=0.4)","G[0,28](x>=0.2 && x<=0.44 && y>=0.2 && y<=0.44 && z>=0.2 && z<=0.44)"
G,3,32,SD,ok,0.000565,0.04166666666666685,"G[0,32](x>=0.2 && x<=0.4 && y>=0.2 && y<=0.4 && z>=0.2 && z<=0.4)","G[0,32](x>=0.2 && x<=0.44 && y>=0.2 && y<=0.44 && z>=0.2 && z<=0.44)"
G,3,36,SD,ok,0.000414,0.04166666666666685,"G[0,36](x>=0.2 && x<=0.4 && y>=0.2 && y<=0.4 && z>=0.2 && z<=0.4)","G[0,36](x>=0.2 && x<=0.44 && y>=0.2 && y<=0.44 && z>=0.2 && z<=0.44)"
G,3,40,SD,ok,0.000694,0.04166666666666685,"G[0,40](x>=0.2 && x<=0.4 && y>=0.2 && y<=0.4 && z>=0.2 && z<=0.4)","G[0,40](x>=0.2 && x<=0.44 && y>=0.2 && y<=0.44 && z>=0.2 && z<=0.44)"
G,4,2,reference,ok,0.006380,0.8333312500260414,"G[0,2](x>=0.2 && x<=0.4 && y>=0.2 && y<=0.4 && z>=0.2 && z<=0.4 && w>=0.2 && w<=0.4)","G[0,2](x>=0.2 && x<=0.44 && y>=0.2 && y<=0.44 && z>=0.2 && z<=0.44 && w>=0.2 && w<=0.44)"
G,4,4,reference,ok,0.010270,0.8333312500260416,"G[0,4](x>=0.2 && x<=0.4 && y>=0.2 && y<=0.4 && z>=0.2 && z<=0.4 && w>=0.2 && w<=0.4)","G[0,4](x>=0.2 && x<=0.44 && y>=0.2 && y<=0.44 && z>=0.2 && z<=0.44 && w>=0.2 && w<=0.44)"
G,4,6,reference,ok,0.014071,0.8333312500260417,"G[0,6](x>=0.2 && x<=0.4 && y>=0.2 && y<=0.4 && z>=0.2 && z<=0.4 && w>=0.2 && w<=0.4)","G[0,6](x>=0.2 && x<=0.44 && y>=0.2 && y<=0.44 && z>=0.2 && z<=0.44 && w>=0.2 && w<=0.44)"
G,4,8,reference,ok,0.018093,0.8333312500260417,"G[0,8](x>=0.2 && x<=0.4 && y>=0.2 && y<=0.4 && z>=0.2 && z<=0.4 && w>=0.2 && w<=0.4)","G[0,8](x>=0.2 && x<=0.44 && y>=0.2 && y<=0.44 && z>=0.2 && z<=0.44 && w>=0.2 && w<=0.44)"
G,4,10,reference,ok,0.021912,0.8333312500260418,"G[0,10](x>=0.2 && x<=0.4 && y>=0.2 && y<=0.4 && z>=0.2 && z<=0.4 && w>=0.2 && w<=0.4)","G[0,10](x>=0.2 && x<=0.44 && y>=0.2 && y<=0.44 && z>=0.2 && z<=0.44 && w>=0.2 && w<=0.44)"
G,4,12,reference,ok,0.025894,0.8333312500260418,"G[0,12](x>=0.2 && x<=0.4 && y>=0.2 && y<=0.4 && z>=0.2 && z<=0.4 && w>=0.2 && w<=0.4)","G[0,12](x>=0.2 && x<=0.44 && y>=0.2 && y<=0.44 && z>=0.2 && z<=0.44 && w>=0.2 && w<=0.44)"
G,4,16,reference,ok,0.033969,0.8333312500260418,"G[0,16](x>=0.2 && x<=0.4 && y>=0.2 && y<=0.4 && z>=0.2 && z<=0.4 && w>=0.2 && w<=0.4)","G[0,16](x>=0.2 && x<=0.44 && y>=0.2 && y<=0.44 && z>=0.2 && z<=0.44 && w>=0.2 && w<=0.44)"
G,4,20,reference,ok,0.041178,0.8333312500260412,"G[0,20](x>=0.2 && x<=0.4 && y>=0.2 && y<=0.4 && z>=0.2 && z<=0.4 && w>=0.2 && w<=0.4)","G[0,20](x>=0.2 && x<=0.44 && y>=0.2 && y<=0.44 && z>=0.2 && z<=0.44 && w>=0.2 && w<=0.44)"
G,4,24,reference,ok,0.049080,0.8333312500260402,"G[0,24](x>=0.2 && x<=0.4 && y>=0.2 && y<=0.4 && z>=0.2 && z<=0.4 && w>=0.2 && w<=0.4)","G[0,24](x>=0.2 && x<=0.44 && y>=0.2 && y<=0.44 && z>=0.2 && z<=0.44 && w>=0.2 && w<=0.44)"
G,4,28,reference,ok,0.056649,0.8333312500260395,"G[0,28](x>=0.2 && x<=0.4 && y>=0.2 && y<=0.4 && z>=0.2 && z<=0.4 && w>=0.2 && w<=0.4)","G[0,28](x>=0.2 && x<=0.44 && y>=0.2 && y<=0.44 && z>=0.2 && z<=0.44 && w>=0.2 && w<=0.44)"
G,4,32,reference,ok,0.065171,0.8333312500260389,"G[0,32](x>=0.2 && x<=0.4 && y>=0.2 && y<=0.4 && z>=0.2 && z<=0.4 && w>=0.2 && w<=0.4)","G[0,32](x>=0.2 && x<=0.44 && y>=0.2 && y<=0.44 && z>=0.2 && z<=0.44 && w>=0.2 && w<=0.44)"
G,4,36,reference,ok,0.072352,0.8333312500260385,"G[0,36](x>=0.2 && x<=0.4 && y>=0.2 && y<=0.4 && z>=0.2 && z<=0.4 && w>=0.2 && w<=0.4)","G[0,36](x>=0.2 && x<=0.44 && y>=0.2 && y<=0.44 && z>=0.2 && z<=0.44 && w>=0.2 && w<=0.44)"
G,4,40,reference,ok,0.080689,0.8333312500260389,"G[0,40](x>=0.2 && x<=0.4 && y>=0.2 && y<=0.4 && z>=0.2 && z<=0.4 && w>=0.2 && w<=0.4)","G[0,40](x>=0.2 && x<=0.44 && y>=0.2 && y<=0.44 && z>=0.2 && z<=0.44 && w>=0.2 && w<=0.44)"
G,4,2,tabex_fast,ok,0.008614,0.8333312500260414,"G[0,2](x>=0.2 && x<=0.4 && y>=0.2 && y<=0.4 && z>=0.2 && z<=0.4 && w>=0.2 && w<=0.4)","G[0,2](x>=0.2 && x<=0.44 && y>=0.2 && y<=0.44 && z>=0.2 && z<=0.44 && w>=0.2 && w<=0.44)"
G,4,4,tabex_fast,ok,0.015607,0.8333312500260416,"G[0,4](x>=0.2 && x<=0.4 && y>=0.2 && y<=0.4 && z>=0.2 && z<=0.4 && w>=0.2 && w<=0.4)","G[0,4](x>=0.2 && x<=0.44 && y>=0.2 && y<=0.44 && z>=0.2 && z<=0.44 && w>=0.2 && w<=0.44)"
G,4,6,tabex_fast,ok,0.023800,0.8333312500260417,"G[0,6](x>=0.2 && x<=0.4 && y>=0.2 && y<=0.4 && z>=0.2 && z<=0.4 && w>=0.2 && w<=0.4)","G[0,6](x>=0.2 && x<=0.44 && y>=0.2 && y<=0.44 && z>=0.2 && z<=0.44 && w>=0.2 && w<=0.44)"
G,4,8,tabex_fast,ok,0.034255,0.8333312500260417,"G[0,8](x>=0.2 && x<=0.4 && y>=0.2 && y<=0.4 && z>=0.2 && z<=0.4 && w>=0.2 && w<=0.4)","G[0,8](x>=0.2 && x<=0.44 && y>=0.2 && y<=0.44 && z>=0.2 && z<=0.44 && w>=0.2 && w<=0.44)"
G,4,10,tabex_fast,ok,0.045610,0.8333312500260418,"G[0,10](x>=0.2 && x<=0.4 && y>=0.2 && y<=0.4 && z>=0.2 && z<=0.4 && w>=0.2 && w<=0.4)","G[0,10](x>=0.2 && x<=0.44 && y>=0.2 && y<=0.44 && z>=0.2 && z<=0.44 && w>=0.2 && w<=0.44)"
G,4,12,tabex_fast,ok,0.058516,0.8333312500260418,"G[0,12](x>=0.2 && x<=0.4 && y>=0.2 && y<=0.4 && z>=0.2 && z<=0.4 && w>=0.2 && w<=0.4)","G[0,12](x>=0.2 && x<=0.44 && y>=0.2 && y<=0.44 && z>=0.2 && z<=0.44 && w>=0.2 && w<=0.44)"
G,4,16,tabex_fast,ok,0.089338,0.8333312500260418,"G[0,16](x>=0.2 && x<=0.4 && y>=0.2 && y<=0.4 && z>=0.2 && z<=0.4 && w>=0.2 && w<=0.4)","G[0,16](x>=0.2 && x<=0.44 && y>=0.2 && y<=0.44 && z>=0.2 && z<=0.44 && w>=0.2 && w<=0.44)"
G,4,20,tabex_fast,ok,0.128385,0.8333312500260412,"G[0,20](x>=0.2 && x<=0.4 && y>=0.2 && y<=0.4 && z>=0.2 && z<=0.4 && w>=0.2 && w<=0.4)","G[0,20](x>=0.2 && x<=0.44 && y>=0.2 && y<=0.44 && z>=0.2 && z<=0.44 && w>=0.2 && w<=0.44)"
G,4,24,tabex_fast,ok,0.176777,0.8333312500260402,"G[0,24](x>=0.2 && x<=0.4 && y>=0.2 && y<=0.4 && z>=0.2 && z<=0.4 && w>=0.2 && w<=0.4)","G[0,24](x>=0.2 && x<=0.44 && y>=0.2 && y<=0.44 && z>=0.2 && z<=0.44 && w>=0.2 && w<=0.44)"
G,4,28,tabex_fast,ok,0.223180,0.8333312500260395,"G[0,28](x>=0.2 && x<=0.4 && y>=0.2 && y<=0.4 && z>=0.2 && z<=0.4 && w>=0.2 && w<=0.4)","G[0,28](x>=0.2 && x<=0.44 && y>=0.2 && y<=0.44 && z>=0.2 && z<=0.44 && w>=0.2 && w<=0.44)"
G,4,32,tabex_fast,ok,0.282641,0.8333312500260389,"G[0,32](x>=0.2 && x<=0.4 && y>=0.2 && y<=0.4 && z>=0.2 && z<=0.4 && w>=0.2 && w<=0.4)","G[0,32](x>=0.2 && x<=0.44 && y>=0.2 && y<=0.44 && z>=0.2 && z<=0.44 && w>=0.2 && w<=0.44)"
G,4,36,tabex_fast,ok,0.354800,0.8333312500260385,"G[0,36](x>=0.2 && x<=0.4 && y>=0.2 && y<=0.4 && z>=0.2 && z<=0.4 && w>=0.2 && w<=0.4)","G[0,36](x>=0.2 && x<=0.44 && y>=0.2 && y<=0.44 && z>=0.2 && z<=0.44 && w>=0.2 && w<=0.44)"
G,4,40,tabex_fast,ok,0.425117,0.8333312500260389,"G[0,40](x>=0.2 && x<=0.4 && y>=0.2 && y<=0.4 && z>=0.2 && z<=0.4 && w>=0.2 && w<=0.4)","G[0,40](x>=0.2 && x<=0.44 && y>=0.2 && y<=0.44 && z>=0.2 && z<=0.44 && w>=0.2 && w<=0.44)"
G,4,2,PH,ok,0.041785,0.03999999999999911,"G[0,2](x>=0.2 && x<=0.4 && y>=0.2 && y<=0.4 && z>=0.2 && z<=0.4 && w>=0.2 && w<=0.4)","G[0,2](x>=0.2 && x<=0.44 && y>=0.2 && y<=0.44 && z>=0.2 && z<=0.44 && w>=0.2 && w<=0.44)"
G,4,4,PH,ok,0.045498,0.03999999999999915,"G[0,4](x>=0.2 && x<=0.4 && y>=0.2 && y<=0.4 && z>=0.2 && z<=0.4 && w>=0.2 && w<=0.4)","G[0,4](x>=0.2 && x<=0.44 && y>=0.2 && y<=0.44 && z>=0.2 && z<=0.44 && w>=0.2 && w<=0.44)"
G,4,6,PH,ok,0.088280,0.03999999999999915,"G[0,6](x>=0.2 && x<=0.4 && y>=0.2 && y<=0.4 && z>=0.2 && z<=0.4 && w>=0.2 && w<=0.4)","G[0,6](x>=0.2 && x<=0.44 && y>=0.2 && y<=0.44 && z>=0.2 && z<=0.44 && w>=0.2 && w<=0.44)"
G,4,8,PH,ok,0.059546,0.03999999999999915,"G[0,8](x>=0.2 && x<=0.4 && y>=0.2 && y<=0.4 && z>=0.2 && z<=0.4 && w>=0.2 && w<=0.4)","G[0,8](x>=0.2 && x<=0.44 && y>=0.2 && y<=0.44 && z>=0.2 && z<=0.44 && w>=0.2 && w<=0.44)"
G,4,10,PH,ok,0.069054,0.03999999999999915,"G[0,10](x>=0.2 && x<=0.4 && y>=0.2 && y<=0.4 && z>=0.2 && z<=0.4 && w>=0.2 && w<=0.4)","G[0,10](x>=0.2 && x<=0.44 && y>=0.2 && y<=0.44 && z>=0.2 && z<=0.44 && w>=0.2 && w<=0.44)"
G,4,12,PH,ok,0.060535,0.03999999999999915,"G[0,12](x>=0.2 && x<=0.4 && y>=0.2 && y<=0.4 && z>=0.2 && z<=0.4 && w>=0.2 && w<=0.4)","G[0,12](x>=0.2 && x<=0.44 && y>=0.2 && y<=0.44 && z>=0.2 && z<=0.44 && w>=0.2 && w<=0.44)"
G,4,16,PH,ok,0.094461,0.03999999999999915,"G[0,16](x>=0.2 && x<=0.4 && y>=0.2 && y<=0.4 && z>=0.2 && z<=0.4 && w>=0.2 && w<=0.4)","G[0,16](x>=0.2 && x<=0.44 && y>=0.2 && y<=0.44 && z>=0.2 && z<=0.44 && w>=0.2 && w<=0.44)"
G,4,20,PH,ok,0.141076,0.03999999999999915,"G[0,20](x>=0.2 && x<=0.4 && y>=0.2 && y<=0.4 && z>=0.2 && z<=0.4 && w>=0.2 && w<=0.4)","G[0,20](x>=0.2 && x<=0.44 && y>=0.2 && y<=0.44 && z>=0.2 && z<=0.44 && w>=0.2 && w<=0.44)"
G,4,24,PH,ok,0.144870,0.03999999999999915,"G[0,24](x>=0.2 && x<=0.4 && y>=0.2 && y<=0.4 && z>=0.2 && z<=0.4 && w>=0.2 && w<=0.4)","G[0,24](x>=0.2 && x<=0.44 && y>=0.2 && y<=0.44 && z>=0.2 && z<=0.44 && w>=0.2 && w<=0.44)"
G,4,28,PH,ok,0.119825,0.03999999999999915,"G[0,28](x>=0.2 && x<=0.4 && y>=0.2 && y<=0.4 && z>=0.2 && z<=0.4 && w>=0.2 && w<=0.4)","G[0,28](x>=0.2 && x<=0.44 && y>=0.2 && y<=0.44 && z>=0.2 && z<=0.44 && w>=0.2 && w<=0.44)"
G,4,32,PH,ok,0.182682,0.03999999999999905,"G[0,32](x>=0.2 && x<=0.4 && y>=0.2 && y<=0.4 && z>=0.2 && z<=0.4 && w>=0.2 && w<=0.4)","G[0,32](x>=0.2 && x<=0.44 && y>=0.2 && y<=0.44 && z>=0.2 && z<=0.44 && w>=0.2 && w<=0.44)"
G,4,36,PH,ok,0.165771,0.03999999999999915,"G[0,36](x>=0.2 && x<=0.4 && y>=0.2 && y<=0.4 && z>=0.2 && z<=0.4 && w>=0.2 && w<=0.4)","G[0,36](x>=0.2 && x<=0.44 && y>=0.2 && y<=0.44 && z>=0.2 && z<=0.44 && w>=0.2 && w<=0.44)"
G,4,40,PH,ok,0.164689,0.03999999999999915,"G[0,40](x>=0.2 && x<=0.4 && y>=0.2 && y<=0.4 && z>=0.2 && z<=0.4 && w>=0.2 && w<=0.4)","G[0,40](x>=0.2 && x<=0.44 && y>=0.2 && y<=0.44 && z>=0.2 && z<=0.44 && w>=0.2 && w<=0.44)"
G,4,2,SD,ok,0.000745,0.0555555555555558,"G[0,2](x>=0.2 && x<=0.4 && y>=0.2 && y<=0.4 && z>=0.2 && z<=0.4 && w>=0.2 && w<=0.4)","G[0,2](x>=0.2 && x<=0.44 && y>=0.2 && y<=0.44 && z>=0.2 && z<=0.44 && w>=0.2 && w<=0.44)"
G,4,4,SD,ok,0.000531,0.0555555555555558,"G[0,4](x>=0.2 && x<=0.4 && y>=0.2 && y<=0.4 && z>=0.2 && z<=0.4 && w>=0.2 && w<=0.4)","G[0,4](x>=0.2 && x<=0.44 && y>=0.2 && y<=0.44 && z>=0.2 && z<=0.44 && w>=0.2 && w<=0.44)"
G,4,6,SD,ok,0.000531,0.0555555555555558,"G[0,6](x>=0.2 && x<=0.4 && y>=0.2 && y<=0.4 && z>=0.2 && z<=0.4 && w>=0.2 && w<=0.4)","G[0,6](x>=0.2 && x<=0.44 && y>=0.2 && y<=0.44 && z>=0.2 && z<=0.44 && w>=0.2 && w<=0.44)"
G,4,8,SD,ok,0.000728,0.0555555555555558,"G[0,8](x>=0.2 && x<=0.4 && y>=0.2 && y<=0.4 && z>=0.2 && z<=0.4 && w>=0.2 && w<=0.4)","G[0,8](x>=0.2 && x<=0.44 && y>=0.2 && y<=0.44 && z>=0.2 && z<=0.44 && w>=0.2 && w<=0.44)"
G,4,10,SD,ok,0.000525,0.0555555555555558,"G[0,10](x>=0.2 && x<=0.4 && y>=0.2 && y<=0.4 && z>=0.2 && z<=0.4 && w>=0.2 && w<=0.4)","G[0,10](x>=0.2 && x<=0.44 && y>=0.2 && y<=0.44 && z>=0.2 && z<=0.44 && w>=0.2 && w<=0.44)"
G,4,12,SD,ok,0.000719,0.0555555555555558,"G[0,12](x>=0.2 && x<=0.4 && y>=0.2 && y<=0.4 && z>=0.2 && z<=0.4 && w>=0.2 && w<=0.4)","G[0,12](x>=0.2 && x<=0.44 && y>=0.2 && y<=0.44 && z>=0.2 && z<=0.44 && w>=0.2 && w<=0.44)"
G,4,16,SD,ok,0.000736,0.0555555555555558,"G[0,16](x>=0.2 && x<=0.4 && y>=0.2 && y<=0.4 && z>=0.2 && z<=0.4 && w>=0.2 && w<=0.4)","G[0,16](x>=0.2 && x<=0.44 && y>=0.2 && y<=0.44 && z>=0.2 && z<=0.44 && w>=0.2 && w<=0.44)"
G,4,20,SD,ok,0.000546,0.0555555555555558,"G[0,20](x>=0.2 && x<=0.4 && y>=0.2 && y<=0.4 && z>=0.2 && z<=0.4 && w>=0.2 && w<=0.4)","G[0,20](x>=0.2 && x<=0.44 && y>=0.2 && y<=0.44 && z>=0.2 && z<=0.44 && w>=0.2 && w<=0.44)"
G,4,24,SD,ok,0.000768,0.0555555555555558,"G[0,24](x>=0.2 && x<=0.4 && y>=0.2 && y<=0.4 && z>=0.2 && z<=0.4 && w>=0.2 && w<=0.4)","G[0,24](x>=0.2 && x<=0.44 && y>=0.2 && y<=0.44 && z>=0.2 && z<=0.44 && w>=0.2 && w<=0.44)"
G,4,28,SD,ok,0.000732,0.0555555555555558,"G[0,28](x>=0.2 && x<=0.4 && y>=0.2 && y<=0.4 && z>=0.2 && z<=0.4 && w>=0.2 && w<=0.4)","G[0,28](x>=0.2 && x<=0.44 && y>=0.2 && y<=0.44 && z>=0.2 && z<=0.44 && w>=0.2 && w<=0.44)"
G,4,32,SD,ok,0.000731,0.0555555555555558,"G[0,32](x>=0.2 && x<=0.4 && y>=0.2 && y<=0.4 && z>=0.2 && z<=0.4 && w>=0.2 && w<=0.4)","G[0,32](x>=0.2 && x<=0.44 && y>=0.2 && y<=0.44 && z>=0.2 && z<=0.44 && w>=0.2 && w<=0.44)"
G,4,36,SD,ok,0.000526,0.0555555555555558,"G[0,36](x>=0.2 && x<=0.4 && y>=0.2 && y<=0.4 && z>=0.2 && z<=0.4 && w>=0.2 && w<=0.4)","G[0,36](x>=0.2 && x<=0.44 && y>=0.2 && y<=0.44 && z>=0.2 && z<=0.44 && w>=0.2 && w<=0.44)"
G,4,40,SD,ok,0.000742,0.0555555555555558,"G[0,40](x>=0.2 && x<=0.4 && y>=0.2 && y<=0.4 && z>=0.2 && z<=0.4 && w>=0.2 && w<=0.4)","G[0,40](x>=0.2 && x<=0.44 && y>=0.2 && y<=0.44 && z>=0.2 && z<=0.44 && w>=0.2 && w<=0.44)"
G,5,2,reference,ok,0.007923,0.8333312500260415,"G[0,2](x>=0.2 && x<=0.4 && y>=0.2 && y<=0.4 && z>=0.2 && z<=0.4 && w>=0.2 && w<=0.4 && v>=0.2 && v<=0.4)","G[0,2](x>=0.2 && x<=0.44 && y>=0.2 && y<=0.44 && z>=0.2 && z<=0.44 && w>=0.2 && w<=0.44 && v>=0.2 && v<=0.44)"
G,5,4,reference,ok,0.012551,0.8333312500260416,"G[0,4](x>=0.2 && x<=0.4 && y>=0.2 && y<=0.4 && z>=0.2 && z<=0.4 && w>=0.2 && w<=0.4 && v>=0.2 && v<=0.4)","G[0,4](x>=0.2 && x<=0.44 && y>=0.2 && y<=0.44 && z>=0.2 && z<=0.44 && w>=0.2 && w<=0.44 && v>=0.2 && v<=0.44)"
G,5,6,reference,ok,0.017576,0.8333312500260417,"G[0,6](x>=0.2 && x<=0.4 && y>=0.2 && y<=0.4 && z>=0.2 && z<=0.4 && w>=0.2 && w<=0.4 && v>=0.2 && v<=0.4)","G[0,6](x>=0.2 && x<=0.44 && y>=0.2 && y<=0.44 && z>=0.2 && z<=0.44 && w>=0.2 && w<=0.44 && v>=0.2 && v<=0.44)"
G,5,8,reference,ok,0.022263,0.8333312500260418,"G[0,8](x>=0.2 && x<=0.4 && y>=0.2 && y<=0.4 && z>=0.2 && z<=0.4 && w>=0.2 && w<=0.4 && v>=0.2 && v<=0.4)","G[0,8](x>=0.2 && x<=0.44 && y>=0.2 && y<=0.44 && z>=0.2 && z<=0.44 && w>=0.2 && w<=0.44 && v>=0.2 && v<=0.44)"
G,5,10,reference,ok,0.026957,0.8333312500260418,"G[0,10](x>=0.2 && x<=0.4 && y>=0.2 && y<=0.4 && z>=0.2 && z<=0.4 && w>=0.2 && w<=0.4 && v>=0.2 && v<=0.4)","G[0,10](x>=0.2 && x<=0.44 && y>=0.2 && y<=0.44 && z>=0.2 && z<=0.44 && w>=0.2 && w<=0.44 && v>=0.2 && v<=0.44)"
G,5,12,reference,ok,0.031866,0.8333312500260418,"G[0,12](x>=0.2 && x<=0.4 && y>=0.2 && y<=0.4 && z>=0.2 && z<=0.4 && w>=0.2 && w<=0.4 && v>=0.2 && v<=0.4)","G[0,12](x>=0.2 && x<=0.44 && y>=0.2 && y<=0.44 && z>=0.2 && z<=0.44 && w>=0.2 && w<=0.44 && v>=0.2 && v<=0.44)"
G,5,16,reference,ok,0.041673,0.8333312500260411,"G[0,16](x>=0.2 && x<=0.4 && y>=0.2 && y<=0.4 && z>=0.2 && z<=0.4 && w>=0.2 && w<=0.4 && v>=0.2 && v<=0.4)","G[0,16](x>=0.2 && x<=0.44 && y>=0.2 && y<=0.44 && z>=0.2 && z<=0.44 && w>=0.2 && w<=0.44 && v>=0.2 && v<=0.44)"
G,5,20,reference,ok,0.051484,0.8333312500260399,"G[0,20](x>=0.2 && x<=0.4 && y>=0.2 && y<=0.4 && z>=0.2 && z<=0.4 && w>=0.2 && w<=0.4 && v>=0.2 && v<=0.4)","G[0,20](x>=0.2 && x<=0.44 && y>=0.2 && y<=0.44 && z>=0.2 && z<=0.44 && w>=0.2 && w<=0.44 && v>=0.2 && v<=0.44)"
G,5,24,reference,ok,0.060881,0.8333312500260391,"G[0,24](x>=0.2 && x<=0.4 && y>=0.2 && y<=0.4 && z>=0.2 && z<=0.4 && w>=0.2 && w<=0.4 && v>=0.2 && v<=0.4)","G[0,24](x>=0.2 && x<=0.44 && y>=0.2 && y<=0.44 && z>=0.2 && z<=0.44 && w>=0.2 && w<=0.44 && v>=0.2 && v<=0.44)"
G,5,28,reference,ok,0.070499,0.8333312500260386,"G[0,28](x>=0.2 && x<=0.4 && y>=0.2 && y<=0.4 && z>=0.2 && z<=0.4 && w>=0.2 && w<=0.4 && v>=0.2 && v<=0.4)","G[0,28](x>=0.2 && x<=0.44 && y>=0.2 && y<=0.44 && z>=0.2 && z<=0.44 && w>=0.2 && w<=0.44 && v>=0.2 && v<=0.44)"
G,5,32,reference,ok,0.081369,0.833331250026039,"G[0,32](x>=0.2 && x<=0.4 && y>=0.2 && y<=0.4 && z>=0.2 && z<=0.4 && w>=0.2 && w<=0.4 && v>=0.2 && v<=0.4)","G[0,32](x>=0.2 && x<=0.44 && y>=0.2 && y<=0.44 && z>=0.2 && z<=0.44 && w>=0.2 && w<=0.44 && v>=0.2 && v<=0.44)"
G,5,36,reference,ok,0.089937,0.8333312500260401,"G[0,36](x>=0.2 && x<=0.4 && y>=0.2 && y<=0.4 && z>=0.2 && z<=0.4 && w>=0.2 && w<=0.4 && v>=0.2 && v<=0.4)","G[0,36](x>=0.2 && x<=0.44 && y>=0.2 && y<=0.44 && z>=0.2 && z<=0.44 && w>=0.2 && w<=0.44 && v>=0.2 && v<=0.44)"
G,5,40,reference,ok,0.100715,0.833331250026041,"G[0,40](x>=0.2 && x<=0.4 && y>=0.2 && y<=0.4 && z>=0.2 && z<=0.4 && w>=0.2 && w<=0.4 && v>=0.2 && v<=0.4)","G[0,40](x>=0.2 && x<=0.44 && y>=0.2 && y<=0.44 && z>=0.2 && z<=0.44 && w>=0.2 && w<=0.44 && v>=0.2 && v<=0.44)"
G,5,2,tabex_fast,ok,0.010983,0.8333312500260415,"G[0,2](x>=0.2 && x<=0.4 && y>=0.2 && y<=0.4 && z>=0.2 && z<=0.4 && w>=0.2 && w<=0.4 && v>=0.2 && v<=0.4)","G[0,2](x>=0.2 && x<=0.44 && y>=0.2 && y<=0.44 && z>=0.2 && z<=0.44 && w>=0.2 && w<=0.44 && v>=0.2 && v<=0.44)"
G,5,4,tabex_fast,ok,0.020332,0.8333312500260416,"G[0,4](x>=0.2 && x<=0.4 && y>=0.2 && y<=0.4 && z>=0.2 && z<=0.4 && w>=0.2 && w<=0.4 && v>=0.2 && v<=0.4)","G[0,4](x>=0.2 && x<=0.44 && y>=0.2 && y<=0.44 && z>=0.2 && z<=0.44 && w>=0.2 && w<=0.44 && v>=0.2 && v<=0.44)"
G,5,6,tabex_fast,ok,0.032523,0.8333312500260417,"G[0,6](x>=0.2 && x<=0.4 && y>=0.2 && y<=0.4 && z>=0.2 && z<=0.4 && w>=0.2 && w<=0.4 && v>=0.2 && v<=0.4)","G[0,6](x>=0.2 && x<=0.44 && y>=0.2 && y<=0.44 && z>=0.2 && z<=0.44 && w>=0.2 && w<=0.44 && v>=0.2 && v<=0.44)"
G,5,8,tabex_fast,ok,0.046589,0.8333312500260418,"G[0,8](x>=0.2 && x<=0.4 && y>=0.2 && y<=0.4 && z>=0.2 && z<=0.4 && w>=0.2 && w<=0.4 && v>=0.2 && v<=0.4)","G[0,8](x>=0.2 && x<=0.44 && y>=0.2 && y<=0.44 && z>=0.2 && z<=0.44 && w>=0.2 && w<=0.44 && v>=0.2 && v<=0.44)"
G,5,10,tabex_fast,ok,0.063074,0.8333312500260418,"G[0,10](x>=0.2 && x<=0.4 && y>=0.2 && y<=0.4 && z>=0.2 && z<=0.4 && w>=0.2 && w<=0.4 && v>=0.2 && v<=0.4)","G[0,10](x>=0.2 && x<=0.44 && y>=0.2 && y<=0.44 && z>=0.2 && z<=0.44 && w>=0.2 && w<=0.44 && v>=0.2 && v<=0.44)"
G,5,12,tabex_fast,ok,0.081928,0.8333312500260418,"G[0,12](x>=0.2 && x<=0.4 && y>=0.2 && y<=0.4 && z>=0.2 && z<=0.4 && w>=0.2 && w<=0.4 && v>=0.2 && v<=0.4)","G[0,12](x>=0.2 && x<=0.44 && y>=0.2 && y<=0.44 && z>=0.2 && z<=0.44 && w>=0.2 && w<=0.44 && v>=0.2 && v<=0.44)"
G,5,16,tabex_fast,ok,0.129743,0.8333312500260411,"G[0,16](x>=0.2 && x<=0.4 && y>=0.2 && y<=0.4 && z>=0.2 && z<=0.4 && w>=0.2 && w<=0.4 && v>=0.2 && v<=0.4)","G[0,16](x>=0.2 && x<=0.44 && y>=0.2 && y<=0.44 && z>=0.2 && z<=0.44 && w>=0.2 && w<=0.44 && v>=0.2 && v<=0.44)"
G,5,20,tabex_fast,ok,0.186250,0.8333312500260399,"G[0,20](x>=0.2 && x<=0.4 && y>=0.2 && y<=0.4 && z>=0.2 && z<=0.4 && w>=0.2 && w<=0.4 && v>=0.2 && v<=0.4)","G[0,20](x>=0.2 && x<=0.44 && y>=0.2 && y<=0.44 && z>=0.2 && z<=0.44 && w>=0.2 && w<=0.44 && v>=0.2 && v<=0.44)"
G,5,24,tabex_fast,ok,0.249699,0.8333312500260391,"G[0,24](x>=0.2 && x<=0.4 && y>=0.2 && y<=0.4 && z>=0.2 && z<=0.4 && w>=0.2 && w<=0.4 && v>=0.2 && v<=0.4)","G[0,24](x>=0.2 && x<=0.44 && y>=0.2 && y<=0.44 && z>=0.2 && z<=0.44 && w>=0.2 && w<=0.44 && v>=0.2 && v<=0.44)"
G,5,28,tabex_fast,ok,0.333006,0.8333312500260386,"G[0,28](x>=0.2 && x<=0.4 && y>=0.2 && y<=0.4 && z>=0.2 && z<=0.4 && w>=0.2 && w<=0.4 && v>=0.2 && v<=0.4)","G[0,28](x>=0.2 && x<=0.44 && y>=0.2 && y<=0.44 && z>=0.2 && z<=0.44 && w>=0.2 && w<=0.44 && v>=0.2 && v<=0.44)"
G,5,32,tabex_fast,ok,0.422796,0.833331250026039,"G[0,32](x>=0.2 && x<=0.4 && y>=0.2 && y<=0.4 && z>=0.2 && z<=0.4 && w>=0.2 && w<=0.4 && v>=0.2 && v<=0.4)","G[0,32](x>=0.2 && x<=0.44 && y>=0.2 && y<=0.44 && z>=0.2 && z<=0.44 && w>=0.2 && w<=0.44 && v>=0.2 && v<=0.44)"
G,5,36,tabex_fast,ok,0.535023,0.8333312500260401,"G[0,36](x>=0.2 && x<=0.4 && y>=0.2 && y<=0.4 && z>=0.2 && z<=0.4 && w>=0.2 && w<=0.4 && v>=0.2 && v<=0.4)","G[0,36](x>=0.2 && x<=0.44 && y>=0.2 && y<=0.44 && z>=0.2 && z<=0.44 && w>=0.2 && w<=0.44 && v>=0.2 && v<=0.44)"
G,5,40,tabex_fast,ok,0.663663,0.833331250026041,"G[0,40](x>=0.2 && x<=0.4 && y>=0.2 && y<=0.4 && z>=0.2 && z<=0.4 && w>=0.2 && w<=0.4 && v>=0.2 && v<=0.4)","G[0,40](x>=0.2 && x<=0.44 && y>=0.2 && y<=0.44 && z>=0.2 && z<=0.44 && w>=0.2 && w<=0.44 && v>=0.2 && v<=0.44)"
G,5,2,PH,ok,0.052734,0.03999999999999915,"G[0,2](x>=0.2 && x<=0.4 && y>=0.2 && y<=0.4 && z>=0.2 && z<=0.4 && w>=0.2 && w<=0.4 && v>=0.2 && v<=0.4)","G[0,2](x>=0.2 && x<=0.44 && y>=0.2 && y<=0.44 && z>=0.2 && z<=0.44 && w>=0.2 && w<=0.44 && v>=0.2 && v<=0.44)"
G,5,4,PH,ok,0.058557,0.03999999999999915,"G[0,4](x>=0.2 && x<=0.4 && y>=0.2 && y<=0.4 && z>=0.2 && z<=0.4 && w>=0.2 && w<=0.4 && v>=0.2 && v<=0.4)","G[0,4](x>=0.2 && x<=0.44 && y>=0.2 && y<=0.44 && z>=0.2 && z<=0.44 && w>=0.2 && w<=0.44 && v>=0.2 && v<=0.44)"
G,5,6,PH,ok,0.053068,0.03999999999999915,"G[0,6](x>=0.2 && x<=0.4 && y>=0.2 && y<=0.4 && z>=0.2 && z<=0.4 && w>=0.2 && w<=0.4 && v>=0.2 && v<=0.4)","G[0,6](x>=0.2 && x<=0.44 && y>=0.2 && y<=0.44 && z>=0.2 && z<=0.44 && w>=0.2 && w<=0.44 && v>=0.2 && v<=0.44)"
G,5,8,PH,ok,0.066584,0.03999999999999915,"G[0,8](x>=0.2 && x<=0.4 && y>=0.2 && y<=0.4 && z>=0.2 && z<=0.4 && w>=0.2 && w<=0.4 && v>=0.2 && v<=0.4)","G[0,8](x>=0.2 && x<=0.44 && y>=0.2 && y<=0.44 && z>=0.2 && z<=0.44 && w>=0.2 && w<=0.44 && v>=0.2 && v<=0.44)"
G,5,10,PH,ok,0.084231,0.03999999999999915,"G[0,10](x>=0.2 && x<=0.4 && y>=0.2 && y<=0.4 && z>=0.2 && z<=0.4 && w>=0.2 && w<=0.4 && v>=0.2 && v<=0.4)","G[0,10](x>=0.2 && x<=0.44 && y>=0.2 && y<=0.44 && z>=0.2 && z<=0.44 && w>=0.2 && w<=0.44 && v>=0.2 && v<=0.44)"
G,5,12,PH,ok,0.107439,0.03999999999999915,"G[0,12](x>=0.2 && x<=0.4 && y>=0.2 && y<=0.4 && z>=0.2 && z<=0.4 && w>=0.2 && w<=0.4 && v>=0.2 && v<=0.4)","G[0,12](x>=0.2 && x<=0.44 && y>=0.2 && y<=0.44 && z>=0.2 && z<=0.44 && w>=0.2 && w<=0.44 && v>=0.2 && v<=0.44)"
G,5,16,PH,ok,0.110629,0.03999999999999915,"G[0,16](x>=0.2 && x<=0.4 && y>=0.2 && y<=0.4 && z>=0.2 && z<=0.4 && w>=0.2 && w<=0.4 && v>=0.2 && v<=0.4)","G[0,16](x>=0.2 && x<=0.44 && y>=0.2 && y<=0.44 && z>=0.2 && z<=0.44 && w>=0.2 && w<=0.44 && v>=0.2 && v<=0.44)"
G,5,20,PH,ok,0.099305,0.03999999999999915,"G[0,20](x>=0.2 && x<=0.4 && y>=0.2 && y<=0.4 && z>=0.2 && z<=0.4 && w>=0.2 && w<=0.4 && v>=0.2 && v<=0.4)","G[0,20](x>=0.2 && x<=0.44 && y>=0.2 && y<=0.44 && z>=0.2 && z<=0.44 && w>=0.2 && w<=0.44 && v>=0.2 && v<=0.44)"
G,5,24,PH,ok,0.126489,0.03999999999999915,"G[0,24](x>=0.2 && x<=0.4 && y>=0.2 && y<=0.4 && z>=0.2 && z<=0.4 && w>=0.2 && w<=0.4 && v>=0.2 && v<=0.4)","G[0,24](x>=0.2 && x<=0.44 && y>=0.2 && y<=0.44 && z>=0.2 && z<=0.44 && w>=0.2 && w<=0.44 && v>=0.2 && v<=0.44)"
G,5,28,PH,ok,0.172507,0.03999999999999915,"G[0,28](x>=0.2 && x<=0.4 && y>=0.2 && y<=0.4 && z>=0.2 && z<=0.4 && w>=0.2 && w<=0.4 && v>=0.2 && v<=0.4)","G[0,28](x>=0.2 && x<=0.44 && y>=0.2 && y<=0.44 && z>=0.2 && z<=0.44 && w>=0.2 && w<=0.44 && v>=0.2 && v<=0.44)"
G,5,32,PH,ok,0.158020,0.03999999999999915,"G[0,32](x>=0.2 && x<=0.4 && y>=0.2 && y<=0.4 && z>=0.2 && z<=0.4 && w>=0.2 && w<=0.4 && v>=0.2 && v<=0.4)","G[0,32](x>=0.2 && x<=0.44 && y>=0.2 && y<=0.44 && z>=0.2 && z<=0.44 && w>=0.2 && w<=0.44 && v>=0.2 && v<=0.44)"
G,5,36,PH,ok,0.180751,0.03999999999999915,"G[0,36](x>=0.2 && x<=0.4 && y>=0.2 && y<=0.4 && z>=0.2 && z<=0.4 && w>=0.2 && w<=0.4 && v>=0.2 && v<=0.4)","G[0,36](x>=0.2 && x<=0.44 && y>=0.2 && y<=0.44 && z>=0.2 && z<=0.44 && w>=0.2 && w<=0.44 && v>=0.2 && v<=0.44)"
G,5,40,PH,ok,0.203977,0.03999999999999915,"G[0,40](x>=0.2 && x<=0.4 && y>=0.2 && y<=0.4 && z>=0.2 && z<=0.4 && w>=0.2 && w<=0.4 && v>=0.2 && v<=0.4)","G[0,40](x>=0.2 && x<=0.44 && y>=0.2 && y<=0.44 && z>=0.2 && z<=0.44 && w>=0.2 && w<=0.44 && v>=0.2 && v<=0.44)"
G,5,2,SD,ok,0.000940,0.06944444444444475,"G[0,2](x>=0.2 && x<=0.4 && y>=0.2 && y<=0.4 && z>=0.2 && z<=0.4 && w>=0.2 && w<=0.4 && v>=0.2 && v<=0.4)","G[0,2](x>=0.2 && x<=0.44 && y>=0.2 && y<=0.44 && z>=0.2 && z<=0.44 && w>=0.2 && w<=0.44 && v>=0.2 && v<=0.44)"
G,5,4,SD,ok,0.000908,0.06944444444444475,"G[0,4](x>=0.2 && x<=0.4 && y>=0.2 && y<=0.4 && z>=0.2 && z<=0.4 && w>=0.2 && w<=0.4 && v>=0.2 && v<=0.4)","G[0,4](x>=0.2 && x<=0.44 && y>=0.2 && y<=0.44 && z>=0.2 && z<=0.44 && w>=0.2 && w<=0.44 && v>=0.2 && v<=0.44)"
G,5,6,SD,ok,0.000618,0.06944444444444475,"G[0,6](x>=0.2 && x<=0.4 && y>=0.2 && y<=0.4 && z>=0.2 && z<=0.4 && w>=0.2 && w<=0.4 && v>=0.2 && v<=0.4)","G[0,6](x>=0.2 && x<=0.44 && y>=0.2 && y<=0.44 && z>=0.2 && z<=0.44 && w>=0.2 && w<=0.44 && v>=0.2 && v<=0.44)"
G,5,8,SD,ok,0.000864,0.06944444444444475,"G[0,8](x>=0.2 && x<=0.4 && y>=0.2 && y<=0.4 && z>=0.2 && z<=0.4 && w>=0.2 && w<=0.4 && v>=0.2 && v<=0.4)","G[0,8](x>=0.2 && x<=0.44 && y>=0.2 && y<=0.44 && z>=0.2 && z<=0.44 && w>=0.2 && w<=0.44 && v>=0.2 && v<=0.44)"
G,5,10,SD,ok,0.000865,0.06944444444444475,"G[0,10](x>=0.2 && x<=0.4 && y>=0.2 && y<=0.4 && z>=0.2 && z<=0.4 && w>=0.2 && w<=0.4 && v>=0.2 && v<=0.4)","G[0,10](x>=0.2 && x<=0.44 && y>=0.2 && y<=0.44 && z>=0.2 && z<=0.44 && w>=0.2 && w<=0.44 && v>=0.2 && v<=0.44)"
G,5,12,SD,ok,0.000870,0.06944444444444475,"G[0,12](x>=0.2 && x<=0.4 && y>=0.2 && y<=0.4 && z>=0.2 && z<=0.4 && w>=0.2 && w<=0.4 && v>=0.2 && v<=0.4)","G[0,12](x>=0.2 && x<=0.44 && y>=0.2 && y<=0.44 && z>=0.2 && z<=0.44 && w>=0.2 && w<=0.44 && v>=0.2 && v<=0.44)"
G,5,16,SD,ok,0.000622,0.06944444444444475,"G[0,16](x>=0.2 && x<=0.4 && y>=0.2 && y<=0.4 && z>=0.2 && z<=0.4 && w>=0.2 && w<=0.4 && v>=0.2 && v<=0.4)","G[0,16](x>=0.2 && x<=0.44 && y>=0.2 && y<=0.44 && z>=0.2 && z<=0.44 && w>=0.2 && w<=0.44 && v>=0.2 && v<=0.44)"
G,5,20,SD,ok,0.000625,0.06944444444444475,"G[0,20](x>=0.2 && x<=0.4 && y>=0.2 && y<=0.4 && z>=0.2 && z<=0.4 && w>=0.2 && w<=0.4 && v>=0.2 && v<=0.4)","G[0,20](x>=0.2 && x<=0.44 && y>=0.2 && y<=0.44 && z>=0.2 && z<=0.44 && w>=0.2 && w<=0.44 && v>=0.2 && v<=0.44)"
G,5,24,SD,ok,0.000878,0.06944444444444475,"G[0,24](x>=0.2 && x<=0.4 && y>=0.2 && y<=0.4 && z>=0.2 && z<=0.4 && w>=0.2 && w<=0.4 && v>=0.2 && v<=0.4)","G[0,24](x>=0.2 && x<=0.44 && y>=0.2 && y<=0.44 && z>=0.2 && z<=0.44 && w>=0.2 && w<=0.44 && v>=0.2 && v<=0.44)"
G,5,28,SD,ok,0.000873,0.06944444444444475,"G[0,28](x>=0.2 && x<=0.4 && y>=0.2 && y<=0.4 && z>=0.2 && z<=0.4 && w>=0.2 && w<=0.4 && v>=0.2 && v<=0.4)","G[0,28](x>=0.2 && x<=0.44 && y>=0.2 && y<=0.44 && z>=0.2 && z<=0.44 && w>=0.2 && w<=0.44 && v>=0.2 && v<=0.44)"
G,5,32,SD,ok,0.000874,0.06944444444444475,"G[0,32](x>=0.2 && x<=0.4 && y>=0.2 && y<=0.4 && z>=0.2 && z<=0.4 && w>=0.2 && w<=0.4 && v>=0.2 && v<=0.4)","G[0,32](x>=0.2 && x<=0.44 && y>=0.2 && y<=0.44 && z>=0.2 && z<=0.44 && w>=0.2 && w<=0.44 && v>=0.2 && v<=0.44)"
G,5,36,SD,ok,0.000870,0.06944444444444475,"G[0,36](x>=0.2 && x<=0.4 && y>=0.2 && y<=0.4 && z>=0.2 && z<=0.4 && w>=0.2 && w<=0.4 && v>=0.2 && v<=0.4)","G[0,36](x>=0.2 && x<=0.44 && y>=0.2 && y<=0.44 && z>=0.2 && z<=0.44 && w>=0.2 && w<=0.44 && v>=0.2 && v<=0.44)"
G,5,40,SD,ok,0.000874,0.06944444444444475,"G[0,40](x>=0.2 && x<=0.4 && y>=0.2 && y<=0.4 && z>=0.2 && z<=0.4 && w>=0.2 && w<=0.4 && v>=0.2 && v<=0.4)","G[0,40](x>=0.2 && x<=0.44 && y>=0.2 && y<=0.44 && z>=0.2 && z<=0.44 && w>=0.2 && w<=0.44 && v>=0.2 && v<=0.44)"
GF,1,2,reference,ok,0.168056,0.9109299439552664,"G[0,0] F[0,2](x>=0.2 && x<=0.4)","G[0,0] F[0,2](x>=0.2 && x<=0.44)"
GF,1,4,reference,ok,12.204252,0.9105261783933581,"G[0,2] F[0,2](x>=0.2 && x<=0.4)","G[0,2] F[0,2](x>=0.2 && x<=0.44)"
GF,1,6,reference,timeout,,,"G[0,4] F[0,2](x>=0.2 && x<=0.4)","G[0,4] F[0,2](x>=0.2 && x<=0.44)"
GF,1,8,reference,skipped,,,"G[0,6] F[0,2](x>=0.2 && x<=0.4)","G[0,6] F[0,2](x>=0.2 && x<=0.44)"
GF,1,10,reference,skipped,,,"G[0,8] F[0,2](x>=0.2 && x<=0.4)","G[0,8] F[0,2](x>=0.2 && x<=0.44)"
GF,1,12,reference,skipped,,,"G[0,10] F[0,2](x>=0.2 && x<=0.4)","G[0,10] F[0,2](x>=0.2 && x<=0.44)"
GF,1,16,reference,skipped,,,"G[0,14] F[0,2](x>=0.2 && x<=0.4)","G[0,14] F[0,2](x>=0.2 && x<=0.44)"
GF,1,20,reference,skipped,,,"G[0,18] F[0,2](x>=0.2 && x<=0.4)","G[0,18] F[0,2](x>=0.2 && x<=0.44)"
GF,1,24,reference,skipped,,,"G[0,22] F[0,2](x>=0.2 && x<=0.4)","G[0,22] F[0,2](x>=0.2 && x<=0.44)"
GF,1,28,reference,skipped,,,"G[0,26] F[0,2](x>=0.2 && x<=0.4)","G[0,26] F[0,2](x>=0.2 && x<=0.44)"
GF,1,32,reference,skipped,,,"G[0,30] F[0,2](x>=0.2 && x<=0.4)","G[0,30] F[0,2](x>=0.2 && x<=0.44)"
GF,1,36,reference,skipped,,,"G[0,34] F[0,2](x>=0.2 && x<=0.4)","G[0,34] F[0,2](x>=0.2 && x<=0.44)"
GF,1,40,reference,skipped,,,"G[0,38] F[0,2](x>=0.2 && x<=0.4)","G[0,38] F[0,2](x>=0.2 && x<=0.44)"
GF,1,2,tabex_fast,ok,0.007299,0.9109299439552664,"G[0,0] F[0,2](x>=0.2 && x<=0.4)","G[0,0] F[0,2](x>=0.2 && x<=0.44)"
GF,1,4,tabex_fast,ok,0.012306,0.9105261783933581,"G[0,2] F[0,2](x>=0.2 && x<=0.4)","G[0,2] F[0,2](x>=0.2 && x<=0.44)"
GF,1,6,tabex_fast,ok,0.016709,0.9073777748614249,"G[0,4] F[0,2](x>=0.2 && x<=0.4)","G[0,4] F[0,2](x>=0.2 && x<=0.44)"
GF,1,8,tabex_fast,ok,0.029225,0.9059721056316354,"G[0,6] F[0,2](x>=0.2 && x<=0.4)","G[0,6] F[0,2](x>=0.2 && x<=0.44)"
GF,1,10,tabex_fast,ok,0.070197,0.905227656485153,"G[0,8] F[0,2](x>=0.2 && x<=0.4)","G[0,8] F[0,2](x>=0.2 && x<=0.44)"
GF,1,12,tabex_fast,ok,0.128528,0.9046572987956928,"G[0,10] F[0,2](x>=0.2 && x<=0.4)","G[0,10] F[0,2](x>=0.2 && x<=0.44)"
GF,1,16,tabex_fast,ok,0.338787,0.9039222384271058,"G[0,14] F[0,2](x>=0.2 && x<=0.4)","G[0,14] F[0,2](x>=0.2 && x<=0.44)"
GF,1,20,tabex_fast,ok,0.810331,0.9034690609138348,"G[0,18] F[0,2](x>=0.2 && x<=0.4)","G[0,18] F[0,2](x>=0.2 && x<=0.44)"
GF,1,24,tabex_fast,ok,1.606904,0.9031609085711215,"G[0,22] F[0,2](x>=0.2 && x<=0.4)","G[0,22] F[0,2](x>=0.2 && x<=0.44)"
GF,1,28,tabex_fast,ok,2.200349,0.9029377526090574,"G[0,26] F[0,2](x>=0.2 && x<=0.4)","G[0,26] F[0,2](x>=0.2 && x<=0.44)"
GF,1,32,tabex_fast,ok,3.694529,0.9027686962766008,"G[0,30] F[0,2](x>=0.2 && x<=0.4)","G[0,30] F[0,2](x>=0.2 && x<=0.44)"
GF,1,36,tabex_fast,ok,5.237739,0.9026361925872973,"G[0,34] F[0,2](x>=0.2 && x<=0.4)","G[0,34] F[0,2](x>=0.2 && x<=0.44)"
GF,1,40,tabex_fast,ok,6.572384,0.902529543278702,"G[0,38] F[0,2](x>=0.2 && x<=0.4)","G[0,38] F[0,2](x>=0.2 && x<=0.44)"
GF,1,2,PH,ok,0.078237,0.03999999999999915,"G[0,0] F[0,2](x>=0.2 && x<=0.4)","G[0,0] F[0,2](x>=0.2 && x<=0.44)"
GF,1,4,PH,ok,0.297457,0.03999999999999915,"G[0,2] F[0,2](x>=0.2 && x<=0.4)","G[0,2] F[0,2](x>=0.2 && x<=0.44)"
GF,1,6,PH,ok,1.054813,0.03999999999999915,"G[0,4] F[0,2](x>=0.2 && x<=0.4)","G[0,4] F[0,2](x>=0.2 && x<=0.44)"
GF,1,8,PH,ok,6.008213,0.040000000000000584,"G[0,6] F[0,2](x>=0.2 && x<=0.4)","G[0,6] F[0,2](x>=0.2 && x<=0.44)"
GF,1,10,PH,timeout,,,"G[0,8] F[0,2](x>=0.2 && x<=0.4)","G[0,8] F[0,2](x>=0.2 && x<=0.44)"
GF,1,12,PH,skipped,,,"G[0,10] F[0,2](x>=0.2 && x<=0.4)","G[0,10] F[0,2](x>=0.2 && x<=0.44)"
GF,1,16,PH,skipped,,,"G[0,14] F[0,2](x>=0.2 && x<=0.4)","G[0,14] F[0,2](x>=0.2 && x<=0.44)"
GF,1,20,PH,skipped,,,"G[0,18] F[0,2](x>=0.2 && x<=0.4)","G[0,18] F[0,2](x>=0.2 && x<=0.44)"
GF,1,24,PH,skipped,,,"G[0,22] F[0,2](x>=0.2 && x<=0.4)","G[0,22] F[0,2](x>=0.2 && x<=0.44)"
GF,1,28,PH,skipped,,,"G[0,26] F[0,2](x>=0.2 && x<=0.4)","G[0,26] F[0,2](x>=0.2 && x<=0.44)"
GF,1,32,PH,skipped,,,"G[0,30] F[0,2](x>=0.2 && x<=0.4)","G[0,30] F[0,2](x>=0.2 && x<=0.44)"
GF,1,36,PH,skipped,,,"G[0,34] F[0,2](x>=0.2 && x<=0.4)","G[0,34] F[0,2](x>=0.2 && x<=0.44)"
GF,1,40,PH,skipped,,,"G[0,38] F[0,2](x>=0.2 && x<=0.4)","G[0,38] F[0,2](x>=0.2 && x<=0.44)"
GF,1,2,SD,ok,0.000334,0.006944444444444475,"G[0,0] F[0,2](x>=0.2 && x<=0.4)","G[0,0] F[0,2](x>=0.2 && x<=0.44)"
GF,1,4,SD,ok,0.000261,0.010416666666666713,"G[0,2] F[0,2](x>=0.2 && x<=0.4)","G[0,2] F[0,2](x>=0.2 && x<=0.44)"
GF,1,6,SD,ok,0.000252,0.011574074074074125,"G[0,4] F[0,2](x>=0.2 && x<=0.4)","G[0,4] F[0,2](x>=0.2 && x<=0.44)"
GF,1,8,SD,ok,0.000353,0.012152777777777832,"G[0,6] F[0,2](x>=0.2 && x<=0.4)","G[0,6] F[0,2](x>=0.2 && x<=0.44)"
GF,1,10,SD,ok,0.000350,0.012500000000000056,"G[0,8] F[0,2](x>=0.2 && x<=0.4)","G[0,8] F[0,2](x>=0.2 && x<=0.44)"
GF,1,12,SD,ok,0.000356,0.012731481481481538,"G[0,10] F[0,2](x>=0.2 && x<=0.4)","G[0,10] F[0,2](x>=0.2 && x<=0.44)"
GF,1,16,SD,ok,0.000253,0.013020833333333391,"G[0,14] F[0,2](x>=0.2 && x<=0.4)","G[0,14] F[0,2](x>=0.2 && x<=0.44)"
GF,1,20,SD,ok,0.000344,0.013194444444444503,"G[0,18] F[0,2](x>=0.2 && x<=0.4)","G[0,18] F[0,2](x>=0.2 && x<=0.44)"
GF,1,24,SD,ok,0.000251,0.013310185185185244,"G[0,22] F[0,2](x>=0.2 && x<=0.4)","G[0,22] F[0,2](x>=0.2 && x<=0.44)"
GF,1,28,SD,ok,0.000252,0.013392857142857203,"G[0,26] F[0,2](x>=0.2 && x<=0.4)","G[0,26] F[0,2](x>=0.2 && x<=0.44)"
GF,1,32,SD,ok,0.000353,0.01345486111111117,"G[0,30] F[0,2](x>=0.2 && x<=0.4)","G[0,30] F[0,2](x>=0.2 && x<=0.44)"
GF,1,36,SD,ok,0.000346,0.013503086419753146,"G[0,34] F[0,2](x>=0.2 && x<=0.4)","G[0,34] F[0,2](x>=0.2 && x<=0.44)"
GF,1,40,SD,ok,0.000342,0.013541666666666726,"G[0,38] F[0,2](x>=0.2 && x<=0.4)","G[0,38] F[0,2](x>=0.2 && x<=0.44)"
GF,2,2,reference,ok,47.850523,0.902633678060529,"G[0,0] F[0,2](x>=0.2 && x<=0.4 && y>=0.2 && y<=0.4)","G[0,0] F[0,2](x>=0.2 && x<=0.44 && y>=0.2 && y<=0.44)"
GF,2,4,reference,timeout,,,"G[0,2] F[0,2](x>=0.2 && x<=0.4 && y>=0.2 && y<=0.4)","G[0,2] F[0,2](x>=0.2 && x<=0.44 && y>=0.2 && y<=0.44)"
GF,2,6,reference,skipped,,,"G[0,4] F[0,2](x>=0.2 && x<=0.4 && y>=0.2 && y<=0.4)","G[0,4] F[0,2](x>=0.2 && x<=0.44 && y>=0.2 && y<=0.44)"
GF,2,8,reference,skipped,,,"G[0,6] F[0,2](x>=0.2 && x<=0.4 && y>=0.2 && y<=0.4)","G[0,6] F[0,2](x>=0.2 && x<=0.44 && y>=0.2 && y<=0.44)"
GF,2,10,reference,skipped,,,"G[0,8] F[0,2](x>=0.2 && x<=0.4 && y>=0.2 && y<=0.4)","G[0,8] F[0,2](x>=0.2 && x<=0.44 && y>=0.2 && y<=0.44)"
GF,2,12,reference,skipped,,,"G[0,10] F[0,2](x>=0.2 && x<=0.4 && y>=0.2 && y<=0.4)","G[0,10] F[0,2](x>=0.2 && x<=0.44 && y>=0.2 && y<=0.44)"
GF,2,16,reference,skipped,,,"G[0,14] F[0,2](x>=0.2 && x<=0.4 && y>=0.2 && y<=0.4)","G[0,14] F[0,2](x>=0.2 && x<=0.44 && y>=0.2 && y<=0.44)"
GF,2,20,reference,skipped,,,"G[0,18] F[0,2](x>=0.2 && x<=0.4 && y>=0.2 && y<=0.4)","G[0,18] F[0,2](x>=0.2 && x<=0.44 && y>=0.2 && y<=0.44)"
GF,2,24,reference,skipped,,,"G[0,22] F[0,2](x>=0.2 && x<=0.4 && y>=0.2 && y<=0.4)","G[0,22] F[0,2](x>=0.2 && x<=0.44 && y>=0.2 && y<=0.44)"
GF,2,28,reference,skipped,,,"G[0,26] F[0,2](x>=0.2 && x<=0.4 && y>=0.2 && y<=0.4)","G[0,26] F[0,2](x>=0.2 && x<=0.44 && y>=0.2 && y<=0.44)"
GF,2,32,reference,skipped,,,"G[0,30] F[0,2](x>=0.2 && x<=0.4 && y>=0.2 && y<=0.4)","G[0,30] F[0,2](x>=0.2 && x<=0.44 && y>=0.2 && y<=0.44)"
GF,2,36,reference,skipped,,,"G[0,34] F[0,2](x>=0.2 && x<=0.4 && y>=0.2 && y<=0.4)","G[0,34] F[0,2](x>=0.2 && x<=0.44 && y>=0.2 && y<=0.44)"
GF,2,40,reference,skipped,,,"G[0,38] F[0,2](x>=0.2 && x<=0.4 && y>=0.2 && y<=0.4)","G[0,38] F[0,2](x>=0.2 && x<=0.44 && y>=0.2 && y<=0.44)"
GF,2,2,tabex_fast,ok,0.011333,0.9026336780605286,"G[0,0] F[0,2](x>=0.2 && x<=0.4 && y>=0.2 && y<=0.4)","G[0,0] F[0,2](x>=0.2 && x<=0.44 && y>=0.2 && y<=0.44)"
GF,2,4,tabex_fast,ok,0.045121,0.9086000341210367,"G[0,2] F[0,2](x>=0.2 && x<=0.4 && y>=0.2 && y<=0.4)","G[0,2] F[0,2](x>=0.2 && x<=0.44 && y>=0.2 && y<=0.44)"
GF,2,6,tabex_fast,ok,0.266760,0.9030773335763036,"G[0,4] F[0,2](x>=0.2 && x<=0.4 && y>=0.2 && y<=0.4)","G[0,4] F[0,2](x>=0.2 && x<=0.44 && y>=0.2 && y<=0.44)"
GF,2,8,tabex_fast,ok,1.156906,0.9004240581478135,"G[0,6] F[0,2](x>=0.2 && x<=0.4 && y>=0.2 && y<=0.4)","G[0,6] F[0,2](x>=0.2 && x<=0.44 && y>=0.2 && y<=0.44)"
GF,2,10,tabex_fast,ok,4.184157,0.9004243461236828,"G[0,8] F[0,2](x>=0.2 && x<=0.4 && y>=0.2 && y<=0.4)","G[0,8] F[0,2](x>=0.2 && x<=0.44 && y>=0.2 && y<=0.44)"
GF,2,12,tabex_fast,ok,9.501666,0.8996435362409161,"G[0,10] F[0,2](x>=0.2 && x<=0.4 && y>=0.2 && y<=0.4)","G[0,10] F[0,2](x>=0.2 && x<=0.44 && y>=0.2 && y<=0.44)"
GF,2,16,tabex_fast,ok,26.135921,0.8986349780729957,"G[0,14] F[0,2](x>=0.2 && x<=0.4 && y>=0.2 && y<=0.4)","G[0,14] F[0,2](x>=0.2 && x<=0.44 && y>=0.2 && y<=0.44)"
GF,2,20,tabex_fast,timeout,,,"G[0,18] F[0,2](x>=0.2 && x<=0.4 && y>=0.2 && y<=0.4)","G[0,18] F[0,2](x>=0.2 && x<=0.44 && y>=0.2 && y<=0.44)"
GF,2,24,tabex_fast,skipped,,,"G[0,22] F[0,2](x>=0.2 && x<=0.4 && y>=0.2 && y<=0.4)","G[0,22] F[0,2](x>=0.2 && x<=0.44 && y>=0.2 && y<=0.44)"
GF,2,28,tabex_fast,skipped,,,"G[0,26] F[0,2](x>=0.2 && x<=0.4 && y>=0.2 && y<=0.4)","G[0,26] F[0,2](x>=0.2 && x<=0.44 && y>=0.2 && y<=0.44)"
GF,2,32,tabex_fast,skipped,,,"G[0,30] F[0,2](x>=0.2 && x<=0.4 && y>=0.2 && y<=0.4)","G[0,30] F[0,2](x>=0.2 && x<=0.44 && y>=0.2 && y<=0.44)"
GF,2,36,tabex_fast,skipped,,,"G[0,34] F[0,2](x>=0.2 && x<=0.4 && y>=0.2 && y<=0.4)","G[0,34] F[0,2](x>=0.2 && x<=0.44 && y>=0.2 && y<=0.44)"
GF,2,40,tabex_fast,skipped,,,"G[0,38] F[0,2](x>=0.2 && x<=0.4 && y>=0.2 && y<=0.4)","G[0,38] F[0,2](x>=0.2 && x<=0.44 && y>=0.2 && y<=0.44)"
GF,2,2,PH,ok,0.259142,0.03999999999999915,"G[0,0] F[0,2](x>=0.2 && x<=0.4 && y>=0.2 && y<=0.4)","G[0,0] F[0,2](x>=0.2 && x<=0.44 && y>=0.2 && y<=0.44)"
GF,2,4,PH,ok,3.823250,0.04000000000000126,"G[0,2] F[0,2](x>=0.2 && x<=0.4 && y>=0.2 && y<=0.4)","G[0,2] F[0,2](x>=0.2 && x<=0.44 && y>=0.2 && y<=0.44)"
GF,2,6,PH,ok,13.237514,0.04000099999999915,"G[0,4] F[0,2](x>=0.2 && x<=0.4 && y>=0.2 && y<=0.4)","G[0,4] F[0,2](x>=0.2 && x<=0.44 && y>=0.2 && y<=0.44)"
GF,2,8,PH,timeout,,,"G[0,6] F[0,2](x>=0.2 && x<=0.4 && y>=0.2 && y<=0.4)","G[0,6] F[0,2](x>=0.2 && x<=0.44 && y>=0.2 && y<=0.44)"
GF,2,10,PH,skipped,,,"G[0,8] F[0,2](x>=0.2 && x<=0.4 && y>=0.2 && y<=0.4)","G[0,8] F[0,2](x>=0.2 && x<=0.44 && y>=0.2 && y<=0.44)"
GF,2,12,PH,skipped,,,"G[0,10] F[0,2](x>=0.2 && x<=0.4 && y>=0.2 && y<=0.4)","G[0,10] F[0,2](x>=0.2 && x<=0.44 && y>=0.2 && y<=0.44)"
GF,2,16,PH,skipped,,,"G[0,14] F[0,2](x>=0.2 && x<=0.4 && y>=0.2 && y<=0.4)","G[0,14] F[0,2](x>=0.2 && x<=0.44 && y>=0.2 && y<=0.44)"
GF,2,20,PH,skipped,,,"G[0,18] F[0,2](x>=0.2 && x<=0.4 && y>=0.2 && y<=0.4)","G[0,18] F[0,2](x>=0.2 && x<=0.44 && y>=0.2 && y<=0.44)"
GF,2,24,PH,skipped,,,"G[0,22] F[0,2](x>=0.2 && x<=0.4 && y>=0.2 && y<=0.4)","G[0,22] F[0,2](x>=0.2 && x<=0.44 && y>=0.2 && y<=0.44)"
GF,2,28,PH,skipped,,,"G[0,26] F[0,2](x>=0.2 && x<=0.4 && y>=0.2 && y<=0.4)","G[0,26] F[0,2](x>=0.2 && x<=0.44 && y>=0.2 && y<=0.44)"
GF,2,32,PH,skipped,,,"G[0,30] F[0,2](x>=0.2 && x<=0.4 && y>=0.2 && y<=0.4)","G[0,30] F[0,2](x>=0.2 && x<=0.44 && y>=0.2 && y<=0.44)"
GF,2,36,PH,skipped,,,"G[0,34] F[0,2](x>=0.2 && x<=0.4 && y>=0.2 && y<=0.4)","G[0,34] F[0,2](x>=0.2 && x<=0.44 && y>=0.2 && y<=0.44)"
GF,2,40,PH,skipped,,,"G[0,38] F[0,2](x>=0.2 && x<=0.4 && y>=0.2 && y<=0.4)","G[0,38] F[0,2](x>=0.2 && x<=0.44 && y>=0.2 && y<=0.44)"
GF,2,2,SD,ok,0.000559,0.01388888888888895,"G[0,0] F[0,2](x>=0.2 && x<=0.4 && y>=0.2 && y<=0.4)","G[0,0] F[0,2](x>=0.2 && x<=0.44 && y>=0.2 && y<=0.44)"
GF,2,4,SD,ok,0.000415,0.020833333333333426,"G[0,2] F[0,2](x>=0.2 && x<=0.4 && y>=0.2 && y<=0.4)","G[0,2] F[0,2](x>=0.2 && x<=0.44 && y>=0.2 && y<=0.44)"
GF,2,6,SD,ok,0.000416,0.02314814814814825,"G[0,4] F[0,2](x>=0.2 && x<=0.4 && y>=0.2 && y<=0.4)","G[0,4] F[0,2](x>=0.2 && x<=0.44 && y>=0.2 && y<=0.44)"
GF,2,8,SD,ok,0.000421,0.024305555555555663,"G[0,6] F[0,2](x>=0.2 && x<=0.4 && y>=0.2 && y<=0.4)","G[0,6] F[0,2](x>=0.2 && x<=0.44 && y>=0.2 && y<=0.44)"
GF,2,10,SD,ok,0.000412,0.025000000000000112,"G[0,8] F[0,2](x>=0.2 && x<=0.4 && y>=0.2 && y<=0.4)","G[0,8] F[0,2](x>=0.2 && x<=0.44 && y>=0.2 && y<=0.44)"
GF,2,12,SD,ok,0.000581,0.025462962962963076,"G[0,10] F[0,2](x>=0.2 && x<=0.4 && y>=0.2 && y<=0.4)","G[0,10] F[0,2](x>=0.2 && x<=0.44 && y>=0.2 && y<=0.44)"
GF,2,16,SD,ok,0.000577,0.026041666666666782,"G[0,14] F[0,2](x>=0.2 && x<=0.4 && y>=0.2 && y<=0.4)","G[0,14] F[0,2](x>=0.2 && x<=0.44 && y>=0.2 && y<=0.44)"
GF,2,20,SD,ok,0.000582,0.026388888888889007,"G[0,18] F[0,2](x>=0.2 && x<=0.4 && y>=0.2 && y<=0.4)","G[0,18] F[0,2](x>=0.2 && x<=0.44 && y>=0.2 && y<=0.44)"
GF,2,24,SD,ok,0.000416,0.02662037037037049,"G[0,22] F[0,2](x>=0.2 && x<=0.4 && y>=0.2 && y<=0.4)","G[0,22] F[0,2](x>=0.2 && x<=0.44 && y>=0.2 && y<=0.44)"
GF,2,28,SD,ok,0.000410,0.026785714285714406,"G[0,26] F[0,2](x>=0.2 && x<=0.4 && y>=0.2 && y<=0.4)","G[0,26] F[0,2](x>=0.2 && x<=0.44 && y>=0.2 && y<=0.44)"
GF,2,32,SD,ok,0.000573,0.02690972222222234,"G[0,30] F[0,2](x>=0.2 && x<=0.4 && y>=0.2 && y<=0.4)","G[0,30] F[0,2](x>=0.2 && x<=0.44 && y>=0.2 && y<=0.44)"
GF,2,36,SD,ok,0.000565,0.027006172839506293,"G[0,34] F[0,2](x>=0.2 && x<=0.4 && y>=0.2 && y<=0.4)","G[0,34] F[0,2](x>=0.2 && x<=0.44 && y>=0.2 && y<=0.44)"
GF,2,40,SD,ok,0.000578,0.027083333333333452,"G[0,38] F[0,2](x>=0.2 && x<=0.4 && y>=0.2 && y<=0.4)","G[0,38] F[0,2](x>=0.2 && x<=0.44 && y>=0.2 && y<=0.44)"
GF,3,2,reference,timeout,,,"G[0,0] F[0,2](x>=0.2 && x<=0.4 && y>=0.2 && y<=0.4 && z>=0.2 && z<=0.4)","G[0,0] F[0,2](x>=0.2 && x<=0.44 && y>=0.2 && y<=0.44 && z>=0.2 && z<=0.44)"
GF,3,4,reference,skipped,,,"G[0,2] F[0,2](x>=0.2 && x<=0.4 && y>=0.2 && y<=0.4 && z>=0.2 && z<=0.4)","G[0,2] F[0,2](x>=0.2 && x<=0.44 && y>=0.2 && y<=0.44 && z>=0.2 && z<=0.44)"
GF,3,6,reference,skipped,,,"G[0,4] F[0,2](x>=0.2 && x<=0.4 && y>=0.2 && y<=0.4 && z>=0.2 && z<=0.4)","G[0,4] F[0,2](x>=0.2 && x<=0.44 && y>=0.2 && y<=0.44 && z>=0.2 && z<=0.44)"
GF,3,8,reference,skipped,,,"G[0,6] F[0,2](x>=0.2 && x<=0.4 && y>=0.2 && y<=0.4 && z>=0.2 && z<=0.4)","G[0,6] F[0,2](x>=0.2 && x<=0.44 && y>=0.2 && y<=0.44 && z>=0.2 && z<=0.44)"
GF,3,10,reference,skipped,,,"G[0,8] F[0,2](x>=0.2 && x<=0.4 && y>=0.2 && y<=0.4 && z>=0.2 && z<=0.4)","G[0,8] F[0,2](x>=0.2 && x<=0.44 && y>=0.2 && y<=0.44 && z>=0.2 && z<=0.44)"
GF,3,12,reference,skipped,,,"G[0,10] F[0,2](x>=0.2 && x<=0.4 && y>=0.2 && y<=0.4 && z>=0.2 && z<=0.4)","G[0,10] F[0,2](x>=0.2 && x<=0.44 && y>=0.2 && y<=0.44 && z>=0.2 && z<=0.44)"
GF,3,16,reference,skipped,,,"G[0,14] F[0,2](x>=0.2 && x<=0.4 && y>=0.2 && y<=0.4 && z>=0.2 && z<=0.4)","G[0,14] F[0,2](x>=0.2 && x<=0.44 && y>=0.2 && y<=0.44 && z>=0.2 && z<=0.44)"
GF,3,20,reference,skipped,,,"G[0,18] F[0,2](x>=0.2 && x<=0.4 && y>=0.2 && y<=0.4 && z>=0.2 && z<=0.4)","G[0,18] F[0,2](x>=0.2 && x<=0.44 && y>=0.2 && y<=0.44 && z>=0.2 && z<=0.44)"
GF,3,24,reference,skipped,,,"G[0,22] F[0,2](x>=0.2 && x<=0.4 && y>=0.2 && y<=0.4 && z>=0.2 && z<=0.4)","G[0,22] F[0,2](x>=0.2 && x<=0.44 && y>=0.2 && y<=0.44 && z>=0.2 && z<=0.44)"
GF,3,28,reference,skipped,,,"G[0,26] F[0,2](x>=0.2 && x<=0.4 && y>=0.2 && y<=0.4 && z>=0.2 && z<=0.4)","G[0,26] F[0,2](x>=0.2 && x<=0.44 && y>=0.2 && y<=0.44 && z>=0.2 && z<=0.44)"
GF,3,32,reference,skipped,,,"G[0,30] F[0,2](x>=0.2 && x<=0.4 && y>=0.2 && y<=0.4 && z>=0.2 && z<=0.4)","G[0,30] F[0,2](x>=0.2 && x<=0.44 && y>=0.2 && y<=0.44 && z>=0.2 && z<=0.44)"
GF,3,36,reference,skipped,,,"G[0,34] F[0,2](x>=0.2 && x<=0.4 && y>=0.2 && y<=0.4 && z>=0.2 && z<=0.4)","G[0,34] F[0,2](x>=0.2 && x<=0.44 && y>=0.2 && y<=0.44 && z>=0.2 && z<=0.44)"
GF,3,40,reference,skipped,,,"G[0,38] F[0,2](x>=0.2 && x<=0.4 && y>=0.2 && y<=0.4 && z>=0.2 && z<=0.4)","G[0,38] F[0,2](x>=0.2 && x<=0.44 && y>=0.2 && y<=0.44 && z>=0.2 && z<=0.44)"
GF,3,2,tabex_fast,ok,0.023964,0.9000874876226777,"G[0,0] F[0,2](x>=0.2 && x<=0.4 && y>=0.2 && y<=0.4 && z>=0.2 && z<=0.4)","G[0,0] F[0,2](x>=0.2 && x<=0.44 && y>=0.2 && y<=0.44 && z>=0.2 && z<=0.44)"
GF,3,4,tabex_fast,ok,0.303879,0.910225485707332,"G[0,2] F[0,2](x>=0.2 && x<=0.4 && y>=0.2 && y<=0.4 && z>=0.2 && z<=0.4)","G[0,2] F[0,2](x>=0.2 && x<=0.44 && y>=0.2 && y<=0.44 && z>=0.2 && z<=0.44)"
GF,3,6,tabex_fast,ok,3.833393,0.903061378414811,"G[0,4] F[0,2](x>=0.2 && x<=0.4 && y>=0.2 && y<=0.4 && z>=0.2 && z<=0.4)","G[0,4] F[0,2](x>=0.2 && x<=0.44 && y>=0.2 && y<=0.44 && z>=0.2 && z<=0.44)"
GF,3,8,tabex_fast,ok,20.662950,0.8992784373308381,"G[0,6] F[0,2](x>=0.2 && x<=0.4 && y>=0.2 && y<=0.4 && z>=0.2 && z<=0.4)","G[0,6] F[0,2](x>=0.2 && x<=0.44 && y>=0.2 && y<=0.44 && z>=0.2 && z<=0.44)"
GF,3,10,tabex_fast,timeout,,,"G[0,8] F[0,2](x>=0.2 && x<=0.4 && y>=0.2 && y<=0.4 && z>=0.2 && z<=0.4)","G[0,8] F[0,2](x>=0.2 && x<=0.44 && y>=0.2 && y<=0.44 && z>=0.2 && z<=0.44)"
GF,3,12,tabex_fast,skipped,,,"G[0,10] F[0,2](x>=0.2 && x<=0.4 && y>=0.2 && y<=0.4 && z>=0.2 && z<=0.4)","G[0,10] F[0,2](x>=0.2 && x<=0.44 && y>=0.2 && y<=0.44 && z>=0.2 && z<=0.44)"
GF,3,16,tabex_fast,skipped,,,"G[0,14] F[0,2](x>=0.2 && x<=0.4 && y>=0.2 && y<=0.4 && z>=0.2 && z<=0.4)","G[0,14] F[0,2](x>=0.2 && x<=0.44 && y>=0.2 && y<=0.44 && z>=0.2 && z<=0.44)"
GF,3,20,tabex_fast,skipped,,,"G[0,18] F[0,2](x>=0.2 && x<=0.4 && y>=0.2 && y<=0.4 && z>=0.2 && z<=0.4)","G[0,18] F[0,2](x>=0.2 && x<=0.44 && y>=0.2 && y<=0.44 && z>=0.2 && z<=0.44)"
GF,3,24,tabex_fast,skipped,,,"G[0,22] F[0,2](x>=0.2 && x<=0.4 && y>=0.2 && y<=0.4 && z>=0.2 && z<=0.4)","G[0,22] F[0,2](x>=0.2 && x<=0.44 && y>=0.2 && y<=0.44 && z>=0.2 && z<=0.44)"
GF,3,28,tabex_fast,skipped,,,"G[0,26] F[0,2](x>=0.2 && x<=0.4 && y>=0.2 && y<=0.4 && z>=0.2 && z<=0.4)","G[0,26] F[0,2](x>=0.2 && x<=0.44 && y>=0.2 && y<=0.44 && z>=0.2 && z<=0.44)"
GF,3,32,tabex_fast,skipped,,,"G[0,30] F[0,2](x>=0.2 && x<=0.4 && y>=0.2 && y<=0.4 && z>=0.2 && z<=0.4)","G[0,30] F[0,2](x>=0.2 && x<=0.44 && y>=0.2 && y<=0.44 && z>=0.2 && z<=0.44)"
GF,3,36,tabex_fast,skipped,,,"G[0,34] F[0,2](x>=0.2 && x<=0.4 && y>=0.2 && y<=0.4 && z>=0.2 && z<=0.4)","G[0,34] F[0,2](x>=0.2 && x<=0.44 && y>=0.2 && y<=0.44 && z>=0.2 && z<=0.44)"
GF,3,40,tabex_fast,skipped,,,"G[0,38] F[0,2](x>=0.2 && x<=0.4 && y>=0.2 && y<=0.4 && z>=0.2 && z<=0.4)","G[0,38] F[0,2](x>=0.2 && x<=0.44 && y>=0.2 && y<=0.44 && z>=0.2 && z<=0.44)"
GF,3,2,PH,ok,0.564758,0.03999999999999915,"G[0,0] F[0,2](x>=0.2 && x<=0.4 && y>=0.2 && y<=0.4 && z>=0.2 && z<=0.4)","G[0,0] F[0,2](x>=0.2 && x<=0.44 && y>=0.2 && y<=0.44 && z>=0.2 && z<=0.44)"
GF,3,4,PH,ok,6.539531,0.04000000000001305,"G[0,2] F[0,2](x>=0.2 && x<=0.4 && y>=0.2 && y<=0.4 && z>=0.2 && z<=0.4)","G[0,2] F[0,2](x>=0.2 && x<=0.44 && y>=0.2 && y<=0.44 && z>=0.2 && z<=0.44)"
GF,3,6,PH,timeout,,,"G[0,4] F[0,2](x>=0.2 && x<=0.4 && y>=0.2 && y<=0.4 && z>=0.2 && z<=0.4)","G[0,4] F[0,2](x>=0.2 && x<=0.44 && y>=0.2 && y<=0.44 && z>=0.2 && z<=0.44)"
GF,3,8,PH,skipped,,,"G[0,6] F[0,2](x>=0.2 && x<=0.4 && y>=0.2 && y<=0.4 && z>=0.2 && z<=0.4)","G[0,6] F[0,2](x>=0.2 && x<=0.44 && y>=0.2 && y<=0.44 && z>=0.2 && z<=0.44)"
GF,3,10,PH,skipped,,,"G[0,8] F[0,2](x>=0.2 && x<=0.4 && y>=0.2 && y<=0.4 && z>=0.2 && z<=0.4)","G[0,8] F[0,2](x>=0.2 && x<=0.44 && y>=0.2 && y<=0.44 && z>=0.2 && z<=0.44)"
GF,3,12,PH,skipped,,,"G[0,10] F[0,2](x>=0.2 && x<=0.4 && y>=0.2 && y<=0.4 && z>=0.2 && z<=0.4)","G[0,10] F[0,2](x>=0.2 && x<=0.44 && y>=0.2 && y<=0.44 && z>=0.2 && z<=0.44)"
GF,3,16,PH,skipped,,,"G[0,14] F[0,2](x>=0.2 && x<=0.4 && y>=0.2 && y<=0.4 && z>=0.2 && z<=0.4)","G[0,14] F[0,2](x>=0.2 && x<=0.44 && y>=0.2 && y<=0.44 && z>=0.2 && z<=0.44)"
GF,3,20,PH,skipped,,,"G[0,18] F[0,2](x>=0.2 && x<=0.4 && y>=0.2 && y<=0.4 && z>=0.2 && z<=0.4)","G[0,18] F[0,2](x>=0.2 && x<=0.44 && y>=0.2 && y<=0.44 && z>=0.2 && z<=0.44)"
GF,3,24,PH,skipped,,,"G[0,22] F[0,2](x>=0.2 && x<=0.4 && y>=0.2 && y<=0.4 && z>=0.2 && z<=0.4)","G[0,22] F[0,2](x>=0.2 && x<=0.44 && y>=0.2 && y<=0.44 && z>=0.2 && z<=0.44)"
GF,3,28,PH,skipped,,,"G[0,26] F[0,2](x>=0.2 && x<=0.4 && y>=0.2 && y<=0.4 && z>=0.2 && z<=0.4)","G[0,26] F[0,2](x>=0.2 && x<=0.44 && y>=0.2 && y<=0.44 && z>=0.2 && z<=0.44)"
GF,3,32,PH,skipped,,,"G[0,30] F[0,2](x>=0.2 && x<=0.4 && y>=0.2 && y<=0.4 && z>=0.2 && z<=0.4)","G[0,30] F[0,2](x>=0.2 && x<=0.44 && y>=0.2 && y<=0.44 && z>=0.2 && z<=0.44)"
GF,3,36,PH,skipped,,,"G[0,34] F[0,2](x>=0.2 && x<=0.4 && y>=0.2 && y<=0.4 && z>=0.2 && z<=0.4)","G[0,34] F[0,2](x>=0.2 && x<=0.44 && y>=0.2 && y<=0.44 && z>=0.2 && z<=0.44)"
GF,3,40,PH,skipped,,,"G[0,38] F[0,2](x>=0.2 && x<=0.4 && y>=0.2 && y<=0.4 && z>=0.2 && z<=0.4)","G[0,38] F[0,2](x>=0.2 && x<=0.44 && y>=0.2 && y<=0.44 && z>=0.2 && z<=0.44)"
GF,3,2,SD,ok,0.000537,0.020833333333333426,"G[0,0] F[0,2](x>=0.2 && x<=0.4 && y>=0.2 && y<=0.4 && z>=0.2 && z<=0.4)","G[0,0] F[0,2](x>=0.2 && x<=0.44 && y>=0.2 && y<=0.44 && z>=0.2 && z<=0.44)"
GF,3,4,SD,ok,0.000789,0.03125000000000014,"G[0,2] F[0,2](x>=0.2 && x<=0.4 && y>=0.2 && y<=0.4 && z>=0.2 && z<=0.4)","G[0,2] F[0,2](x>=0.2 && x<=0.44 && y>=0.2 && y<=0.44 && z>=0.2 && z<=0.44)"
GF,3,6,SD,ok,0.000776,0.034722222222222376,"G[0,4] F[0,2](x>=0.2 && x<=0.4 && y>=0.2 && y<=0.4 && z>=0.2 && z<=0.4)","G[0,4] F[0,2](x>=0.2 && x<=0.44 && y>=0.2 && y<=0.44 && z>=0.2 && z<=0.44)"
GF,3,8,SD,ok,0.000786,0.036458333333333495,"G[0,6] F[0,2](x>=0.2 && x<=0.4 && y>=0.2 && y<=0.4 && z>=0.2 && z<=0.4)","G[0,6] F[0,2](x>=0.2 && x<=0.44 && y>=0.2 && y<=0.44 && z>=0.2 && z<=0.44)"
GF,3,10,SD,ok,0.000788,0.037500000000000165,"G[0,8] F[0,2](x>=0.2 && x<=0.4 && y>=0.2 && y<=0.4 && z>=0.2 && z<=0.4)","G[0,8] F[0,2](x>=0.2 && x<=0.44 && y>=0.2 && y<=0.44 && z>=0.2 && z<=0.44)"
GF,3,12,SD,ok,0.000778,0.038194444444444614,"G[0,10] F[0,2](x>=0.2 && x<=0.4 && y>=0.2 && y<=0.4 && z>=0.2 && z<=0.4)","G[0,10] F[0,2](x>=0.2 && x<=0.44 && y>=0.2 && y<=0.44 && z>=0.2 && z<=0.44)"
GF,3,16,SD,ok,0.000787,0.039062500000000173,"G[0,14] F[0,2](x>=0.2 && x<=0.4 && y>=0.2 && y<=0.4 && z>=0.2 && z<=0.4)","G[0,14] F[0,2](x>=0.2 && x<=0.44 && y>=0.2 && y<=0.44 && z>=0.2 && z<=0.44)"
GF,3,20,SD,ok,0.000789,0.03958333333333351,"G[0,18] F[0,2](x>=0.2 && x<=0.4 && y>=0.2 && y<=0.4 && z>=0.2 && z<=0.4)","G[0,18] F[0,2](x>=0.2 && x<=0.44 && y>=0.2 && y<=0.44 && z>=0.2 && z<=0.44)"
GF,3,24,SD,ok,0.000567,0.03993055555555573,"G[0,22] F[0,2](x>=0.2 && x<=0.4 && y>=0.2 && y<=0.4 && z>=0.2 && z<=0.4)","G[0,22] F[0,2](x>=0.2 && x<=0.44 && y>=0.2 && y<=0.44 && z>=0.2 && z<=0.44)"
GF,3,28,SD,ok,0.000783,0.040178571428571605,"G[0,26] F[0,2](x>=0.2 && x<=0.4 && y>=0.2 && y<=0.4 && z>=0.2 && z<=0.4)","G[0,26] F[0,2](x>=0.2 && x<=0.44 && y>=0.2 && y<=0.44 && z>=0.2 && z<=0.44)"
GF,3,32,SD,ok,0.000589,0.04036458333333351,"G[0,30] F[0,2](x>=0.2 && x<=0.4 && y>=0.2 && y<=0.4 && z>=0.2 && z<=0.4)","G[0,30] F[0,2](x>=0.2 && x<=0.44 && y>=0.2 && y<=0.44 && z>=0.2 && z<=0.44)"
GF,3,36,SD,ok,0.000798,0.04050925925925944,"G[0,34] F[0,2](x>=0.2 && x<=0.4 && y>=0.2 && y<=0.4 && z>=0.2 && z<=0.4)","G[0,34] F[0,2](x>=0.2 && x<=0.44 && y>=0.2 && y<=0.44 && z>=0.2 && z<=0.44)"
GF,3,40,SD,ok,0.000560,0.040625000000000175,"G[0,38] F[0,2](x>=0.2 && x<=0.4 && y>=0.2 && y<=0.4 && z>=0.2 && z<=0.4)","G[0,38] F[0,2](x>=0.2 && x<=0.44 && y>=0.2 && y<=0.44 && z>=0.2 && z<=0.44)"
GF,4,2,reference,timeout,,,"G[0,0] F[0,2](x>=0.2 && x<=0.4 && y>=0.2 && y<=0.4 && z>=0.2 && z<=0.4 && w>=0.2 && w<=0.4)","G[0,0] F[0,2](x>=0.2 && x<=0.44 && y>=0.2 && y<=0.44 && z>=0.2 && z<=0.44 && w>=0.2 && w<=0.44)"
GF,4,4,reference,skipped,,,"G[0,2] F[0,2](x>=0.2 && x<=0.4 && y>=0.2 && y<=0.4 && z>=0.2 && z<=0.4 && w>=0.2 && w<=0.4)","G[0,2] F[0,2](x>=0.2 && x<=0.44 && y>=0.2 && y<=0.44 && z>=0.2 && z<=0.44 && w>=0.2 && w<=0.44)"
GF,4,6,reference,skipped,,,"G[0,4] F[0,2](x>=0.2 && x<=0.4 && y>=0.2 && y<=0.4 && z>=0.2 && z<=0.4 && w>=0.2 && w<=0.4)","G[0,4] F[0,2](x>=0.2 && x<=0.44 && y>=0.2 && y<=0.44 && z>=0.2 && z<=0.44 && w>=0.2 && w<=0.44)"
GF,4,8,reference,skipped,,,"G[0,6] F[0,2](x>=0.2 && x<=0.4 && y>=0.2 && y<=0.4 && z>=0.2 && z<=0.4 && w>=0.2 && w<=0.4)","G[0,6] F[0,2](x>=0.2 && x<=0.44 && y>=0.2 && y<=0.44 && z>=0.2 && z<=0.44 && w>=0.2 && w<=0.44)"
GF,4,10,reference,skipped,,,"G[0,8] F[0,2](x>=0.2 && x<=0.4 && y>=0.2 && y<=0.4 && z>=0.2 && z<=0.4 && w>=0.2 && w<=0.4)","G[0,8] F[0,2](x>=0.2 && x<=0.44 && y>=0.2 && y<=0.44 && z>=0.2 && z<=0.44 && w>=0.2 && w<=0.44)"
GF,4,12,reference,skipped,,,"G[0,10] F[0,2](x>=0.2 && x<=0.4 && y>=0.2 && y<=0.4 && z>=0.2 && z<=0.4 && w>=0.2 && w<=0.4)","G[0,10] F[0,2](x>=0.2 && x<=0.44 && y>=0.2 && y<=0.44 && z>=0.2 && z<=0.44 && w>=0.2 && w<=0.44)"
GF,4,16,reference,skipped,,,"G[0,14] F[0,2](x>=0.2 && x<=0.4 && y>=0.2 && y<=0.4 && z>=0.2 && z<=0.4 && w>=0.2 && w<=0.4)","G[0,14] F[0,2](x>=0.2 && x<=0.44 && y>=0.2 && y<=0.44 && z>=0.2 && z<=0.44 && w>=0.2 && w<=0.44)"
GF,4,20,reference,skipped,,,"G[0,18] F[0,2](x>=0.2 && x<=0.4 && y>=0.2 && y<=0.4 && z>=0.2 && z<=0.4 && w>=0.2 && w<=0.4)","G[0,18] F[0,2](x>=0.2 && x<=0.44 && y>=0.2 && y<=0.44 && z>=0.2 && z<=0.44 && w>=0.2 && w<=0.44)"
GF,4,24,reference,skipped,,,"G[0,22] F[0,2](x>=0.2 && x<=0.4 && y>=0.2 && y<=0.4 && z>=0.2 && z<=0.4 && w>=0.2 && w<=0.4)","G[0,22] F[0,2](x>=0.2 && x<=0.44 && y>=0.2 && y<=0.44 && z>=0.2 && z<=0.44 && w>=0.2 && w<=0.44)"
GF,4,28,reference,skipped,,,"G[0,26] F[0,2](x>=0.2 && x<=0.4 && y>=0.2 && y<=0.4 && z>=0.2 && z<=0.4 && w>=0.2 && w<=0.4)","G[0,26] F[0,2](x>=0.2 && x<=0.44 && y>=0.2 && y<=0.44 && z>=0.2 && z<=0.44 && w>=0.2 && w<=0.44)"
GF,4,32,reference,skipped,,,"G[0,30] F[0,2](x>=0.2 && x<=0.4 && y>=0.2 && y<=0.4 && z>=0.2 && z<=0.4 && w>=0.2 && w<=0.4)","G[0,30] F[0,2](x>=0.2 && x<=0.44 && y>=0.2 && y<=0.44 && z>=0.2 && z<=0.44 && w>=0.2 && w<=0.44)"
GF,4,36,reference,skipped,,,"G[0,34] F[0,2](x>=0.2 && x<=0.4 && y>=0.2 && y<=0.4 && z>=0.2 && z<=0.4 && w>=0.2 && w<=0.4)","G[0,34] F[0,2](x>=0.2 && x<=0.44 && y>=0.2 && y<=0.44 && z>=0.2 && z<=0.44 && w>=0.2 && w<=0.44)"
GF,4,40,reference,skipped,,,"G[0,38] F[0,2](x>=0.2 && x<=0.4 && y>=0.2 && y<=0.4 && z>=0.2 && z<=0.4 && w>=0.2 && w<=0.4)","G[0,38] F[0,2](x>=0.2 && x<=0.44 && y>=0.2 && y<=0.44 && z>=0.2 && z<=0.44 && w>=0.2 && w<=0.44)"
GF,4,2,tabex_fast,ok,0.061684,0.8992651930093907,"G[0,0] F[0,2](x>=0.2 && x<=0.4 && y>=0.2 && y<=0.4 && z>=0.2 && z<=0.4 && w>=0.2 && w<=0.4)","G[0,0] F[0,2](x>=0.2 && x<=0.44 && y>=0.2 && y<=0.44 && z>=0.2 && z<=0.44 && w>=0.2 && w<=0.44)"
GF,4,4,tabex_fast,ok,1.512773,0.9112906953147457,"G[0,2] F[0,2](x>=0.2 && x<=0.4 && y>=0.2 && y<=0.4 && z>=0.2 && z<=0.4 && w>=0.2 && w<=0.4)","G[0,2] F[0,2](x>=0.2 && x<=0.44 && y>=0.2 && y<=0.44 && z>=0.2 && z<=0.44 && w>=0.2 && w<=0.44)"
GF,4,6,tabex_fast,ok,31.527819,0.9033341057331165,"G[0,4] F[0,2](x>=0.2 && x<=0.4 && y>=0.2 && y<=0.4 && z>=0.2 && z<=0.4 && w>=0.2 && w<=0.4)","G[0,4] F[0,2](x>=0.2 && x<=0.44 && y>=0.2 && y<=0.44 && z>=0.2 && z<=0.44 && w>=0.2 && w<=0.44)"
GF,4,8,tabex_fast,timeout,,,"G[0,6] F[0,2](x>=0.2 && x<=0.4 && y>=0.2 && y<=0.4 && z>=0.2 && z<=0.4 && w>=0.2 && w<=0.4)","G[0,6] F[0,2](x>=0.2 && x<=0.44 && y>=0.2 && y<=0.44 && z>=0.2 && z<=0.44 && w>=0.2 && w<=0.44)"
GF,4,10,tabex_fast,skipped,,,"G[0,8] F[0,2](x>=0.2 && x<=0.4 && y>=0.2 && y<=0.4 && z>=0.2 && z<=0.4 && w>=0.2 && w<=0.4)","G[0,8] F[0,2](x>=0.2 && x<=0.44 && y>=0.2 && y<=0.44 && z>=0.2 && z<=0.44 && w>=0.2 && w<=0.44)"
GF,4,12,tabex_fast,skipped,,,"G[0,10] F[0,2](x>=0.2 && x<=0.4 && y>=0.2 && y<=0.4 && z>=0.2 && z<=0.4 && w>=0.2 && w<=0.4)","G[0,10] F[0,2](x>=0.2 && x<=0.44 && y>=0.2 && y<=0.44 && z>=0.2 && z<=0.44 && w>=0.2 && w<=0.44)"
GF,4,16,tabex_fast,skipped,,,"G[0,14] F[0,2](x>=0.2 && x<=0.4 && y>=0.2 && y<=0.4 && z>=0.2 && z<=0.4 && w>=0.2 && w<=0.4)","G[0,14] F[0,2](x>=0.2 && x<=0.44 && y>=0.2 && y<=0.44 && z>=0.2 && z<=0.44 && w>=0.2 && w<=0.44)"
GF,4,20,tabex_fast,skipped,,,"G[0,18] F[0,2](x>=0.2 && x<=0.4 && y>=0.2 && y<=0.4 && z>=0.2 && z<=0.4 && w>=0.2 && w<=0.4)","G[0,18] F[0,2](x>=0.2 && x<=0.44 && y>=0.2 && y<=0.44 && z>=0.2 && z<=0.44 && w>=0.2 && w<=0.44)"
GF,4,24,tabex_fast,skipped,,,"G[0,22] F[0,2](x>=0.2 && x<=0.4 && y>=0.2 && y<=0.4 && z>=0.2 && z<=0.4 && w>=0.2 && w<=0.4)","G[0,22] F[0,2](x>=0.2 && x<=0.44 && y>=0.2 && y<=0.44 && z>=0.2 && z<=0.44 && w>=0.2 && w<=0.44)"
GF,4,28,tabex_fast,skipped,,,"G[0,26] F[0,2](x>=0.2 && x<=0.4 && y>=0.2 && y<=0.4 && z>=0.2 && z<=0.4 && w>=0.2 && w<=0.4)","G[0,26] F[0,2](x>=0.2 && x<=0.44 && y>=0.2 && y<=0.44 && z>=0.2 && z<=0.44 && w>=0.2 && w<=0.44)"
GF,4,32,tabex_fast,skipped,,,"G[0,30] F[0,2](x>=0.2 && x<=0.4 && y>=0.2 && y<=0.4 && z>=0.2 && z<=0.4 && w>=0.2 && w<=0.4)","G[0,30] F[0,2](x>=0.2 && x<=0.44 && y>=0.2 && y<=0.44 && z>=0.2 && z<=0.44 && w>=0.2 && w<=0.44)"
GF,4,36,tabex_fast,skipped,,,"G[0,34] F[0,2](x>=0.2 && x<=0.4 && y>=0.2 && y<=0.4 && z>=0.2 && z<=0.4 && w>=0.2 && w<=0.4)","G[0,34] F[0,2](x>=0.2 && x<=0.44 && y>=0.2 && y<=0.44 && z>=0.2 && z<=0.44 && w>=0.2 && w<=0.44)"
GF,4,40,tabex_fast,skipped,,,"G[0,38] F[0,2](x>=0.2 && x<=0.4 && y>=0.2 && y<=0.4 && z>=0.2 && z<=0.4 && w>=0.2 && w<=0.4)","G[0,38] F[0,2](x>=0.2 && x<=0.44 && y>=0.2 && y<=0.44 && z>=0.2 && z<=0.44 && w>=0.2 && w<=0.44)"
GF,4,2,PH,ok,0.567176,0.03999999999999915,"G[0,0] F[0,2](x>=0.2 && x<=0.4 && y>=0.2 && y<=0.4 && z>=0.2 && z<=0.4 && w>=0.2 && w<=0.4)","G[0,0] F[0,2](x>=0.2 && x<=0.44 && y>=0.2 && y<=0.44 && z>=0.2 && z<=0.44 && w>=0.2 && w<=0.44)"
GF,4,4,PH,ok,22.351933,0.04000099999999915,"G[0,2] F[0,2](x>=0.2 && x<=0.4 && y>=0.2 && y<=0.4 && z>=0.2 && z<=0.4 && w>=0.2 && w<=0.4)","G[0,2] F[0,2](x>=0.2 && x<=0.44 && y>=0.2 && y<=0.44 && z>=0.2 && z<=0.44 && w>=0.2 && w<=0.44)"
GF,4,6,PH,memout,,,"G[0,4] F[0,2](x>=0.2 && x<=0.4 && y>=0.2 && y<=0.4 && z>=0.2 && z<=0.4 && w>=0.2 && w<=0.4)","G[0,4] F[0,2](x>=0.2 && x<=0.44 && y>=0.2 && y<=0.44 && z>=0.2 && z<=0.44 && w>=0.2 && w<=0.44)"
GF,4,8,PH,skipped,,,"G[0,6] F[0,2](x>=0.2 && x<=0.4 && y>=0.2 && y<=0.4 && z>=0.2 && z<=0.4 && w>=0.2 && w<=0.4)","G[0,6] F[0,2](x>=0.2 && x<=0.44 && y>=0.2 && y<=0.44 && z>=0.2 && z<=0.44 && w>=0.2 && w<=0.44)"
GF,4,10,PH,skipped,,,"G[0,8] F[0,2](x>=0.2 && x<=0.4 && y>=0.2 && y<=0.4 && z>=0.2 && z<=0.4 && w>=0.2 && w<=0.4)","G[0,8] F[0,2](x>=0.2 && x<=0.44 && y>=0.2 && y<=0.44 && z>=0.2 && z<=0.44 && w>=0.2 && w<=0.44)"
GF,4,12,PH,skipped,,,"G[0,10] F[0,2](x>=0.2 && x<=0.4 && y>=0.2 && y<=0.4 && z>=0.2 && z<=0.4 && w>=0.2 && w<=0.4)","G[0,10] F[0,2](x>=0.2 && x<=0.44 && y>=0.2 && y<=0.44 && z>=0.2 && z<=0.44 && w>=0.2 && w<=0.44)"
GF,4,16,PH,skipped,,,"G[0,14] F[0,2](x>=0.2 && x<=0.4 && y>=0.2 && y<=0.4 && z>=0.2 && z<=0.4 && w>=0.2 && w<=0.4)","G[0,14] F[0,2](x>=0.2 && x<=0.44 && y>=0.2 && y<=0.44 && z>=0.2 && z<=0.44 && w>=0.2 && w<=0.44)"
GF,4,20,PH,skipped,,,"G[0,18] F[0,2](x>=0.2 && x<=0.4 && y>=0.2 && y<=0.4 && z>=0.2 && z<=0.4 && w>=0.2 && w<=0.4)","G[0,18] F[0,2](x>=0.2 && x<=0.44 && y>=0.2 && y<=0.44 && z>=0.2 && z<=0.44 && w>=0.2 && w<=0.44)"
GF,4,24,PH,skipped,,,"G[0,22] F[0,2](x>=0.2 && x<=0.4 && y>=0.2 && y<=0.4 && z>=0.2 && z<=0.4 && w>=0.2 && w<=0.4)","G[0,22] F[0,2](x>=0.2 && x<=0.44 && y>=0.2 && y<=0.44 && z>=0.2 && z<=0.44 && w>=0.2 && w<=0.44)"
GF,4,28,PH,skipped,,,"G[0,26] F[0,2](x>=0.2 && x<=0.4 && y>=0.2 && y<=0.4 && z>=0.2 && z<=0.4 && w>=0.2 && w<=0.4)","G[0,26] F[0,2](x>=0.2 && x<=0.44 && y>=0.2 && y<=0.44 && z>=0.2 && z<=0.44 && w>=0.2 && w<=0.44)"
GF,4,32,PH,skipped,,,"G[0,30] F[0,2](x>=0.2 && x<=0.4 && y>=0.2 && y<=0.4 && z>=0.2 && z<=0.4 && w>=0.2 && w<=0.4)","G[0,30] F[0,2](x>=0.2 && x<=0.44 && y>=0.2 && y<=0.44 && z>=0.2 && z<=0.44 && w>=0.2 && w<=0.44)"
GF,4,36,PH,skipped,,,"G[0,34] F[0,2](x>=0.2 && x<=0.4 && y>=0.2 && y<=0.4 && z>=0.2 && z<=0.4 && w>=0.2 && w<=0.4)","G[0,34] F[0,2](x>=0.2 && x<=0.44 && y>=0.2 && y<=0.44 && z>=0.2 && z<=0.44 && w>=0.2 && w<=0.44)"
GF,4,40,PH,skipped,,,"G[0,38] F[0,2](x>=0.2 && x<=0.4 && y>=0.2 && y<=0.4 && z>=0.2 && z<=0.4 && w>=0.2 && w<=0.4)","G[0,38] F[0,2](x>=0.2 && x<=0.44 && y>=0.2 && y<=0.44 && z>=0.2 && z<=0.44 && w>=0.2 && w<=0.44)"
GF,4,2,SD,ok,0.000964,0.0277777777777779,"G[0,0] F[0,2](x>=0.2 && x<=0.4 && y>=0.2 && y<=0.4 && z>=0.2 && z<=0.4 && w>=0.2 && w<=0.4)","G[0,0] F[0,2](x>=0.2 && x<=0.44 && y>=0.2 && y<=0.44 && z>=0.2 && z<=0.44 && w>=0.2 && w<=0.44)"
GF,4,4,SD,ok,0.001014,0.04166666666666685,"G[0,2] F[0,2](x>=0.2 && x<=0.4 && y>=0.2 && y<=0.4 && z>=0.2 && z<=0.4 && w>=0.2 && w<=0.4)","G[0,2] F[0,2](x>=0.2 && x<=0.44 && y>=0.2 && y<=0.44 && z>=0.2 && z<=0.44 && w>=0.2 && w<=0.44)"
GF,4,6,SD,ok,0.001013,0.0462962962962965,"G[0,4] F[0,2](x>=0.2 && x<=0.4 && y>=0.2 && y<=0.4 && z>=0.2 && z<=0.4 && w>=0.2 && w<=0.4)","G[0,4] F[0,2](x>=0.2 && x<=0.44 && y>=0.2 && y<=0.44 && z>=0.2 && z<=0.44 && w>=0.2 && w<=0.44)"
GF,4,8,SD,ok,0.001017,0.04861111111111133,"G[0,6] F[0,2](x>=0.2 && x<=0.4 && y>=0.2 && y<=0.4 && z>=0.2 && z<=0.4 && w>=0.2 && w<=0.4)","G[0,6] F[0,2](x>=0.2 && x<=0.44 && y>=0.2 && y<=0.44 && z>=0.2 && z<=0.44 && w>=0.2 && w<=0.44)"
GF,4,10,SD,ok,0.001011,0.050000000000000225,"G[0,8] F[0,2](x>=0.2 && x<=0.4 && y>=0.2 && y<=0.4 && z>=0.2 && z<=0.4 && w>=0.2 && w<=0.4)","G[0,8] F[0,2](x>=0.2 && x<=0.44 && y>=0.2 && y<=0.44 && z>=0.2 && z<=0.44 && w>=0.2 && w<=0.44)"
GF,4,12,SD,ok,0.001002,0.05092592592592615,"G[0,10] F[0,2](x>=0.2 && x<=0.4 && y>=0.2 && y<=0.4 && z>=0.2 && z<=0.4 && w>=0.2 && w<=0.4)","G[0,10] F[0,2](x>=0.2 && x<=0.44 && y>=0.2 && y<=0.44 && z>=0.2 && z<=0.44 && w>=0.2 && w<=0.44)"
GF,4,16,SD,ok,0.001003,0.052083333333333565,"G[0,14] F[0,2](x>=0.2 && x<=0.4 && y>=0.2 && y<=0.4 && z>=0.2 && z<=0.4 && w>=0.2 && w<=0.4)","G[0,14] F[0,2](x>=0.2 && x<=0.44 && y>=0.2 && y<=0.44 && z>=0.2 && z<=0.44 && w>=0.2 && w<=0.44)"
GF,4,20,SD,ok,0.001008,0.052777777777778014,"G[0,18] F[0,2](x>=0.2 && x<=0.4 && y>=0.2 && y<=0.4 && z>=0.2 && z<=0.4 && w>=0.2 && w<=0.4)","G[0,18] F[0,2](x>=0.2 && x<=0.44 && y>=0.2 && y<=0.44 && z>=0.2 && z<=0.44 && w>=0.2 && w<=0.44)"
GF,4,24,SD,ok,0.001009,0.05324074074074098,"G[0,22] F[0,2](x>=0.2 && x<=0.4 && y>=0.2 && y<=0.4 && z>=0.2 && z<=0.4 && w>=0.2 && w<=0.4)","G[0,22] F[0,2](x>=0.2 && x<=0.44 && y>=0.2 && y<=0.44 && z>=0.2 && z<=0.44 && w>=0.2 && w<=0.44)"
GF,4,28,SD,ok,0.001011,0.05357142857142881,"G[0,26] F[0,2](x>=0.2 && x<=0.4 && y>=0.2 && y<=0.4 && z>=0.2 && z<=0.4 && w>=0.2 && w<=0.4)","G[0,26] F[0,2](x>=0.2 && x<=0.44 && y>=0.2 && y<=0.44 && z>=0.2 && z<=0.44 && w>=0.2 && w<=0.44)"
GF,4,32,SD,ok,0.001014,0.05381944444444468,"G[0,30] F[0,2](x>=0.2 && x<=0.4 && y>=0.2 && y<=0.4 && z>=0.2 && z<=0.4 && w>=0.2 && w<=0.4)","G[0,30] F[0,2](x>=0.2 && x<=0.44 && y>=0.2 && y<=0.44 && z>=0.2 && z<=0.44 && w>=0.2 && w<=0.44)"
GF,4,36,SD,ok,0.001009,0.054012345679012586,"G[0,34] F[0,2](x>=0.2 && x<=0.4 && y>=0.2 && y<=0.4 && z>=0.2 && z<=0.4 && w>=0.2 && w<=0.4)","G[0,34] F[0,2](x>=0.2 && x<=0.44 && y>=0.2 && y<=0.44 && z>=0.2 && z<=0.44 && w>=0.2 && w<=0.44)"
GF,4,40,SD,ok,0.000743,0.054166666666666904,"G[0,38] F[0,2](x>=0.2 && x<=0.4 && y>=0.2 && y<=0.4 && z>=0.2 && z<=0.4 && w>=0.2 && w<=0.4)","G[0,38] F[0,2](x>=0.2 && x<=0.44 && y>=0.2 && y<=0.44 && z>=0.2 && z<=0.44 && w>=0.2 && w<=0.44)"
GF,5,2,reference,timeout,,,"G[0,0] F[0,2](x>=0.2 && x<=0.4 && y>=0.2 && y<=0.4 && z>=0.2 && z<=0.4 && w>=0.2 && w<=0.4 && v>=0.2 && v<=0.4)","G[0,0] F[0,2](x>=0.2 && x<=0.44 && y>=0.2 && y<=0.44 && z>=0.2 && z<=0.44 && w>=0.2 && w<=0.44 && v>=0.2 && v<=0.44)"
GF,5,4,reference,skipped,,,"G[0,2] F[0,2](x>=0.2 && x<=0.4 && y>=0.2 && y<=0.4 && z>=0.2 && z<=0.4 && w>=0.2 && w<=0.4 && v>=0.2 && v<=0.4)","G[0,2] F[0,2](x>=0.2 && x<=0.44 && y>=0.2 && y<=0.44 && z>=0.2 && z<=0.44 && w>=0.2 && w<=0.44 && v>=0.2 && v<=0.44)"
GF,5,6,reference,skipped,,,"G[0,4] F[0,2](x>=0.2 && x<=0.4 && y>=0.2 && y<=0.4 && z>=0.2 && z<=0.4 && w>=0.2 && w<=0.4 && v>=0.2 && v<=0.4)","G[0,4] F[0,2](x>=0.2 && x<=0.44 && y>=0.2 && y<=0.44 && z>=0.2 && z<=0.44 && w>=0.2 && w<=0.44 && v>=0.2 && v<=0.44)"
GF,5,8,reference,skipped,,,"G[0,6] F[0,2](x>=0.2 && x<=0.4 && y>=0.2 && y<=0.4 && z>=0.2 && z<=0.4 && w>=0.2 && w<=0.4 && v>=0.2 && v<=0.4)","G[0,6] F[0,2](x>=0.2 && x<=0.44 && y>=0.2 && y<=0.44 && z>=0.2 && z<=0.44 && w>=0.2 && w<=0.44 && v>=0.2 && v<=0.44)"
GF,5,10,reference,skipped,,,"G[0,8] F[0,2](x>=0.2 && x<=0.4 && y>=0.2 && y<=0.4 && z>=0.2 && z<=0.4 && w>=0.2 && w<=0.4 && v>=0.2 && v<=0.4)","G[0,8] F[0,2](x>=0.2 && x<=0.44 && y>=0.2 && y<=0.44 && z>=0.2 && z<=0.44 && w>=0.2 && w<=0.44 && v>=0.2 && v<=0.44)"
GF,5,12,reference,skipped,,,"G[0,10] F[0,2](x>=0.2 && x<=0.4 && y>=0.2 && y<=0.4 && z>=0.2 && z<=0.4 && w>=0.2 && w<=0.4 && v>=0.2 && v<=0.4)","G[0,10] F[0,2](x>=0.2 && x<=0.44 && y>=0.2 && y<=0.44 && z>=0.2 && z<=0.44 && w>=0.2 && w<=0.44 && v>=0.2 && v<=0.44)"
GF,5,16,reference,skipped,,,"G[0,14] F[0,2](x>=0.2 && x<=0.4 && y>=0.2 && y<=0.4 && z>=0.2 && z<=0.4 && w>=0.2 && w<=0.4 && v>=0.2 && v<=0.4)","G[0,14] F[0,2](x>=0.2 && x<=0.44 && y>=0.2 && y<=0.44 && z>=0.2 && z<=0.44 && w>=0.2 && w<=0.44 && v>=0.2 && v<=0.44)"
GF,5,20,reference,skipped,,,"G[0,18] F[0,2](x>=0.2 && x<=0.4 && y>=0.2 && y<=0.4 && z>=0.2 && z<=0.4 && w>=0.2 && w<=0.4 && v>=0.2 && v<=0.4)","G[0,18] F[0,2](x>=0.2 && x<=0.44 && y>=0.2 && y<=0.44 && z>=0.2 && z<=0.44 && w>=0.2 && w<=0.44 && v>=0.2 && v<=0.44)"
GF,5,24,reference,skipped,,,"G[0,22] F[0,2](x>=0.2 && x<=0.4 && y>=0.2 && y<=0.4 && z>=0.2 && z<=0.4 && w>=0.2 && w<=0.4 && v>=0.2 && v<=0.4)","G[0,22] F[0,2](x>=0.2 && x<=0.44 && y>=0.2 && y<=0.44 && z>=0.2 && z<=0.44 && w>=0.2 && w<=0.44 && v>=0.2 && v<=0.44)"
GF,5,28,reference,skipped,,,"G[0,26] F[0,2](x>=0.2 && x<=0.4 && y>=0.2 && y<=0.4 && z>=0.2 && z<=0.4 && w>=0.2 && w<=0.4 && v>=0.2 && v<=0.4)","G[0,26] F[0,2](x>=0.2 && x<=0.44 && y>=0.2 && y<=0.44 && z>=0.2 && z<=0.44 && w>=0.2 && w<=0.44 && v>=0.2 && v<=0.44)"
GF,5,32,reference,skipped,,,"G[0,30] F[0,2](x>=0.2 && x<=0.4 && y>=0.2 && y<=0.4 && z>=0.2 && z<=0.4 && w>=0.2 && w<=0.4 && v>=0.2 && v<=0.4)","G[0,30] F[0,2](x>=0.2 && x<=0.44 && y>=0.2 && y<=0.44 && z>=0.2 && z<=0.44 && w>=0.2 && w<=0.44 && v>=0.2 && v<=0.44)"
GF,5,36,reference,skipped,,,"G[0,34] F[0,2](x>=0.2 && x<=0.4 && y>=0.2 && y<=0.4 && z>=0.2 && z<=0.4 && w>=0.2 && w<=0.4 && v>=0.2 && v<=0.4)","G[0,34] F[0,2](x>=0.2 && x<=0.44 && y>=0.2 && y<=0.44 && z>=0.2 && z<=0.44 && w>=0.2 && w<=0.44 && v>=0.2 && v<=0.44)"
GF,5,40,reference,skipped,,,"G[0,38] F[0,2](x>=0.2 && x<=0.4 && y>=0.2 && y<=0.4 && z>=0.2 && z<=0.4 && w>=0.2 && w<=0.4 && v>=0.2 && v<=0.4)","G[0,38] F[0,2](x>=0.2 && x<=0.44 && y>=0.2 && y<=0.44 && z>=0.2 && z<=0.44 && w>=0.2 && w<=0.44 && v>=0.2 && v<=0.44)"
GF,5,2,tabex_fast,ok,0.146555,0.898994051798166,"G[0,0] F[0,2](x>=0.2 && x<=0.4 && y>=0.2 && y<=0.4 && z>=0.2 && z<=0.4 && w>=0.2 && w<=0.4 && v>=0.2 && v<=0.4)","G[0,0] F[0,2](x>=0.2 && x<=0.44 && y>=0.2 && y<=0.44 && z>=0.2 && z<=0.44 && w>=0.2 && w<=0.44 && v>=0.2 && v<=0.44)"
GF,5,4,tabex_fast,ok,5.631773,0.9117281180954542,"G[0,2] F[0,2](x>=0.2 && x<=0.4 && y>=0.2 && y<=0.4 && z>=0.2 && z<=0.4 && w>=0.2 && w<=0.4 && v>=0.2 && v<=0.4)","G[0,2] F[0,2](x>=0.2 && x<=0.44 && y>=0.2 && y<=0.44 && z>=0.2 && z<=0.44 && w>=0.2 && w<=0.44 && v>=0.2 && v<=0.44)"
GF,5,6,tabex_fast,timeout,,,"G[0,4] F[0,2](x>=0.2 && x<=0.4 && y>=0.2 && y<=0.4 && z>=0.2 && z<=0.4 && w>=0.2 && w<=0.4 && v>=0.2 && v<=0.4)","G[0,4] F[0,2](x>=0.2 && x<=0.44 && y>=0.2 && y<=0.44 && z>=0.2 && z<=0.44 && w>=0.2 && w<=0.44 && v>=0.2 && v<=0.44)"
GF,5,8,tabex_fast,skipped,,,"G[0,6] F[0,2](x>=0.2 && x<=0.4 && y>=0.2 && y<=0.4 && z>=0.2 && z<=0.4 && w>=0.2 && w<=0.4 && v>=0.2 && v<=0.4)","G[0,6] F[0,2](x>=0.2 && x<=0.44 && y>=0.2 && y<=0.44 && z>=0.2 && z<=0.44 && w>=0.2 && w<=0.44 && v>=0.2 && v<=0.44)"
GF,5,10,tabex_fast,skipped,,,"G[0,8] F[0,2](x>=0.2 && x<=0.4 && y>=0.2 && y<=0.4 && z>=0.2 && z<=0.4 && w>=0.2 && w<=0.4 && v>=0.2 && v<=0.4)","G[0,8] F[0,2](x>=0.2 && x<=0.44 && y>=0.2 && y<=0.44 && z>=0.2 && z<=0.44 && w>=0.2 && w<=0.44 && v>=0.2 && v<=0.44)"
GF,5,12,tabex_fast,skipped,,,"G[0,10] F[0,2](x>=0.2 && x<=0.4 && y>=0.2 && y<=0.4 && z>=0.2 && z<=0.4 && w>=0.2 && w<=0.4 && v>=0.2 && v<=0.4)","G[0,10] F[0,2](x>=0.2 && x<=0.44 && y>=0.2 && y<=0.44 && z>=0.2 && z<=0.44 && w>=0.2 && w<=0.44 && v>=0.2 && v<=0.44)"
GF,5,16,tabex_fast,skipped,,,"G[0,14] F[0,2](x>=0.2 && x<=0.4 && y>=0.2 && y<=0.4 && z>=0.2 && z<=0.4 && w>=0.2 && w<=0.4 && v>=0.2 && v<=0.4)","G[0,14] F[0,2](x>=0.2 && x<=0.44 && y>=0.2 && y<=0.44 && z>=0.2 && z<=0.44 && w>=0.2 && w<=0.44 && v>=0.2 && v<=0.44)"
GF,5,20,tabex_fast,skipped,,,"G[0,18] F[0,2](x>=0.2 && x<=0.4 && y>=0.2 && y<=0.4 && z>=0.2 && z<=0.4 && w>=0.2 && w<=0.4 && v>=0.2 && v<=0.4)","G[0,18] F[0,2](x>=0.2 && x<=0.44 && y>=0.2 && y<=0.44 && z>=0.2 && z<=0.44 && w>=0.2 && w<=0.44 && v>=0.2 && v<=0.44)"
GF,5,24,tabex_fast,skipped,,,"G[0,22] F[0,2](x>=0.2 && x<=0.4 && y>=0.2 && y<=0.4 && z>=0.2 && z<=0.4 && w>=0.2 && w<=0.4 && v>=0.2 && v<=0.4)","G[0,22] F[0,2](x>=0.2 && x<=0.44 && y>=0.2 && y<=0.44 && z>=0.2 && z<=0.44 && w>=0.2 && w<=0.44 && v>=0.2 && v<=0.44)"
GF,5,28,tabex_fast,skipped,,,"G[0,26] F[0,2](x>=0.2 && x<=0.4 && y>=0.2 && y<=0.4 && z>=0.2 && z<=0.4 && w>=0.2 && w<=0.4 && v>=0.2 && v<=0.4)","G[0,26] F[0,2](x>=0.2 && x<=0.44 && y>=0.2 && y<=0.44 && z>=0.2 && z<=0.44 && w>=0.2 && w<=0.44 && v>=0.2 && v<=0.44)"
GF,5,32,tabex_fast,skipped,,,"G[0,30] F[0,2](x>=0.2 && x<=0.4 && y>=0.2 && y<=0.4 && z>=0.2 && z<=0.4 && w>=0.2 && w<=0.4 && v>=0.2 && v<=0.4)","G[0,30] F[0,2](x>=0.2 && x<=0.44 && y>=0.2 && y<=0.44 && z>=0.2 && z<=0.44 && w>=0.2 && w<=0.44 && v>=0.2 && v<=0.44)"
GF,5,36,tabex_fast,skipped,,,"G[0,34] F[0,2](x>=0.2 && x<=0.4 && y>=0.2 && y<=0.4 && z>=0.2 && z<=0.4 && w>=0.2 && w<=0.4 && v>=0.2 && v<=0.4)","G[0,34] F[0,2](x>=0.2 && x<=0.44 && y>=0.2 && y<=0.44 && z>=0.2 && z<=0.44 && w>=0.2 && w<=0.44 && v>=0.2 && v<=0.44)"
GF,5,40,tabex_fast,skipped,,,"G[0,38] F[0,2](x>=0.2 && x<=0.4 && y>=0.2 && y<=0.4 && z>=0.2 && z<=0.4 && w>=0.2 && w<=0.4 && v>=0.2 && v<=0.4)","G[0,38] F[0,2](x>=0.2 && x<=0.44 && y>=0.2 && y<=0.44 && z>=0.2 && z<=0.44 && w>=0.2 && w<=0.44 && v>=0.2 && v<=0.44)"
GF,5,2,PH,ok,0.663973,0.03999999999999915,"G[0,0] F[0,2](x>=0.2 && x<=0.4 && y>=0.2 && y<=0.4 && z>=0.2 && z<=0.4 && w>=0.2 && w<=0.4 && v>=0.2 && v<=0.4)","G[0,0] F[0,2](x>=0.2 && x<=0.44 && y>=0.2 && y<=0.44 && z>=0.2 && z<=0.44 && w>=0.2 && w<=0.44 && v>=0.2 && v<=0.44)"
GF,5,4,PH,ok,28.514967,0.04000099999999915,"G[0,2] F[0,2](x>=0.2 && x<=0.4 && y>=0.2 && y<=0.4 && z>=0.2 && z<=0.4 && w>=0.2 && w<=0.4 && v>=0.2 && v<=0.4)","G[0,2] F[0,2](x>=0.2 && x<=0.44 && y>=0.2 && y<=0.44 && z>=0.2 && z<=0.44 && w>=0.2 && w<=0.44 && v>=0.2 && v<=0.44)"
GF,5,6,PH,timeout,,,"G[0,4] F[0,2](x>=0.2 && x<=0.4 && y>=0.2 && y<=0.4 && z>=0.2 && z<=0.4 && w>=0.2 && w<=0.4 && v>=0.2 && v<=0.4)","G[0,4] F[0,2](x>=0.2 && x<=0.44 && y>=0.2 && y<=0.44 && z>=0.2 && z<=0.44 && w>=0.2 && w<=0.44 && v>=0.2 && v<=0.44)"
GF,5,8,PH,skipped,,,"G[0,6] F[0,2](x>=0.2 && x<=0.4 && y>=0.2 && y<=0.4 && z>=0.2 && z<=0.4 && w>=0.2 && w<=0.4 && v>=0.2 && v<=0.4)","G[0,6] F[0,2](x>=0.2 && x<=0.44 && y>=0.2 && y<=0.44 && z>=0.2 && z<=0.44 && w>=0.2 && w<=0.44 && v>=0.2 && v<=0.44)"
GF,5,10,PH,skipped,,,"G[0,8] F[0,2](x>=0.2 && x<=0.4 && y>=0.2 && y<=0.4 && z>=0.2 && z<=0.4 && w>=0.2 && w<=0.4 && v>=0.2 && v<=0.4)","G[0,8] F[0,2](x>=0.2 && x<=0.44 && y>=0.2 && y<=0.44 && z>=0.2 && z<=0.44 && w>=0.2 && w<=0.44 && v>=0.2 && v<=0.44)"
GF,5,12,PH,skipped,,,"G[0,10] F[0,2](x>=0.2 && x<=0.4 && y>=0.2 && y<=0.4 && z>=0.2 && z<=0.4 && w>=0.2 && w<=0.4 && v>=0.2 && v<=0.4)","G[0,10] F[0,2](x>=0.2 && x<=0.44 && y>=0.2 && y<=0.44 && z>=0.2 && z<=0.44 && w>=0.2 && w<=0.44 && v>=0.2 && v<=0.44)"
GF,5,16,PH,skipped,,,"G[0,14] F[0,2](x>=0.2 && x<=0.4 && y>=0.2 && y<=0.4 && z>=0.2 && z<=0.4 && w>=0.2 && w<=0.4 && v>=0.2 && v<=0.4)","G[0,14] F[0,2](x>=0.2 && x<=0.44 && y>=0.2 && y<=0.44 && z>=0.2 && z<=0.44 && w>=0.2 && w<=0.44 && v>=0.2 && v<=0.44)"
GF,5,20,PH,skipped,,,"G[0,18] F[0,2](x>=0.2 && x<=0.4 && y>=0.2 && y<=0.4 && z>=0.2 && z<=0.4 && w>=0.2 && w<=0.4 && v>=0.2 && v<=0.4)","G[0,18] F[0,2](x>=0.2 && x<=0.44 && y>=0.2 && y<=0.44 && z>=0.2 && z<=0.44 && w>=0.2 && w<=0.44 && v>=0.2 && v<=0.44)"
GF,5,24,PH,skipped,,,"G[0,22] F[0,2](x>=0.2 && x<=0.4 && y>=0.2 && y<=0.4 && z>=0.2 && z<=0.4 && w>=0.2 && w<=0.4 && v>=0.2 && v<=0.4)","G[0,22] F[0,2](x>=0.2 && x<=0.44 && y>=0.2 && y<=0.44 && z>=0.2 && z<=0.44 && w>=0.2 && w<=0.44 && v>=0.2 && v<=0.44)"
GF,5,28,PH,skipped,,,"G[0,26] F[0,2](x>=0.2 && x<=0.4 && y>=0.2 && y<=0.4 && z>=0.2 && z<=0.4 && w>=0.2 && w<=0.4 && v>=0.2 && v<=0.4)","G[0,26] F[0,2](x>=0.2 && x<=0.44 && y>=0.2 && y<=0.44 && z>=0.2 && z<=0.44 && w>=0.2 && w<=0.44 && v>=0.2 && v<=0.44)"
GF,5,32,PH,skipped,,,"G[0,30] F[0,2](x>=0.2 && x<=0.4 && y>=0.2 && y<=0.4 && z>=0.2 && z<=0.4 && w>=0.2 && w<=0.4 && v>=0.2 && v<=0.4)","G[0,30] F[0,2](x>=0.2 && x<=0.44 && y>=0.2 && y<=0.44 && z>=0.2 && z<=0.44 && w>=0.2 && w<=0.44 && v>=0.2 && v<=0.44)"
GF,5,36,PH,skipped,,,"G[0,34] F[0,2](x>=0.2 && x<=0.4 && y>=0.2 && y<=0.4 && z>=0.2 && z<=0.4 && w>=0.2 && w<=0.4 && v>=0.2 && v<=0.4)","G[0,34] F[0,2](x>=0.2 && x<=0.44 && y>=0.2 && y<=0.44 && z>=0.2 && z<=0.44 && w>=0.2 && w<=0.44 && v>=0.2 && v<=0.44)"
GF,5,40,PH,skipped,,,"G[0,38] F[0,2](x>=0.2 && x<=0.4 && y>=0.2 && y<=0.4 && z>=0.2 && z<=0.4 && w>=0.2 && w<=0.4 && v>=0.2 && v<=0.4)","G[0,38] F[0,2](x>=0.2 && x<=0.44 && y>=0.2 && y<=0.44 && z>=0.2 && z<=0.44 && w>=0.2 && w<=0.44 && v>=0.2 && v<=0.44)"
GF,5,2,SD,ok,0.001150,0.034722222222222376,"G[0,0] F[0,2](x>=0.2 && x<=0.4 && y>=0.2 && y<=0.4 && z>=0.2 && z<=0.4 && w>=0.2 && w<=0.4 && v>=0.2 && v<=0.4)","G[0,0] F[0,2](x>=0.2 && x<=0.44 && y>=0.2 && y<=0.44 && z>=0.2 && z<=0.44 && w>=0.2 && w<=0.44 && v>=0.2 && v<=0.44)"
GF,5,4,SD,ok,0.001197,0.052083333333333565,"G[0,2] F[0,2](x>=0.2 && x<=0.4 && y>=0.2 && y<=0.4 && z>=0.2 && z<=0.4 && w>=0.2 && w<=0.4 && v>=0.2 && v<=0.4)","G[0,2] F[0,2](x>=0.2 && x<=0.44 && y>=0.2 && y<=0.44 && z>=0.2 && z<=0.44 && w>=0.2 && w<=0.44 && v>=0.2 && v<=0.44)"
GF,5,6,SD,ok,0.000854,0.05787037037037063,"G[0,4] F[0,2](x>=0.2 && x<=0.4 && y>=0.2 && y<=0.4 && z>=0.2 && z<=0.4 && w>=0.2 && w<=0.4 && v>=0.2 && v<=0.4)","G[0,4] F[0,2](x>=0.2 && x<=0.44 && y>=0.2 && y<=0.44 && z>=0.2 && z<=0.44 && w>=0.2 && w<=0.44 && v>=0.2 && v<=0.44)"
GF,5,8,SD,ok,0.000851,0.06076388888888916,"G[0,6] F[0,2](x>=0.2 && x<=0.4 && y>=0.2 && y<=0.4 && z>=0.2 && z<=0.4 && w>=0.2 && w<=0.4 && v>=0.2 && v<=0.4)","G[0,6] F[0,2](x>=0.2 && x<=0.44 && y>=0.2 && y<=0.44 && z>=0.2 && z<=0.44 && w>=0.2 && w<=0.44 && v>=0.2 && v<=0.44)"
GF,5,10,SD,ok,0.000856,0.06250000000000028,"G[0,8] F[0,2](x>=0.2 && x<=0.4 && y>=0.2 && y<=0.4 && z>=0.2 && z<=0.4 && w>=0.2 && w<=0.4 && v>=0.2 && v<=0.4)","G[0,8] F[0,2](x>=0.2 && x<=0.44 && y>=0.2 && y<=0.44 && z>=0.2 && z<=0.44 && w>=0.2 && w<=0.44 && v>=0.2 && v<=0.44)"
GF,5,12,SD,ok,0.000863,0.06365740740740769,"G[0,10] F[0,2](x>=0.2 && x<=0.4 && y>=0.2 && y<=0.4 && z>=0.2 && z<=0.4 && w>=0.2 && w<=0.4 && v>=0.2 && v<=0.4)","G[0,10] F[0,2](x>=0.2 && x<=0.44 && y>=0.2 && y<=0.44 && z>=0.2 && z<=0.44 && w>=0.2 && w<=0.44 && v>=0.2 && v<=0.44)"
GF,5,16,SD,ok,0.000862,0.06510416666666696,"G[0,14] F[0,2](x>=0.2 && x<=0.4 && y>=0.2 && y<=0.4 && z>=0.2 && z<=0.4 && w>=0.2 && w<=0.4 && v>=0.2 && v<=0.4)","G[0,14] F[0,2](x>=0.2 && x<=0.44 && y>=0.2 && y<=0.44 && z>=0.2 && z<=0.44 && w>=0.2 && w<=0.44 && v>=0.2 && v<=0.44)"
GF,5,20,SD,ok,0.001209,0.06597222222222252,"G[0,18] F[0,2](x>=0.2 && x<=0.4 && y>=0.2 && y<=0.4 && z>=0.2 && z<=0.4 && w>=0.2 && w<=0.4 && v>=0.2 && v<=0.4)","G[0,18] F[0,2](x>=0.2 && x<=0.44 && y>=0.2 && y<=0.44 && z>=0.2 && z<=0.44 && w>=0.2 && w<=0.44 && v>=0.2 && v<=0.44)"
GF,5,24,SD,ok,0.001200,0.06655092592592622,"G[0,22] F[0,2](x>=0.2 && x<=0.4 && y>=0.2 && y<=0.4 && z>=0.2 && z<=0.4 && w>=0.2 && w<=0.4 && v>=0.2 && v<=0.4)","G[0,22] F[0,2](x>=0.2 && x<=0.44 && y>=0.2 && y<=0.44 && z>=0.2 && z<=0.44 && w>=0.2 && w<=0.44 && v>=0.2 && v<=0.44)"
GF,5,28,SD,ok,0.001203,0.06696428571428602,"G[0,26] F[0,2](x>=0.2 && x<=0.4 && y>=0.2 && y<=0.4 && z>=0.2 && z<=0.4 && w>=0.2 && w<=0.4 && v>=0.2 && v<=0.4)","G[0,26] F[0,2](x>=0.2 && x<=0.44 && y>=0.2 && y<=0.44 && z>=0.2 && z<=0.44 && w>=0.2 && w<=0.44 && v>=0.2 && v<=0.44)"
GF,5,32,SD,ok,0.001206,0.06727430555555586,"G[0,30] F[0,2](x>=0.2 && x<=0.4 && y>=0.2 && y<=0.4 && z>=0.2 && z<=0.4 && w>=0.2 && w<=0.4 && v>=0.2 && v<=0.4)","G[0,30] F[0,2](x>=0.2 && x<=0.44 && y>=0.2 && y<=0.44 && z>=0.2 && z<=0.44 && w>=0.2 && w<=0.44 && v>=0.2 && v<=0.44)"
GF,5,36,SD,ok,0.001209,0.06751543209876573,"G[0,34] F[0,2](x>=0.2 && x<=0.4 && y>=0.2 && y<=0.4 && z>=0.2 && z<=0.4 && w>=0.2 && w<=0.4 && v>=0.2 && v<=0.4)","G[0,34] F[0,2](x>=0.2 && x<=0.44 && y>=0.2 && y<=0.44 && z>=0.2 && z<=0.44 && w>=0.2 && w<=0.44 && v>=0.2 && v<=0.44)"
GF,5,40,SD,ok,0.000863,0.06770833333333363,"G[0,38] F[0,2](x>=0.2 && x<=0.4 && y>=0.2 && y<=0.4 && z>=0.2 && z<=0.4 && w>=0.2 && w<=0.4 && v>=0.2 && v<=0.4)","G[0,38] F[0,2](x>=0.2 && x<=0.44 && y>=0.2 && y<=0.44 && z>=0.2 && z<=0.44 && w>=0.2 && w<=0.44 && v>=0.2 && v<=0.44)"
U,1,2,reference,ok,0.093262,0.9026942421620122,"(x>=0.2) U[0,2] (x<=0.4)","(x>=0.2) U[0,2] (x<=0.44)"
U,1,4,reference,ok,11.789028,0.9148324399231014,"(x>=0.2) U[0,4] (x<=0.4)","(x>=0.2) U[0,4] (x<=0.44)"
U,1,6,reference,timeout,,,"(x>=0.2) U[0,6] (x<=0.4)","(x>=0.2) U[0,6] (x<=0.44)"
U,1,8,reference,skipped,,,"(x>=0.2) U[0,8] (x<=0.4)","(x>=0.2) U[0,8] (x<=0.44)"
U,1,10,reference,skipped,,,"(x>=0.2) U[0,10] (x<=0.4)","(x>=0.2) U[0,10] (x<=0.44)"
U,1,12,reference,skipped,,,"(x>=0.2) U[0,12] (x<=0.4)","(x>=0.2) U[0,12] (x<=0.44)"
U,1,16,reference,skipped,,,"(x>=0.2) U[0,16] (x<=0.4)","(x>=0.2) U[0,16] (x<=0.44)"
U,1,20,reference,skipped,,,"(x>=0.2) U[0,20] (x<=0.4)","(x>=0.2) U[0,20] (x<=0.44)"
U,1,24,reference,skipped,,,"(x>=0.2) U[0,24] (x<=0.4)","(x>=0.2) U[0,24] (x<=0.44)"
U,1,28,reference,skipped,,,"(x>=0.2) U[0,28] (x<=0.4)","(x>=0.2) U[0,28] (x<=0.44)"
U,1,32,reference,skipped,,,"(x>=0.2) U[0,32] (x<=0.4)","(x>=0.2) U[0,32] (x<=0.44)"
U,1,36,reference,skipped,,,"(x>=0.2) U[0,36] (x<=0.4)","(x>=0.2) U[0,36] (x<=0.44)"
U,1,40,reference,skipped,,,"(x>=0.2) U[0,40] (x<=0.4)","(x>=0.2) U[0,40] (x<=0.44)"
U,1,2,tabex_fast,ok,0.004672,0.9026942421620122,"(x>=0.2) U[0,2] (x<=0.4)","(x>=0.2) U[0,2] (x<=0.44)"
U,1,4,tabex_fast,ok,0.008466,0.9148324399231014,"(x>=0.2) U[0,4] (x<=0.4)","(x>=0.2) U[0,4] (x<=0.44)"
U,1,6,tabex_fast,ok,0.013586,0.9197043336575232,"(x>=0.2) U[0,6] (x<=0.4)","(x>=0.2) U[0,6] (x<=0.44)"
U,1,8,tabex_fast,ok,0.021259,0.9223620341077485,"(x>=0.2) U[0,8] (x<=0.4)","(x>=0.2) U[0,8] (x<=0.44)"
U,1,10,tabex_fast,ok,0.032531,0.9240469078617249,"(x>=0.2) U[0,10] (x<=0.4)","(x>=0.2) U[0,10] (x<=0.44)"
U,1,12,tabex_fast,ok,0.051605,0.9252125737023826,"(x>=0.2) U[0,12] (x<=0.4)","(x>=0.2) U[0,12] (x<=0.44)"
U,1,16,tabex_fast,ok,0.122387,0.9267209067133573,"(x>=0.2) U[0,16] (x<=0.4)","(x>=0.2) U[0,16] (x<=0.44)"
U,1,20,tabex_fast,ok,0.233134,0.9276546254293916,"(x>=0.2) U[0,20] (x<=0.4)","(x>=0.2) U[0,20] (x<=0.44)"
U,1,24,tabex_fast,ok,0.413251,0.9282895540035445,"(x>=0.2) U[0,24] (x<=0.4)","(x>=0.2) U[0,24] (x<=0.44)"
U,1,28,tabex_fast,ok,0.906155,0.9287493298655749,"(x>=0.2) U[0,28] (x<=0.4)","(x>=0.2) U[0,28] (x<=0.44)"
U,1,32,tabex_fast,ok,1.296980,0.9290976449125492,"(x>=0.2) U[0,32] (x<=0.4)","(x>=0.2) U[0,32] (x<=0.44)"
U,1,36,tabex_fast,ok,1.750245,0.9293706485980052,"(x>=0.2) U[0,36] (x<=0.4)","(x>=0.2) U[0,36] (x<=0.44)"
U,1,40,tabex_fast,ok,2.380999,0.9295903832716724,"(x>=0.2) U[0,40] (x<=0.4)","(x>=0.2) U[0,40] (x<=0.44)"
U,1,2,PH,ok,0.069112,0.03999999999999915,"(x>=0.2) U[0,2] (x<=0.4)","(x>=0.2) U[0,2] (x<=0.44)"
U,1,4,PH,ok,0.408750,0.03999999999999961,"(x>=0.2) U[0,4] (x<=0.4)","(x>=0.2) U[0,4] (x<=0.44)"
U,1,6,PH,ok,0.470502,0.03999999999999915,"(x>=0.2) U[0,6] (x<=0.4)","(x>=0.2) U[0,6] (x<=0.44)"
U,1,8,PH,ok,1.172093,0.03999999999999915,"(x>=0.2) U[0,8] (x<=0.4)","(x>=0.2) U[0,8] (x<=0.44)"
U,1,10,PH,ok,1.557288,0.03999999999999915,"(x>=0.2) U[0,10] (x<=0.4)","(x>=0.2) U[0,10] (x<=0.44)"
U,1,12,PH,ok,2.757183,0.04000000000000001,"(x>=0.2) U[0,12] (x<=0.4)","(x>=0.2) U[0,12] (x<=0.44)"
U,1,16,PH,ok,9.813192,0.039999999999999175,"(x>=0.2) U[0,16] (x<=0.4)","(x>=0.2) U[0,16] (x<=0.44)"
U,1,20,PH,ok,24.392206,0.03999999999999965,"(x>=0.2) U[0,20] (x<=0.4)","(x>=0.2) U[0,20] (x<=0.44)"
U,1,24,PH,ok,19.942979,0.04000000000000098,"(x>=0.2) U[0,24] (x<=0.4)","(x>=0.2) U[0,24] (x<=0.44)"
U,1,28,PH,memout,,,"(x>=0.2) U[0,28] (x<=0.4)","(x>=0.2) U[0,28] (x<=0.44)"
U,1,32,PH,skipped,,,"(x>=0.2) U[0,32] (x<=0.4)","(x>=0.2) U[0,32] (x<=0.44)"
U,1,36,PH,skipped,,,"(x>=0.2) U[0,36] (x<=0.4)","(x>=0.2) U[0,36] (x<=0.44)"
U,1,40,PH,skipped,,,"(x>=0.2) U[0,40] (x<=0.4)","(x>=0.2) U[0,40] (x<=0.44)"
U,1,2,SD,ok,0.000413,0.0,"(x>=0.2) U[0,2] (x<=0.4)","(x>=0.2) U[0,2] (x<=0.44)"
U,1,4,SD,ok,0.000517,0.0,"(x>=0.2) U[0,4] (x<=0.4)","(x>=0.2) U[0,4] (x<=0.44)"
U,1,6,SD,ok,0.000814,0.0,"(x>=0.2) U[0,6] (x<=0.4)","(x>=0.2) U[0,6] (x<=0.44)"
U,1,8,SD,ok,0.001637,0.0,"(x>=0.2) U[0,8] (x<=0.4)","(x>=0.2) U[0,8] (x<=0.44)"
U,1,10,SD,ok,0.002323,0.0,"(x>=0.2) U[0,10] (x<=0.4)","(x>=0.2) U[0,10] (x<=0.44)"
U,1,12,SD,ok,0.003089,0.0,"(x>=0.2) U[0,12] (x<=0.4)","(x>=0.2) U[0,12] (x<=0.44)"
U,1,16,SD,ok,0.003534,0.0,"(x>=0.2) U[0,16] (x<=0.4)","(x>=0.2) U[0,16] (x<=0.44)"
U,1,20,SD,ok,0.005249,0.0,"(x>=0.2) U[0,20] (x<=0.4)","(x>=0.2) U[0,20] (x<=0.44)"
U,1,24,SD,ok,0.007346,0.0,"(x>=0.2) U[0,24] (x<=0.4)","(x>=0.2) U[0,24] (x<=0.44)"
U,1,28,SD,ok,0.009784,0.0,"(x>=0.2) U[0,28] (x<=0.4)","(x>=0.2) U[0,28] (x<=0.44)"
U,1,32,SD,ok,0.012507,0.0,"(x>=0.2) U[0,32] (x<=0.4)","(x>=0.2) U[0,32] (x<=0.44)"
U,1,36,SD,ok,0.015526,0.0,"(x>=0.2) U[0,36] (x<=0.4)","(x>=0.2) U[0,36] (x<=0.44)"
U,1,40,SD,ok,0.019144,0.0,"(x>=0.2) U[0,40] (x<=0.4)","(x>=0.2) U[0,40] (x<=0.44)"
U,2,2,reference,ok,15.245154,0.8972153410100002,"(x>=0.2 && y>=0.2) U[0,2] (x<=0.4 && y<=0.4)","(x>=0.2 && y>=0.2) U[0,2] (x<=0.44 && y<=0.44)"
U,2,4,reference,timeout,,,"(x>=0.2 && y>=0.2) U[0,4] (x<=0.4 && y<=0.4)","(x>=0.2 && y>=0.2) U[0,4] (x<=0.44 && y<=0.44)"
U,2,6,reference,skipped,,,"(x>=0.2 && y>=0.2) U[0,6] (x<=0.4 && y<=0.4)","(x>=0.2 && y>=0.2) U[0,6] (x<=0.44 && y<=0.44)"
U,2,8,reference,skipped,,,"(x>=0.2 && y>=0.2) U[0,8] (x<=0.4 && y<=0.4)","(x>=0.2 && y>=0.2) U[0,8] (x<=0.44 && y<=0.44)"
U,2,10,reference,skipped,,,"(x>=0.2 && y>=0.2) U[0,10] (x<=0.4 && y<=0.4)","(x>=0.2 && y>=0.2) U[0,10] (x<=0.44 && y<=0.44)"
U,2,12,reference,skipped,,,"(x>=0.2 && y>=0.2) U[0,12] (x<=0.4 && y<=0.4)","(x>=0.2 && y>=0.2) U[0,12] (x<=0.44 && y<=0.44)"
U,2,16,reference,skipped,,,"(x>=0.2 && y>=0.2) U[0,16] (x<=0.4 && y<=0.4)","(x>=0.2 && y>=0.2) U[0,16] (x<=0.44 && y<=0.44)"
U,2,20,reference,skipped,,,"(x>=0.2 && y>=0.2) U[0,20] (x<=0.4 && y<=0.4)","(x>=0.2 && y>=0.2) U[0,20] (x<=0.44 && y<=0.44)"
U,2,24,reference,skipped,,,"(x>=0.2 && y>=0.2) U[0,24] (x<=0.4 && y<=0.4)","(x>=0.2 && y>=0.2) U[0,24] (x<=0.44 && y<=0.44)"
U,2,28,reference,skipped,,,"(x>=0.2 && y>=0.2) U[0,28] (x<=0.4 && y<=0.4)","(x>=0.2 && y>=0.2) U[0,28] (x<=0.44 && y<=0.44)"
U,2,32,reference,skipped,,,"(x>=0.2 && y>=0.2) U[0,32] (x<=0.4 && y<=0.4)","(x>=0.2 && y>=0.2) U[0,32] (x<=0.44 && y<=0.44)"
U,2,36,reference,skipped,,,"(x>=0.2 && y>=0.2) U[0,36] (x<=0.4 && y<=0.4)","(x>=0.2 && y>=0.2) U[0,36] (x<=0.44 && y<=0.44)"
U,2,40,reference,skipped,,,"(x>=0.2 && y>=0.2) U[0,40] (x<=0.4 && y<=0.4)","(x>=0.2 && y>=0.2) U[0,40] (x<=0.44 && y<=0.44)"
U,2,2,tabex_fast,ok,0.009866,0.8972153410099998,"(x>=0.2 && y>=0.2) U[0,2] (x<=0.4 && y<=0.4)","(x>=0.2 && y>=0.2) U[0,2] (x<=0.44 && y<=0.44)"
U,2,4,tabex_fast,ok,0.029631,0.910735489706291,"(x>=0.2 && y>=0.2) U[0,4] (x<=0.4 && y<=0.4)","(x>=0.2 && y>=0.2) U[0,4] (x<=0.44 && y<=0.44)"
U,2,6,tabex_fast,ok,0.126515,0.9166713526172355,"(x>=0.2 && y>=0.2) U[0,6] (x<=0.4 && y<=0.4)","(x>=0.2 && y>=0.2) U[0,6] (x<=0.44 && y<=0.44)"
U,2,8,tabex_fast,ok,0.535480,0.9199900149035831,"(x>=0.2 && y>=0.2) U[0,8] (x<=0.4 && y<=0.4)","(x>=0.2 && y>=0.2) U[0,8] (x<=0.44 && y<=0.44)"
U,2,10,tabex_fast,ok,1.389198,0.9221046296064845,"(x>=0.2 && y>=0.2) U[0,10] (x<=0.4 && y<=0.4)","(x>=0.2 && y>=0.2) U[0,10] (x<=0.44 && y<=0.44)"
U,2,12,tabex_fast,ok,3.684527,0.923568930161544,"(x>=0.2 && y>=0.2) U[0,12] (x<=0.4 && y<=0.4)","(x>=0.2 && y>=0.2) U[0,12] (x<=0.44 && y<=0.44)"
U,2,16,tabex_fast,ok,14.639625,0.9254639826623491,"(x>=0.2 && y>=0.2) U[0,16] (x<=0.4 && y<=0.4)","(x>=0.2 && y>=0.2) U[0,16] (x<=0.44 && y<=0.44)"
U,2,20,tabex_fast,ok,28.908907,0.9266371152195294,"(x>=0.2 && y>=0.2) U[0,20] (x<=0.4 && y<=0.4)","(x>=0.2 && y>=0.2) U[0,20] (x<=0.44 && y<=0.44)"
U,2,24,tabex_fast,ok,58.817887,0.92743484542388,"(x>=0.2 && y>=0.2) U[0,24] (x<=0.4 && y<=0.4)","(x>=0.2 && y>=0.2) U[0,24] (x<=0.44 && y<=0.44)"
U,2,28,tabex_fast,timeout,,,"(x>=0.2 && y>=0.2) U[0,28] (x<=0.4 && y<=0.4)","(x>=0.2 && y>=0.2) U[0,28] (x<=0.44 && y<=0.44)"
U,2,32,tabex_fast,skipped,,,"(x>=0.2 && y>=0.2) U[0,32] (x<=0.4 && y<=0.4)","(x>=0.2 && y>=0.2) U[0,32] (x<=0.44 && y<=0.44)"
U,2,36,tabex_fast,skipped,,,"(x>=0.2 && y>=0.2) U[0,36] (x<=0.4 && y<=0.4)","(x>=0.2 && y>=0.2) U[0,36] (x<=0.44 && y<=0.44)"
U,2,40,tabex_fast,skipped,,,"(x>=0.2 && y>=0.2) U[0,40] (x<=0.4 && y<=0.4)","(x>=0.2 && y>=0.2) U[0,40] (x<=0.44 && y<=0.44)"
U,2,2,PH,ok,0.393809,0.03999999999999915,"(x>=0.2 && y>=0.2) U[0,2] (x<=0.4 && y<=0.4)","(x>=0.2 && y>=0.2) U[0,2] (x<=0.44 && y<=0.44)"
U,2,4,PH,ok,2.474615,0.03999999999999915,"(x>=0.2 && y>=0.2) U[0,4] (x<=0.4 && y<=0.4)","(x>=0.2 && y>=0.2) U[0,4] (x<=0.44 && y<=0.44)"
U,2,6,PH,ok,13.528988,0.03999999999999915,"(x>=0.2 && y>=0.2) U[0,6] (x<=0.4 && y<=0.4)","(x>=0.2 && y>=0.2) U[0,6] (x<=0.44 && y<=0.44)"
U,2,8,PH,timeout,,,"(x>=0.2 && y>=0.2) U[0,8] (x<=0.4 && y<=0.4)","(x>=0.2 && y>=0.2) U[0,8] (x<=0.44 && y<=0.44)"
U,2,10,PH,skipped,,,"(x>=0.2 && y>=0.2) U[0,10] (x<=0.4 && y<=0.4)","(x>=0.2 && y>=0.2) U[0,10] (x<=0.44 && y<=0.44)"
U,2,12,PH,skipped,,,"(x>=0.2 && y>=0.2) U[0,12] (x<=0.4 && y<=0.4)","(x>=0.2 && y>=0.2) U[0,12] (x<=0.44 && y<=0.44)"
U,2,16,PH,skipped,,,"(x>=0.2 && y>=0.2) U[0,16] (x<=0.4 && y<=0.4)","(x>=0.2 && y>=0.2) U[0,16] (x<=0.44 && y<=0.44)"
U,2,20,PH,skipped,,,"(x>=0.2 && y>=0.2) U[0,20] (x<=0.4 && y<=0.4)","(x>=0.2 && y>=0.2) U[0,20] (x<=0.44 && y<=0.44)"
U,2,24,PH,skipped,,,"(x>=0.2 && y>=0.2) U[0,24] (x<=0.4 && y<=0.4)","(x>=0.2 && y>=0.2) U[0,24] (x<=0.44 && y<=0.44)"
U,2,28,PH,skipped,,,"(x>=0.2 && y>=0.2) U[0,28] (x<=0.4 && y<=0.4)","(x>=0.2 && y>=0.2) U[0,28] (x<=0.44 && y<=0.44)"
U,2,32,PH,skipped,,,"(x>=0.2 && y>=0.2) U[0,32] (x<=0.4 && y<=0.4)","(x>=0.2 && y>=0.2) U[0,32] (x<=0.44 && y<=0.44)"
U,2,36,PH,skipped,,,"(x>=0.2 && y>=0.2) U[0,36] (x<=0.4 && y<=0.4)","(x>=0.2 && y>=0.2) U[0,36] (x<=0.44 && y<=0.44)"
U,2,40,PH,skipped,,,"(x>=0.2 && y>=0.2) U[0,40] (x<=0.4 && y<=0.4)","(x>=0.2 && y>=0.2) U[0,40] (x<=0.44 && y<=0.44)"
U,2,2,SD,ok,0.000677,0.0,"(x>=0.2 && y>=0.2) U[0,2] (x<=0.4 && y<=0.4)","(x>=0.2 && y>=0.2) U[0,2] (x<=0.44 && y<=0.44)"
U,2,4,SD,ok,0.001189,0.0,"(x>=0.2 && y>=0.2) U[0,4] (x<=0.4 && y<=0.4)","(x>=0.2 && y>=0.2) U[0,4] (x<=0.44 && y<=0.44)"
U,2,6,SD,ok,0.001872,0.0,"(x>=0.2 && y>=0.2) U[0,6] (x<=0.4 && y<=0.4)","(x>=0.2 && y>=0.2) U[0,6] (x<=0.44 && y<=0.44)"
U,2,8,SD,ok,0.002015,0.0,"(x>=0.2 && y>=0.2) U[0,8] (x<=0.4 && y<=0.4)","(x>=0.2 && y>=0.2) U[0,8] (x<=0.44 && y<=0.44)"
U,2,10,SD,ok,0.003426,0.0,"(x>=0.2 && y>=0.2) U[0,10] (x<=0.4 && y<=0.4)","(x>=0.2 && y>=0.2) U[0,10] (x<=0.44 && y<=0.44)"
U,2,12,SD,ok,0.003928,0.0,"(x>=0.2 && y>=0.2) U[0,12] (x<=0.4 && y<=0.4)","(x>=0.2 && y>=0.2) U[0,12] (x<=0.44 && y<=0.44)"
U,2,16,SD,ok,0.006527,0.0,"(x>=0.2 && y>=0.2) U[0,16] (x<=0.4 && y<=0.4)","(x>=0.2 && y>=0.2) U[0,16] (x<=0.44 && y<=0.44)"
U,2,20,SD,ok,0.009288,0.0,"(x>=0.2 && y>=0.2) U[0,20] (x<=0.4 && y<=0.4)","(x>=0.2 && y>=0.2) U[0,20] (x<=0.44 && y<=0.44)"
U,2,24,SD,ok,0.013112,0.0,"(x>=0.2 && y>=0.2) U[0,24] (x<=0.4 && y<=0.4)","(x>=0.2 && y>=0.2) U[0,24] (x<=0.44 && y<=0.44)"
U,2,28,SD,ok,0.017650,0.0,"(x>=0.2 && y>=0.2) U[0,28] (x<=0.4 && y<=0.4)","(x>=0.2 && y>=0.2) U[0,28] (x<=0.44 && y<=0.44)"
U,2,32,SD,ok,0.022673,0.0,"(x>=0.2 && y>=0.2) U[0,32] (x<=0.4 && y<=0.4)","(x>=0.2 && y>=0.2) U[0,32] (x<=0.44 && y<=0.44)"
U,2,36,SD,ok,0.028458,0.0,"(x>=0.2 && y>=0.2) U[0,36] (x<=0.4 && y<=0.4)","(x>=0.2 && y>=0.2) U[0,36] (x<=0.44 && y<=0.44)"
U,2,40,SD,ok,0.034703,0.0,"(x>=0.2 && y>=0.2) U[0,40] (x<=0.4 && y<=0.4)","(x>=0.2 && y>=0.2) U[0,40] (x<=0.44 && y<=0.44)"
U,3,2,reference,timeout,,,"(x>=0.2 && y>=0.2 && z>=0.2) U[0,2] (x<=0.4 && y<=0.4 && z<=0.4)","(x>=0.2 && y>=0.2 && z>=0.2) U[0,2] (x<=0.44 && y<=0.44 && z<=0.44)"
U,3,4,reference,skipped,,,"(x>=0.2 && y>=0.2 && z>=0.2) U[0,4] (x<=0.4 && y<=0.4 && z<=0.4)","(x>=0.2 && y>=0.2 && z>=0.2) U[0,4] (x<=0.44 && y<=0.44 && z<=0.44)"
U,3,6,reference,skipped,,,"(x>=0.2 && y>=0.2 && z>=0.2) U[0,6] (x<=0.4 && y<=0.4 && z<=0.4)","(x>=0.2 && y>=0.2 && z>=0.2) U[0,6] (x<=0.44 && y<=0.44 && z<=0.44)"
U,3,8,reference,skipped,,,"(x>=0.2 && y>=0.2 && z>=0.2) U[0,8] (x<=0.4 && y<=0.4 && z<=0.4)","(x>=0.2 && y>=0.2 && z>=0.2) U[0,8] (x<=0.44 && y<=0.44 && z<=0.44)"
U,3,10,reference,skipped,,,"(x>=0.2 && y>=0.2 && z>=0.2) U[0,10] (x<=0.4 && y<=0.4 && z<=0.4)","(x>=0.2 && y>=0.2 && z>=0.2) U[0,10] (x<=0.44 && y<=0.44 && z<=0.44)"
U,3,12,reference,skipped,,,"(x>=0.2 && y>=0.2 && z>=0.2) U[0,12] (x<=0.4 && y<=0.4 && z<=0.4)","(x>=0.2 && y>=0.2 && z>=0.2) U[0,12] (x<=0.44 && y<=0.44 && z<=0.44)"
U,3,16,reference,skipped,,,"(x>=0.2 && y>=0.2 && z>=0.2) U[0,16] (x<=0.4 && y<=0.4 && z<=0.4)","(x>=0.2 && y>=0.2 && z>=0.2) U[0,16] (x<=0.44 && y<=0.44 && z<=0.44)"
U,3,20,reference,skipped,,,"(x>=0.2 && y>=0.2 && z>=0.2) U[0,20] (x<=0.4 && y<=0.4 && z<=0.4)","(x>=0.2 && y>=0.2 && z>=0.2) U[0,20] (x<=0.44 && y<=0.44 && z<=0.44)"
U,3,24,reference,skipped,,,"(x>=0.2 && y>=0.2 && z>=0.2) U[0,24] (x<=0.4 && y<=0.4 && z<=0.4)","(x>=0.2 && y>=0.2 && z>=0.2) U[0,24] (x<=0.44 && y<=0.44 && z<=0.44)"
U,3,28,reference,skipped,,,"(x>=0.2 && y>=0.2 && z>=0.2) U[0,28] (x<=0.4 && y<=0.4 && z<=0.4)","(x>=0.2 && y>=0.2 && z>=0.2) U[0,28] (x<=0.44 && y<=0.44 && z<=0.44)"
U,3,32,reference,skipped,,,"(x>=0.2 && y>=0.2 && z>=0.2) U[0,32] (x<=0.4 && y<=0.4 && z<=0.4)","(x>=0.2 && y>=0.2 && z>=0.2) U[0,32] (x<=0.44 && y<=0.44 && z<=0.44)"
U,3,36,reference,skipped,,,"(x>=0.2 && y>=0.2 && z>=0.2) U[0,36] (x<=0.4 && y<=0.4 && z<=0.4)","(x>=0.2 && y>=0.2 && z>=0.2) U[0,36] (x<=0.44 && y<=0.44 && z<=0.44)"
U,3,40,reference,skipped,,,"(x>=0.2 && y>=0.2 && z>=0.2) U[0,40] (x<=0.4 && y<=0.4 && z<=0.4)","(x>=0.2 && y>=0.2 && z>=0.2) U[0,40] (x<=0.44 && y<=0.44 && z<=0.44)"
U,3,2,tabex_fast,ok,0.022843,0.896382689645522,"(x>=0.2 && y>=0.2 && z>=0.2) U[0,2] (x<=0.4 && y<=0.4 && z<=0.4)","(x>=0.2 && y>=0.2 && z>=0.2) U[0,2] (x<=0.44 && y<=0.44 && z<=0.44)"
U,3,4,tabex_fast,ok,0.150357,0.9102417805020427,"(x>=0.2 && y>=0.2 && z>=0.2) U[0,4] (x<=0.4 && y<=0.4 && z<=0.4)","(x>=0.2 && y>=0.2 && z>=0.2) U[0,4] (x<=0.44 && y<=0.44 && z<=0.44)"
U,3,6,tabex_fast,ok,1.033844,0.9163316842390214,"(x>=0.2 && y>=0.2 && z>=0.2) U[0,6] (x<=0.4 && y<=0.4 && z<=0.4)","(x>=0.2 && y>=0.2 && z>=0.2) U[0,6] (x<=0.44 && y<=0.44 && z<=0.44)"
U,3,8,tabex_fast,ok,4.432722,0.9197283382165434,"(x>=0.2 && y>=0.2 && z>=0.2) U[0,8] (x<=0.4 && y<=0.4 && z<=0.4)","(x>=0.2 && y>=0.2 && z>=0.2) U[0,8] (x<=0.44 && y<=0.44 && z<=0.44)"
U,3,10,tabex_fast,ok,9.710999,0.9218908916130115,"(x>=0.2 && y>=0.2 && z>=0.2) U[0,10] (x<=0.4 && y<=0.4 && z<=0.4)","(x>=0.2 && y>=0.2 && z>=0.2) U[0,10] (x<=0.44 && y<=0.44 && z<=0.44)"
U,3,12,tabex_fast,ok,18.359855,0.9233881211993821,"(x>=0.2 && y>=0.2 && z>=0.2) U[0,12] (x<=0.4 && y<=0.4 && z<=0.4)","(x>=0.2 && y>=0.2 && z>=0.2) U[0,12] (x<=0.44 && y<=0.44 && z<=0.44)"
U,3,16,tabex_fast,ok,53.822843,0.9253257225806082,"(x>=0.2 && y>=0.2 && z>=0.2) U[0,16] (x<=0.4 && y<=0.4 && z<=0.4)","(x>=0.2 && y>=0.2 && z>=0.2) U[0,16] (x<=0.44 && y<=0.44 && z<=0.44)"
U,3,20,tabex_fast,timeout,,,"(x>=0.2 && y>=0.2 && z>=0.2) U[0,20] (x<=0.4 && y<=0.4 && z<=0.4)","(x>=0.2 && y>=0.2 && z>=0.2) U[0,20] (x<=0.44 && y<=0.44 && z<=0.44)"
U,3,24,tabex_fast,skipped,,,"(x>=0.2 && y>=0.2 && z>=0.2) U[0,24] (x<=0.4 && y<=0.4 && z<=0.4)","(x>=0.2 && y>=0.2 && z>=0.2) U[0,24] (x<=0.44 && y<=0.44 && z<=0.44)"
U,3,28,tabex_fast,skipped,,,"(x>=0.2 && y>=0.2 && z>=0.2) U[0,28] (x<=0.4 && y<=0.4 && z<=0.4)","(x>=0.2 && y>=0.2 && z>=0.2) U[0,28] (x<=0.44 && y<=0.44 && z<=0.44)"
U,3,32,tabex_fast,skipped,,,"(x>=0.2 && y>=0.2 && z>=0.2) U[0,32] (x<=0.4 && y<=0.4 && z<=0.4)","(x>=0.2 && y>=0.2 && z>=0.2) U[0,32] (x<=0.44 && y<=0.44 && z<=0.44)"
U,3,36,tabex_fast,skipped,,,"(x>=0.2 && y>=0.2 && z>=0.2) U[0,36] (x<=0.4 && y<=0.4 && z<=0.4)","(x>=0.2 && y>=0.2 && z>=0.2) U[0,36] (x<=0.44 && y<=0.44 && z<=0.44)"
U,3,40,tabex_fast,skipped,,,"(x>=0.2 && y>=0.2 && z>=0.2) U[0,40] (x<=0.4 && y<=0.4 && z<=0.4)","(x>=0.2 && y>=0.2 && z>=0.2) U[0,40] (x<=0.44 && y<=0.44 && z<=0.44)"
U,3,2,PH,ok,0.743972,0.03999999999999915,"(x>=0.2 && y>=0.2 && z>=0.2) U[0,2] (x<=0.4 && y<=0.4 && z<=0.4)","(x>=0.2 && y>=0.2 && z>=0.2) U[0,2] (x<=0.44 && y<=0.44 && z<=0.44)"
U,3,4,PH,ok,11.408042,0.039999999999999584,"(x>=0.2 && y>=0.2 && z>=0.2) U[0,4] (x<=0.4 && y<=0.4 && z<=0.4)","(x>=0.2 && y>=0.2 && z>=0.2) U[0,4] (x<=0.44 && y<=0.44 && z<=0.44)"
U,3,6,PH,timeout,,,"(x>=0.2 && y>=0.2 && z>=0.2) U[0,6] (x<=0.4 && y<=0.4 && z<=0.4)","(x>=0.2 && y>=0.2 && z>=0.2) U[0,6] (x<=0.44 && y<=0.44 && z<=0.44)"
U,3,8,PH,skipped,,,"(x>=0.2 && y>=0.2 && z>=0.2) U[0,8] (x<=0.4 && y<=0.4 && z<=0.4)","(x>=0.2 && y>=0.2 && z>=0.2) U[0,8] (x<=0.44 && y<=0.44 && z<=0.44)"
U,3,10,PH,skipped,,,"(x>=0.2 && y>=0.2 && z>=0.2) U[0,10] (x<=0.4 && y<=0.4 && z<=0.4)","(x>=0.2 && y>=0.2 && z>=0.2) U[0,10] (x<=0.44 && y<=0.44 && z<=0.44)"
U,3,12,PH,skipped,,,"(x>=0.2 && y>=0.2 && z>=0.2) U[0,12] (x<=0.4 && y<=0.4 && z<=0.4)","(x>=0.2 && y>=0.2 && z>=0.2) U[0,12] (x<=0.44 && y<=0.44 && z<=0.44)"
U,3,16,PH,skipped,,,"(x>=0.2 && y>=0.2 && z>=0.2) U[0,16] (x<=0.4 && y<=0.4 && z<=0.4)","(x>=0.2 && y>=0.2 && z>=0.2) U[0,16] (x<=0.44 && y<=0.44 && z<=0.44)"
U,3,20,PH,skipped,,,"(x>=0.2 && y>=0.2 && z>=0.2) U[0,20] (x<=0.4 && y<=0.4 && z<=0.4)","(x>=0.2 && y>=0.2 && z>=0.2) U[0,20] (x<=0.44 && y<=0.44 && z<=0.44)"
U,3,24,PH,skipped,,,"(x>=0.2 && y>=0.2 && z>=0.2) U[0,24] (x<=0.4 && y<=0.4 && z<=0.4)","(x>=0.2 && y>=0.2 && z>=0.2) U[0,24] (x<=0.44 && y<=0.44 && z<=0.44)"
U,3,28,PH,skipped,,,"(x>=0.2 && y>=0.2 && z>=0.2) U[0,28] (x<=0.4 && y<=0.4 && z<=0.4)","(x>=0.2 && y>=0.2 && z>=0.2) U[0,28] (x<=0.44 && y<=0.44 && z<=0.44)"
U,3,32,PH,skipped,,,"(x>=0.2 && y>=0.2 && z>=0.2) U[0,32] (x<=0.4 && y<=0.4 && z<=0.4)","(x>=0.2 && y>=0.2 && z>=0.2) U[0,32] (x<=0.44 && y<=0.44 && z<=0.44)"
U,3,36,PH,skipped,,,"(x>=0.2 && y>=0.2 && z>=0.2) U[0,36] (x<=0.4 && y<=0.4 && z<=0.4)","(x>=0.2 && y>=0.2 && z>=0.2) U[0,36] (x<=0.44 && y<=0.44 && z<=0.44)"
U,3,40,PH,skipped,,,"(x>=0.2 && y>=0.2 && z>=0.2) U[0,40] (x<=0.4 && y<=0.4 && z<=0.4)","(x>=0.2 && y>=0.2 && z>=0.2) U[0,40] (x<=0.44 && y<=0.44 && z<=0.44)"
U,3,2,SD,ok,0.000693,0.0,"(x>=0.2 && y>=0.2 && z>=0.2) U[0,2] (x<=0.4 && y<=0.4 && z<=0.4)","(x>=0.2 && y>=0.2 && z>=0.2) U[0,2] (x<=0.44 && y<=0.44 && z<=0.44)"
U,3,4,SD,ok,0.001160,0.0,"(x>=0.2 && y>=0.2 && z>=0.2) U[0,4] (x<=0.4 && y<=0.4 && z<=0.4)","(x>=0.2 && y>=0.2 && z>=0.2) U[0,4] (x<=0.44 && y<=0.44 && z<=0.44)"
U,3,6,SD,ok,0.001872,0.0,"(x>=0.2 && y>=0.2 && z>=0.2) U[0,6] (x<=0.4 && y<=0.4 && z<=0.4)","(x>=0.2 && y>=0.2 && z>=0.2) U[0,6] (x<=0.44 && y<=0.44 && z<=0.44)"
U,3,8,SD,ok,0.002841,0.0,"(x>=0.2 && y>=0.2 && z>=0.2) U[0,8] (x<=0.4 && y<=0.4 && z<=0.4)","(x>=0.2 && y>=0.2 && z>=0.2) U[0,8] (x<=0.44 && y<=0.44 && z<=0.44)"
U,3,10,SD,ok,0.004026,0.0,"(x>=0.2 && y>=0.2 && z>=0.2) U[0,10] (x<=0.4 && y<=0.4 && z<=0.4)","(x>=0.2 && y>=0.2 && z>=0.2) U[0,10] (x<=0.44 && y<=0.44 && z<=0.44)"
U,3,12,SD,ok,0.005518,0.0,"(x>=0.2 && y>=0.2 && z>=0.2) U[0,12] (x<=0.4 && y<=0.4 && z<=0.4)","(x>=0.2 && y>=0.2 && z>=0.2) U[0,12] (x<=0.44 && y<=0.44 && z<=0.44)"
U,3,16,SD,ok,0.009067,0.0,"(x>=0.2 && y>=0.2 && z>=0.2) U[0,16] (x<=0.4 && y<=0.4 && z<=0.4)","(x>=0.2 && y>=0.2 && z>=0.2) U[0,16] (x<=0.44 && y<=0.44 && z<=0.44)"
U,3,20,SD,ok,0.013628,0.0,"(x>=0.2 && y>=0.2 && z>=0.2) U[0,20] (x<=0.4 && y<=0.4 && z<=0.4)","(x>=0.2 && y>=0.2 && z>=0.2) U[0,20] (x<=0.44 && y<=0.44 && z<=0.44)"
U,3,24,SD,ok,0.018906,0.0,"(x>=0.2 && y>=0.2 && z>=0.2) U[0,24] (x<=0.4 && y<=0.4 && z<=0.4)","(x>=0.2 && y>=0.2 && z>=0.2) U[0,24] (x<=0.44 && y<=0.44 && z<=0.44)"
U,3,28,SD,ok,0.027310,0.0,"(x>=0.2 && y>=0.2 && z>=0.2) U[0,28] (x<=0.4 && y<=0.4 && z<=0.4)","(x>=0.2 && y>=0.2 && z>=0.2) U[0,28] (x<=0.44 && y<=0.44 && z<=0.44)"
U,3,32,SD,ok,0.041386,0.0,"(x>=0.2 && y>=0.2 && z>=0.2) U[0,32] (x<=0.4 && y<=0.4 && z<=0.4)","(x>=0.2 && y>=0.2 && z>=0.2) U[0,32] (x<=0.44 && y<=0.44 && z<=0.44)"
U,3,36,SD,ok,0.045995,0.0,"(x>=0.2 && y>=0.2 && z>=0.2) U[0,36] (x<=0.4 && y<=0.4 && z<=0.4)","(x>=0.2 && y>=0.2 && z>=0.2) U[0,36] (x<=0.44 && y<=0.44 && z<=0.44)"
U,3,40,SD,ok,0.067287,0.0,"(x>=0.2 && y>=0.2 && z>=0.2) U[0,40] (x<=0.4 && y<=0.4 && z<=0.4)","(x>=0.2 && y>=0.2 && z>=0.2) U[0,40] (x<=0.44 && y<=0.44 && z<=0.44)"
U,4,2,reference,timeout,,,"(x>=0.2 && y>=0.2 && z>=0.2 && w>=0.2) U[0,2] (x<=0.4 && y<=0.4 && z<=0.4 && w<=0.4)","(x>=0.2 && y>=0.2 && z>=0.2 && w>=0.2) U[0,2] (x<=0.44 && y<=0.44 && z<=0.44 && w<=0.44)"
U,4,4,reference,skipped,,,"(x>=0.2 && y>=0.2 && z>=0.2 && w>=0.2) U[0,4] (x<=0.4 && y<=0.4 && z<=0.4 && w<=0.4)","(x>=0.2 && y>=0.2 && z>=0.2 && w>=0.2) U[0,4] (x<=0.44 && y<=0.44 && z<=0.44 && w<=0.44)"
U,4,6,reference,skipped,,,"(x>=0.2 && y>=0.2 && z>=0.2 && w>=0.2) U[0,6] (x<=0.4 && y<=0.4 && z<=0.4 && w<=0.4)","(x>=0.2 && y>=0.2 && z>=0.2 && w>=0.2) U[0,6] (x<=0.44 && y<=0.44 && z<=0.44 && w<=0.44)"
U,4,8,reference,skipped,,,"(x>=0.2 && y>=0.2 && z>=0.2 && w>=0.2) U[0,8] (x<=0.4 && y<=0.4 && z<=0.4 && w<=0.4)","(x>=0.2 && y>=0.2 && z>=0.2 && w>=0.2) U[0,8] (x<=0.44 && y<=0.44 && z<=0.44 && w<=0.44)"
U,4,10,reference,skipped,,,"(x>=0.2 && y>=0.2 && z>=0.2 && w>=0.2) U[0,10] (x<=0.4 && y<=0.4 && z<=0.4 && w<=0.4)","(x>=0.2 && y>=0.2 && z>=0.2 && w>=0.2) U[0,10] (x<=0.44 && y<=0.44 && z<=0.44 && w<=0.44)"
U,4,12,reference,skipped,,,"(x>=0.2 && y>=0.2 && z>=0.2 && w>=0.2) U[0,12] (x<=0.4 && y<=0.4 && z<=0.4 && w<=0.4)","(x>=0.2 && y>=0.2 && z>=0.2 && w>=0.2) U[0,12] (x<=0.44 && y<=0.44 && z<=0.44 && w<=0.44)"
U,4,16,reference,skipped,,,"(x>=0.2 && y>=0.2 && z>=0.2 && w>=0.2) U[0,16] (x<=0.4 && y<=0.4 && z<=0.4 && w<=0.4)","(x>=0.2 && y>=0.2 && z>=0.2 && w>=0.2) U[0,16] (x<=0.44 && y<=0.44 && z<=0.44 && w<=0.44)"
U,4,20,reference,skipped,,,"(x>=0.2 && y>=0.2 && z>=0.2 && w>=0.2) U[0,20] (x<=0.4 && y<=0.4 && z<=0.4 && w<=0.4)","(x>=0.2 && y>=0.2 && z>=0.2 && w>=0.2) U[0,20] (x<=0.44 && y<=0.44 && z<=0.44 && w<=0.44)"
U,4,24,reference,skipped,,,"(x>=0.2 && y>=0.2 && z>=0.2 && w>=0.2) U[0,24] (x<=0.4 && y<=0.4 && z<=0.4 && w<=0.4)","(x>=0.2 && y>=0.2 && z>=0.2 && w>=0.2) U[0,24] (x<=0.44 && y<=0.44 && z<=0.44 && w<=0.44)"
U,4,28,reference,skipped,,,"(x>=0.2 && y>=0.2 && z>=0.2 && w>=0.2) U[0,28] (x<=0.4 && y<=0.4 && z<=0.4 && w<=0.4)","(x>=0.2 && y>=0.2 && z>=0.2 && w>=0.2) U[0,28] (x<=0.44 && y<=0.44 && z<=0.44 && w<=0.44)"
U,4,32,reference,skipped,,,"(x>=0.2 && y>=0.2 && z>=0.2 && w>=0.2) U[0,32] (x<=0.4 && y<=0.4 && z<=0.4 && w<=0.4)","(x>=0.2 && y>=0.2 && z>=0.2 && w>=0.2) U[0,32] (x<=0.44 && y<=0.44 && z<=0.44 && w<=0.44)"
U,4,36,reference,skipped,,,"(x>=0.2 && y>=0.2 && z>=0.2 && w>=0.2) U[0,36] (x<=0.4 && y<=0.4 && z<=0.4 && w<=0.4)","(x>=0.2 && y>=0.2 && z>=0.2 && w>=0.2) U[0,36] (x<=0.44 && y<=0.44 && z<=0.44 && w<=0.44)"
U,4,40,reference,skipped,,,"(x>=0.2 && y>=0.2 && z>=0.2 && w>=0.2) U[0,40] (x<=0.4 && y<=0.4 && z<=0.4 && w<=0.4)","(x>=0.2 && y>=0.2 && z>=0.2 && w>=0.2) U[0,40] (x<=0.44 && y<=0.44 && z<=0.44 && w<=0.44)"
U,4,2,tabex_fast,ok,0.043444,0.8967839427857554,"(x>=0.2 && y>=0.2 && z>=0.2 && w>=0.2) U[0,2] (x<=0.4 && y<=0.4 && z<=0.4 && w<=0.4)","(x>=0.2 && y>=0.2 && z>=0.2 && w>=0.2) U[0,2] (x<=0.44 && y<=0.44 && z<=0.44 && w<=0.44)"
U,4,4,tabex_fast,ok,0.536201,0.9106113373211764,"(x>=0.2 && y>=0.2 && z>=0.2 && w>=0.2) U[0,4] (x<=0.4 && y<=0.4 && z<=0.4 && w<=0.4)","(x>=0.2 && y>=0.2 && z>=0.2 && w>=0.2) U[0,4] (x<=0.44 && y<=0.44 && z<=0.44 && w<=0.44)"
U,4,6,tabex_fast,ok,3.953543,0.9166102180113596,"(x>=0.2 && y>=0.2 && z>=0.2 && w>=0.2) U[0,6] (x<=0.4 && y<=0.4 && z<=0.4 && w<=0.4)","(x>=0.2 && y>=0.2 && z>=0.2 && w>=0.2) U[0,6] (x<=0.44 && y<=0.44 && z<=0.44 && w<=0.44)"
U,4,8,tabex_fast,ok,11.119692,0.9199462098949427,"(x>=0.2 && y>=0.2 && z>=0.2 && w>=0.2) U[0,8] (x<=0.4 && y<=0.4 && z<=0.4 && w<=0.4)","(x>=0.2 && y>=0.2 && z>=0.2 && w>=0.2) U[0,8] (x<=0.44 && y<=0.44 && z<=0.44 && w<=0.44)"
U,4,10,tabex_fast,ok,24.129326,0.9220692437265886,"(x>=0.2 && y>=0.2 && z>=0.2 && w>=0.2) U[0,10] (x<=0.4 && y<=0.4 && z<=0.4 && w<=0.4)","(x>=0.2 && y>=0.2 && z>=0.2 && w>=0.2) U[0,10] (x<=0.44 && y<=0.44 && z<=0.44 && w<=0.44)"
U,4,12,tabex_fast,ok,47.930427,0.9235390412481036,"(x>=0.2 && y>=0.2 && z>=0.2 && w>=0.2) U[0,12] (x<=0.4 && y<=0.4 && z<=0.4 && w<=0.4)","(x>=0.2 && y>=0.2 && z>=0.2 && w>=0.2) U[0,12] (x<=0.44 && y<=0.44 && z<=0.44 && w<=0.44)"
U,4,16,tabex_fast,timeout,,,"(x>=0.2 && y>=0.2 && z>=0.2 && w>=0.2) U[0,16] (x<=0.4 && y<=0.4 && z<=0.4 && w<=0.4)","(x>=0.2 && y>=0.2 && z>=0.2 && w>=0.2) U[0,16] (x<=0.44 && y<=0.44 && z<=0.44 && w<=0.44)"
U,4,20,tabex_fast,skipped,,,"(x>=0.2 && y>=0.2 && z>=0.2 && w>=0.2) U[0,20] (x<=0.4 && y<=0.4 && z<=0.4 && w<=0.4)","(x>=0.2 && y>=0.2 && z>=0.2 && w>=0.2) U[0,20] (x<=0.44 && y<=0.44 && z<=0.44 && w<=0.44)"
U,4,24,tabex_fast,skipped,,,"(x>=0.2 && y>=0.2 && z>=0.2 && w>=0.2) U[0,24] (x<=0.4 && y<=0.4 && z<=0.4 && w<=0.4)","(x>=0.2 && y>=0.2 && z>=0.2 && w>=0.2) U[0,24] (x<=0.44 && y<=0.44 && z<=0.44 && w<=0.44)"
U,4,28,tabex_fast,skipped,,,"(x>=0.2 && y>=0.2 && z>=0.2 && w>=0.2) U[0,28] (x<=0.4 && y<=0.4 && z<=0.4 && w<=0.4)","(x>=0.2 && y>=0.2 && z>=0.2 && w>=0.2) U[0,28] (x<=0.44 && y<=0.44 && z<=0.44 && w<=0.44)"
U,4,32,tabex_fast,skipped,,,"(x>=0.2 && y>=0.2 && z>=0.2 && w>=0.2) U[0,32] (x<=0.4 && y<=0.4 && z<=0.4 && w<=0.4)","(x>=0.2 && y>=0.2 && z>=0.2 && w>=0.2) U[0,32] (x<=0.44 && y<=0.44 && z<=0.44 && w<=0.44)"
U,4,36,tabex_fast,skipped,,,"(x>=0.2 && y>=0.2 && z>=0.2 && w>=0.2) U[0,36] (x<=0.4 && y<=0.4 && z<=0.4 && w<=0.4)","(x>=0.2 && y>=0.2 && z>=0.2 && w>=0.2) U[0,36] (x<=0.44 && y<=0.44 && z<=0.44 && w<=0.44)"
U,4,40,tabex_fast,skipped,,,"(x>=0.2 && y>=0.2 && z>=0.2 && w>=0.2) U[0,40] (x<=0.4 && y<=0.4 && z<=0.4 && w<=0.4)","(x>=0.2 && y>=0.2 && z>=0.2 && w>=0.2) U[0,40] (x<=0.44 && y<=0.44 && z<=0.44 && w<=0.44)"
U,4,2,PH,ok,1.236694,0.03999999999999936,"(x>=0.2 && y>=0.2 && z>=0.2 && w>=0.2) U[0,2] (x<=0.4 && y<=0.4 && z<=0.4 && w<=0.4)","(x>=0.2 && y>=0.2 && z>=0.2 && w>=0.2) U[0,2] (x<=0.44 && y<=0.44 && z<=0.44 && w<=0.44)"
U,4,4,PH,ok,16.363989,0.04000000000000029,"(x>=0.2 && y>=0.2 && z>=0.2 && w>=0.2) U[0,4] (x<=0.4 && y<=0.4 && z<=0.4 && w<=0.4)","(x>=0.2 && y>=0.2 && z>=0.2 && w>=0.2) U[0,4] (x<=0.44 && y<=0.44 && z<=0.44 && w<=0.44)"
U,4,6,PH,timeout,,,"(x>=0.2 && y>=0.2 && z>=0.2 && w>=0.2) U[0,6] (x<=0.4 && y<=0.4 && z<=0.4 && w<=0.4)","(x>=0.2 && y>=0.2 && z>=0.2 && w>=0.2) U[0,6] (x<=0.44 && y<=0.44 && z<=0.44 && w<=0.44)"
U,4,8,PH,skipped,,,"(x>=0.2 && y>=0.2 && z>=0.2 && w>=0.2) U[0,8] (x<=0.4 && y<=0.4 && z<=0.4 && w<=0.4)","(x>=0.2 && y>=0.2 && z>=0.2 && w>=0.2) U[0,8] (x<=0.44 && y<=0.44 && z<=0.44 && w<=0.44)"
U,4,10,PH,skipped,,,"(x>=0.2 && y>=0.2 && z>=0.2 && w>=0.2) U[0,10] (x<=0.4 && y<=0.4 && z<=0.4 && w<=0.4)","(x>=0.2 && y>=0.2 && z>=0.2 && w>=0.2) U[0,10] (x<=0.44 && y<=0.44 && z<=0.44 && w<=0.44)"
U,4,12,PH,skipped,,,"(x>=0.2 && y>=0.2 && z>=0.2 && w>=0.2) U[0,12] (x<=0.4 && y<=0.4 && z<=0.4 && w<=0.4)","(x>=0.2 && y>=0.2 && z>=0.2 && w>=0.2) U[0,12] (x<=0.44 && y<=0.44 && z<=0.44 && w<=0.44)"
U,4,16,PH,skipped,,,"(x>=0.2 && y>=0.2 && z>=0.2 && w>=0.2) U[0,16] (x<=0.4 && y<=0.4 && z<=0.4 && w<=0.4)","(x>=0.2 && y>=0.2 && z>=0.2 && w>=0.2) U[0,16] (x<=0.44 && y<=0.44 && z<=0.44 && w<=0.44)"
U,4,20,PH,skipped,,,"(x>=0.2 && y>=0.2 && z>=0.2 && w>=0.2) U[0,20] (x<=0.4 && y<=0.4 && z<=0.4 && w<=0.4)","(x>=0.2 && y>=0.2 && z>=0.2 && w>=0.2) U[0,20] (x<=0.44 && y<=0.44 && z<=0.44 && w<=0.44)"
U,4,24,PH,skipped,,,"(x>=0.2 && y>=0.2 && z>=0.2 && w>=0.2) U[0,24] (x<=0.4 && y<=0.4 && z<=0.4 && w<=0.4)","(x>=0.2 && y>=0.2 && z>=0.2 && w>=0.2) U[0,24] (x<=0.44 && y<=0.44 && z<=0.44 && w<=0.44)"
U,4,28,PH,skipped,,,"(x>=0.2 && y>=0.2 && z>=0.2 && w>=0.2) U[0,28] (x<=0.4 && y<=0.4 && z<=0.4 && w<=0.4)","(x>=0.2 && y>=0.2 && z>=0.2 && w>=0.2) U[0,28] (x<=0.44 && y<=0.44 && z<=0.44 && w<=0.44)"
U,4,32,PH,skipped,,,"(x>=0.2 && y>=0.2 && z>=0.2 && w>=0.2) U[0,32] (x<=0.4 && y<=0.4 && z<=0.4 && w<=0.4)","(x>=0.2 && y>=0.2 && z>=0.2 && w>=0.2) U[0,32] (x<=0.44 && y<=0.44 && z<=0.44 && w<=0.44)"
U,4,36,PH,skipped,,,"(x>=0.2 && y>=0.2 && z>=0.2 && w>=0.2) U[0,36] (x<=0.4 && y<=0.4 && z<=0.4 && w<=0.4)","(x>=0.2 && y>=0.2 && z>=0.2 && w>=0.2) U[0,36] (x<=0.44 && y<=0.44 && z<=0.44 && w<=0.44)"
U,4,40,PH,skipped,,,"(x>=0.2 && y>=0.2 && z>=0.2 && w>=0.2) U[0,40] (x<=0.4 && y<=0.4 && z<=0.4 && w<=0.4)","(x>=0.2 && y>=0.2 && z>=0.2 && w>=0.2) U[0,40] (x<=0.44 && y<=0.44 && z<=0.44 && w<=0.44)"
U,4,2,SD,ok,0.000880,0.0,"(x>=0.2 && y>=0.2 && z>=0.2 && w>=0.2) U[0,2] (x<=0.4 && y<=0.4 && z<=0.4 && w<=0.4)","(x>=0.2 && y>=0.2 && z>=0.2 && w>=0.2) U[0,2] (x<=0.44 && y<=0.44 && z<=0.44 && w<=0.44)"
U,4,4,SD,ok,0.002104,0.0,"(x>=0.2 && y>=0.2 && z>=0.2 && w>=0.2) U[0,4] (x<=0.4 && y<=0.4 && z<=0.4 && w<=0.4)","(x>=0.2 && y>=0.2 && z>=0.2 && w>=0.2) U[0,4] (x<=0.44 && y<=0.44 && z<=0.44 && w<=0.44)"
U,4,6,SD,ok,0.002826,0.0,"(x>=0.2 && y>=0.2 && z>=0.2 && w>=0.2) U[0,6] (x<=0.4 && y<=0.4 && z<=0.4 && w<=0.4)","(x>=0.2 && y>=0.2 && z>=0.2 && w>=0.2) U[0,6] (x<=0.44 && y<=0.44 && z<=0.44 && w<=0.44)"
U,4,8,SD,ok,0.003724,0.0,"(x>=0.2 && y>=0.2 && z>=0.2 && w>=0.2) U[0,8] (x<=0.4 && y<=0.4 && z<=0.4 && w<=0.4)","(x>=0.2 && y>=0.2 && z>=0.2 && w>=0.2) U[0,8] (x<=0.44 && y<=0.44 && z<=0.44 && w<=0.44)"
U,4,10,SD,ok,0.007118,0.0,"(x>=0.2 && y>=0.2 && z>=0.2 && w>=0.2) U[0,10] (x<=0.4 && y<=0.4 && z<=0.4 && w<=0.4)","(x>=0.2 && y>=0.2 && z>=0.2 && w>=0.2) U[0,10] (x<=0.44 && y<=0.44 && z<=0.44 && w<=0.44)"
U,4,12,SD,ok,0.007307,0.0,"(x>=0.2 && y>=0.2 && z>=0.2 && w>=0.2) U[0,12] (x<=0.4 && y<=0.4 && z<=0.4 && w<=0.4)","(x>=0.2 && y>=0.2 && z>=0.2 && w>=0.2) U[0,12] (x<=0.44 && y<=0.44 && z<=0.44 && w<=0.44)"
U,4,16,SD,ok,0.012065,0.0,"(x>=0.2 && y>=0.2 && z>=0.2 && w>=0.2) U[0,16] (x<=0.4 && y<=0.4 && z<=0.4 && w<=0.4)","(x>=0.2 && y>=0.2 && z>=0.2 && w>=0.2) U[0,16] (x<=0.44 && y<=0.44 && z<=0.44 && w<=0.44)"
U,4,20,SD,ok,0.017833,0.0,"(x>=0.2 && y>=0.2 && z>=0.2 && w>=0.2) U[0,20] (x<=0.4 && y<=0.4 && z<=0.4 && w<=0.4)","(x>=0.2 && y>=0.2 && z>=0.2 && w>=0.2) U[0,20] (x<=0.44 && y<=0.44 && z<=0.44 && w<=0.44)"
U,4,24,SD,ok,0.024723,0.0,"(x>=0.2 && y>=0.2 && z>=0.2 && w>=0.2) U[0,24] (x<=0.4 && y<=0.4 && z<=0.4 && w<=0.4)","(x>=0.2 && y>=0.2 && z>=0.2 && w>=0.2) U[0,24] (x<=0.44 && y<=0.44 && z<=0.44 && w<=0.44)"
U,4,28,SD,ok,0.033290,0.0,"(x>=0.2 && y>=0.2 && z>=0.2 && w>=0.2) U[0,28] (x<=0.4 && y<=0.4 && z<=0.4 && w<=0.4)","(x>=0.2 && y>=0.2 && z>=0.2 && w>=0.2) U[0,28] (x<=0.44 && y<=0.44 && z<=0.44 && w<=0.44)"
U,4,32,SD,ok,0.043089,0.0,"(x>=0.2 && y>=0.2 && z>=0.2 && w>=0.2) U[0,32] (x<=0.4 && y<=0.4 && z<=0.4 && w<=0.4)","(x>=0.2 && y>=0.2 && z>=0.2 && w>=0.2) U[0,32] (x<=0.44 && y<=0.44 && z<=0.44 && w<=0.44)"
U,4,36,SD,ok,0.053856,0.0,"(x>=0.2 && y>=0.2 && z>=0.2 && w>=0.2) U[0,36] (x<=0.4 && y<=0.4 && z<=0.4 && w<=0.4)","(x>=0.2 && y>=0.2 && z>=0.2 && w>=0.2) U[0,36] (x<=0.44 && y<=0.44 && z<=0.44 && w<=0.44)"
U,4,40,SD,ok,0.066050,0.0,"(x>=0.2 && y>=0.2 && z>=0.2 && w>=0.2) U[0,40] (x<=0.4 && y<=0.4 && z<=0.4 && w<=0.4)","(x>=0.2 && y>=0.2 && z>=0.2 && w>=0.2) U[0,40] (x<=0.44 && y<=0.44 && z<=0.44 && w<=0.44)"
U,5,2,reference,timeout,,,"(x>=0.2 && y>=0.2 && z>=0.2 && w>=0.2 && v>=0.2) U[0,2] (x<=0.4 && y<=0.4 && z<=0.4 && w<=0.4 && v<=0.4)","(x>=0.2 && y>=0.2 && z>=0.2 && w>=0.2 && v>=0.2) U[0,2] (x<=0.44 && y<=0.44 && z<=0.44 && w<=0.44 && v<=0.44)"
U,5,4,reference,skipped,,,"(x>=0.2 && y>=0.2 && z>=0.2 && w>=0.2 && v>=0.2) U[0,4] (x<=0.4 && y<=0.4 && z<=0.4 && w<=0.4 && v<=0.4)","(x>=0.2 && y>=0.2 && z>=0.2 && w>=0.2 && v>=0.2) U[0,4] (x<=0.44 && y<=0.44 && z<=0.44 && w<=0.44 && v<=0.44)"
U,5,6,reference,skipped,,,"(x>=0.2 && y>=0.2 && z>=0.2 && w>=0.2 && v>=0.2) U[0,6] (x<=0.4 && y<=0.4 && z<=0.4 && w<=0.4 && v<=0.4)","(x>=0.2 && y>=0.2 && z>=0.2 && w>=0.2 && v>=0.2) U[0,6] (x<=0.44 && y<=0.44 && z<=0.44 && w<=0.44 && v<=0.44)"
U,5,8,reference,skipped,,,"(x>=0.2 && y>=0.2 && z>=0.2 && w>=0.2 && v>=0.2) U[0,8] (x<=0.4 && y<=0.4 && z<=0.4 && w<=0.4 && v<=0.4)","(x>=0.2 && y>=0.2 && z>=0.2 && w>=0.2 && v>=0.2) U[0,8] (x<=0.44 && y<=0.44 && z<=0.44 && w<=0.44 && v<=0.44)"
U,5,10,reference,skipped,,,"(x>=0.2 && y>=0.2 && z>=0.2 && w>=0.2 && v>=0.2) U[0,10] (x<=0.4 && y<=0.4 && z<=0.4 && w<=0.4 && v<=0.4)","(x>=0.2 && y>=0.2 && z>=0.2 && w>=0.2 && v>=0.2) U[0,10] (x<=0.44 && y<=0.44 && z<=0.44 && w<=0.44 && v<=0.44)"
U,5,12,reference,skipped,,,"(x>=0.2 && y>=0.2 && z>=0.2 && w>=0.2 && v>=0.2) U[0,12] (x<=0.4 && y<=0.4 && z<=0.4 && w<=0.4 && v<=0.4)","(x>=0.2 && y>=0.2 && z>=0.2 && w>=0.2 && v>=0.2) U[0,12] (x<=0.44 && y<=0.44 && z<=0.44 && w<=0.44 && v<=0.44)"
U,5,16,reference,skipped,,,"(x>=0.2 && y>=0.2 && z>=0.2 && w>=0.2 && v>=0.2) U[0,16] (x<=0.4 && y<=0.4 && z<=0.4 && w<=0.4 && v<=0.4)","(x>=0.2 && y>=0.2 && z>=0.2 && w>=0.2 && v>=0.2) U[0,16] (x<=0.44 && y<=0.44 && z<=0.44 && w<=0.44 && v<=0.44)"
U,5,20,reference,skipped,,,"(x>=0.2 && y>=0.2 && z>=0.2 && w>=0.2 && v>=0.2) U[0,20] (x<=0.4 && y<=0.4 && z<=0.4 && w<=0.4 && v<=0.4)","(x>=0.2 && y>=0.2 && z>=0.2 && w>=0.2 && v>=0.2) U[0,20] (x<=0.44 && y<=0.44 && z<=0.44 && w<=0.44 && v<=0.44)"
U,5,24,reference,skipped,,,"(x>=0.2 && y>=0.2 && z>=0.2 && w>=0.2 && v>=0.2) U[0,24] (x<=0.4 && y<=0.4 && z<=0.4 && w<=0.4 && v<=0.4)","(x>=0.2 && y>=0.2 && z>=0.2 && w>=0.2 && v>=0.2) U[0,24] (x<=0.44 && y<=0.44 && z<=0.44 && w<=0.44 && v<=0.44)"
U,5,28,reference,skipped,,,"(x>=0.2 && y>=0.2 && z>=0.2 && w>=0.2 && v>=0.2) U[0,28] (x<=0.4 && y<=0.4 && z<=0.4 && w<=0.4 && v<=0.4)","(x>=0.2 && y>=0.2 && z>=0.2 && w>=0.2 && v>=0.2) U[0,28] (x<=0.44 && y<=0.44 && z<=0.44 && w<=0.44 && v<=0.44)"
U,5,32,reference,skipped,,,"(x>=0.2 && y>=0.2 && z>=0.2 && w>=0.2 && v>=0.2) U[0,32] (x<=0.4 && y<=0.4 && z<=0.4 && w<=0.4 && v<=0.4)","(x>=0.2 && y>=0.2 && z>=0.2 && w>=0.2 && v>=0.2) U[0,32] (x<=0.44 && y<=0.44 && z<=0.44 && w<=0.44 && v<=0.44)"
U,5,36,reference,skipped,,,"(x>=0.2 && y>=0.2 && z>=0.2 && w>=0.2 && v>=0.2) U[0,36] (x<=0.4 && y<=0.4 && z<=0.4 && w<=0.4 && v<=0.4)","(x>=0.2 && y>=0.2 && z>=0.2 && w>=0.2 && v>=0.2) U[0,36] (x<=0.44 && y<=0.44 && z<=0.44 && w<=0.44 && v<=0.44)"
U,5,40,reference,skipped,,,"(x>=0.2 && y>=0.2 && z>=0.2 && w>=0.2 && v>=0.2) U[0,40] (x<=0.4 && y<=0.4 && z<=0.4 && w<=0.4 && v<=0.4)","(x>=0.2 && y>=0.2 && z>=0.2 && w>=0.2 && v>=0.2) U[0,40] (x<=0.44 && y<=0.44 && z<=0.44 && w<=0.44 && v<=0.44)"
U,5,2,tabex_fast,ok,0.051587,0.8973602320666797,"(x>=0.2 && y>=0.2 && z>=0.2 && w>=0.2 && v>=0.2) U[0,2] (x<=0.4 && y<=0.4 && z<=0.4 && w<=0.4 && v<=0.4)","(x>=0.2 && y>=0.2 && z>=0.2 && w>=0.2 && v>=0.2) U[0,2] (x<=0.44 && y<=0.44 && z<=0.44 && w<=0.44 && v<=0.44)"
U,5,4,tabex_fast,ok,1.235583,0.9110262998418056,"(x>=0.2 && y>=0.2 && z>=0.2 && w>=0.2 && v>=0.2) U[0,4] (x<=0.4 && y<=0.4 && z<=0.4 && w<=0.4 && v<=0.4)","(x>=0.2 && y>=0.2 && z>=0.2 && w>=0.2 && v>=0.2) U[0,4] (x<=0.44 && y<=0.44 && z<=0.44 && w<=0.44 && v<=0.44)"
U,5,6,tabex_fast,ok,7.338719,0.9169102934318406,"(x>=0.2 && y>=0.2 && z>=0.2 && w>=0.2 && v>=0.2) U[0,6] (x<=0.4 && y<=0.4 && z<=0.4 && w<=0.4 && v<=0.4)","(x>=0.2 && y>=0.2 && z>=0.2 && w>=0.2 && v>=0.2) U[0,6] (x<=0.44 && y<=0.44 && z<=0.44 && w<=0.44 && v<=0.44)"
U,5,8,tabex_fast,ok,20.100811,0.9201797545525217,"(x>=0.2 && y>=0.2 && z>=0.2 && w>=0.2 && v>=0.2) U[0,8] (x<=0.4 && y<=0.4 && z<=0.4 && w<=0.4 && v<=0.4)","(x>=0.2 && y>=0.2 && z>=0.2 && w>=0.2 && v>=0.2) U[0,8] (x<=0.44 && y<=0.44 && z<=0.44 && w<=0.44 && v<=0.44)"
U,5,10,tabex_fast,ok,47.882543,0.9222603314948277,"(x>=0.2 && y>=0.2 && z>=0.2 && w>=0.2 && v>=0.2) U[0,10] (x<=0.4 && y<=0.4 && z<=0.4 && w<=0.4 && v<=0.4)","(x>=0.2 && y>=0.2 && z>=0.2 && w>=0.2 && v>=0.2) U[0,10] (x<=0.44 && y<=0.44 && z<=0.44 && w<=0.44 && v<=0.44)"
U,5,12,tabex_fast,timeout,,,"(x>=0.2 && y>=0.2 && z>=0.2 && w>=0.2 && v>=0.2) U[0,12] (x<=0.4 && y<=0.4 && z<=0.4 && w<=0.4 && v<=0.4)","(x>=0.2 && y>=0.2 && z>=0.2 && w>=0.2 && v>=0.2) U[0,12] (x<=0.44 && y<=0.44 && z<=0.44 && w<=0.44 && v<=0.44)"
U,5,16,tabex_fast,skipped,,,"(x>=0.2 && y>=0.2 && z>=0.2 && w>=0.2 && v>=0.2) U[0,16] (x<=0.4 && y<=0.4 && z<=0.4 && w<=0.4 && v<=0.4)","(x>=0.2 && y>=0.2 && z>=0.2 && w>=0.2 && v>=0.2) U[0,16] (x<=0.44 && y<=0.44 && z<=0.44 && w<=0.44 && v<=0.44)"
U,5,20,tabex_fast,skipped,,,"(x>=0.2 && y>=0.2 && z>=0.2 && w>=0.2 && v>=0.2) U[0,20] (x<=0.4 && y<=0.4 && z<=0.4 && w<=0.4 && v<=0.4)","(x>=0.2 && y>=0.2 && z>=0.2 && w>=0.2 && v>=0.2) U[0,20] (x<=0.44 && y<=0.44 && z<=0.44 && w<=0.44 && v<=0.44)"
U,5,24,tabex_fast,skipped,,,"(x>=0.2 && y>=0.2 && z>=0.2 && w>=0.2 && v>=0.2) U[0,24] (x<=0.4 && y<=0.4 && z<=0.4 && w<=0.4 && v<=0.4)","(x>=0.2 && y>=0.2 && z>=0.2 && w>=0.2 && v>=0.2) U[0,24] (x<=0.44 && y<=0.44 && z<=0.44 && w<=0.44 && v<=0.44)"
U,5,28,tabex_fast,skipped,,,"(x>=0.2 && y>=0.2 && z>=0.2 && w>=0.2 && v>=0.2) U[0,28] (x<=0.4 && y<=0.4 && z<=0.4 && w<=0.4 && v<=0.4)","(x>=0.2 && y>=0.2 && z>=0.2 && w>=0.2 && v>=0.2) U[0,28] (x<=0.44 && y<=0.44 && z<=0.44 && w<=0.44 && v<=0.44)"
U,5,32,tabex_fast,skipped,,,"(x>=0.2 && y>=0.2 && z>=0.2 && w>=0.2 && v>=0.2) U[0,32] (x<=0.4 && y<=0.4 && z<=0.4 && w<=0.4 && v<=0.4)","(x>=0.2 && y>=0.2 && z>=0.2 && w>=0.2 && v>=0.2) U[0,32] (x<=0.44 && y<=0.44 && z<=0.44 && w<=0.44 && v<=0.44)"
U,5,36,tabex_fast,skipped,,,"(x>=0.2 && y>=0.2 && z>=0.2 && w>=0.2 && v>=0.2) U[0,36] (x<=0.4 && y<=0.4 && z<=0.4 && w<=0.4 && v<=0.4)","(x>=0.2 && y>=0.2 && z>=0.2 && w>=0.2 && v>=0.2) U[0,36] (x<=0.44 && y<=0.44 && z<=0.44 && w<=0.44 && v<=0.44)"
U,5,40,tabex_fast,skipped,,,"(x>=0.2 && y>=0.2 && z>=0.2 && w>=0.2 && v>=0.2) U[0,40] (x<=0.4 && y<=0.4 && z<=0.4 && w<=0.4 && v<=0.4)","(x>=0.2 && y>=0.2 && z>=0.2 && w>=0.2 && v>=0.2) U[0,40] (x<=0.44 && y<=0.44 && z<=0.44 && w<=0.44 && v<=0.44)"
U,5,2,PH,ok,2.615072,0.04000099999999915,"(x>=0.2 && y>=0.2 && z>=0.2 && w>=0.2 && v>=0.2) U[0,2] (x<=0.4 && y<=0.4 && z<=0.4 && w<=0.4 && v<=0.4)","(x>=0.2 && y>=0.2 && z>=0.2 && w>=0.2 && v>=0.2) U[0,2] (x<=0.44 && y<=0.44 && z<=0.44 && w<=0.44 && v<=0.44)"
U,5,4,PH,timeout,,,"(x>=0.2 && y>=0.2 && z>=0.2 && w>=0.2 && v>=0.2) U[0,4] (x<=0.4 && y<=0.4 && z<=0.4 && w<=0.4 && v<=0.4)","(x>=0.2 && y>=0.2 && z>=0.2 && w>=0.2 && v>=0.2) U[0,4] (x<=0.44 && y<=0.44 && z<=0.44 && w<=0.44 && v<=0.44)"
U,5,6,PH,skipped,,,"(x>=0.2 && y>=0.2 && z>=0.2 && w>=0.2 && v>=0.2) U[0,6] (x<=0.4 && y<=0.4 && z<=0.4 && w<=0.4 && v<=0.4)","(x>=0.2 && y>=0.2 && z>=0.2 && w>=0.2 && v>=0.2) U[0,6] (x<=0.44 && y<=0.44 && z<=0.44 && w<=0.44 && v<=0.44)"
U,5,8,PH,skipped,,,"(x>=0.2 && y>=0.2 && z>=0.2 && w>=0.2 && v>=0.2) U[0,8] (x<=0.4 && y<=0.4 && z<=0.4 && w<=0.4 && v<=0.4)","(x>=0.2 && y>=0.2 && z>=0.2 && w>=0.2 && v>=0.2) U[0,8] (x<=0.44 && y<=0.44 && z<=0.44 && w<=0.44 && v<=0.44)"
U,5,10,PH,skipped,,,"(x>=0.2 && y>=0.2 && z>=0.2 && w>=0.2 && v>=0.2) U[0,10] (x<=0.4 && y<=0.4 && z<=0.4 && w<=0.4 && v<=0.4)","(x>=0.2 && y>=0.2 && z>=0.2 && w>=0.2 && v>=0.2) U[0,10] (x<=0.44 && y<=0.44 && z<=0.44 && w<=0.44 && v<=0.44)"
U,5,12,PH,skipped,,,"(x>=0.2 && y>=0.2 && z>=0.2 && w>=0.2 && v>=0.2) U[0,12] (x<=0.4 && y<=0.4 && z<=0.4 && w<=0.4 && v<=0.4)","(x>=0.2 && y>=0.2 && z>=0.2 && w>=0.2 && v>=0.2) U[0,12] (x<=0.44 && y<=0.44 && z<=0.44 && w<=0.44 && v<=0.44)"
U,5,16,PH,skipped,,,"(x>=0.2 && y>=0.2 && z>=0.2 && w>=0.2 && v>=0.2) U[0,16] (x<=0.4 && y<=0.4 && z<=0.4 && w<=0.4 && v<=0.4)","(x>=0.2 && y>=0.2 && z>=0.2 && w>=0.2 && v>=0.2) U[0,16] (x<=0.44 && y<=0.44 && z<=0.44 && w<=0.44 && v<=0.44)"
U,5,20,PH,skipped,,,"(x>=0.2 && y>=0.2 && z>=0.2 && w>=0.2 && v>=0.2) U[0,20] (x<=0.4 && y<=0.4 && z<=0.4 && w<=0.4 && v<=0.4)","(x>=0.2 && y>=0.2 && z>=0.2 && w>=0.2 && v>=0.2) U[0,20] (x<=0.44 && y<=0.44 && z<=0.44 && w<=0.44 && v<=0.44)"
U,5,24,PH,skipped,,,"(x>=0.2 && y>=0.2 && z>=0.2 && w>=0.2 && v>=0.2) U[0,24] (x<=0.4 && y<=0.4 && z<=0.4 && w<=0.4 && v<=0.4)","(x>=0.2 && y>=0.2 && z>=0.2 && w>=0.2 && v>=0.2) U[0,24] (x<=0.44 && y<=0.44 && z<=0.44 && w<=0.44 && v<=0.44)"
U,5,28,PH,skipped,,,"(x>=0.2 && y>=0.2 && z>=0.2 && w>=0.2 && v>=0.2) U[0,28] (x<=0.4 && y<=0.4 && z<=0.4 && w<=0.4 && v<=0.4)","(x>=0.2 && y>=0.2 && z>=0.2 && w>=0.2 && v>=0.2) U[0,28] (x<=0.44 && y<=0.44 && z<=0.44 && w<=0.44 && v<=0.44)"
U,5,32,PH,skipped,,,"(x>=0.2 && y>=0.2 && z>=0.2 && w>=0.2 && v>=0.2) U[0,32] (x<=0.4 && y<=0.4 && z<=0.4 && w<=0.4 && v<=0.4)","(x>=0.2 && y>=0.2 && z>=0.2 && w>=0.2 && v>=0.2) U[0,32] (x<=0.44 && y<=0.44 && z<=0.44 && w<=0.44 && v<=0.44)"
U,5,36,PH,skipped,,,"(x>=0.2 && y>=0.2 && z>=0.2 && w>=0.2 && v>=0.2) U[0,36] (x<=0.4 && y<=0.4 && z<=0.4 && w<=0.4 && v<=0.4)","(x>=0.2 && y>=0.2 && z>=0.2 && w>=0.2 && v>=0.2) U[0,36] (x<=0.44 && y<=0.44 && z<=0.44 && w<=0.44 && v<=0.44)"
U,5,40,PH,skipped,,,"(x>=0.2 && y>=0.2 && z>=0.2 && w>=0.2 && v>=0.2) U[0,40] (x<=0.4 && y<=0.4 && z<=0.4 && w<=0.4 && v<=0.4)","(x>=0.2 && y>=0.2 && z>=0.2 && w>=0.2 && v>=0.2) U[0,40] (x<=0.44 && y<=0.44 && z<=0.44 && w<=0.44 && v<=0.44)"
U,5,2,SD,ok,0.001035,0.0,"(x>=0.2 && y>=0.2 && z>=0.2 && w>=0.2 && v>=0.2) U[0,2] (x<=0.4 && y<=0.4 && z<=0.4 && w<=0.4 && v<=0.4)","(x>=0.2 && y>=0.2 && z>=0.2 && w>=0.2 && v>=0.2) U[0,2] (x<=0.44 && y<=0.44 && z<=0.44 && w<=0.44 && v<=0.44)"
U,5,4,SD,ok,0.002574,0.0,"(x>=0.2 && y>=0.2 && z>=0.2 && w>=0.2 && v>=0.2) U[0,4] (x<=0.4 && y<=0.4 && z<=0.4 && w<=0.4 && v<=0.4)","(x>=0.2 && y>=0.2 && z>=0.2 && w>=0.2 && v>=0.2) U[0,4] (x<=0.44 && y<=0.44 && z<=0.44 && w<=0.44 && v<=0.44)"
U,5,6,SD,ok,0.003174,0.0,"(x>=0.2 && y>=0.2 && z>=0.2 && w>=0.2 && v>=0.2) U[0,6] (x<=0.4 && y<=0.4 && z<=0.4 && w<=0.4 && v<=0.4)","(x>=0.2 && y>=0.2 && z>=0.2 && w>=0.2 && v>=0.2) U[0,6] (x<=0.44 && y<=0.44 && z<=0.44 && w<=0.44 && v<=0.44)"
U,5,8,SD,ok,0.004615,0.0,"(x>=0.2 && y>=0.2 && z>=0.2 && w>=0.2 && v>=0.2) U[0,8] (x<=0.4 && y<=0.4 && z<=0.4 && w<=0.4 && v<=0.4)","(x>=0.2 && y>=0.2 && z>=0.2 && w>=0.2 && v>=0.2) U[0,8] (x<=0.44 && y<=0.44 && z<=0.44 && w<=0.44 && v<=0.44)"
U,5,10,SD,ok,0.006593,0.0,"(x>=0.2 && y>=0.2 && z>=0.2 && w>=0.2 && v>=0.2) U[0,10] (x<=0.4 && y<=0.4 && z<=0.4 && w<=0.4 && v<=0.4)","(x>=0.2 && y>=0.2 && z>=0.2 && w>=0.2 && v>=0.2) U[0,10] (x<=0.44 && y<=0.44 && z<=0.44 && w<=0.44 && v<=0.44)"
U,5,12,SD,ok,0.009112,0.0,"(x>=0.2 && y>=0.2 && z>=0.2 && w>=0.2 && v>=0.2) U[0,12] (x<=0.4 && y<=0.4 && z<=0.4 && w<=0.4 && v<=0.4)","(x>=0.2 && y>=0.2 && z>=0.2 && w>=0.2 && v>=0.2) U[0,12] (x<=0.44 && y<=0.44 && z<=0.44 && w<=0.44 && v<=0.44)"
U,5,16,SD,ok,0.014960,0.0,"(x>=0.2 && y>=0.2 && z>=0.2 && w>=0.2 && v>=0.2) U[0,16] (x<=0.4 && y<=0.4 && z<=0.4 && w<=0.4 && v<=0.4)","(x>=0.2 && y>=0.2 && z>=0.2 && w>=0.2 && v>=0.2) U[0,16] (x<=0.44 && y<=0.44 && z<=0.44 && w<=0.44 && v<=0.44)"
U,5,20,SD,ok,0.022255,0.0,"(x>=0.2 && y>=0.2 && z>=0.2 && w>=0.2 && v>=0.2) U[0,20] (x<=0.4 && y<=0.4 && z<=0.4 && w<=0.4 && v<=0.4)","(x>=0.2 && y>=0.2 && z>=0.2 && w>=0.2 && v>=0.2) U[0,20] (x<=0.44 && y<=0.44 && z<=0.44 && w<=0.44 && v<=0.44)"
U,5,24,SD,ok,0.031050,0.0,"(x>=0.2 && y>=0.2 && z>=0.2 && w>=0.2 && v>=0.2) U[0,24] (x<=0.4 && y<=0.4 && z<=0.4 && w<=0.4 && v<=0.4)","(x>=0.2 && y>=0.2 && z>=0.2 && w>=0.2 && v>=0.2) U[0,24] (x<=0.44 && y<=0.44 && z<=0.44 && w<=0.44 && v<=0.44)"
U,5,28,SD,ok,0.041667,0.0,"(x>=0.2 && y>=0.2 && z>=0.2 && w>=0.2 && v>=0.2) U[0,28] (x<=0.4 && y<=0.4 && z<=0.4 && w<=0.4 && v<=0.4)","(x>=0.2 && y>=0.2 && z>=0.2 && w>=0.2 && v>=0.2) U[0,28] (x<=0.44 && y<=0.44 && z<=0.44 && w<=0.44 && v<=0.44)"
U,5,32,SD,ok,0.053668,0.0,"(x>=0.2 && y>=0.2 && z>=0.2 && w>=0.2 && v>=0.2) U[0,32] (x<=0.4 && y<=0.4 && z<=0.4 && w<=0.4 && v<=0.4)","(x>=0.2 && y>=0.2 && z>=0.2 && w>=0.2 && v>=0.2) U[0,32] (x<=0.44 && y<=0.44 && z<=0.44 && w<=0.44 && v<=0.44)"
U,5,36,SD,ok,0.066932,0.0,"(x>=0.2 && y>=0.2 && z>=0.2 && w>=0.2 && v>=0.2) U[0,36] (x<=0.4 && y<=0.4 && z<=0.4 && w<=0.4 && v<=0.4)","(x>=0.2 && y>=0.2 && z>=0.2 && w>=0.2 && v>=0.2) U[0,36] (x<=0.44 && y<=0.44 && z<=0.44 && w<=0.44 && v<=0.44)"
U,5,40,SD,ok,0.082011,0.0,"(x>=0.2 && y>=0.2 && z>=0.2 && w>=0.2 && v>=0.2) U[0,40] (x<=0.4 && y<=0.4 && z<=0.4 && w<=0.4 && v<=0.4)","(x>=0.2 && y>=0.2 && z>=0.2 && w>=0.2 && v>=0.2) U[0,40] (x<=0.44 && y<=0.44 && z<=0.44 && w<=0.44 && v<=0.44)"
