Name,Time (s),Total memory (KiB),Result
../resources/benchmarks/random0/b0_r5_c10_l10000_i1000_ps0_05_pt0_33_j10_1.stl,-1,-1,TO
../resources/benchmarks/random0/b0_r5_c10_l10000_i1000_ps0_05_pt0_33_j10_2.stl,0.192,50868,unsat
../resources/benchmarks/random0/b0_r5_c10_l10000_i1000_ps0_05_pt0_33_j10_3.stl,-1,-1,TO
../resources/benchmarks/random0/b0_r5_c10_l10000_i1000_ps0_05_pt0_33_j10_4.stl,-1,-1,TO
../resources/benchmarks/random0/b0_r5_c10_l10000_i1000_ps0_05_pt0_33_j10_5.stl,-1,-1,TO
../resources/benchmarks/random0/b0_r5_c10_l10000_i1000_ps0_05_pt0_33_j5_1.stl,-1,-1,TO
../resources/benchmarks/random0/b0_r5_c10_l10000_i1000_ps0_05_pt0_33_j5_2.stl,-1,-1,TO
../resources/benchmarks/random0/b0_r5_c10_l10000_i1000_ps0_05_pt0_33_j5_3.stl,0.03,29337.6,unsat
../resources/benchmarks/random0/b0_r5_c10_l10000_i1000_ps0_05_pt0_33_j5_4.stl,-1,-1,TO
../resources/benchmarks/random0/b0_r5_c10_l10000_i1000_ps0_05_pt0_33_j5_5.stl,-1,-1,TO
../resources/benchmarks/random0/b0_r5_c10_l10000_i1000_ps0_05_pt0_5_j10_1.stl,-1,-1,TO
../resources/benchmarks/random0/b0_r5_c10_l10000_i1000_ps0_05_pt0_5_j10_2.stl,-1,-1,TO
../resources/benchmarks/random0/b0_r5_c10_l10000_i1000_ps0_05_pt0_5_j10_3.stl,-1,-1,TO
../resources/benchmarks/random0/b0_r5_c10_l10000_i1000_ps0_05_pt0_5_j10_4.stl,-1,-1,TO
../resources/benchmarks/random0/b0_r5_c10_l10000_i1000_ps0_05_pt0_5_j10_5.stl,-1,-1,TO
../resources/benchmarks/random0/b0_r5_c10_l10000_i1000_ps0_05_pt0_5_j5_1.stl,-1,-1,TO
../resources/benchmarks/random0/b0_r5_c10_l10000_i1000_ps0_05_pt0_5_j5_2.stl,-1,-1,TO
../resources/benchmarks/random0/b0_r5_c10_l10000_i1000_ps0_05_pt0_5_j5_3.stl,-1,-1,TO
../resources/benchmarks/random0/b0_r5_c10_l10000_i1000_ps0_05_pt0_5_j5_4.stl,-1,-1,TO
../resources/benchmarks/random0/b0_r5_c10_l10000_i1000_ps0_05_pt0_5_j5_5.stl,-1,-1,TO
../resources/benchmarks/random0/b0_r5_c10_l10000_i1000_ps0_05_pt0_75_j10_1.stl,-1,-1,TO
../resources/benchmarks/random0/b0_r5_c10_l10000_i1000_ps0_05_pt0_75_j10_2.stl,-1,-1,TO
../resources/benchmarks/random0/b0_r5_c10_l10000_i1000_ps0_05_pt0_75_j10_3.stl,-1,-1,TO
../resources/benchmarks/random0/b0_r5_c10_l10000_i1000_ps0_05_pt0_75_j10_4.stl,-1,-1,TO
../resources/benchmarks/random0/b0_r5_c10_l10000_i1000_ps0_05_pt0_75_j10_5.stl,-1,-1,TO
../resources/benchmarks/random0/b0_r5_c10_l10000_i1000_ps0_05_pt0_75_j5_1.stl,-1,-1,TO
../resources/benchmarks/random0/b0_r5_c10_l10000_i1000_ps0_05_pt0_75_j5_2.stl,-1,-1,TO
../resources/benchmarks/random0/b0_r5_c10_l10000_i1000_ps0_05_pt0_75_j5_3.stl,-1,-1,TO
../resources/benchmarks/random0/b0_r5_c10_l10000_i1000_ps0_05_pt0_75_j5_4.stl,-1,-1,TO
../resources/benchmarks/random0/b0_r5_c10_l10000_i1000_ps0_05_pt0_75_j5_5.stl,-1,-1,TO
../resources/benchmarks/random0/b0_r5_c10_l10000_i1000_ps0_05_pt0_95_j10_1.stl,-1,-1,TO
../resources/benchmarks/random0/b0_r5_c10_l10000_i1000_ps0_05_pt0_95_j10_2.stl,-1,-1,TO
../resources/benchmarks/random0/b0_r5_c10_l10000_i1000_ps0_05_pt0_95_j10_3.stl,-1,-1,TO
../resources/benchmarks/random0/b0_r5_c10_l10000_i1000_ps0_05_pt0_95_j10_4.stl,-1,-1,TO
../resources/benchmarks/random0/b0_r5_c10_l10000_i1000_ps0_05_pt0_95_j10_5.stl,-1,-1,TO
../resources/benchmarks/random0/b0_r5_c10_l10000_i1000_ps0_05_pt0_95_j5_1.stl,-1,-1,TO
../resources/benchmarks/random0/b0_r5_c10_l10000_i1000_ps0_05_pt0_95_j5_2.stl,-1,-1,TO
../resources/benchmarks/random0/b0_r5_c10_l10000_i1000_ps0_05_pt0_95_j5_3.stl,-1,-1,TO
../resources/benchmarks/random0/b0_r5_c10_l10000_i1000_ps0_05_pt0_95_j5_4.stl,-1,-1,TO
../resources/benchmarks/random0/b0_r5_c10_l10000_i1000_ps0_05_pt0_95_j5_5.stl,-1,-1,TO
../resources/benchmarks/random0/b0_r5_c10_l10000_i1000_ps0_15_pt0_33_j10_1.stl,-1,-1,TO
../resources/benchmarks/random0/b0_r5_c10_l10000_i1000_ps0_15_pt0_33_j10_2.stl,0.02,32453.6,unsat
../resources/benchmarks/random0/b0_r5_c10_l10000_i1000_ps0_15_pt0_33_j10_3.stl,-1,-1,TO
../resources/benchmarks/random0/b0_r5_c10_l10000_i1000_ps0_15_pt0_33_j10_4.stl,-1,-1,TO
../resources/benchmarks/random0/b0_r5_c10_l10000_i1000_ps0_15_pt0_33_j10_5.stl,-1,-1,TO
../resources/benchmarks/random0/b0_r5_c10_l10000_i1000_ps0_15_pt0_33_j5_1.stl,0.02,32446.4,unsat
../resources/benchmarks/random0/b0_r5_c10_l10000_i1000_ps0_15_pt0_33_j5_2.stl,-1,-1,TO
../resources/benchmarks/random0/b0_r5_c10_l10000_i1000_ps0_15_pt0_33_j5_3.stl,0.02,32804,sat
../resources/benchmarks/random0/b0_r5_c10_l10000_i1000_ps0_15_pt0_33_j5_4.stl,-1,-1,TO
../resources/benchmarks/random0/b0_r5_c10_l10000_i1000_ps0_15_pt0_33_j5_5.stl,54.194,287239.2,sat
../resources/benchmarks/random0/b0_r5_c10_l10000_i1000_ps0_15_pt0_5_j10_1.stl,-1,-1,TO
../resources/benchmarks/random0/b0_r5_c10_l10000_i1000_ps0_15_pt0_5_j10_2.stl,-1,-1,TO
../resources/benchmarks/random0/b0_r5_c10_l10000_i1000_ps0_15_pt0_5_j10_3.stl,-1,-1,TO
../resources/benchmarks/random0/b0_r5_c10_l10000_i1000_ps0_15_pt0_5_j10_4.stl,-1,-1,TO
../resources/benchmarks/random0/b0_r5_c10_l10000_i1000_ps0_15_pt0_5_j10_5.stl,-1,-1,TO
../resources/benchmarks/random0/b0_r5_c10_l10000_i1000_ps0_15_pt0_5_j5_1.stl,-1,-1,TO
../resources/benchmarks/random0/b0_r5_c10_l10000_i1000_ps0_15_pt0_5_j5_2.stl,0.01,32503.2,sat
../resources/benchmarks/random0/b0_r5_c10_l10000_i1000_ps0_15_pt0_5_j5_3.stl,-1,-1,TO
../resources/benchmarks/random0/b0_r5_c10_l10000_i1000_ps0_15_pt0_5_j5_4.stl,6.062,126091.2,sat
../resources/benchmarks/random0/b0_r5_c10_l10000_i1000_ps0_15_pt0_5_j5_5.stl,-1,-1,TO
../resources/benchmarks/random0/b0_r5_c10_l10000_i1000_ps0_15_pt0_75_j10_1.stl,-1,-1,TO
../resources/benchmarks/random0/b0_r5_c10_l10000_i1000_ps0_15_pt0_75_j10_2.stl,-1,-1,TO
../resources/benchmarks/random0/b0_r5_c10_l10000_i1000_ps0_15_pt0_75_j10_3.stl,-1,-1,TO
../resources/benchmarks/random0/b0_r5_c10_l10000_i1000_ps0_15_pt0_75_j10_4.stl,-1,-1,TO
../resources/benchmarks/random0/b0_r5_c10_l10000_i1000_ps0_15_pt0_75_j10_5.stl,0.02,32442.4,unsat
../resources/benchmarks/random0/b0_r5_c10_l10000_i1000_ps0_15_pt0_75_j5_1.stl,-1,-1,TO
../resources/benchmarks/random0/b0_r5_c10_l10000_i1000_ps0_15_pt0_75_j5_2.stl,-1,-1,TO
../resources/benchmarks/random0/b0_r5_c10_l10000_i1000_ps0_15_pt0_75_j5_3.stl,-1,-1,TO
../resources/benchmarks/random0/b0_r5_c10_l10000_i1000_ps0_15_pt0_75_j5_4.stl,-1,-1,TO
../resources/benchmarks/random0/b0_r5_c10_l10000_i1000_ps0_15_pt0_75_j5_5.stl,-1,-1,TO
../resources/benchmarks/random0/b0_r5_c10_l10000_i1000_ps0_15_pt0_95_j10_1.stl,-1,-1,TO
../resources/benchmarks/random0/b0_r5_c10_l10000_i1000_ps0_15_pt0_95_j10_2.stl,-1,-1,TO
../resources/benchmarks/random0/b0_r5_c10_l10000_i1000_ps0_15_pt0_95_j10_3.stl,-1,-1,TO
../resources/benchmarks/random0/b0_r5_c10_l10000_i1000_ps0_15_pt0_95_j10_4.stl,-1,-1,TO
../resources/benchmarks/random0/b0_r5_c10_l10000_i1000_ps0_15_pt0_95_j10_5.stl,-1,-1,TO
../resources/benchmarks/random0/b0_r5_c10_l10000_i1000_ps0_15_pt0_95_j5_1.stl,-1,-1,TO
../resources/benchmarks/random0/b0_r5_c10_l10000_i1000_ps0_15_pt0_95_j5_2.stl,-1,-1,TO
../resources/benchmarks/random0/b0_r5_c10_l10000_i1000_ps0_15_pt0_95_j5_3.stl,-1,-1,TO
../resources/benchmarks/random0/b0_r5_c10_l10000_i1000_ps0_15_pt0_95_j5_4.stl,-1,-1,TO
../resources/benchmarks/random0/b0_r5_c10_l10000_i1000_ps0_15_pt0_95_j5_5.stl,-1,-1,TO
../resources/benchmarks/random0/b0_r5_c10_l10000_i1000_ps0_1_pt0_33_j10_1.stl,-1,-1,TO
../resources/benchmarks/random0/b0_r5_c10_l10000_i1000_ps0_1_pt0_33_j10_2.stl,-1,-1,TO
../resources/benchmarks/random0/b0_r5_c10_l10000_i1000_ps0_1_pt0_33_j10_3.stl,-1,-1,TO
../resources/benchmarks/random0/b0_r5_c10_l10000_i1000_ps0_1_pt0_33_j10_4.stl,-1,-1,TO
../resources/benchmarks/random0/b0_r5_c10_l10000_i1000_ps0_1_pt0_33_j10_5.stl,-1,-1,TO
../resources/benchmarks/random0/b0_r5_c10_l10000_i1000_ps0_1_pt0_33_j5_1.stl,-1,-1,TO
../resources/benchmarks/random0/b0_r5_c10_l10000_i1000_ps0_1_pt0_33_j5_2.stl,-1,-1,TO
../resources/benchmarks/random0/b0_r5_c10_l10000_i1000_ps0_1_pt0_33_j5_3.stl,-1,-1,TO
../resources/benchmarks/random0/b0_r5_c10_l10000_i1000_ps0_1_pt0_33_j5_4.stl,-1,-1,TO
../resources/benchmarks/random0/b0_r5_c10_l10000_i1000_ps0_1_pt0_33_j5_5.stl,-1,-1,TO
../resources/benchmarks/random0/b0_r5_c10_l10000_i1000_ps0_1_pt0_5_j10_1.stl,-1,-1,TO
../resources/benchmarks/random0/b0_r5_c10_l10000_i1000_ps0_1_pt0_5_j10_2.stl,-1,-1,TO
../resources/benchmarks/random0/b0_r5_c10_l10000_i1000_ps0_1_pt0_5_j10_3.stl,-1,-1,TO
../resources/benchmarks/random0/b0_r5_c10_l10000_i1000_ps0_1_pt0_5_j10_4.stl,-1,-1,TO
../resources/benchmarks/random0/b0_r5_c10_l10000_i1000_ps0_1_pt0_5_j10_5.stl,-1,-1,TO
../resources/benchmarks/random0/b0_r5_c10_l10000_i1000_ps0_1_pt0_5_j5_1.stl,-1,-1,TO
../resources/benchmarks/random0/b0_r5_c10_l10000_i1000_ps0_1_pt0_5_j5_2.stl,-1,-1,TO
../resources/benchmarks/random0/b0_r5_c10_l10000_i1000_ps0_1_pt0_5_j5_3.stl,-1,-1,TO
../resources/benchmarks/random0/b0_r5_c10_l10000_i1000_ps0_1_pt0_5_j5_4.stl,-1,-1,TO
../resources/benchmarks/random0/b0_r5_c10_l10000_i1000_ps0_1_pt0_5_j5_5.stl,-1,-1,TO
../resources/benchmarks/random0/b0_r5_c10_l10000_i1000_ps0_1_pt0_75_j10_1.stl,-1,-1,TO
../resources/benchmarks/random0/b0_r5_c10_l10000_i1000_ps0_1_pt0_75_j10_2.stl,-1,-1,TO
../resources/benchmarks/random0/b0_r5_c10_l10000_i1000_ps0_1_pt0_75_j10_3.stl,-1,-1,TO
../resources/benchmarks/random0/b0_r5_c10_l10000_i1000_ps0_1_pt0_75_j10_4.stl,-1,-1,TO
../resources/benchmarks/random0/b0_r5_c10_l10000_i1000_ps0_1_pt0_75_j10_5.stl,-1,-1,TO
../resources/benchmarks/random0/b0_r5_c10_l10000_i1000_ps0_1_pt0_75_j5_1.stl,-1,-1,TO
../resources/benchmarks/random0/b0_r5_c10_l10000_i1000_ps0_1_pt0_75_j5_2.stl,-1,-1,TO
../resources/benchmarks/random0/b0_r5_c10_l10000_i1000_ps0_1_pt0_75_j5_3.stl,-1,-1,TO
../resources/benchmarks/random0/b0_r5_c10_l10000_i1000_ps0_1_pt0_75_j5_4.stl,-1,-1,TO
../resources/benchmarks/random0/b0_r5_c10_l10000_i1000_ps0_1_pt0_75_j5_5.stl,-1,-1,TO
../resources/benchmarks/random0/b0_r5_c10_l10000_i1000_ps0_1_pt0_95_j10_1.stl,-1,-1,TO
../resources/benchmarks/random0/b0_r5_c10_l10000_i1000_ps0_1_pt0_95_j10_2.stl,-1,-1,TO
../resources/benchmarks/random0/b0_r5_c10_l10000_i1000_ps0_1_pt0_95_j10_3.stl,-1,-1,TO
../resources/benchmarks/random0/b0_r5_c10_l10000_i1000_ps0_1_pt0_95_j10_4.stl,-1,-1,TO
../resources/benchmarks/random0/b0_r5_c10_l10000_i1000_ps0_1_pt0_95_j10_5.stl,-1,-1,TO
../resources/benchmarks/random0/b0_r5_c10_l10000_i1000_ps0_1_pt0_95_j5_1.stl,-1,-1,TO
../resources/benchmarks/random0/b0_r5_c10_l10000_i1000_ps0_1_pt0_95_j5_2.stl,-1,-1,TO
../resources/benchmarks/random0/b0_r5_c10_l10000_i1000_ps0_1_pt0_95_j5_3.stl,-1,-1,TO
../resources/benchmarks/random0/b0_r5_c10_l10000_i1000_ps0_1_pt0_95_j5_4.stl,-1,-1,TO
../resources/benchmarks/random0/b0_r5_c10_l10000_i1000_ps0_1_pt0_95_j5_5.stl,-1,-1,TO
../resources/benchmarks/random0/b0_r5_c10_l10000_i1000_ps0_25_pt0_33_j10_1.stl,0.01,32444.8,unsat
../resources/benchmarks/random0/b0_r5_c10_l10000_i1000_ps0_25_pt0_33_j10_2.stl,-1,-1,TO
../resources/benchmarks/random0/b0_r5_c10_l10000_i1000_ps0_25_pt0_33_j10_3.stl,0.01,27840,unsat
../resources/benchmarks/random0/b0_r5_c10_l10000_i1000_ps0_25_pt0_33_j10_4.stl,0.018,32519.2,unsat
../resources/benchmarks/random0/b0_r5_c10_l10000_i1000_ps0_25_pt0_33_j10_5.stl,0.018000000000000002,32489.6,unsat
../resources/benchmarks/random0/b0_r5_c10_l10000_i1000_ps0_25_pt0_33_j5_1.stl,0.01,32431.2,unsat
../resources/benchmarks/random0/b0_r5_c10_l10000_i1000_ps0_25_pt0_33_j5_2.stl,13.752,545436,sat
../resources/benchmarks/random0/b0_r5_c10_l10000_i1000_ps0_25_pt0_33_j5_3.stl,-1,-1,TO
../resources/benchmarks/random0/b0_r5_c10_l10000_i1000_ps0_25_pt0_33_j5_4.stl,0.01,27507.2,unsat
../resources/benchmarks/random0/b0_r5_c10_l10000_i1000_ps0_25_pt0_33_j5_5.stl,-1,-1,TO
../resources/benchmarks/random0/b0_r5_c10_l10000_i1000_ps0_25_pt0_5_j10_1.stl,0.014,32226.4,unsat
../resources/benchmarks/random0/b0_r5_c10_l10000_i1000_ps0_25_pt0_5_j10_2.stl,-1,-1,TO
../resources/benchmarks/random0/b0_r5_c10_l10000_i1000_ps0_25_pt0_5_j10_3.stl,-1,-1,TO
../resources/benchmarks/random0/b0_r5_c10_l10000_i1000_ps0_25_pt0_5_j10_4.stl,0.01,32451.2,unsat
../resources/benchmarks/random0/b0_r5_c10_l10000_i1000_ps0_25_pt0_5_j10_5.stl,0.01,32452.8,unsat
../resources/benchmarks/random0/b0_r5_c10_l10000_i1000_ps0_25_pt0_5_j5_1.stl,-1,-1,TO
../resources/benchmarks/random0/b0_r5_c10_l10000_i1000_ps0_25_pt0_5_j5_2.stl,-1,-1,TO
../resources/benchmarks/random0/b0_r5_c10_l10000_i1000_ps0_25_pt0_5_j5_3.stl,-1,-1,TO
../resources/benchmarks/random0/b0_r5_c10_l10000_i1000_ps0_25_pt0_5_j5_4.stl,-1,-1,TO
../resources/benchmarks/random0/b0_r5_c10_l10000_i1000_ps0_25_pt0_5_j5_5.stl,0.18,41407.2,sat
../resources/benchmarks/random0/b0_r5_c10_l10000_i1000_ps0_25_pt0_75_j10_1.stl,-1,-1,TO
../resources/benchmarks/random0/b0_r5_c10_l10000_i1000_ps0_25_pt0_75_j10_2.stl,-1,-1,TO
../resources/benchmarks/random0/b0_r5_c10_l10000_i1000_ps0_25_pt0_75_j10_3.stl,-1,-1,TO
../resources/benchmarks/random0/b0_r5_c10_l10000_i1000_ps0_25_pt0_75_j10_4.stl,-1,-1,TO
../resources/benchmarks/random0/b0_r5_c10_l10000_i1000_ps0_25_pt0_75_j10_5.stl,-1,-1,TO
../resources/benchmarks/random0/b0_r5_c10_l10000_i1000_ps0_25_pt0_75_j5_1.stl,0.04,35287.2,sat
../resources/benchmarks/random0/b0_r5_c10_l10000_i1000_ps0_25_pt0_75_j5_2.stl,-1,-1,TO
../resources/benchmarks/random0/b0_r5_c10_l10000_i1000_ps0_25_pt0_75_j5_3.stl,-1,-1,TO
../resources/benchmarks/random0/b0_r5_c10_l10000_i1000_ps0_25_pt0_75_j5_4.stl,-1,-1,TO
../resources/benchmarks/random0/b0_r5_c10_l10000_i1000_ps0_25_pt0_75_j5_5.stl,0.01,32456,unsat
../resources/benchmarks/random0/b0_r5_c10_l10000_i1000_ps0_25_pt0_95_j10_1.stl,0.016,32444.8,unsat
../resources/benchmarks/random0/b0_r5_c10_l10000_i1000_ps0_25_pt0_95_j10_2.stl,-1,-1,TO
../resources/benchmarks/random0/b0_r5_c10_l10000_i1000_ps0_25_pt0_95_j10_3.stl,-1,-1,TO
../resources/benchmarks/random0/b0_r5_c10_l10000_i1000_ps0_25_pt0_95_j10_4.stl,-1,-1,TO
../resources/benchmarks/random0/b0_r5_c10_l10000_i1000_ps0_25_pt0_95_j10_5.stl,-1,-1,TO
../resources/benchmarks/random0/b0_r5_c10_l10000_i1000_ps0_25_pt0_95_j5_1.stl,0.18,37087.2,unsat
../resources/benchmarks/random0/b0_r5_c10_l10000_i1000_ps0_25_pt0_95_j5_2.stl,-1,-1,TO
../resources/benchmarks/random0/b0_r5_c10_l10000_i1000_ps0_25_pt0_95_j5_3.stl,-1,-1,TO
../resources/benchmarks/random0/b0_r5_c10_l10000_i1000_ps0_25_pt0_95_j5_4.stl,-1,-1,TO
../resources/benchmarks/random0/b0_r5_c10_l10000_i1000_ps0_25_pt0_95_j5_5.stl,-1,-1,TO
../resources/benchmarks/random0/b0_r5_c10_l10000_i1000_ps0_2_pt0_33_j10_1.stl,0.078,35632.8,sat
../resources/benchmarks/random0/b0_r5_c10_l10000_i1000_ps0_2_pt0_33_j10_2.stl,-1,-1,TO
../resources/benchmarks/random0/b0_r5_c10_l10000_i1000_ps0_2_pt0_33_j10_3.stl,-1,-1,TO
../resources/benchmarks/random0/b0_r5_c10_l10000_i1000_ps0_2_pt0_33_j10_4.stl,0.01,32460.8,unsat
../resources/benchmarks/random0/b0_r5_c10_l10000_i1000_ps0_2_pt0_33_j10_5.stl,0.02,32151.2,unsat
../resources/benchmarks/random0/b0_r5_c10_l10000_i1000_ps0_2_pt0_33_j5_1.stl,0.012,27774.4,unsat
../resources/benchmarks/random0/b0_r5_c10_l10000_i1000_ps0_2_pt0_33_j5_2.stl,-1,-1,TO
../resources/benchmarks/random0/b0_r5_c10_l10000_i1000_ps0_2_pt0_33_j5_3.stl,0.012,32758.4,sat
../resources/benchmarks/random0/b0_r5_c10_l10000_i1000_ps0_2_pt0_33_j5_4.stl,0.012,32141.6,unsat
../resources/benchmarks/random0/b0_r5_c10_l10000_i1000_ps0_2_pt0_33_j5_5.stl,-1,-1,TO
../resources/benchmarks/random0/b0_r5_c10_l10000_i1000_ps0_2_pt0_5_j10_1.stl,-1,-1,TO
../resources/benchmarks/random0/b0_r5_c10_l10000_i1000_ps0_2_pt0_5_j10_2.stl,-1,-1,TO
../resources/benchmarks/random0/b0_r5_c10_l10000_i1000_ps0_2_pt0_5_j10_3.stl,-1,-1,TO
../resources/benchmarks/random0/b0_r5_c10_l10000_i1000_ps0_2_pt0_5_j10_4.stl,-1,-1,TO
../resources/benchmarks/random0/b0_r5_c10_l10000_i1000_ps0_2_pt0_5_j10_5.stl,-1,-1,TO
../resources/benchmarks/random0/b0_r5_c10_l10000_i1000_ps0_2_pt0_5_j5_1.stl,-1,-1,TO
../resources/benchmarks/random0/b0_r5_c10_l10000_i1000_ps0_2_pt0_5_j5_2.stl,50.726,235834.4,sat
../resources/benchmarks/random0/b0_r5_c10_l10000_i1000_ps0_2_pt0_5_j5_3.stl,-1,-1,TO
../resources/benchmarks/random0/b0_r5_c10_l10000_i1000_ps0_2_pt0_5_j5_4.stl,16.972,113283.2,sat
../resources/benchmarks/random0/b0_r5_c10_l10000_i1000_ps0_2_pt0_5_j5_5.stl,-1,-1,TO
../resources/benchmarks/random0/b0_r5_c10_l10000_i1000_ps0_2_pt0_75_j10_1.stl,-1,-1,OOM
../resources/benchmarks/random0/b0_r5_c10_l10000_i1000_ps0_2_pt0_75_j10_2.stl,0.02,33472,unsat
../resources/benchmarks/random0/b0_r5_c10_l10000_i1000_ps0_2_pt0_75_j10_3.stl,-1,-1,TO
../resources/benchmarks/random0/b0_r5_c10_l10000_i1000_ps0_2_pt0_75_j10_4.stl,-1,-1,TO
../resources/benchmarks/random0/b0_r5_c10_l10000_i1000_ps0_2_pt0_75_j10_5.stl,0.034,35562.4,unsat
../resources/benchmarks/random0/b0_r5_c10_l10000_i1000_ps0_2_pt0_75_j5_1.stl,10.74,74454.4,sat
../resources/benchmarks/random0/b0_r5_c10_l10000_i1000_ps0_2_pt0_75_j5_2.stl,33.202,186178.4,unsat
../resources/benchmarks/random0/b0_r5_c10_l10000_i1000_ps0_2_pt0_75_j5_3.stl,-1,-1,TO
../resources/benchmarks/random0/b0_r5_c10_l10000_i1000_ps0_2_pt0_75_j5_4.stl,-1,-1,TO
../resources/benchmarks/random0/b0_r5_c10_l10000_i1000_ps0_2_pt0_75_j5_5.stl,-1,-1,TO
../resources/benchmarks/random0/b0_r5_c10_l10000_i1000_ps0_2_pt0_95_j10_1.stl,-1,-1,TO
../resources/benchmarks/random0/b0_r5_c10_l10000_i1000_ps0_2_pt0_95_j10_2.stl,-1,-1,TO
../resources/benchmarks/random0/b0_r5_c10_l10000_i1000_ps0_2_pt0_95_j10_3.stl,0.02,35265.6,unsat
../resources/benchmarks/random0/b0_r5_c10_l10000_i1000_ps0_2_pt0_95_j10_4.stl,-1,-1,TO
../resources/benchmarks/random0/b0_r5_c10_l10000_i1000_ps0_2_pt0_95_j10_5.stl,-1,-1,TO
../resources/benchmarks/random0/b0_r5_c10_l10000_i1000_ps0_2_pt0_95_j5_1.stl,-1,-1,TO
../resources/benchmarks/random0/b0_r5_c10_l10000_i1000_ps0_2_pt0_95_j5_2.stl,1.476,71512.8,unsat
../resources/benchmarks/random0/b0_r5_c10_l10000_i1000_ps0_2_pt0_95_j5_3.stl,-1,-1,TO
../resources/benchmarks/random0/b0_r5_c10_l10000_i1000_ps0_2_pt0_95_j5_4.stl,0.02,33418.4,unsat
../resources/benchmarks/random0/b0_r5_c10_l10000_i1000_ps0_2_pt0_95_j5_5.stl,-1,-1,TO
../resources/benchmarks/random0/b0_r5_c10_l10000_i50_ps0_05_pt0_33_j10_1.stl,-1,-1,TO
../resources/benchmarks/random0/b0_r5_c10_l10000_i50_ps0_05_pt0_33_j10_2.stl,-1,-1,TO
../resources/benchmarks/random0/b0_r5_c10_l10000_i50_ps0_05_pt0_33_j10_3.stl,-1,-1,TO
../resources/benchmarks/random0/b0_r5_c10_l10000_i50_ps0_05_pt0_33_j10_4.stl,-1,-1,TO
../resources/benchmarks/random0/b0_r5_c10_l10000_i50_ps0_05_pt0_33_j10_5.stl,0.2,44773.6,unsat
../resources/benchmarks/random0/b0_r5_c10_l10000_i50_ps0_05_pt0_33_j5_1.stl,-1,-1,TO
../resources/benchmarks/random0/b0_r5_c10_l10000_i50_ps0_05_pt0_33_j5_2.stl,-1,-1,TO
../resources/benchmarks/random0/b0_r5_c10_l10000_i50_ps0_05_pt0_33_j5_3.stl,-1,-1,TO
../resources/benchmarks/random0/b0_r5_c10_l10000_i50_ps0_05_pt0_33_j5_4.stl,-1,-1,TO
../resources/benchmarks/random0/b0_r5_c10_l10000_i50_ps0_05_pt0_33_j5_5.stl,-1,-1,TO
../resources/benchmarks/random0/b0_r5_c10_l10000_i50_ps0_05_pt0_5_j10_1.stl,-1,-1,TO
../resources/benchmarks/random0/b0_r5_c10_l10000_i50_ps0_05_pt0_5_j10_2.stl,-1,-1,TO
../resources/benchmarks/random0/b0_r5_c10_l10000_i50_ps0_05_pt0_5_j10_3.stl,-1,-1,TO
../resources/benchmarks/random0/b0_r5_c10_l10000_i50_ps0_05_pt0_5_j10_4.stl,-1,-1,TO
../resources/benchmarks/random0/b0_r5_c10_l10000_i50_ps0_05_pt0_5_j10_5.stl,-1,-1,TO
../resources/benchmarks/random0/b0_r5_c10_l10000_i50_ps0_05_pt0_5_j5_1.stl,-1,-1,TO
../resources/benchmarks/random0/b0_r5_c10_l10000_i50_ps0_05_pt0_5_j5_2.stl,-1,-1,TO
../resources/benchmarks/random0/b0_r5_c10_l10000_i50_ps0_05_pt0_5_j5_3.stl,-1,-1,TO
../resources/benchmarks/random0/b0_r5_c10_l10000_i50_ps0_05_pt0_5_j5_4.stl,-1,-1,TO
../resources/benchmarks/random0/b0_r5_c10_l10000_i50_ps0_05_pt0_5_j5_5.stl,-1,-1,TO
../resources/benchmarks/random0/b0_r5_c10_l10000_i50_ps0_05_pt0_75_j10_1.stl,-1,-1,TO
../resources/benchmarks/random0/b0_r5_c10_l10000_i50_ps0_05_pt0_75_j10_2.stl,-1,-1,TO
../resources/benchmarks/random0/b0_r5_c10_l10000_i50_ps0_05_pt0_75_j10_3.stl,-1,-1,TO
../resources/benchmarks/random0/b0_r5_c10_l10000_i50_ps0_05_pt0_75_j10_4.stl,-1,-1,TO
../resources/benchmarks/random0/b0_r5_c10_l10000_i50_ps0_05_pt0_75_j10_5.stl,-1,-1,TO
../resources/benchmarks/random0/b0_r5_c10_l10000_i50_ps0_05_pt0_75_j5_1.stl,-1,-1,TO
../resources/benchmarks/random0/b0_r5_c10_l10000_i50_ps0_05_pt0_75_j5_2.stl,-1,-1,TO
../resources/benchmarks/random0/b0_r5_c10_l10000_i50_ps0_05_pt0_75_j5_3.stl,-1,-1,TO
../resources/benchmarks/random0/b0_r5_c10_l10000_i50_ps0_05_pt0_75_j5_4.stl,-1,-1,TO
../resources/benchmarks/random0/b0_r5_c10_l10000_i50_ps0_05_pt0_75_j5_5.stl,-1,-1,TO
../resources/benchmarks/random0/b0_r5_c10_l10000_i50_ps0_05_pt0_95_j10_1.stl,0.694,46329.6,unsat
../resources/benchmarks/random0/b0_r5_c10_l10000_i50_ps0_05_pt0_95_j10_2.stl,-1,-1,TO
../resources/benchmarks/random0/b0_r5_c10_l10000_i50_ps0_05_pt0_95_j10_3.stl,-1,-1,TO
../resources/benchmarks/random0/b0_r5_c10_l10000_i50_ps0_05_pt0_95_j10_4.stl,-1,-1,TO
../resources/benchmarks/random0/b0_r5_c10_l10000_i50_ps0_05_pt0_95_j10_5.stl,-1,-1,TO
../resources/benchmarks/random0/b0_r5_c10_l10000_i50_ps0_05_pt0_95_j5_1.stl,-1,-1,TO
../resources/benchmarks/random0/b0_r5_c10_l10000_i50_ps0_05_pt0_95_j5_2.stl,-1,-1,TO
../resources/benchmarks/random0/b0_r5_c10_l10000_i50_ps0_05_pt0_95_j5_3.stl,-1,-1,TO
../resources/benchmarks/random0/b0_r5_c10_l10000_i50_ps0_05_pt0_95_j5_4.stl,-1,-1,TO
../resources/benchmarks/random0/b0_r5_c10_l10000_i50_ps0_05_pt0_95_j5_5.stl,-1,-1,TO
../resources/benchmarks/random0/b0_r5_c10_l10000_i50_ps0_15_pt0_33_j10_1.stl,-1,-1,TO
../resources/benchmarks/random0/b0_r5_c10_l10000_i50_ps0_15_pt0_33_j10_2.stl,0.032,35653.6,unsat
../resources/benchmarks/random0/b0_r5_c10_l10000_i50_ps0_15_pt0_33_j10_3.stl,0.012,32494.4,unsat
../resources/benchmarks/random0/b0_r5_c10_l10000_i50_ps0_15_pt0_33_j10_4.stl,-1,-1,TO
../resources/benchmarks/random0/b0_r5_c10_l10000_i50_ps0_15_pt0_33_j10_5.stl,-1,-1,TO
../resources/benchmarks/random0/b0_r5_c10_l10000_i50_ps0_15_pt0_33_j5_1.stl,-1,-1,TO
../resources/benchmarks/random0/b0_r5_c10_l10000_i50_ps0_15_pt0_33_j5_2.stl,-1,-1,TO
../resources/benchmarks/random0/b0_r5_c10_l10000_i50_ps0_15_pt0_33_j5_3.stl,-1,-1,TO
../resources/benchmarks/random0/b0_r5_c10_l10000_i50_ps0_15_pt0_33_j5_4.stl,-1,-1,TO
../resources/benchmarks/random0/b0_r5_c10_l10000_i50_ps0_15_pt0_33_j5_5.stl,-1,-1,TO
../resources/benchmarks/random0/b0_r5_c10_l10000_i50_ps0_15_pt0_5_j10_1.stl,-1,-1,TO
../resources/benchmarks/random0/b0_r5_c10_l10000_i50_ps0_15_pt0_5_j10_2.stl,-1,-1,TO
../resources/benchmarks/random0/b0_r5_c10_l10000_i50_ps0_15_pt0_5_j10_3.stl,-1,-1,TO
../resources/benchmarks/random0/b0_r5_c10_l10000_i50_ps0_15_pt0_5_j10_4.stl,-1,-1,TO
../resources/benchmarks/random0/b0_r5_c10_l10000_i50_ps0_15_pt0_5_j10_5.stl,-1,-1,TO
../resources/benchmarks/random0/b0_r5_c10_l10000_i50_ps0_15_pt0_5_j5_1.stl,-1,-1,TO
../resources/benchmarks/random0/b0_r5_c10_l10000_i50_ps0_15_pt0_5_j5_2.stl,-1,-1,TO
../resources/benchmarks/random0/b0_r5_c10_l10000_i50_ps0_15_pt0_5_j5_3.stl,-1,-1,TO
../resources/benchmarks/random0/b0_r5_c10_l10000_i50_ps0_15_pt0_5_j5_4.stl,0.01,32492.8,unsat
../resources/benchmarks/random0/b0_r5_c10_l10000_i50_ps0_15_pt0_5_j5_5.stl,-1,-1,TO
../resources/benchmarks/random0/b0_r5_c10_l10000_i50_ps0_15_pt0_75_j10_1.stl,-1,-1,TO
../resources/benchmarks/random0/b0_r5_c10_l10000_i50_ps0_15_pt0_75_j10_2.stl,-1,-1,TO
../resources/benchmarks/random0/b0_r5_c10_l10000_i50_ps0_15_pt0_75_j10_3.stl,0.02,32468,unsat
../resources/benchmarks/random0/b0_r5_c10_l10000_i50_ps0_15_pt0_75_j10_4.stl,-1,-1,OOM
../resources/benchmarks/random0/b0_r5_c10_l10000_i50_ps0_15_pt0_75_j10_5.stl,-1,-1,TO
../resources/benchmarks/random0/b0_r5_c10_l10000_i50_ps0_15_pt0_75_j5_1.stl,0.05,34688.8,sat
../resources/benchmarks/random0/b0_r5_c10_l10000_i50_ps0_15_pt0_75_j5_2.stl,-1,-1,TO
../resources/benchmarks/random0/b0_r5_c10_l10000_i50_ps0_15_pt0_75_j5_3.stl,-1,-1,TO
../resources/benchmarks/random0/b0_r5_c10_l10000_i50_ps0_15_pt0_75_j5_4.stl,0.372,44769.6,unsat
../resources/benchmarks/random0/b0_r5_c10_l10000_i50_ps0_15_pt0_75_j5_5.stl,-1,-1,TO
../resources/benchmarks/random0/b0_r5_c10_l10000_i50_ps0_15_pt0_95_j10_1.stl,-1,-1,TO
../resources/benchmarks/random0/b0_r5_c10_l10000_i50_ps0_15_pt0_95_j10_2.stl,-1,-1,TO
../resources/benchmarks/random0/b0_r5_c10_l10000_i50_ps0_15_pt0_95_j10_3.stl,-1,-1,TO
../resources/benchmarks/random0/b0_r5_c10_l10000_i50_ps0_15_pt0_95_j10_4.stl,-1,-1,OOM
../resources/benchmarks/random0/b0_r5_c10_l10000_i50_ps0_15_pt0_95_j10_5.stl,-1,-1,TO
../resources/benchmarks/random0/b0_r5_c10_l10000_i50_ps0_15_pt0_95_j5_1.stl,-1,-1,TO
../resources/benchmarks/random0/b0_r5_c10_l10000_i50_ps0_15_pt0_95_j5_2.stl,-1,-1,TO
../resources/benchmarks/random0/b0_r5_c10_l10000_i50_ps0_15_pt0_95_j5_3.stl,-1,-1,TO
../resources/benchmarks/random0/b0_r5_c10_l10000_i50_ps0_15_pt0_95_j5_4.stl,-1,-1,TO
../resources/benchmarks/random0/b0_r5_c10_l10000_i50_ps0_15_pt0_95_j5_5.stl,-1,-1,TO
../resources/benchmarks/random0/b0_r5_c10_l10000_i50_ps0_1_pt0_33_j10_1.stl,0.01,29295.2,unsat
../resources/benchmarks/random0/b0_r5_c10_l10000_i50_ps0_1_pt0_33_j10_2.stl,0.01,27791.2,unsat
../resources/benchmarks/random0/b0_r5_c10_l10000_i50_ps0_1_pt0_33_j10_3.stl,-1,-1,TO
../resources/benchmarks/random0/b0_r5_c10_l10000_i50_ps0_1_pt0_33_j10_4.stl,-1,-1,TO
../resources/benchmarks/random0/b0_r5_c10_l10000_i50_ps0_1_pt0_33_j10_5.stl,0.04,35513.6,unsat
../resources/benchmarks/random0/b0_r5_c10_l10000_i50_ps0_1_pt0_33_j5_1.stl,-1,-1,TO
../resources/benchmarks/random0/b0_r5_c10_l10000_i50_ps0_1_pt0_33_j5_2.stl,0.03,35588,unsat
../resources/benchmarks/random0/b0_r5_c10_l10000_i50_ps0_1_pt0_33_j5_3.stl,0.01,27799.2,unsat
../resources/benchmarks/random0/b0_r5_c10_l10000_i50_ps0_1_pt0_33_j5_4.stl,-1,-1,TO
../resources/benchmarks/random0/b0_r5_c10_l10000_i50_ps0_1_pt0_33_j5_5.stl,4.244,91071.2,sat
../resources/benchmarks/random0/b0_r5_c10_l10000_i50_ps0_1_pt0_5_j10_1.stl,-1,-1,TO
../resources/benchmarks/random0/b0_r5_c10_l10000_i50_ps0_1_pt0_5_j10_2.stl,-1,-1,TO
../resources/benchmarks/random0/b0_r5_c10_l10000_i50_ps0_1_pt0_5_j10_3.stl,-1,-1,TO
../resources/benchmarks/random0/b0_r5_c10_l10000_i50_ps0_1_pt0_5_j10_4.stl,-1,-1,TO
../resources/benchmarks/random0/b0_r5_c10_l10000_i50_ps0_1_pt0_5_j10_5.stl,-1,-1,TO
../resources/benchmarks/random0/b0_r5_c10_l10000_i50_ps0_1_pt0_5_j5_1.stl,-1,-1,TO
../resources/benchmarks/random0/b0_r5_c10_l10000_i50_ps0_1_pt0_5_j5_2.stl,-1,-1,TO
../resources/benchmarks/random0/b0_r5_c10_l10000_i50_ps0_1_pt0_5_j5_3.stl,-1,-1,TO
../resources/benchmarks/random0/b0_r5_c10_l10000_i50_ps0_1_pt0_5_j5_4.stl,-1,-1,TO
../resources/benchmarks/random0/b0_r5_c10_l10000_i50_ps0_1_pt0_5_j5_5.stl,-1,-1,TO
../resources/benchmarks/random0/b0_r5_c10_l10000_i50_ps0_1_pt0_75_j10_1.stl,-1,-1,TO
../resources/benchmarks/random0/b0_r5_c10_l10000_i50_ps0_1_pt0_75_j10_2.stl,-1,-1,TO
../resources/benchmarks/random0/b0_r5_c10_l10000_i50_ps0_1_pt0_75_j10_3.stl,0.03,32432,unsat
../resources/benchmarks/random0/b0_r5_c10_l10000_i50_ps0_1_pt0_75_j10_4.stl,-1,-1,TO
../resources/benchmarks/random0/b0_r5_c10_l10000_i50_ps0_1_pt0_75_j10_5.stl,0.03,32422.4,unsat
../resources/benchmarks/random0/b0_r5_c10_l10000_i50_ps0_1_pt0_75_j5_1.stl,-1,-1,TO
../resources/benchmarks/random0/b0_r5_c10_l10000_i50_ps0_1_pt0_75_j5_2.stl,-1,-1,TO
../resources/benchmarks/random0/b0_r5_c10_l10000_i50_ps0_1_pt0_75_j5_3.stl,-1,-1,TO
../resources/benchmarks/random0/b0_r5_c10_l10000_i50_ps0_1_pt0_75_j5_4.stl,-1,-1,TO
../resources/benchmarks/random0/b0_r5_c10_l10000_i50_ps0_1_pt0_75_j5_5.stl,-1,-1,TO
../resources/benchmarks/random0/b0_r5_c10_l10000_i50_ps0_1_pt0_95_j10_1.stl,-1,-1,TO
../resources/benchmarks/random0/b0_r5_c10_l10000_i50_ps0_1_pt0_95_j10_2.stl,0.05,35562.4,unsat
../resources/benchmarks/random0/b0_r5_c10_l10000_i50_ps0_1_pt0_95_j10_3.stl,-1,-1,TO
../resources/benchmarks/random0/b0_r5_c10_l10000_i50_ps0_1_pt0_95_j10_4.stl,-1,-1,TO
../resources/benchmarks/random0/b0_r5_c10_l10000_i50_ps0_1_pt0_95_j10_5.stl,-1,-1,TO
../resources/benchmarks/random0/b0_r5_c10_l10000_i50_ps0_1_pt0_95_j5_1.stl,-1,-1,TO
../resources/benchmarks/random0/b0_r5_c10_l10000_i50_ps0_1_pt0_95_j5_2.stl,-1,-1,TO
../resources/benchmarks/random0/b0_r5_c10_l10000_i50_ps0_1_pt0_95_j5_3.stl,-1,-1,TO
../resources/benchmarks/random0/b0_r5_c10_l10000_i50_ps0_1_pt0_95_j5_4.stl,1.62,52488.8,unsat
../resources/benchmarks/random0/b0_r5_c10_l10000_i50_ps0_1_pt0_95_j5_5.stl,-1,-1,TO
../resources/benchmarks/random0/b0_r5_c10_l10000_i50_ps0_25_pt0_33_j10_1.stl,0.546,49396,sat
../resources/benchmarks/random0/b0_r5_c10_l10000_i50_ps0_25_pt0_33_j10_2.stl,0.01,27819.2,unsat
../resources/benchmarks/random0/b0_r5_c10_l10000_i50_ps0_25_pt0_33_j10_3.stl,0.01,32444.8,unsat
../resources/benchmarks/random0/b0_r5_c10_l10000_i50_ps0_25_pt0_33_j10_4.stl,0.01,27794.4,unsat
../resources/benchmarks/random0/b0_r5_c10_l10000_i50_ps0_25_pt0_33_j10_5.stl,0.012,32492,unsat
../resources/benchmarks/random0/b0_r5_c10_l10000_i50_ps0_25_pt0_33_j5_1.stl,32.746,292384,sat
../resources/benchmarks/random0/b0_r5_c10_l10000_i50_ps0_25_pt0_33_j5_2.stl,0.01,34056.8,sat
../resources/benchmarks/random0/b0_r5_c10_l10000_i50_ps0_25_pt0_33_j5_3.stl,0.02,34028.8,sat
../resources/benchmarks/random0/b0_r5_c10_l10000_i50_ps0_25_pt0_33_j5_4.stl,0.062,37045.6,sat
../resources/benchmarks/random0/b0_r5_c10_l10000_i50_ps0_25_pt0_33_j5_5.stl,2.202,66808,sat
../resources/benchmarks/random0/b0_r5_c10_l10000_i50_ps0_25_pt0_5_j10_1.stl,-1,-1,TO
../resources/benchmarks/random0/b0_r5_c10_l10000_i50_ps0_25_pt0_5_j10_2.stl,-1,-1,TO
../resources/benchmarks/random0/b0_r5_c10_l10000_i50_ps0_25_pt0_5_j10_3.stl,0.012,32458.4,unsat
../resources/benchmarks/random0/b0_r5_c10_l10000_i50_ps0_25_pt0_5_j10_4.stl,0.012,32464,unsat
../resources/benchmarks/random0/b0_r5_c10_l10000_i50_ps0_25_pt0_5_j10_5.stl,-1,-1,TO
../resources/benchmarks/random0/b0_r5_c10_l10000_i50_ps0_25_pt0_5_j5_1.stl,1.42,60174.4,sat
../resources/benchmarks/random0/b0_r5_c10_l10000_i50_ps0_25_pt0_5_j5_2.stl,0.01,32444.8,unsat
../resources/benchmarks/random0/b0_r5_c10_l10000_i50_ps0_25_pt0_5_j5_3.stl,0.01,32453.6,unsat
../resources/benchmarks/random0/b0_r5_c10_l10000_i50_ps0_25_pt0_5_j5_4.stl,-1,-1,TO
../resources/benchmarks/random0/b0_r5_c10_l10000_i50_ps0_25_pt0_5_j5_5.stl,-1,-1,TO
../resources/benchmarks/random0/b0_r5_c10_l10000_i50_ps0_25_pt0_75_j10_1.stl,-1,-1,TO
../resources/benchmarks/random0/b0_r5_c10_l10000_i50_ps0_25_pt0_75_j10_2.stl,0.014,32487.2,unsat
../resources/benchmarks/random0/b0_r5_c10_l10000_i50_ps0_25_pt0_75_j10_3.stl,-1,-1,TO
../resources/benchmarks/random0/b0_r5_c10_l10000_i50_ps0_25_pt0_75_j10_4.stl,-1,-1,TO
../resources/benchmarks/random0/b0_r5_c10_l10000_i50_ps0_25_pt0_75_j10_5.stl,-1,-1,TO
../resources/benchmarks/random0/b0_r5_c10_l10000_i50_ps0_25_pt0_75_j5_1.stl,1.734,67838.4,sat
../resources/benchmarks/random0/b0_r5_c10_l10000_i50_ps0_25_pt0_75_j5_2.stl,-1,-1,TO
../resources/benchmarks/random0/b0_r5_c10_l10000_i50_ps0_25_pt0_75_j5_3.stl,0.01,34049.6,unsat
../resources/benchmarks/random0/b0_r5_c10_l10000_i50_ps0_25_pt0_75_j5_4.stl,-1,-1,TO
../resources/benchmarks/random0/b0_r5_c10_l10000_i50_ps0_25_pt0_75_j5_5.stl,0.02,34081.6,sat
../resources/benchmarks/random0/b0_r5_c10_l10000_i50_ps0_25_pt0_95_j10_1.stl,-1,-1,TO
../resources/benchmarks/random0/b0_r5_c10_l10000_i50_ps0_25_pt0_95_j10_2.stl,-1,-1,TO
../resources/benchmarks/random0/b0_r5_c10_l10000_i50_ps0_25_pt0_95_j10_3.stl,-1,-1,TO
../resources/benchmarks/random0/b0_r5_c10_l10000_i50_ps0_25_pt0_95_j10_4.stl,-1,-1,TO
../resources/benchmarks/random0/b0_r5_c10_l10000_i50_ps0_25_pt0_95_j10_5.stl,0.014,32436.8,unsat
../resources/benchmarks/random0/b0_r5_c10_l10000_i50_ps0_25_pt0_95_j5_1.stl,0.026,35572.8,unsat
../resources/benchmarks/random0/b0_r5_c10_l10000_i50_ps0_25_pt0_95_j5_2.stl,-1,-1,TO
../resources/benchmarks/random0/b0_r5_c10_l10000_i50_ps0_25_pt0_95_j5_3.stl,0.01,32145.6,unsat
../resources/benchmarks/random0/b0_r5_c10_l10000_i50_ps0_25_pt0_95_j5_4.stl,-1,-1,TO
../resources/benchmarks/random0/b0_r5_c10_l10000_i50_ps0_25_pt0_95_j5_5.stl,-1,-1,OOM
../resources/benchmarks/random0/b0_r5_c10_l10000_i50_ps0_2_pt0_33_j10_1.stl,0.01,32720,sat
../resources/benchmarks/random0/b0_r5_c10_l10000_i50_ps0_2_pt0_33_j10_2.stl,-1,-1,TO
../resources/benchmarks/random0/b0_r5_c10_l10000_i50_ps0_2_pt0_33_j10_3.stl,-1,-1,TO
../resources/benchmarks/random0/b0_r5_c10_l10000_i50_ps0_2_pt0_33_j10_4.stl,-1,-1,TO
../resources/benchmarks/random0/b0_r5_c10_l10000_i50_ps0_2_pt0_33_j10_5.stl,3.662,108864,sat
../resources/benchmarks/random0/b0_r5_c10_l10000_i50_ps0_2_pt0_33_j5_1.stl,87.996,1299313.6,sat
../resources/benchmarks/random0/b0_r5_c10_l10000_i50_ps0_2_pt0_33_j5_2.stl,0.01,32424.8,sat
../resources/benchmarks/random0/b0_r5_c10_l10000_i50_ps0_2_pt0_33_j5_3.stl,-1,-1,TO
../resources/benchmarks/random0/b0_r5_c10_l10000_i50_ps0_2_pt0_33_j5_4.stl,0.18,40749.6,sat
../resources/benchmarks/random0/b0_r5_c10_l10000_i50_ps0_2_pt0_33_j5_5.stl,-1,-1,TO
../resources/benchmarks/random0/b0_r5_c10_l10000_i50_ps0_2_pt0_5_j10_1.stl,-1,-1,TO
../resources/benchmarks/random0/b0_r5_c10_l10000_i50_ps0_2_pt0_5_j10_2.stl,0.016,32441.6,unsat
../resources/benchmarks/random0/b0_r5_c10_l10000_i50_ps0_2_pt0_5_j10_3.stl,-1,-1,TO
../resources/benchmarks/random0/b0_r5_c10_l10000_i50_ps0_2_pt0_5_j10_4.stl,-1,-1,TO
../resources/benchmarks/random0/b0_r5_c10_l10000_i50_ps0_2_pt0_5_j10_5.stl,1.888,448412,unsat
../resources/benchmarks/random0/b0_r5_c10_l10000_i50_ps0_2_pt0_5_j5_1.stl,-1,-1,TO
../resources/benchmarks/random0/b0_r5_c10_l10000_i50_ps0_2_pt0_5_j5_2.stl,-1,-1,TO
../resources/benchmarks/random0/b0_r5_c10_l10000_i50_ps0_2_pt0_5_j5_3.stl,-1,-1,TO
../resources/benchmarks/random0/b0_r5_c10_l10000_i50_ps0_2_pt0_5_j5_4.stl,-1,-1,TO
../resources/benchmarks/random0/b0_r5_c10_l10000_i50_ps0_2_pt0_5_j5_5.stl,-1,-1,TO
../resources/benchmarks/random0/b0_r5_c10_l10000_i50_ps0_2_pt0_75_j10_1.stl,0.02,32454.4,unsat
../resources/benchmarks/random0/b0_r5_c10_l10000_i50_ps0_2_pt0_75_j10_2.stl,-1,-1,TO
../resources/benchmarks/random0/b0_r5_c10_l10000_i50_ps0_2_pt0_75_j10_3.stl,-1,-1,TO
../resources/benchmarks/random0/b0_r5_c10_l10000_i50_ps0_2_pt0_75_j10_4.stl,-1,-1,TO
../resources/benchmarks/random0/b0_r5_c10_l10000_i50_ps0_2_pt0_75_j10_5.stl,-1,-1,TO
../resources/benchmarks/random0/b0_r5_c10_l10000_i50_ps0_2_pt0_75_j5_1.stl,-1,-1,TO
../resources/benchmarks/random0/b0_r5_c10_l10000_i50_ps0_2_pt0_75_j5_2.stl,-1,-1,TO
../resources/benchmarks/random0/b0_r5_c10_l10000_i50_ps0_2_pt0_75_j5_3.stl,-1,-1,TO
../resources/benchmarks/random0/b0_r5_c10_l10000_i50_ps0_2_pt0_75_j5_4.stl,-1,-1,TO
../resources/benchmarks/random0/b0_r5_c10_l10000_i50_ps0_2_pt0_75_j5_5.stl,0.01,32431.2,unsat
../resources/benchmarks/random0/b0_r5_c10_l10000_i50_ps0_2_pt0_95_j10_1.stl,-1,-1,TO
../resources/benchmarks/random0/b0_r5_c10_l10000_i50_ps0_2_pt0_95_j10_2.stl,-1,-1,TO
../resources/benchmarks/random0/b0_r5_c10_l10000_i50_ps0_2_pt0_95_j10_3.stl,-1,-1,TO
../resources/benchmarks/random0/b0_r5_c10_l10000_i50_ps0_2_pt0_95_j10_4.stl,-1,-1,TO
../resources/benchmarks/random0/b0_r5_c10_l10000_i50_ps0_2_pt0_95_j10_5.stl,-1,-1,TO
../resources/benchmarks/random0/b0_r5_c10_l10000_i50_ps0_2_pt0_95_j5_1.stl,-1,-1,TO
../resources/benchmarks/random0/b0_r5_c10_l10000_i50_ps0_2_pt0_95_j5_2.stl,-1,-1,TO
../resources/benchmarks/random0/b0_r5_c10_l10000_i50_ps0_2_pt0_95_j5_3.stl,-1,-1,TO
../resources/benchmarks/random0/b0_r5_c10_l10000_i50_ps0_2_pt0_95_j5_4.stl,-1,-1,TO
../resources/benchmarks/random0/b0_r5_c10_l10000_i50_ps0_2_pt0_95_j5_5.stl,-1,-1,TO
../resources/benchmarks/random0/b0_r5_c10_l1000_i1000_ps0_05_pt0_33_j10_1.stl,-1,-1,TO
../resources/benchmarks/random0/b0_r5_c10_l1000_i1000_ps0_05_pt0_33_j10_2.stl,-1,-1,TO
../resources/benchmarks/random0/b0_r5_c10_l1000_i1000_ps0_05_pt0_33_j10_3.stl,-1,-1,TO
../resources/benchmarks/random0/b0_r5_c10_l1000_i1000_ps0_05_pt0_33_j10_4.stl,-1,-1,TO
../resources/benchmarks/random0/b0_r5_c10_l1000_i1000_ps0_05_pt0_33_j10_5.stl,-1,-1,TO
../resources/benchmarks/random0/b0_r5_c10_l1000_i1000_ps0_05_pt0_33_j5_1.stl,-1,-1,TO
../resources/benchmarks/random0/b0_r5_c10_l1000_i1000_ps0_05_pt0_33_j5_2.stl,-1,-1,TO
../resources/benchmarks/random0/b0_r5_c10_l1000_i1000_ps0_05_pt0_33_j5_3.stl,-1,-1,TO
../resources/benchmarks/random0/b0_r5_c10_l1000_i1000_ps0_05_pt0_33_j5_4.stl,-1,-1,TO
../resources/benchmarks/random0/b0_r5_c10_l1000_i1000_ps0_05_pt0_33_j5_5.stl,-1,-1,TO
../resources/benchmarks/random0/b0_r5_c10_l1000_i1000_ps0_05_pt0_5_j10_1.stl,-1,-1,TO
../resources/benchmarks/random0/b0_r5_c10_l1000_i1000_ps0_05_pt0_5_j10_2.stl,-1,-1,TO
../resources/benchmarks/random0/b0_r5_c10_l1000_i1000_ps0_05_pt0_5_j10_3.stl,-1,-1,TO
../resources/benchmarks/random0/b0_r5_c10_l1000_i1000_ps0_05_pt0_5_j10_4.stl,-1,-1,TO
../resources/benchmarks/random0/b0_r5_c10_l1000_i1000_ps0_05_pt0_5_j10_5.stl,-1,-1,TO
../resources/benchmarks/random0/b0_r5_c10_l1000_i1000_ps0_05_pt0_5_j5_1.stl,-1,-1,TO
../resources/benchmarks/random0/b0_r5_c10_l1000_i1000_ps0_05_pt0_5_j5_2.stl,-1,-1,TO
../resources/benchmarks/random0/b0_r5_c10_l1000_i1000_ps0_05_pt0_5_j5_3.stl,-1,-1,TO
../resources/benchmarks/random0/b0_r5_c10_l1000_i1000_ps0_05_pt0_5_j5_4.stl,-1,-1,TO
../resources/benchmarks/random0/b0_r5_c10_l1000_i1000_ps0_05_pt0_5_j5_5.stl,-1,-1,TO
../resources/benchmarks/random0/b0_r5_c10_l1000_i1000_ps0_05_pt0_75_j10_1.stl,-1,-1,TO
../resources/benchmarks/random0/b0_r5_c10_l1000_i1000_ps0_05_pt0_75_j10_2.stl,-1,-1,TO
../resources/benchmarks/random0/b0_r5_c10_l1000_i1000_ps0_05_pt0_75_j10_3.stl,-1,-1,TO
../resources/benchmarks/random0/b0_r5_c10_l1000_i1000_ps0_05_pt0_75_j10_4.stl,-1,-1,TO
../resources/benchmarks/random0/b0_r5_c10_l1000_i1000_ps0_05_pt0_75_j10_5.stl,-1,-1,TO
../resources/benchmarks/random0/b0_r5_c10_l1000_i1000_ps0_05_pt0_75_j5_1.stl,-1,-1,TO
../resources/benchmarks/random0/b0_r5_c10_l1000_i1000_ps0_05_pt0_75_j5_2.stl,-1,-1,TO
../resources/benchmarks/random0/b0_r5_c10_l1000_i1000_ps0_05_pt0_75_j5_3.stl,-1,-1,TO
../resources/benchmarks/random0/b0_r5_c10_l1000_i1000_ps0_05_pt0_75_j5_4.stl,-1,-1,TO
../resources/benchmarks/random0/b0_r5_c10_l1000_i1000_ps0_05_pt0_75_j5_5.stl,-1,-1,TO
../resources/benchmarks/random0/b0_r5_c10_l1000_i1000_ps0_05_pt0_95_j10_1.stl,-1,-1,TO
../resources/benchmarks/random0/b0_r5_c10_l1000_i1000_ps0_05_pt0_95_j10_2.stl,-1,-1,TO
../resources/benchmarks/random0/b0_r5_c10_l1000_i1000_ps0_05_pt0_95_j10_3.stl,-1,-1,TO
../resources/benchmarks/random0/b0_r5_c10_l1000_i1000_ps0_05_pt0_95_j10_4.stl,-1,-1,TO
../resources/benchmarks/random0/b0_r5_c10_l1000_i1000_ps0_05_pt0_95_j10_5.stl,-1,-1,TO
../resources/benchmarks/random0/b0_r5_c10_l1000_i1000_ps0_05_pt0_95_j5_1.stl,-1,-1,TO
../resources/benchmarks/random0/b0_r5_c10_l1000_i1000_ps0_05_pt0_95_j5_2.stl,-1,-1,TO
../resources/benchmarks/random0/b0_r5_c10_l1000_i1000_ps0_05_pt0_95_j5_3.stl,-1,-1,TO
../resources/benchmarks/random0/b0_r5_c10_l1000_i1000_ps0_05_pt0_95_j5_4.stl,-1,-1,TO
../resources/benchmarks/random0/b0_r5_c10_l1000_i1000_ps0_05_pt0_95_j5_5.stl,-1,-1,TO
../resources/benchmarks/random0/b0_r5_c10_l1000_i1000_ps0_15_pt0_33_j10_1.stl,-1,-1,TO
../resources/benchmarks/random0/b0_r5_c10_l1000_i1000_ps0_15_pt0_33_j10_2.stl,0.01,27804.8,unsat
../resources/benchmarks/random0/b0_r5_c10_l1000_i1000_ps0_15_pt0_33_j10_3.stl,0.02,32459.2,unsat
../resources/benchmarks/random0/b0_r5_c10_l1000_i1000_ps0_15_pt0_33_j10_4.stl,0.01,27821.6,unsat
../resources/benchmarks/random0/b0_r5_c10_l1000_i1000_ps0_15_pt0_33_j10_5.stl,0.02,32455.2,unsat
../resources/benchmarks/random0/b0_r5_c10_l1000_i1000_ps0_15_pt0_33_j5_1.stl,0.01,27814.4,unsat
../resources/benchmarks/random0/b0_r5_c10_l1000_i1000_ps0_15_pt0_33_j5_2.stl,-1,-1,TO
../resources/benchmarks/random0/b0_r5_c10_l1000_i1000_ps0_15_pt0_33_j5_3.stl,0.018000000000000002,32480.8,unsat
../resources/benchmarks/random0/b0_r5_c10_l1000_i1000_ps0_15_pt0_33_j5_4.stl,-1,-1,TO
../resources/benchmarks/random0/b0_r5_c10_l1000_i1000_ps0_15_pt0_33_j5_5.stl,-1,-1,TO
../resources/benchmarks/random0/b0_r5_c10_l1000_i1000_ps0_15_pt0_5_j10_1.stl,-1,-1,TO
../resources/benchmarks/random0/b0_r5_c10_l1000_i1000_ps0_15_pt0_5_j10_2.stl,-1,-1,TO
../resources/benchmarks/random0/b0_r5_c10_l1000_i1000_ps0_15_pt0_5_j10_3.stl,-1,-1,TO
../resources/benchmarks/random0/b0_r5_c10_l1000_i1000_ps0_15_pt0_5_j10_4.stl,-1,-1,TO
../resources/benchmarks/random0/b0_r5_c10_l1000_i1000_ps0_15_pt0_5_j10_5.stl,0.01,27792,unsat
../resources/benchmarks/random0/b0_r5_c10_l1000_i1000_ps0_15_pt0_5_j5_1.stl,-1,-1,TO
../resources/benchmarks/random0/b0_r5_c10_l1000_i1000_ps0_15_pt0_5_j5_2.stl,-1,-1,OOM
../resources/benchmarks/random0/b0_r5_c10_l1000_i1000_ps0_15_pt0_5_j5_3.stl,0.01,32444.8,sat
../resources/benchmarks/random0/b0_r5_c10_l1000_i1000_ps0_15_pt0_5_j5_4.stl,-1,-1,TO
../resources/benchmarks/random0/b0_r5_c10_l1000_i1000_ps0_15_pt0_5_j5_5.stl,0.02,34031.2,sat
../resources/benchmarks/random0/b0_r5_c10_l1000_i1000_ps0_15_pt0_75_j10_1.stl,-1,-1,TO
../resources/benchmarks/random0/b0_r5_c10_l1000_i1000_ps0_15_pt0_75_j10_2.stl,0.164,43261.6,unsat
../resources/benchmarks/random0/b0_r5_c10_l1000_i1000_ps0_15_pt0_75_j10_3.stl,-1,-1,TO
../resources/benchmarks/random0/b0_r5_c10_l1000_i1000_ps0_15_pt0_75_j10_4.stl,-1,-1,TO
../resources/benchmarks/random0/b0_r5_c10_l1000_i1000_ps0_15_pt0_75_j10_5.stl,-1,-1,TO
../resources/benchmarks/random0/b0_r5_c10_l1000_i1000_ps0_15_pt0_75_j5_1.stl,0.03,35254.4,unsat
../resources/benchmarks/random0/b0_r5_c10_l1000_i1000_ps0_15_pt0_75_j5_2.stl,-1,-1,TO
../resources/benchmarks/random0/b0_r5_c10_l1000_i1000_ps0_15_pt0_75_j5_3.stl,-1,-1,TO
../resources/benchmarks/random0/b0_r5_c10_l1000_i1000_ps0_15_pt0_75_j5_4.stl,-1,-1,TO
../resources/benchmarks/random0/b0_r5_c10_l1000_i1000_ps0_15_pt0_75_j5_5.stl,-1,-1,TO
../resources/benchmarks/random0/b0_r5_c10_l1000_i1000_ps0_15_pt0_95_j10_1.stl,-1,-1,TO
../resources/benchmarks/random0/b0_r5_c10_l1000_i1000_ps0_15_pt0_95_j10_2.stl,-1,-1,TO
../resources/benchmarks/random0/b0_r5_c10_l1000_i1000_ps0_15_pt0_95_j10_3.stl,-1,-1,TO
../resources/benchmarks/random0/b0_r5_c10_l1000_i1000_ps0_15_pt0_95_j10_4.stl,-1,-1,OOM
../resources/benchmarks/random0/b0_r5_c10_l1000_i1000_ps0_15_pt0_95_j10_5.stl,-1,-1,TO
../resources/benchmarks/random0/b0_r5_c10_l1000_i1000_ps0_15_pt0_95_j5_1.stl,-1,-1,TO
../resources/benchmarks/random0/b0_r5_c10_l1000_i1000_ps0_15_pt0_95_j5_2.stl,-1,-1,TO
../resources/benchmarks/random0/b0_r5_c10_l1000_i1000_ps0_15_pt0_95_j5_3.stl,-1,-1,TO
../resources/benchmarks/random0/b0_r5_c10_l1000_i1000_ps0_15_pt0_95_j5_4.stl,-1,-1,TO
../resources/benchmarks/random0/b0_r5_c10_l1000_i1000_ps0_15_pt0_95_j5_5.stl,0.01,34047.2,unsat
../resources/benchmarks/random0/b0_r5_c10_l1000_i1000_ps0_1_pt0_33_j10_1.stl,-1,-1,TO
../resources/benchmarks/random0/b0_r5_c10_l1000_i1000_ps0_1_pt0_33_j10_2.stl,-1,-1,TO
../resources/benchmarks/random0/b0_r5_c10_l1000_i1000_ps0_1_pt0_33_j10_3.stl,0.02,32459.2,unsat
../resources/benchmarks/random0/b0_r5_c10_l1000_i1000_ps0_1_pt0_33_j10_4.stl,-1,-1,TO
../resources/benchmarks/random0/b0_r5_c10_l1000_i1000_ps0_1_pt0_33_j10_5.stl,0.04,35556.8,unsat
../resources/benchmarks/random0/b0_r5_c10_l1000_i1000_ps0_1_pt0_33_j5_1.stl,0.04,37094.4,sat
../resources/benchmarks/random0/b0_r5_c10_l1000_i1000_ps0_1_pt0_33_j5_2.stl,-1,-1,TO
../resources/benchmarks/random0/b0_r5_c10_l1000_i1000_ps0_1_pt0_33_j5_3.stl,-1,-1,TO
../resources/benchmarks/random0/b0_r5_c10_l1000_i1000_ps0_1_pt0_33_j5_4.stl,-1,-1,TO
../resources/benchmarks/random0/b0_r5_c10_l1000_i1000_ps0_1_pt0_33_j5_5.stl,0.186,41750.4,sat
../resources/benchmarks/random0/b0_r5_c10_l1000_i1000_ps0_1_pt0_5_j10_1.stl,-1,-1,TO
../resources/benchmarks/random0/b0_r5_c10_l1000_i1000_ps0_1_pt0_5_j10_2.stl,-1,-1,TO
../resources/benchmarks/random0/b0_r5_c10_l1000_i1000_ps0_1_pt0_5_j10_3.stl,-1,-1,TO
../resources/benchmarks/random0/b0_r5_c10_l1000_i1000_ps0_1_pt0_5_j10_4.stl,-1,-1,TO
../resources/benchmarks/random0/b0_r5_c10_l1000_i1000_ps0_1_pt0_5_j10_5.stl,-1,-1,TO
../resources/benchmarks/random0/b0_r5_c10_l1000_i1000_ps0_1_pt0_5_j5_1.stl,-1,-1,TO
../resources/benchmarks/random0/b0_r5_c10_l1000_i1000_ps0_1_pt0_5_j5_2.stl,-1,-1,TO
../resources/benchmarks/random0/b0_r5_c10_l1000_i1000_ps0_1_pt0_5_j5_3.stl,0.01,27800.8,unsat
../resources/benchmarks/random0/b0_r5_c10_l1000_i1000_ps0_1_pt0_5_j5_4.stl,-1,-1,TO
../resources/benchmarks/random0/b0_r5_c10_l1000_i1000_ps0_1_pt0_5_j5_5.stl,-1,-1,TO
../resources/benchmarks/random0/b0_r5_c10_l1000_i1000_ps0_1_pt0_75_j10_1.stl,-1,-1,TO
../resources/benchmarks/random0/b0_r5_c10_l1000_i1000_ps0_1_pt0_75_j10_2.stl,-1,-1,TO
../resources/benchmarks/random0/b0_r5_c10_l1000_i1000_ps0_1_pt0_75_j10_3.stl,-1,-1,TO
../resources/benchmarks/random0/b0_r5_c10_l1000_i1000_ps0_1_pt0_75_j10_4.stl,-1,-1,TO
../resources/benchmarks/random0/b0_r5_c10_l1000_i1000_ps0_1_pt0_75_j10_5.stl,-1,-1,TO
../resources/benchmarks/random0/b0_r5_c10_l1000_i1000_ps0_1_pt0_75_j5_1.stl,-1,-1,TO
../resources/benchmarks/random0/b0_r5_c10_l1000_i1000_ps0_1_pt0_75_j5_2.stl,-1,-1,TO
../resources/benchmarks/random0/b0_r5_c10_l1000_i1000_ps0_1_pt0_75_j5_3.stl,-1,-1,TO
../resources/benchmarks/random0/b0_r5_c10_l1000_i1000_ps0_1_pt0_75_j5_4.stl,0.05,40164.8,unsat
../resources/benchmarks/random0/b0_r5_c10_l1000_i1000_ps0_1_pt0_75_j5_5.stl,-1,-1,TO
../resources/benchmarks/random0/b0_r5_c10_l1000_i1000_ps0_1_pt0_95_j10_1.stl,-1,-1,TO
../resources/benchmarks/random0/b0_r5_c10_l1000_i1000_ps0_1_pt0_95_j10_2.stl,0.02,32469.6,unsat
../resources/benchmarks/random0/b0_r5_c10_l1000_i1000_ps0_1_pt0_95_j10_3.stl,-1,-1,TO
../resources/benchmarks/random0/b0_r5_c10_l1000_i1000_ps0_1_pt0_95_j10_4.stl,0.02,32426.4,unsat
../resources/benchmarks/random0/b0_r5_c10_l1000_i1000_ps0_1_pt0_95_j10_5.stl,-1,-1,TO
../resources/benchmarks/random0/b0_r5_c10_l1000_i1000_ps0_1_pt0_95_j5_1.stl,-1,-1,TO
../resources/benchmarks/random0/b0_r5_c10_l1000_i1000_ps0_1_pt0_95_j5_2.stl,-1,-1,TO
../resources/benchmarks/random0/b0_r5_c10_l1000_i1000_ps0_1_pt0_95_j5_3.stl,-1,-1,TO
../resources/benchmarks/random0/b0_r5_c10_l1000_i1000_ps0_1_pt0_95_j5_4.stl,-1,-1,TO
../resources/benchmarks/random0/b0_r5_c10_l1000_i1000_ps0_1_pt0_95_j5_5.stl,0.1,37095.2,unsat
../resources/benchmarks/random0/b0_r5_c10_l1000_i1000_ps0_25_pt0_33_j10_1.stl,0.01,32495.2,unsat
../resources/benchmarks/random0/b0_r5_c10_l1000_i1000_ps0_25_pt0_33_j10_2.stl,0.01,27812,unsat
../resources/benchmarks/random0/b0_r5_c10_l1000_i1000_ps0_25_pt0_33_j10_3.stl,0.01,32452,unsat
../resources/benchmarks/random0/b0_r5_c10_l1000_i1000_ps0_25_pt0_33_j10_4.stl,0.01,32483.2,unsat
../resources/benchmarks/random0/b0_r5_c10_l1000_i1000_ps0_25_pt0_33_j10_5.stl,0.01,32459.2,unsat
../resources/benchmarks/random0/b0_r5_c10_l1000_i1000_ps0_25_pt0_33_j5_1.stl,0.01,32456,sat
../resources/benchmarks/random0/b0_r5_c10_l1000_i1000_ps0_25_pt0_33_j5_2.stl,0.01,33735.2,sat
../resources/benchmarks/random0/b0_r5_c10_l1000_i1000_ps0_25_pt0_33_j5_3.stl,0.01,27798.4,unsat
../resources/benchmarks/random0/b0_r5_c10_l1000_i1000_ps0_25_pt0_33_j5_4.stl,0.01,32462.4,sat
../resources/benchmarks/random0/b0_r5_c10_l1000_i1000_ps0_25_pt0_33_j5_5.stl,-1,-1,TO
../resources/benchmarks/random0/b0_r5_c10_l1000_i1000_ps0_25_pt0_5_j10_1.stl,0.02,34016.8,unsat
../resources/benchmarks/random0/b0_r5_c10_l1000_i1000_ps0_25_pt0_5_j10_2.stl,-1,-1,TO
../resources/benchmarks/random0/b0_r5_c10_l1000_i1000_ps0_25_pt0_5_j10_3.stl,0.01,32468.8,unsat
../resources/benchmarks/random0/b0_r5_c10_l1000_i1000_ps0_25_pt0_5_j10_4.stl,-1,-1,TO
../resources/benchmarks/random0/b0_r5_c10_l1000_i1000_ps0_25_pt0_5_j10_5.stl,-1,-1,TO
../resources/benchmarks/random0/b0_r5_c10_l1000_i1000_ps0_25_pt0_5_j5_1.stl,0.014,32442.4,unsat
../resources/benchmarks/random0/b0_r5_c10_l1000_i1000_ps0_25_pt0_5_j5_2.stl,-1,-1,TO
../resources/benchmarks/random0/b0_r5_c10_l1000_i1000_ps0_25_pt0_5_j5_3.stl,-1,-1,TO
../resources/benchmarks/random0/b0_r5_c10_l1000_i1000_ps0_25_pt0_5_j5_4.stl,0.012,34032.8,sat
../resources/benchmarks/random0/b0_r5_c10_l1000_i1000_ps0_25_pt0_5_j5_5.stl,0.01,32483.2,unsat
../resources/benchmarks/random0/b0_r5_c10_l1000_i1000_ps0_25_pt0_75_j10_1.stl,-1,-1,TO
../resources/benchmarks/random0/b0_r5_c10_l1000_i1000_ps0_25_pt0_75_j10_2.stl,0.02,34040,unsat
../resources/benchmarks/random0/b0_r5_c10_l1000_i1000_ps0_25_pt0_75_j10_3.stl,0.01,32455.2,unsat
../resources/benchmarks/random0/b0_r5_c10_l1000_i1000_ps0_25_pt0_75_j10_4.stl,-1,-1,TO
../resources/benchmarks/random0/b0_r5_c10_l1000_i1000_ps0_25_pt0_75_j10_5.stl,-1,-1,TO
../resources/benchmarks/random0/b0_r5_c10_l1000_i1000_ps0_25_pt0_75_j5_1.stl,-1,-1,TO
../resources/benchmarks/random0/b0_r5_c10_l1000_i1000_ps0_25_pt0_75_j5_2.stl,0.04,35275.2,unsat
../resources/benchmarks/random0/b0_r5_c10_l1000_i1000_ps0_25_pt0_75_j5_3.stl,0.01,34056.8,sat
../resources/benchmarks/random0/b0_r5_c10_l1000_i1000_ps0_25_pt0_75_j5_4.stl,-1,-1,TO
../resources/benchmarks/random0/b0_r5_c10_l1000_i1000_ps0_25_pt0_75_j5_5.stl,-1,-1,TO
../resources/benchmarks/random0/b0_r5_c10_l1000_i1000_ps0_25_pt0_95_j10_1.stl,-1,-1,TO
../resources/benchmarks/random0/b0_r5_c10_l1000_i1000_ps0_25_pt0_95_j10_2.stl,-1,-1,TO
../resources/benchmarks/random0/b0_r5_c10_l1000_i1000_ps0_25_pt0_95_j10_3.stl,-1,-1,TO
../resources/benchmarks/random0/b0_r5_c10_l1000_i1000_ps0_25_pt0_95_j10_4.stl,0.06,37103.2,unsat
../resources/benchmarks/random0/b0_r5_c10_l1000_i1000_ps0_25_pt0_95_j10_5.stl,0.014,32463.2,unsat
../resources/benchmarks/random0/b0_r5_c10_l1000_i1000_ps0_25_pt0_95_j5_1.stl,-1,-1,TO
../resources/benchmarks/random0/b0_r5_c10_l1000_i1000_ps0_25_pt0_95_j5_2.stl,-1,-1,TO
../resources/benchmarks/random0/b0_r5_c10_l1000_i1000_ps0_25_pt0_95_j5_3.stl,-1,-1,TO
../resources/benchmarks/random0/b0_r5_c10_l1000_i1000_ps0_25_pt0_95_j5_4.stl,-1,-1,TO
../resources/benchmarks/random0/b0_r5_c10_l1000_i1000_ps0_25_pt0_95_j5_5.stl,-1,-1,TO
../resources/benchmarks/random0/b0_r5_c10_l1000_i1000_ps0_2_pt0_33_j10_1.stl,0.01,27803.2,unsat
../resources/benchmarks/random0/b0_r5_c10_l1000_i1000_ps0_2_pt0_33_j10_2.stl,-1,-1,TO
../resources/benchmarks/random0/b0_r5_c10_l1000_i1000_ps0_2_pt0_33_j10_3.stl,-1,-1,TO
../resources/benchmarks/random0/b0_r5_c10_l1000_i1000_ps0_2_pt0_33_j10_4.stl,-1,-1,TO
../resources/benchmarks/random0/b0_r5_c10_l1000_i1000_ps0_2_pt0_33_j10_5.stl,-1,-1,TO
../resources/benchmarks/random0/b0_r5_c10_l1000_i1000_ps0_2_pt0_33_j5_1.stl,-1,-1,TO
../resources/benchmarks/random0/b0_r5_c10_l1000_i1000_ps0_2_pt0_33_j5_2.stl,0.01,32457.6,unsat
../resources/benchmarks/random0/b0_r5_c10_l1000_i1000_ps0_2_pt0_33_j5_3.stl,-1,-1,TO
../resources/benchmarks/random0/b0_r5_c10_l1000_i1000_ps0_2_pt0_33_j5_4.stl,0.2,42928.8,sat
../resources/benchmarks/random0/b0_r5_c10_l1000_i1000_ps0_2_pt0_33_j5_5.stl,0.01,32456.8,sat
../resources/benchmarks/random0/b0_r5_c10_l1000_i1000_ps0_2_pt0_5_j10_1.stl,8.198,1376690.4,unsat
../resources/benchmarks/random0/b0_r5_c10_l1000_i1000_ps0_2_pt0_5_j10_2.stl,-1,-1,TO
../resources/benchmarks/random0/b0_r5_c10_l1000_i1000_ps0_2_pt0_5_j10_3.stl,-1,-1,TO
../resources/benchmarks/random0/b0_r5_c10_l1000_i1000_ps0_2_pt0_5_j10_4.stl,0.012,32444,unsat
../resources/benchmarks/random0/b0_r5_c10_l1000_i1000_ps0_2_pt0_5_j10_5.stl,-1,-1,TO
../resources/benchmarks/random0/b0_r5_c10_l1000_i1000_ps0_2_pt0_5_j5_1.stl,-1,-1,TO
../resources/benchmarks/random0/b0_r5_c10_l1000_i1000_ps0_2_pt0_5_j5_2.stl,0.03,33709.6,sat
../resources/benchmarks/random0/b0_r5_c10_l1000_i1000_ps0_2_pt0_5_j5_3.stl,-1,-1,TO
../resources/benchmarks/random0/b0_r5_c10_l1000_i1000_ps0_2_pt0_5_j5_4.stl,-1,-1,TO
../resources/benchmarks/random0/b0_r5_c10_l1000_i1000_ps0_2_pt0_5_j5_5.stl,20.496,2864220,sat
../resources/benchmarks/random0/b0_r5_c10_l1000_i1000_ps0_2_pt0_75_j10_1.stl,-1,-1,TO
../resources/benchmarks/random0/b0_r5_c10_l1000_i1000_ps0_2_pt0_75_j10_2.stl,-1,-1,TO
../resources/benchmarks/random0/b0_r5_c10_l1000_i1000_ps0_2_pt0_75_j10_3.stl,-1,-1,TO
../resources/benchmarks/random0/b0_r5_c10_l1000_i1000_ps0_2_pt0_75_j10_4.stl,-1,-1,TO
../resources/benchmarks/random0/b0_r5_c10_l1000_i1000_ps0_2_pt0_75_j10_5.stl,-1,-1,TO
../resources/benchmarks/random0/b0_r5_c10_l1000_i1000_ps0_2_pt0_75_j5_1.stl,0.01,32449.6,unsat
../resources/benchmarks/random0/b0_r5_c10_l1000_i1000_ps0_2_pt0_75_j5_2.stl,-1,-1,TO
../resources/benchmarks/random0/b0_r5_c10_l1000_i1000_ps0_2_pt0_75_j5_3.stl,-1,-1,TO
../resources/benchmarks/random0/b0_r5_c10_l1000_i1000_ps0_2_pt0_75_j5_4.stl,-1,-1,TO
../resources/benchmarks/random0/b0_r5_c10_l1000_i1000_ps0_2_pt0_75_j5_5.stl,-1,-1,TO
../resources/benchmarks/random0/b0_r5_c10_l1000_i1000_ps0_2_pt0_95_j10_1.stl,-1,-1,TO
../resources/benchmarks/random0/b0_r5_c10_l1000_i1000_ps0_2_pt0_95_j10_2.stl,-1,-1,TO
../resources/benchmarks/random0/b0_r5_c10_l1000_i1000_ps0_2_pt0_95_j10_3.stl,-1,-1,TO
../resources/benchmarks/random0/b0_r5_c10_l1000_i1000_ps0_2_pt0_95_j10_4.stl,-1,-1,TO
../resources/benchmarks/random0/b0_r5_c10_l1000_i1000_ps0_2_pt0_95_j10_5.stl,-1,-1,TO
../resources/benchmarks/random0/b0_r5_c10_l1000_i1000_ps0_2_pt0_95_j5_1.stl,0.024,34041.6,unsat
../resources/benchmarks/random0/b0_r5_c10_l1000_i1000_ps0_2_pt0_95_j5_2.stl,-1,-1,TO
../resources/benchmarks/random0/b0_r5_c10_l1000_i1000_ps0_2_pt0_95_j5_3.stl,-1,-1,TO
../resources/benchmarks/random0/b0_r5_c10_l1000_i1000_ps0_2_pt0_95_j5_4.stl,-1,-1,TO
../resources/benchmarks/random0/b0_r5_c10_l1000_i1000_ps0_2_pt0_95_j5_5.stl,-1,-1,TO
../resources/benchmarks/random0/b0_r5_c10_l1000_i50_ps0_05_pt0_33_j10_1.stl,0.178,41662.4,unsat
../resources/benchmarks/random0/b0_r5_c10_l1000_i50_ps0_05_pt0_33_j10_2.stl,-1,-1,TO
../resources/benchmarks/random0/b0_r5_c10_l1000_i50_ps0_05_pt0_33_j10_3.stl,-1,-1,TO
../resources/benchmarks/random0/b0_r5_c10_l1000_i50_ps0_05_pt0_33_j10_4.stl,-1,-1,TO
../resources/benchmarks/random0/b0_r5_c10_l1000_i50_ps0_05_pt0_33_j10_5.stl,0.28,66233.6,unsat
../resources/benchmarks/random0/b0_r5_c10_l1000_i50_ps0_05_pt0_33_j5_1.stl,-1,-1,TO
../resources/benchmarks/random0/b0_r5_c10_l1000_i50_ps0_05_pt0_33_j5_2.stl,-1,-1,TO
../resources/benchmarks/random0/b0_r5_c10_l1000_i50_ps0_05_pt0_33_j5_3.stl,-1,-1,TO
../resources/benchmarks/random0/b0_r5_c10_l1000_i50_ps0_05_pt0_33_j5_4.stl,-1,-1,TO
../resources/benchmarks/random0/b0_r5_c10_l1000_i50_ps0_05_pt0_33_j5_5.stl,-1,-1,TO
../resources/benchmarks/random0/b0_r5_c10_l1000_i50_ps0_05_pt0_5_j10_1.stl,-1,-1,TO
../resources/benchmarks/random0/b0_r5_c10_l1000_i50_ps0_05_pt0_5_j10_2.stl,-1,-1,TO
../resources/benchmarks/random0/b0_r5_c10_l1000_i50_ps0_05_pt0_5_j10_3.stl,-1,-1,TO
../resources/benchmarks/random0/b0_r5_c10_l1000_i50_ps0_05_pt0_5_j10_4.stl,-1,-1,TO
../resources/benchmarks/random0/b0_r5_c10_l1000_i50_ps0_05_pt0_5_j10_5.stl,-1,-1,TO
../resources/benchmarks/random0/b0_r5_c10_l1000_i50_ps0_05_pt0_5_j5_1.stl,-1,-1,TO
../resources/benchmarks/random0/b0_r5_c10_l1000_i50_ps0_05_pt0_5_j5_2.stl,-1,-1,TO
../resources/benchmarks/random0/b0_r5_c10_l1000_i50_ps0_05_pt0_5_j5_3.stl,-1,-1,TO
../resources/benchmarks/random0/b0_r5_c10_l1000_i50_ps0_05_pt0_5_j5_4.stl,-1,-1,TO
../resources/benchmarks/random0/b0_r5_c10_l1000_i50_ps0_05_pt0_5_j5_5.stl,-1,-1,TO
../resources/benchmarks/random0/b0_r5_c10_l1000_i50_ps0_05_pt0_75_j10_1.stl,-1,-1,TO
../resources/benchmarks/random0/b0_r5_c10_l1000_i50_ps0_05_pt0_75_j10_2.stl,-1,-1,TO
../resources/benchmarks/random0/b0_r5_c10_l1000_i50_ps0_05_pt0_75_j10_3.stl,-1,-1,TO
../resources/benchmarks/random0/b0_r5_c10_l1000_i50_ps0_05_pt0_75_j10_4.stl,-1,-1,TO
../resources/benchmarks/random0/b0_r5_c10_l1000_i50_ps0_05_pt0_75_j10_5.stl,-1,-1,TO
../resources/benchmarks/random0/b0_r5_c10_l1000_i50_ps0_05_pt0_75_j5_1.stl,-1,-1,TO
../resources/benchmarks/random0/b0_r5_c10_l1000_i50_ps0_05_pt0_75_j5_2.stl,-1,-1,TO
../resources/benchmarks/random0/b0_r5_c10_l1000_i50_ps0_05_pt0_75_j5_3.stl,-1,-1,TO
../resources/benchmarks/random0/b0_r5_c10_l1000_i50_ps0_05_pt0_75_j5_4.stl,-1,-1,TO
../resources/benchmarks/random0/b0_r5_c10_l1000_i50_ps0_05_pt0_75_j5_5.stl,-1,-1,TO
../resources/benchmarks/random0/b0_r5_c10_l1000_i50_ps0_05_pt0_95_j10_1.stl,-1,-1,TO
../resources/benchmarks/random0/b0_r5_c10_l1000_i50_ps0_05_pt0_95_j10_2.stl,-1,-1,TO
../resources/benchmarks/random0/b0_r5_c10_l1000_i50_ps0_05_pt0_95_j10_3.stl,-1,-1,TO
../resources/benchmarks/random0/b0_r5_c10_l1000_i50_ps0_05_pt0_95_j10_4.stl,-1,-1,TO
../resources/benchmarks/random0/b0_r5_c10_l1000_i50_ps0_05_pt0_95_j10_5.stl,-1,-1,TO
../resources/benchmarks/random0/b0_r5_c10_l1000_i50_ps0_05_pt0_95_j5_1.stl,-1,-1,TO
../resources/benchmarks/random0/b0_r5_c10_l1000_i50_ps0_05_pt0_95_j5_2.stl,-1,-1,TO
../resources/benchmarks/random0/b0_r5_c10_l1000_i50_ps0_05_pt0_95_j5_3.stl,-1,-1,TO
../resources/benchmarks/random0/b0_r5_c10_l1000_i50_ps0_05_pt0_95_j5_4.stl,-1,-1,TO
../resources/benchmarks/random0/b0_r5_c10_l1000_i50_ps0_05_pt0_95_j5_5.stl,-1,-1,TO
../resources/benchmarks/random0/b0_r5_c10_l1000_i50_ps0_15_pt0_33_j10_1.stl,-1,-1,TO
../resources/benchmarks/random0/b0_r5_c10_l1000_i50_ps0_15_pt0_33_j10_2.stl,0.02,32497.6,unsat
../resources/benchmarks/random0/b0_r5_c10_l1000_i50_ps0_15_pt0_33_j10_3.stl,0.018000000000000002,32442.4,unsat
../resources/benchmarks/random0/b0_r5_c10_l1000_i50_ps0_15_pt0_33_j10_4.stl,-1,-1,TO
../resources/benchmarks/random0/b0_r5_c10_l1000_i50_ps0_15_pt0_33_j10_5.stl,0.02,32509.6,unsat
../resources/benchmarks/random0/b0_r5_c10_l1000_i50_ps0_15_pt0_33_j5_1.stl,0.012,32460,unsat
../resources/benchmarks/random0/b0_r5_c10_l1000_i50_ps0_15_pt0_33_j5_2.stl,0.778,54528.8,unsat
../resources/benchmarks/random0/b0_r5_c10_l1000_i50_ps0_15_pt0_33_j5_3.stl,0.016,33692,sat
../resources/benchmarks/random0/b0_r5_c10_l1000_i50_ps0_15_pt0_33_j5_4.stl,-1,-1,TO
../resources/benchmarks/random0/b0_r5_c10_l1000_i50_ps0_15_pt0_33_j5_5.stl,-1,-1,TO
../resources/benchmarks/random0/b0_r5_c10_l1000_i50_ps0_15_pt0_5_j10_1.stl,-1,-1,TO
../resources/benchmarks/random0/b0_r5_c10_l1000_i50_ps0_15_pt0_5_j10_2.stl,0.018000000000000002,32451.2,unsat
../resources/benchmarks/random0/b0_r5_c10_l1000_i50_ps0_15_pt0_5_j10_3.stl,0.02,33985.6,unsat
../resources/benchmarks/random0/b0_r5_c10_l1000_i50_ps0_15_pt0_5_j10_4.stl,-1,-1,TO
../resources/benchmarks/random0/b0_r5_c10_l1000_i50_ps0_15_pt0_5_j10_5.stl,0.02,32458.4,unsat
../resources/benchmarks/random0/b0_r5_c10_l1000_i50_ps0_15_pt0_5_j5_1.stl,-1,-1,TO
../resources/benchmarks/random0/b0_r5_c10_l1000_i50_ps0_15_pt0_5_j5_2.stl,-1,-1,TO
../resources/benchmarks/random0/b0_r5_c10_l1000_i50_ps0_15_pt0_5_j5_3.stl,0.024,35592,sat
../resources/benchmarks/random0/b0_r5_c10_l1000_i50_ps0_15_pt0_5_j5_4.stl,-1,-1,TO
../resources/benchmarks/random0/b0_r5_c10_l1000_i50_ps0_15_pt0_5_j5_5.stl,-1,-1,TO
../resources/benchmarks/random0/b0_r5_c10_l1000_i50_ps0_15_pt0_75_j10_1.stl,-1,-1,TO
../resources/benchmarks/random0/b0_r5_c10_l1000_i50_ps0_15_pt0_75_j10_2.stl,-1,-1,TO
../resources/benchmarks/random0/b0_r5_c10_l1000_i50_ps0_15_pt0_75_j10_3.stl,0.018000000000000002,32447.2,unsat
../resources/benchmarks/random0/b0_r5_c10_l1000_i50_ps0_15_pt0_75_j10_4.stl,-1,-1,TO
../resources/benchmarks/random0/b0_r5_c10_l1000_i50_ps0_15_pt0_75_j10_5.stl,-1,-1,TO
../resources/benchmarks/random0/b0_r5_c10_l1000_i50_ps0_15_pt0_75_j5_1.stl,-1,-1,TO
../resources/benchmarks/random0/b0_r5_c10_l1000_i50_ps0_15_pt0_75_j5_2.stl,-1,-1,TO
../resources/benchmarks/random0/b0_r5_c10_l1000_i50_ps0_15_pt0_75_j5_3.stl,0.016,34040,unsat
../resources/benchmarks/random0/b0_r5_c10_l1000_i50_ps0_15_pt0_75_j5_4.stl,-1,-1,TO
../resources/benchmarks/random0/b0_r5_c10_l1000_i50_ps0_15_pt0_75_j5_5.stl,-1,-1,TO
../resources/benchmarks/random0/b0_r5_c10_l1000_i50_ps0_15_pt0_95_j10_1.stl,-1,-1,TO
../resources/benchmarks/random0/b0_r5_c10_l1000_i50_ps0_15_pt0_95_j10_2.stl,-1,-1,TO
../resources/benchmarks/random0/b0_r5_c10_l1000_i50_ps0_15_pt0_95_j10_3.stl,-1,-1,TO
../resources/benchmarks/random0/b0_r5_c10_l1000_i50_ps0_15_pt0_95_j10_4.stl,-1,-1,TO
../resources/benchmarks/random0/b0_r5_c10_l1000_i50_ps0_15_pt0_95_j10_5.stl,-1,-1,TO
../resources/benchmarks/random0/b0_r5_c10_l1000_i50_ps0_15_pt0_95_j5_1.stl,-1,-1,TO
../resources/benchmarks/random0/b0_r5_c10_l1000_i50_ps0_15_pt0_95_j5_2.stl,-1,-1,TO
../resources/benchmarks/random0/b0_r5_c10_l1000_i50_ps0_15_pt0_95_j5_3.stl,-1,-1,TO
../resources/benchmarks/random0/b0_r5_c10_l1000_i50_ps0_15_pt0_95_j5_4.stl,-1,-1,TO
../resources/benchmarks/random0/b0_r5_c10_l1000_i50_ps0_15_pt0_95_j5_5.stl,-1,-1,TO
../resources/benchmarks/random0/b0_r5_c10_l1000_i50_ps0_1_pt0_33_j10_1.stl,-1,-1,TO
../resources/benchmarks/random0/b0_r5_c10_l1000_i50_ps0_1_pt0_33_j10_2.stl,0.02,32494.4,unsat
../resources/benchmarks/random0/b0_r5_c10_l1000_i50_ps0_1_pt0_33_j10_3.stl,-1,-1,TO
../resources/benchmarks/random0/b0_r5_c10_l1000_i50_ps0_1_pt0_33_j10_4.stl,0.02,32450.4,unsat
../resources/benchmarks/random0/b0_r5_c10_l1000_i50_ps0_1_pt0_33_j10_5.stl,0.02,32441.6,unsat
../resources/benchmarks/random0/b0_r5_c10_l1000_i50_ps0_1_pt0_33_j5_1.stl,-1,-1,TO
../resources/benchmarks/random0/b0_r5_c10_l1000_i50_ps0_1_pt0_33_j5_2.stl,-1,-1,TO
../resources/benchmarks/random0/b0_r5_c10_l1000_i50_ps0_1_pt0_33_j5_3.stl,-1,-1,TO
../resources/benchmarks/random0/b0_r5_c10_l1000_i50_ps0_1_pt0_33_j5_4.stl,-1,-1,TO
../resources/benchmarks/random0/b0_r5_c10_l1000_i50_ps0_1_pt0_33_j5_5.stl,-1,-1,TO
../resources/benchmarks/random0/b0_r5_c10_l1000_i50_ps0_1_pt0_5_j10_1.stl,-1,-1,TO
../resources/benchmarks/random0/b0_r5_c10_l1000_i50_ps0_1_pt0_5_j10_2.stl,-1,-1,TO
../resources/benchmarks/random0/b0_r5_c10_l1000_i50_ps0_1_pt0_5_j10_3.stl,-1,-1,TO
../resources/benchmarks/random0/b0_r5_c10_l1000_i50_ps0_1_pt0_5_j10_4.stl,0.03,34024,unsat
../resources/benchmarks/random0/b0_r5_c10_l1000_i50_ps0_1_pt0_5_j10_5.stl,-1,-1,TO
../resources/benchmarks/random0/b0_r5_c10_l1000_i50_ps0_1_pt0_5_j5_1.stl,-1,-1,TO
../resources/benchmarks/random0/b0_r5_c10_l1000_i50_ps0_1_pt0_5_j5_2.stl,-1,-1,TO
../resources/benchmarks/random0/b0_r5_c10_l1000_i50_ps0_1_pt0_5_j5_3.stl,-1,-1,TO
../resources/benchmarks/random0/b0_r5_c10_l1000_i50_ps0_1_pt0_5_j5_4.stl,-1,-1,TO
../resources/benchmarks/random0/b0_r5_c10_l1000_i50_ps0_1_pt0_5_j5_5.stl,-1,-1,TO
../resources/benchmarks/random0/b0_r5_c10_l1000_i50_ps0_1_pt0_75_j10_1.stl,-1,-1,TO
../resources/benchmarks/random0/b0_r5_c10_l1000_i50_ps0_1_pt0_75_j10_2.stl,-1,-1,TO
../resources/benchmarks/random0/b0_r5_c10_l1000_i50_ps0_1_pt0_75_j10_3.stl,-1,-1,TO
../resources/benchmarks/random0/b0_r5_c10_l1000_i50_ps0_1_pt0_75_j10_4.stl,-1,-1,TO
../resources/benchmarks/random0/b0_r5_c10_l1000_i50_ps0_1_pt0_75_j10_5.stl,-1,-1,TO
../resources/benchmarks/random0/b0_r5_c10_l1000_i50_ps0_1_pt0_75_j5_1.stl,-1,-1,TO
../resources/benchmarks/random0/b0_r5_c10_l1000_i50_ps0_1_pt0_75_j5_2.stl,-1,-1,TO
../resources/benchmarks/random0/b0_r5_c10_l1000_i50_ps0_1_pt0_75_j5_3.stl,-1,-1,TO
../resources/benchmarks/random0/b0_r5_c10_l1000_i50_ps0_1_pt0_75_j5_4.stl,-1,-1,TO
../resources/benchmarks/random0/b0_r5_c10_l1000_i50_ps0_1_pt0_75_j5_5.stl,-1,-1,TO
../resources/benchmarks/random0/b0_r5_c10_l1000_i50_ps0_1_pt0_95_j10_1.stl,-1,-1,TO
../resources/benchmarks/random0/b0_r5_c10_l1000_i50_ps0_1_pt0_95_j10_2.stl,-1,-1,TO
../resources/benchmarks/random0/b0_r5_c10_l1000_i50_ps0_1_pt0_95_j10_3.stl,-1,-1,TO
../resources/benchmarks/random0/b0_r5_c10_l1000_i50_ps0_1_pt0_95_j10_4.stl,-1,-1,TO
../resources/benchmarks/random0/b0_r5_c10_l1000_i50_ps0_1_pt0_95_j10_5.stl,-1,-1,TO
../resources/benchmarks/random0/b0_r5_c10_l1000_i50_ps0_1_pt0_95_j5_1.stl,0.03,35575.2,unsat
../resources/benchmarks/random0/b0_r5_c10_l1000_i50_ps0_1_pt0_95_j5_2.stl,-1,-1,TO
../resources/benchmarks/random0/b0_r5_c10_l1000_i50_ps0_1_pt0_95_j5_3.stl,-1,-1,TO
../resources/benchmarks/random0/b0_r5_c10_l1000_i50_ps0_1_pt0_95_j5_4.stl,-1,-1,TO
../resources/benchmarks/random0/b0_r5_c10_l1000_i50_ps0_1_pt0_95_j5_5.stl,-1,-1,TO
../resources/benchmarks/random0/b0_r5_c10_l1000_i50_ps0_25_pt0_33_j10_1.stl,-1,-1,TO
../resources/benchmarks/random0/b0_r5_c10_l1000_i50_ps0_25_pt0_33_j10_2.stl,0.01,27780.8,unsat
../resources/benchmarks/random0/b0_r5_c10_l1000_i50_ps0_25_pt0_33_j10_3.stl,-1,-1,TO
../resources/benchmarks/random0/b0_r5_c10_l1000_i50_ps0_25_pt0_33_j10_4.stl,0.014,32465.6,unsat
../resources/benchmarks/random0/b0_r5_c10_l1000_i50_ps0_25_pt0_33_j10_5.stl,-1,-1,TO
../resources/benchmarks/random0/b0_r5_c10_l1000_i50_ps0_25_pt0_33_j5_1.stl,0.244,43304,sat
../resources/benchmarks/random0/b0_r5_c10_l1000_i50_ps0_25_pt0_33_j5_2.stl,0.01,27780,unsat
../resources/benchmarks/random0/b0_r5_c10_l1000_i50_ps0_25_pt0_33_j5_3.stl,0.01,32478.4,sat
../resources/benchmarks/random0/b0_r5_c10_l1000_i50_ps0_25_pt0_33_j5_4.stl,19.42,110532,sat
../resources/benchmarks/random0/b0_r5_c10_l1000_i50_ps0_25_pt0_33_j5_5.stl,0.01,33724.8,sat
../resources/benchmarks/random0/b0_r5_c10_l1000_i50_ps0_25_pt0_5_j10_1.stl,-1,-1,TO
../resources/benchmarks/random0/b0_r5_c10_l1000_i50_ps0_25_pt0_5_j10_2.stl,-1,-1,TO
../resources/benchmarks/random0/b0_r5_c10_l1000_i50_ps0_25_pt0_5_j10_3.stl,0.016,32456,unsat
../resources/benchmarks/random0/b0_r5_c10_l1000_i50_ps0_25_pt0_5_j10_4.stl,0.18,41096.8,unsat
../resources/benchmarks/random0/b0_r5_c10_l1000_i50_ps0_25_pt0_5_j10_5.stl,-1,-1,TO
../resources/benchmarks/random0/b0_r5_c10_l1000_i50_ps0_25_pt0_5_j5_1.stl,-1,-1,TO
../resources/benchmarks/random0/b0_r5_c10_l1000_i50_ps0_25_pt0_5_j5_2.stl,-1,-1,TO
../resources/benchmarks/random0/b0_r5_c10_l1000_i50_ps0_25_pt0_5_j5_3.stl,0.01,32441.6,unsat
../resources/benchmarks/random0/b0_r5_c10_l1000_i50_ps0_25_pt0_5_j5_4.stl,0.022,33159.2,sat
../resources/benchmarks/random0/b0_r5_c10_l1000_i50_ps0_25_pt0_5_j5_5.stl,0.02,37117.6,unsat
../resources/benchmarks/random0/b0_r5_c10_l1000_i50_ps0_25_pt0_75_j10_1.stl,0.01,32426.4,unsat
../resources/benchmarks/random0/b0_r5_c10_l1000_i50_ps0_25_pt0_75_j10_2.stl,4.482,517075.2,unsat
../resources/benchmarks/random0/b0_r5_c10_l1000_i50_ps0_25_pt0_75_j10_3.stl,-1,-1,TO
../resources/benchmarks/random0/b0_r5_c10_l1000_i50_ps0_25_pt0_75_j10_4.stl,-1,-1,TO
../resources/benchmarks/random0/b0_r5_c10_l1000_i50_ps0_25_pt0_75_j10_5.stl,-1,-1,TO
../resources/benchmarks/random0/b0_r5_c10_l1000_i50_ps0_25_pt0_75_j5_1.stl,-1,-1,TO
../resources/benchmarks/random0/b0_r5_c10_l1000_i50_ps0_25_pt0_75_j5_2.stl,-1,-1,TO
../resources/benchmarks/random0/b0_r5_c10_l1000_i50_ps0_25_pt0_75_j5_3.stl,0.02,33748.8,unsat
../resources/benchmarks/random0/b0_r5_c10_l1000_i50_ps0_25_pt0_75_j5_4.stl,0.01,32443.2,unsat
../resources/benchmarks/random0/b0_r5_c10_l1000_i50_ps0_25_pt0_75_j5_5.stl,-1,-1,TO
../resources/benchmarks/random0/b0_r5_c10_l1000_i50_ps0_25_pt0_95_j10_1.stl,-1,-1,TO
../resources/benchmarks/random0/b0_r5_c10_l1000_i50_ps0_25_pt0_95_j10_2.stl,-1,-1,TO
../resources/benchmarks/random0/b0_r5_c10_l1000_i50_ps0_25_pt0_95_j10_3.stl,-1,-1,TO
../resources/benchmarks/random0/b0_r5_c10_l1000_i50_ps0_25_pt0_95_j10_4.stl,-1,-1,TO
../resources/benchmarks/random0/b0_r5_c10_l1000_i50_ps0_25_pt0_95_j10_5.stl,-1,-1,TO
../resources/benchmarks/random0/b0_r5_c10_l1000_i50_ps0_25_pt0_95_j5_1.stl,-1,-1,TO
../resources/benchmarks/random0/b0_r5_c10_l1000_i50_ps0_25_pt0_95_j5_2.stl,-1,-1,TO
../resources/benchmarks/random0/b0_r5_c10_l1000_i50_ps0_25_pt0_95_j5_3.stl,-1,-1,TO
../resources/benchmarks/random0/b0_r5_c10_l1000_i50_ps0_25_pt0_95_j5_4.stl,-1,-1,TO
../resources/benchmarks/random0/b0_r5_c10_l1000_i50_ps0_25_pt0_95_j5_5.stl,-1,-1,TO
../resources/benchmarks/random0/b0_r5_c10_l1000_i50_ps0_2_pt0_33_j10_1.stl,-1,-1,TO
../resources/benchmarks/random0/b0_r5_c10_l1000_i50_ps0_2_pt0_33_j10_2.stl,-1,-1,TO
../resources/benchmarks/random0/b0_r5_c10_l1000_i50_ps0_2_pt0_33_j10_3.stl,-1,-1,TO
../resources/benchmarks/random0/b0_r5_c10_l1000_i50_ps0_2_pt0_33_j10_4.stl,-1,-1,TO
../resources/benchmarks/random0/b0_r5_c10_l1000_i50_ps0_2_pt0_33_j10_5.stl,0.012,32507.2,unsat
../resources/benchmarks/random0/b0_r5_c10_l1000_i50_ps0_2_pt0_33_j5_1.stl,-1,-1,TO
../resources/benchmarks/random0/b0_r5_c10_l1000_i50_ps0_2_pt0_33_j5_2.stl,-1,-1,TO
../resources/benchmarks/random0/b0_r5_c10_l1000_i50_ps0_2_pt0_33_j5_3.stl,-1,-1,TO
../resources/benchmarks/random0/b0_r5_c10_l1000_i50_ps0_2_pt0_33_j5_4.stl,0.03,33404,sat
../resources/benchmarks/random0/b0_r5_c10_l1000_i50_ps0_2_pt0_33_j5_5.stl,0.01,33704.8,unsat
../resources/benchmarks/random0/b0_r5_c10_l1000_i50_ps0_2_pt0_5_j10_1.stl,0.016,32471.2,unsat
../resources/benchmarks/random0/b0_r5_c10_l1000_i50_ps0_2_pt0_5_j10_2.stl,-1,-1,TO
../resources/benchmarks/random0/b0_r5_c10_l1000_i50_ps0_2_pt0_5_j10_3.stl,0.01,32466.4,unsat
../resources/benchmarks/random0/b0_r5_c10_l1000_i50_ps0_2_pt0_5_j10_4.stl,-1,-1,TO
../resources/benchmarks/random0/b0_r5_c10_l1000_i50_ps0_2_pt0_5_j10_5.stl,0.02,34016.8,unsat
../resources/benchmarks/random0/b0_r5_c10_l1000_i50_ps0_2_pt0_5_j5_1.stl,65.848,97811.2,unknown
../resources/benchmarks/random0/b0_r5_c10_l1000_i50_ps0_2_pt0_5_j5_2.stl,-1,-1,TO
../resources/benchmarks/random0/b0_r5_c10_l1000_i50_ps0_2_pt0_5_j5_3.stl,0.02,34020.8,unsat
../resources/benchmarks/random0/b0_r5_c10_l1000_i50_ps0_2_pt0_5_j5_4.stl,0.03,35576.8,sat
../resources/benchmarks/random0/b0_r5_c10_l1000_i50_ps0_2_pt0_5_j5_5.stl,-1,-1,TO
../resources/benchmarks/random0/b0_r5_c10_l1000_i50_ps0_2_pt0_75_j10_1.stl,-1,-1,TO
../resources/benchmarks/random0/b0_r5_c10_l1000_i50_ps0_2_pt0_75_j10_2.stl,-1,-1,TO
../resources/benchmarks/random0/b0_r5_c10_l1000_i50_ps0_2_pt0_75_j10_3.stl,-1,-1,TO
../resources/benchmarks/random0/b0_r5_c10_l1000_i50_ps0_2_pt0_75_j10_4.stl,-1,-1,TO
../resources/benchmarks/random0/b0_r5_c10_l1000_i50_ps0_2_pt0_75_j10_5.stl,0.15,38637.6,unsat
../resources/benchmarks/random0/b0_r5_c10_l1000_i50_ps0_2_pt0_75_j5_1.stl,-1,-1,TO
../resources/benchmarks/random0/b0_r5_c10_l1000_i50_ps0_2_pt0_75_j5_2.stl,-1,-1,TO
../resources/benchmarks/random0/b0_r5_c10_l1000_i50_ps0_2_pt0_75_j5_3.stl,0.012,34018.4,unsat
../resources/benchmarks/random0/b0_r5_c10_l1000_i50_ps0_2_pt0_75_j5_4.stl,-1,-1,TO
../resources/benchmarks/random0/b0_r5_c10_l1000_i50_ps0_2_pt0_75_j5_5.stl,-1,-1,TO
../resources/benchmarks/random0/b0_r5_c10_l1000_i50_ps0_2_pt0_95_j10_1.stl,-1,-1,TO
../resources/benchmarks/random0/b0_r5_c10_l1000_i50_ps0_2_pt0_95_j10_2.stl,-1,-1,TO
../resources/benchmarks/random0/b0_r5_c10_l1000_i50_ps0_2_pt0_95_j10_3.stl,-1,-1,TO
../resources/benchmarks/random0/b0_r5_c10_l1000_i50_ps0_2_pt0_95_j10_4.stl,-1,-1,TO
../resources/benchmarks/random0/b0_r5_c10_l1000_i50_ps0_2_pt0_95_j10_5.stl,-1,-1,TO
../resources/benchmarks/random0/b0_r5_c10_l1000_i50_ps0_2_pt0_95_j5_1.stl,-1,-1,TO
../resources/benchmarks/random0/b0_r5_c10_l1000_i50_ps0_2_pt0_95_j5_2.stl,0.02,34056.8,unsat
../resources/benchmarks/random0/b0_r5_c10_l1000_i50_ps0_2_pt0_95_j5_3.stl,-1,-1,TO
../resources/benchmarks/random0/b0_r5_c10_l1000_i50_ps0_2_pt0_95_j5_4.stl,0.03,35564,unsat
../resources/benchmarks/random0/b0_r5_c10_l1000_i50_ps0_2_pt0_95_j5_5.stl,-1,-1,TO
../resources/benchmarks/random0/b0_r5_c10_l100_i1000_ps0_05_pt0_33_j10_1.stl,-1,-1,TO
../resources/benchmarks/random0/b0_r5_c10_l100_i1000_ps0_05_pt0_33_j10_2.stl,-1,-1,TO
../resources/benchmarks/random0/b0_r5_c10_l100_i1000_ps0_05_pt0_33_j10_3.stl,-1,-1,TO
../resources/benchmarks/random0/b0_r5_c10_l100_i1000_ps0_05_pt0_33_j10_4.stl,-1,-1,TO
../resources/benchmarks/random0/b0_r5_c10_l100_i1000_ps0_05_pt0_33_j10_5.stl,-1,-1,TO
../resources/benchmarks/random0/b0_r5_c10_l100_i1000_ps0_05_pt0_33_j5_1.stl,-1,-1,TO
../resources/benchmarks/random0/b0_r5_c10_l100_i1000_ps0_05_pt0_33_j5_2.stl,-1,-1,TO
../resources/benchmarks/random0/b0_r5_c10_l100_i1000_ps0_05_pt0_33_j5_3.stl,-1,-1,TO
../resources/benchmarks/random0/b0_r5_c10_l100_i1000_ps0_05_pt0_33_j5_4.stl,-1,-1,TO
../resources/benchmarks/random0/b0_r5_c10_l100_i1000_ps0_05_pt0_33_j5_5.stl,-1,-1,TO
../resources/benchmarks/random0/b0_r5_c10_l100_i1000_ps0_05_pt0_5_j10_1.stl,-1,-1,TO
../resources/benchmarks/random0/b0_r5_c10_l100_i1000_ps0_05_pt0_5_j10_2.stl,-1,-1,TO
../resources/benchmarks/random0/b0_r5_c10_l100_i1000_ps0_05_pt0_5_j10_3.stl,-1,-1,TO
../resources/benchmarks/random0/b0_r5_c10_l100_i1000_ps0_05_pt0_5_j10_4.stl,-1,-1,TO
../resources/benchmarks/random0/b0_r5_c10_l100_i1000_ps0_05_pt0_5_j10_5.stl,-1,-1,TO
../resources/benchmarks/random0/b0_r5_c10_l100_i1000_ps0_05_pt0_5_j5_1.stl,-1,-1,TO
../resources/benchmarks/random0/b0_r5_c10_l100_i1000_ps0_05_pt0_5_j5_2.stl,-1,-1,TO
../resources/benchmarks/random0/b0_r5_c10_l100_i1000_ps0_05_pt0_5_j5_3.stl,-1,-1,TO
../resources/benchmarks/random0/b0_r5_c10_l100_i1000_ps0_05_pt0_5_j5_4.stl,-1,-1,TO
../resources/benchmarks/random0/b0_r5_c10_l100_i1000_ps0_05_pt0_5_j5_5.stl,-1,-1,TO
../resources/benchmarks/random0/b0_r5_c10_l100_i1000_ps0_05_pt0_75_j10_1.stl,-1,-1,TO
../resources/benchmarks/random0/b0_r5_c10_l100_i1000_ps0_05_pt0_75_j10_2.stl,0.02,29338.4,unsat
../resources/benchmarks/random0/b0_r5_c10_l100_i1000_ps0_05_pt0_75_j10_3.stl,-1,-1,TO
../resources/benchmarks/random0/b0_r5_c10_l100_i1000_ps0_05_pt0_75_j10_4.stl,-1,-1,TO
../resources/benchmarks/random0/b0_r5_c10_l100_i1000_ps0_05_pt0_75_j10_5.stl,-1,-1,TO
../resources/benchmarks/random0/b0_r5_c10_l100_i1000_ps0_05_pt0_75_j5_1.stl,-1,-1,TO
../resources/benchmarks/random0/b0_r5_c10_l100_i1000_ps0_05_pt0_75_j5_2.stl,-1,-1,TO
../resources/benchmarks/random0/b0_r5_c10_l100_i1000_ps0_05_pt0_75_j5_3.stl,-1,-1,TO
../resources/benchmarks/random0/b0_r5_c10_l100_i1000_ps0_05_pt0_75_j5_4.stl,-1,-1,TO
../resources/benchmarks/random0/b0_r5_c10_l100_i1000_ps0_05_pt0_75_j5_5.stl,-1,-1,TO
../resources/benchmarks/random0/b0_r5_c10_l100_i1000_ps0_05_pt0_95_j10_1.stl,-1,-1,TO
../resources/benchmarks/random0/b0_r5_c10_l100_i1000_ps0_05_pt0_95_j10_2.stl,-1,-1,TO
../resources/benchmarks/random0/b0_r5_c10_l100_i1000_ps0_05_pt0_95_j10_3.stl,-1,-1,TO
../resources/benchmarks/random0/b0_r5_c10_l100_i1000_ps0_05_pt0_95_j10_4.stl,-1,-1,TO
../resources/benchmarks/random0/b0_r5_c10_l100_i1000_ps0_05_pt0_95_j10_5.stl,0.118,38656,unsat
../resources/benchmarks/random0/b0_r5_c10_l100_i1000_ps0_05_pt0_95_j5_1.stl,-1,-1,TO
../resources/benchmarks/random0/b0_r5_c10_l100_i1000_ps0_05_pt0_95_j5_2.stl,-1,-1,TO
../resources/benchmarks/random0/b0_r5_c10_l100_i1000_ps0_05_pt0_95_j5_3.stl,-1,-1,TO
../resources/benchmarks/random0/b0_r5_c10_l100_i1000_ps0_05_pt0_95_j5_4.stl,-1,-1,TO
../resources/benchmarks/random0/b0_r5_c10_l100_i1000_ps0_05_pt0_95_j5_5.stl,-1,-1,TO
../resources/benchmarks/random0/b0_r5_c10_l100_i1000_ps0_15_pt0_33_j10_1.stl,-1,-1,TO
../resources/benchmarks/random0/b0_r5_c10_l100_i1000_ps0_15_pt0_33_j10_2.stl,0.018000000000000002,32431.2,unsat
../resources/benchmarks/random0/b0_r5_c10_l100_i1000_ps0_15_pt0_33_j10_3.stl,-1,-1,TO
../resources/benchmarks/random0/b0_r5_c10_l100_i1000_ps0_15_pt0_33_j10_4.stl,0.018000000000000002,32433.6,unsat
../resources/benchmarks/random0/b0_r5_c10_l100_i1000_ps0_15_pt0_33_j10_5.stl,-1,-1,TO
../resources/benchmarks/random0/b0_r5_c10_l100_i1000_ps0_15_pt0_33_j5_1.stl,-1,-1,TO
../resources/benchmarks/random0/b0_r5_c10_l100_i1000_ps0_15_pt0_33_j5_2.stl,-1,-1,TO
../resources/benchmarks/random0/b0_r5_c10_l100_i1000_ps0_15_pt0_33_j5_3.stl,0.02,34023.2,sat
../resources/benchmarks/random0/b0_r5_c10_l100_i1000_ps0_15_pt0_33_j5_4.stl,-1,-1,TO
../resources/benchmarks/random0/b0_r5_c10_l100_i1000_ps0_15_pt0_33_j5_5.stl,0.014,32455.2,unsat
../resources/benchmarks/random0/b0_r5_c10_l100_i1000_ps0_15_pt0_5_j10_1.stl,0.02,32444,unsat
../resources/benchmarks/random0/b0_r5_c10_l100_i1000_ps0_15_pt0_5_j10_2.stl,-1,-1,TO
../resources/benchmarks/random0/b0_r5_c10_l100_i1000_ps0_15_pt0_5_j10_3.stl,-1,-1,TO
../resources/benchmarks/random0/b0_r5_c10_l100_i1000_ps0_15_pt0_5_j10_4.stl,-1,-1,TO
../resources/benchmarks/random0/b0_r5_c10_l100_i1000_ps0_15_pt0_5_j10_5.stl,-1,-1,TO
../resources/benchmarks/random0/b0_r5_c10_l100_i1000_ps0_15_pt0_5_j5_1.stl,8.33,108059.2,sat
../resources/benchmarks/random0/b0_r5_c10_l100_i1000_ps0_15_pt0_5_j5_2.stl,-1,-1,TO
../resources/benchmarks/random0/b0_r5_c10_l100_i1000_ps0_15_pt0_5_j5_3.stl,41.624,571979.2,unknown
../resources/benchmarks/random0/b0_r5_c10_l100_i1000_ps0_15_pt0_5_j5_4.stl,-1,-1,TO
../resources/benchmarks/random0/b0_r5_c10_l100_i1000_ps0_15_pt0_5_j5_5.stl,0.17,37093.6,sat
../resources/benchmarks/random0/b0_r5_c10_l100_i1000_ps0_15_pt0_75_j10_1.stl,-1,-1,TO
../resources/benchmarks/random0/b0_r5_c10_l100_i1000_ps0_15_pt0_75_j10_2.stl,-1,-1,TO
../resources/benchmarks/random0/b0_r5_c10_l100_i1000_ps0_15_pt0_75_j10_3.stl,-1,-1,TO
../resources/benchmarks/random0/b0_r5_c10_l100_i1000_ps0_15_pt0_75_j10_4.stl,-1,-1,TO
../resources/benchmarks/random0/b0_r5_c10_l100_i1000_ps0_15_pt0_75_j10_5.stl,-1,-1,TO
../resources/benchmarks/random0/b0_r5_c10_l100_i1000_ps0_15_pt0_75_j5_1.stl,-1,-1,TO
../resources/benchmarks/random0/b0_r5_c10_l100_i1000_ps0_15_pt0_75_j5_2.stl,-1,-1,TO
../resources/benchmarks/random0/b0_r5_c10_l100_i1000_ps0_15_pt0_75_j5_3.stl,-1,-1,TO
../resources/benchmarks/random0/b0_r5_c10_l100_i1000_ps0_15_pt0_75_j5_4.stl,-1,-1,TO
../resources/benchmarks/random0/b0_r5_c10_l100_i1000_ps0_15_pt0_75_j5_5.stl,0.07,37108.8,unsat
../resources/benchmarks/random0/b0_r5_c10_l100_i1000_ps0_15_pt0_95_j10_1.stl,-1,-1,TO
../resources/benchmarks/random0/b0_r5_c10_l100_i1000_ps0_15_pt0_95_j10_2.stl,-1,-1,TO
../resources/benchmarks/random0/b0_r5_c10_l100_i1000_ps0_15_pt0_95_j10_3.stl,-1,-1,TO
../resources/benchmarks/random0/b0_r5_c10_l100_i1000_ps0_15_pt0_95_j10_4.stl,-1,-1,TO
../resources/benchmarks/random0/b0_r5_c10_l100_i1000_ps0_15_pt0_95_j10_5.stl,-1,-1,TO
../resources/benchmarks/random0/b0_r5_c10_l100_i1000_ps0_15_pt0_95_j5_1.stl,-1,-1,TO
../resources/benchmarks/random0/b0_r5_c10_l100_i1000_ps0_15_pt0_95_j5_2.stl,-1,-1,TO
../resources/benchmarks/random0/b0_r5_c10_l100_i1000_ps0_15_pt0_95_j5_3.stl,-1,-1,TO
../resources/benchmarks/random0/b0_r5_c10_l100_i1000_ps0_15_pt0_95_j5_4.stl,-1,-1,TO
../resources/benchmarks/random0/b0_r5_c10_l100_i1000_ps0_15_pt0_95_j5_5.stl,-1,-1,TO
../resources/benchmarks/random0/b0_r5_c10_l100_i1000_ps0_1_pt0_33_j10_1.stl,0.03,33977.6,unsat
../resources/benchmarks/random0/b0_r5_c10_l100_i1000_ps0_1_pt0_33_j10_2.stl,-1,-1,TO
../resources/benchmarks/random0/b0_r5_c10_l100_i1000_ps0_1_pt0_33_j10_3.stl,-1,-1,TO
../resources/benchmarks/random0/b0_r5_c10_l100_i1000_ps0_1_pt0_33_j10_4.stl,-1,-1,TO
../resources/benchmarks/random0/b0_r5_c10_l100_i1000_ps0_1_pt0_33_j10_5.stl,-1,-1,TO
../resources/benchmarks/random0/b0_r5_c10_l100_i1000_ps0_1_pt0_33_j5_1.stl,-1,-1,TO
../resources/benchmarks/random0/b0_r5_c10_l100_i1000_ps0_1_pt0_33_j5_2.stl,0.01,27810.4,unsat
../resources/benchmarks/random0/b0_r5_c10_l100_i1000_ps0_1_pt0_33_j5_3.stl,-1,-1,TO
../resources/benchmarks/random0/b0_r5_c10_l100_i1000_ps0_1_pt0_33_j5_4.stl,-1,-1,TO
../resources/benchmarks/random0/b0_r5_c10_l100_i1000_ps0_1_pt0_33_j5_5.stl,-1,-1,TO
../resources/benchmarks/random0/b0_r5_c10_l100_i1000_ps0_1_pt0_5_j10_1.stl,-1,-1,TO
../resources/benchmarks/random0/b0_r5_c10_l100_i1000_ps0_1_pt0_5_j10_2.stl,-1,-1,TO
../resources/benchmarks/random0/b0_r5_c10_l100_i1000_ps0_1_pt0_5_j10_3.stl,0.01,27816.8,unsat
../resources/benchmarks/random0/b0_r5_c10_l100_i1000_ps0_1_pt0_5_j10_4.stl,0.03,33992.8,unsat
../resources/benchmarks/random0/b0_r5_c10_l100_i1000_ps0_1_pt0_5_j10_5.stl,-1,-1,TO
../resources/benchmarks/random0/b0_r5_c10_l100_i1000_ps0_1_pt0_5_j5_1.stl,-1,-1,TO
../resources/benchmarks/random0/b0_r5_c10_l100_i1000_ps0_1_pt0_5_j5_2.stl,-1,-1,OOM
../resources/benchmarks/random0/b0_r5_c10_l100_i1000_ps0_1_pt0_5_j5_3.stl,-1,-1,TO
../resources/benchmarks/random0/b0_r5_c10_l100_i1000_ps0_1_pt0_5_j5_4.stl,-1,-1,TO
../resources/benchmarks/random0/b0_r5_c10_l100_i1000_ps0_1_pt0_5_j5_5.stl,18.364,204318.4,sat
../resources/benchmarks/random0/b0_r5_c10_l100_i1000_ps0_1_pt0_75_j10_1.stl,-1,-1,TO
../resources/benchmarks/random0/b0_r5_c10_l100_i1000_ps0_1_pt0_75_j10_2.stl,-1,-1,TO
../resources/benchmarks/random0/b0_r5_c10_l100_i1000_ps0_1_pt0_75_j10_3.stl,-1,-1,TO
../resources/benchmarks/random0/b0_r5_c10_l100_i1000_ps0_1_pt0_75_j10_4.stl,-1,-1,TO
../resources/benchmarks/random0/b0_r5_c10_l100_i1000_ps0_1_pt0_75_j10_5.stl,-1,-1,TO
../resources/benchmarks/random0/b0_r5_c10_l100_i1000_ps0_1_pt0_75_j5_1.stl,-1,-1,TO
../resources/benchmarks/random0/b0_r5_c10_l100_i1000_ps0_1_pt0_75_j5_2.stl,-1,-1,TO
../resources/benchmarks/random0/b0_r5_c10_l100_i1000_ps0_1_pt0_75_j5_3.stl,-1,-1,TO
../resources/benchmarks/random0/b0_r5_c10_l100_i1000_ps0_1_pt0_75_j5_4.stl,-1,-1,TO
../resources/benchmarks/random0/b0_r5_c10_l100_i1000_ps0_1_pt0_75_j5_5.stl,-1,-1,TO
../resources/benchmarks/random0/b0_r5_c10_l100_i1000_ps0_1_pt0_95_j10_1.stl,-1,-1,TO
../resources/benchmarks/random0/b0_r5_c10_l100_i1000_ps0_1_pt0_95_j10_2.stl,0.02,32440.8,unsat
../resources/benchmarks/random0/b0_r5_c10_l100_i1000_ps0_1_pt0_95_j10_3.stl,0.27,43250.4,unsat
../resources/benchmarks/random0/b0_r5_c10_l100_i1000_ps0_1_pt0_95_j10_4.stl,-1,-1,TO
../resources/benchmarks/random0/b0_r5_c10_l100_i1000_ps0_1_pt0_95_j10_5.stl,-1,-1,TO
../resources/benchmarks/random0/b0_r5_c10_l100_i1000_ps0_1_pt0_95_j5_1.stl,-1,-1,TO
../resources/benchmarks/random0/b0_r5_c10_l100_i1000_ps0_1_pt0_95_j5_2.stl,-1,-1,TO
../resources/benchmarks/random0/b0_r5_c10_l100_i1000_ps0_1_pt0_95_j5_3.stl,-1,-1,TO
../resources/benchmarks/random0/b0_r5_c10_l100_i1000_ps0_1_pt0_95_j5_4.stl,-1,-1,TO
../resources/benchmarks/random0/b0_r5_c10_l100_i1000_ps0_1_pt0_95_j5_5.stl,-1,-1,TO
../resources/benchmarks/random0/b0_r5_c10_l100_i1000_ps0_25_pt0_33_j10_1.stl,0.01,32489.6,unsat
../resources/benchmarks/random0/b0_r5_c10_l100_i1000_ps0_25_pt0_33_j10_2.stl,-1,-1,TO
../resources/benchmarks/random0/b0_r5_c10_l100_i1000_ps0_25_pt0_33_j10_3.stl,0.03,34034.4,unsat
../resources/benchmarks/random0/b0_r5_c10_l100_i1000_ps0_25_pt0_33_j10_4.stl,-1,-1,TO
../resources/benchmarks/random0/b0_r5_c10_l100_i1000_ps0_25_pt0_33_j10_5.stl,0.01,27803.2,unsat
../resources/benchmarks/random0/b0_r5_c10_l100_i1000_ps0_25_pt0_33_j5_1.stl,-1,-1,TO
../resources/benchmarks/random0/b0_r5_c10_l100_i1000_ps0_25_pt0_33_j5_2.stl,-1,-1,TO
../resources/benchmarks/random0/b0_r5_c10_l100_i1000_ps0_25_pt0_33_j5_3.stl,5.26,172276.8,sat
../resources/benchmarks/random0/b0_r5_c10_l100_i1000_ps0_25_pt0_33_j5_4.stl,-1,-1,TO
../resources/benchmarks/random0/b0_r5_c10_l100_i1000_ps0_25_pt0_33_j5_5.stl,3.938,89613.6,sat
../resources/benchmarks/random0/b0_r5_c10_l100_i1000_ps0_25_pt0_5_j10_1.stl,-1,-1,TO
../resources/benchmarks/random0/b0_r5_c10_l100_i1000_ps0_25_pt0_5_j10_2.stl,0.01,32432.8,unsat
../resources/benchmarks/random0/b0_r5_c10_l100_i1000_ps0_25_pt0_5_j10_3.stl,-1,-1,TO
../resources/benchmarks/random0/b0_r5_c10_l100_i1000_ps0_25_pt0_5_j10_4.stl,0.01,32461.6,unsat
../resources/benchmarks/random0/b0_r5_c10_l100_i1000_ps0_25_pt0_5_j10_5.stl,0.05,35646.4,sat
../resources/benchmarks/random0/b0_r5_c10_l100_i1000_ps0_25_pt0_5_j5_1.stl,0.02,33977.6,sat
../resources/benchmarks/random0/b0_r5_c10_l100_i1000_ps0_25_pt0_5_j5_2.stl,-1,-1,TO
../resources/benchmarks/random0/b0_r5_c10_l100_i1000_ps0_25_pt0_5_j5_3.stl,-1,-1,TO
../resources/benchmarks/random0/b0_r5_c10_l100_i1000_ps0_25_pt0_5_j5_4.stl,-1,-1,TO
../resources/benchmarks/random0/b0_r5_c10_l100_i1000_ps0_25_pt0_5_j5_5.stl,-1,-1,TO
../resources/benchmarks/random0/b0_r5_c10_l100_i1000_ps0_25_pt0_75_j10_1.stl,0.016,32444,unsat
../resources/benchmarks/random0/b0_r5_c10_l100_i1000_ps0_25_pt0_75_j10_2.stl,3.2479999999999998,74034.4,sat
../resources/benchmarks/random0/b0_r5_c10_l100_i1000_ps0_25_pt0_75_j10_3.stl,-1,-1,TO
../resources/benchmarks/random0/b0_r5_c10_l100_i1000_ps0_25_pt0_75_j10_4.stl,-1,-1,TO
../resources/benchmarks/random0/b0_r5_c10_l100_i1000_ps0_25_pt0_75_j10_5.stl,-1,-1,TO
../resources/benchmarks/random0/b0_r5_c10_l100_i1000_ps0_25_pt0_75_j5_1.stl,0.01,32124,unsat
../resources/benchmarks/random0/b0_r5_c10_l100_i1000_ps0_25_pt0_75_j5_2.stl,-1,-1,TO
../resources/benchmarks/random0/b0_r5_c10_l100_i1000_ps0_25_pt0_75_j5_3.stl,-1,-1,TO
../resources/benchmarks/random0/b0_r5_c10_l100_i1000_ps0_25_pt0_75_j5_4.stl,-1,-1,TO
../resources/benchmarks/random0/b0_r5_c10_l100_i1000_ps0_25_pt0_75_j5_5.stl,-1,-1,TO
../resources/benchmarks/random0/b0_r5_c10_l100_i1000_ps0_25_pt0_95_j10_1.stl,-1,-1,TO
../resources/benchmarks/random0/b0_r5_c10_l100_i1000_ps0_25_pt0_95_j10_2.stl,-1,-1,TO
../resources/benchmarks/random0/b0_r5_c10_l100_i1000_ps0_25_pt0_95_j10_3.stl,-1,-1,TO
../resources/benchmarks/random0/b0_r5_c10_l100_i1000_ps0_25_pt0_95_j10_4.stl,-1,-1,TO
../resources/benchmarks/random0/b0_r5_c10_l100_i1000_ps0_25_pt0_95_j10_5.stl,-1,-1,TO
../resources/benchmarks/random0/b0_r5_c10_l100_i1000_ps0_25_pt0_95_j5_1.stl,-1,-1,TO
../resources/benchmarks/random0/b0_r5_c10_l100_i1000_ps0_25_pt0_95_j5_2.stl,-1,-1,TO
../resources/benchmarks/random0/b0_r5_c10_l100_i1000_ps0_25_pt0_95_j5_3.stl,-1,-1,TO
../resources/benchmarks/random0/b0_r5_c10_l100_i1000_ps0_25_pt0_95_j5_4.stl,-1,-1,TO
../resources/benchmarks/random0/b0_r5_c10_l100_i1000_ps0_25_pt0_95_j5_5.stl,-1,-1,TO
../resources/benchmarks/random0/b0_r5_c10_l100_i1000_ps0_2_pt0_33_j10_1.stl,0.01,27798.4,unsat
../resources/benchmarks/random0/b0_r5_c10_l100_i1000_ps0_2_pt0_33_j10_2.stl,-1,-1,TO
../resources/benchmarks/random0/b0_r5_c10_l100_i1000_ps0_2_pt0_33_j10_3.stl,0.01,27780.8,unsat
../resources/benchmarks/random0/b0_r5_c10_l100_i1000_ps0_2_pt0_33_j10_4.stl,-1,-1,TO
../resources/benchmarks/random0/b0_r5_c10_l100_i1000_ps0_2_pt0_33_j10_5.stl,-1,-1,TO
../resources/benchmarks/random0/b0_r5_c10_l100_i1000_ps0_2_pt0_33_j5_1.stl,-1,-1,TO
../resources/benchmarks/random0/b0_r5_c10_l100_i1000_ps0_2_pt0_33_j5_2.stl,0.02,33748.8,sat
../resources/benchmarks/random0/b0_r5_c10_l100_i1000_ps0_2_pt0_33_j5_3.stl,0.01,32491.2,sat
../resources/benchmarks/random0/b0_r5_c10_l100_i1000_ps0_2_pt0_33_j5_4.stl,-1,-1,TO
../resources/benchmarks/random0/b0_r5_c10_l100_i1000_ps0_2_pt0_33_j5_5.stl,0.012,27808.8,unsat
../resources/benchmarks/random0/b0_r5_c10_l100_i1000_ps0_2_pt0_5_j10_1.stl,0.014,32484,unsat
../resources/benchmarks/random0/b0_r5_c10_l100_i1000_ps0_2_pt0_5_j10_2.stl,-1,-1,TO
../resources/benchmarks/random0/b0_r5_c10_l100_i1000_ps0_2_pt0_5_j10_3.stl,-1,-1,TO
../resources/benchmarks/random0/b0_r5_c10_l100_i1000_ps0_2_pt0_5_j10_4.stl,-1,-1,OOM
../resources/benchmarks/random0/b0_r5_c10_l100_i1000_ps0_2_pt0_5_j10_5.stl,0.02,32453.6,unsat
../resources/benchmarks/random0/b0_r5_c10_l100_i1000_ps0_2_pt0_5_j5_1.stl,0.02,34019.2,sat
../resources/benchmarks/random0/b0_r5_c10_l100_i1000_ps0_2_pt0_5_j5_2.stl,0.02,33758.4,sat
../resources/benchmarks/random0/b0_r5_c10_l100_i1000_ps0_2_pt0_5_j5_3.stl,-1,-1,TO
../resources/benchmarks/random0/b0_r5_c10_l100_i1000_ps0_2_pt0_5_j5_4.stl,-1,-1,TO
../resources/benchmarks/random0/b0_r5_c10_l100_i1000_ps0_2_pt0_5_j5_5.stl,-1,-1,TO
../resources/benchmarks/random0/b0_r5_c10_l100_i1000_ps0_2_pt0_75_j10_1.stl,-1,-1,TO
../resources/benchmarks/random0/b0_r5_c10_l100_i1000_ps0_2_pt0_75_j10_2.stl,-1,-1,TO
../resources/benchmarks/random0/b0_r5_c10_l100_i1000_ps0_2_pt0_75_j10_3.stl,-1,-1,TO
../resources/benchmarks/random0/b0_r5_c10_l100_i1000_ps0_2_pt0_75_j10_4.stl,-1,-1,OOM
../resources/benchmarks/random0/b0_r5_c10_l100_i1000_ps0_2_pt0_75_j10_5.stl,-1,-1,TO
../resources/benchmarks/random0/b0_r5_c10_l100_i1000_ps0_2_pt0_75_j5_1.stl,-1,-1,TO
../resources/benchmarks/random0/b0_r5_c10_l100_i1000_ps0_2_pt0_75_j5_2.stl,-1,-1,TO
../resources/benchmarks/random0/b0_r5_c10_l100_i1000_ps0_2_pt0_75_j5_3.stl,-1,-1,TO
../resources/benchmarks/random0/b0_r5_c10_l100_i1000_ps0_2_pt0_75_j5_4.stl,0.04,35618.4,sat
../resources/benchmarks/random0/b0_r5_c10_l100_i1000_ps0_2_pt0_75_j5_5.stl,0.01,32436,unsat
../resources/benchmarks/random0/b0_r5_c10_l100_i1000_ps0_2_pt0_95_j10_1.stl,-1,-1,TO
../resources/benchmarks/random0/b0_r5_c10_l100_i1000_ps0_2_pt0_95_j10_2.stl,-1,-1,TO
../resources/benchmarks/random0/b0_r5_c10_l100_i1000_ps0_2_pt0_95_j10_3.stl,-1,-1,TO
../resources/benchmarks/random0/b0_r5_c10_l100_i1000_ps0_2_pt0_95_j10_4.stl,-1,-1,TO
../resources/benchmarks/random0/b0_r5_c10_l100_i1000_ps0_2_pt0_95_j10_5.stl,-1,-1,TO
../resources/benchmarks/random0/b0_r5_c10_l100_i1000_ps0_2_pt0_95_j5_1.stl,-1,-1,TO
../resources/benchmarks/random0/b0_r5_c10_l100_i1000_ps0_2_pt0_95_j5_2.stl,-1,-1,TO
../resources/benchmarks/random0/b0_r5_c10_l100_i1000_ps0_2_pt0_95_j5_3.stl,-1,-1,TO
../resources/benchmarks/random0/b0_r5_c10_l100_i1000_ps0_2_pt0_95_j5_4.stl,-1,-1,TO
../resources/benchmarks/random0/b0_r5_c10_l100_i1000_ps0_2_pt0_95_j5_5.stl,-1,-1,TO
../resources/benchmarks/random0/b0_r5_c10_l100_i50_ps0_05_pt0_33_j10_1.stl,-1,-1,TO
../resources/benchmarks/random0/b0_r5_c10_l100_i50_ps0_05_pt0_33_j10_2.stl,-1,-1,TO
../resources/benchmarks/random0/b0_r5_c10_l100_i50_ps0_05_pt0_33_j10_3.stl,-1,-1,TO
../resources/benchmarks/random0/b0_r5_c10_l100_i50_ps0_05_pt0_33_j10_4.stl,0.05,29360.8,unsat
../resources/benchmarks/random0/b0_r5_c10_l100_i50_ps0_05_pt0_33_j10_5.stl,-1,-1,TO
../resources/benchmarks/random0/b0_r5_c10_l100_i50_ps0_05_pt0_33_j5_1.stl,-1,-1,TO
../resources/benchmarks/random0/b0_r5_c10_l100_i50_ps0_05_pt0_33_j5_2.stl,-1,-1,TO
../resources/benchmarks/random0/b0_r5_c10_l100_i50_ps0_05_pt0_33_j5_3.stl,-1,-1,TO
../resources/benchmarks/random0/b0_r5_c10_l100_i50_ps0_05_pt0_33_j5_4.stl,-1,-1,TO
../resources/benchmarks/random0/b0_r5_c10_l100_i50_ps0_05_pt0_33_j5_5.stl,-1,-1,TO
../resources/benchmarks/random0/b0_r5_c10_l100_i50_ps0_05_pt0_5_j10_1.stl,-1,-1,TO
../resources/benchmarks/random0/b0_r5_c10_l100_i50_ps0_05_pt0_5_j10_2.stl,-1,-1,TO
../resources/benchmarks/random0/b0_r5_c10_l100_i50_ps0_05_pt0_5_j10_3.stl,0.19,44712,unsat
../resources/benchmarks/random0/b0_r5_c10_l100_i50_ps0_05_pt0_5_j10_4.stl,-1,-1,TO
../resources/benchmarks/random0/b0_r5_c10_l100_i50_ps0_05_pt0_5_j10_5.stl,-1,-1,TO
../resources/benchmarks/random0/b0_r5_c10_l100_i50_ps0_05_pt0_5_j5_1.stl,-1,-1,TO
../resources/benchmarks/random0/b0_r5_c10_l100_i50_ps0_05_pt0_5_j5_2.stl,-1,-1,TO
../resources/benchmarks/random0/b0_r5_c10_l100_i50_ps0_05_pt0_5_j5_3.stl,-1,-1,TO
../resources/benchmarks/random0/b0_r5_c10_l100_i50_ps0_05_pt0_5_j5_4.stl,-1,-1,TO
../resources/benchmarks/random0/b0_r5_c10_l100_i50_ps0_05_pt0_5_j5_5.stl,-1,-1,TO
../resources/benchmarks/random0/b0_r5_c10_l100_i50_ps0_05_pt0_75_j10_1.stl,-1,-1,TO
../resources/benchmarks/random0/b0_r5_c10_l100_i50_ps0_05_pt0_75_j10_2.stl,-1,-1,TO
../resources/benchmarks/random0/b0_r5_c10_l100_i50_ps0_05_pt0_75_j10_3.stl,-1,-1,TO
../resources/benchmarks/random0/b0_r5_c10_l100_i50_ps0_05_pt0_75_j10_4.stl,-1,-1,TO
../resources/benchmarks/random0/b0_r5_c10_l100_i50_ps0_05_pt0_75_j10_5.stl,-1,-1,TO
../resources/benchmarks/random0/b0_r5_c10_l100_i50_ps0_05_pt0_75_j5_1.stl,-1,-1,TO
../resources/benchmarks/random0/b0_r5_c10_l100_i50_ps0_05_pt0_75_j5_2.stl,-1,-1,TO
../resources/benchmarks/random0/b0_r5_c10_l100_i50_ps0_05_pt0_75_j5_3.stl,-1,-1,TO
../resources/benchmarks/random0/b0_r5_c10_l100_i50_ps0_05_pt0_75_j5_4.stl,-1,-1,TO
../resources/benchmarks/random0/b0_r5_c10_l100_i50_ps0_05_pt0_75_j5_5.stl,-1,-1,TO
../resources/benchmarks/random0/b0_r5_c10_l100_i50_ps0_05_pt0_95_j10_1.stl,-1,-1,TO
../resources/benchmarks/random0/b0_r5_c10_l100_i50_ps0_05_pt0_95_j10_2.stl,-1,-1,TO
../resources/benchmarks/random0/b0_r5_c10_l100_i50_ps0_05_pt0_95_j10_3.stl,-1,-1,TO
../resources/benchmarks/random0/b0_r5_c10_l100_i50_ps0_05_pt0_95_j10_4.stl,0.76,63776,unsat
../resources/benchmarks/random0/b0_r5_c10_l100_i50_ps0_05_pt0_95_j10_5.stl,-1,-1,TO
../resources/benchmarks/random0/b0_r5_c10_l100_i50_ps0_05_pt0_95_j5_1.stl,-1,-1,TO
../resources/benchmarks/random0/b0_r5_c10_l100_i50_ps0_05_pt0_95_j5_2.stl,-1,-1,TO
../resources/benchmarks/random0/b0_r5_c10_l100_i50_ps0_05_pt0_95_j5_3.stl,0.04,32452.8,unsat
../resources/benchmarks/random0/b0_r5_c10_l100_i50_ps0_05_pt0_95_j5_4.stl,-1,-1,TO
../resources/benchmarks/random0/b0_r5_c10_l100_i50_ps0_05_pt0_95_j5_5.stl,-1,-1,TO
../resources/benchmarks/random0/b0_r5_c10_l100_i50_ps0_15_pt0_33_j10_1.stl,0.02,32451.2,unsat
../resources/benchmarks/random0/b0_r5_c10_l100_i50_ps0_15_pt0_33_j10_2.stl,-1,-1,TO
../resources/benchmarks/random0/b0_r5_c10_l100_i50_ps0_15_pt0_33_j10_3.stl,0.02,32484.8,unsat
../resources/benchmarks/random0/b0_r5_c10_l100_i50_ps0_15_pt0_33_j10_4.stl,-1,-1,TO
../resources/benchmarks/random0/b0_r5_c10_l100_i50_ps0_15_pt0_33_j10_5.stl,-1,-1,TO
../resources/benchmarks/random0/b0_r5_c10_l100_i50_ps0_15_pt0_33_j5_1.stl,-1,-1,TO
../resources/benchmarks/random0/b0_r5_c10_l100_i50_ps0_15_pt0_33_j5_2.stl,-1,-1,TO
../resources/benchmarks/random0/b0_r5_c10_l100_i50_ps0_15_pt0_33_j5_3.stl,0.02,33801.6,sat
../resources/benchmarks/random0/b0_r5_c10_l100_i50_ps0_15_pt0_33_j5_4.stl,-1,-1,TO
../resources/benchmarks/random0/b0_r5_c10_l100_i50_ps0_15_pt0_33_j5_5.stl,-1,-1,OOM
../resources/benchmarks/random0/b0_r5_c10_l100_i50_ps0_15_pt0_5_j10_1.stl,-1,-1,TO
../resources/benchmarks/random0/b0_r5_c10_l100_i50_ps0_15_pt0_5_j10_2.stl,0.02,32436,unsat
../resources/benchmarks/random0/b0_r5_c10_l100_i50_ps0_15_pt0_5_j10_3.stl,-1,-1,TO
../resources/benchmarks/random0/b0_r5_c10_l100_i50_ps0_15_pt0_5_j10_4.stl,-1,-1,TO
../resources/benchmarks/random0/b0_r5_c10_l100_i50_ps0_15_pt0_5_j10_5.stl,-1,-1,TO
../resources/benchmarks/random0/b0_r5_c10_l100_i50_ps0_15_pt0_5_j5_1.stl,24.186,233330.4,unsat
../resources/benchmarks/random0/b0_r5_c10_l100_i50_ps0_15_pt0_5_j5_2.stl,0.178,39587.2,unsat
../resources/benchmarks/random0/b0_r5_c10_l100_i50_ps0_15_pt0_5_j5_3.stl,-1,-1,TO
../resources/benchmarks/random0/b0_r5_c10_l100_i50_ps0_15_pt0_5_j5_4.stl,-1,-1,TO
../resources/benchmarks/random0/b0_r5_c10_l100_i50_ps0_15_pt0_5_j5_5.stl,-1,-1,TO
../resources/benchmarks/random0/b0_r5_c10_l100_i50_ps0_15_pt0_75_j10_1.stl,-1,-1,TO
../resources/benchmarks/random0/b0_r5_c10_l100_i50_ps0_15_pt0_75_j10_2.stl,-1,-1,TO
../resources/benchmarks/random0/b0_r5_c10_l100_i50_ps0_15_pt0_75_j10_3.stl,-1,-1,TO
../resources/benchmarks/random0/b0_r5_c10_l100_i50_ps0_15_pt0_75_j10_4.stl,-1,-1,TO
../resources/benchmarks/random0/b0_r5_c10_l100_i50_ps0_15_pt0_75_j10_5.stl,-1,-1,TO
../resources/benchmarks/random0/b0_r5_c10_l100_i50_ps0_15_pt0_75_j5_1.stl,-1,-1,TO
../resources/benchmarks/random0/b0_r5_c10_l100_i50_ps0_15_pt0_75_j5_2.stl,0.318,40179.2,unsat
../resources/benchmarks/random0/b0_r5_c10_l100_i50_ps0_15_pt0_75_j5_3.stl,-1,-1,TO
../resources/benchmarks/random0/b0_r5_c10_l100_i50_ps0_15_pt0_75_j5_4.stl,-1,-1,TO
../resources/benchmarks/random0/b0_r5_c10_l100_i50_ps0_15_pt0_75_j5_5.stl,-1,-1,TO
../resources/benchmarks/random0/b0_r5_c10_l100_i50_ps0_15_pt0_95_j10_1.stl,-1,-1,TO
../resources/benchmarks/random0/b0_r5_c10_l100_i50_ps0_15_pt0_95_j10_2.stl,-1,-1,TO
../resources/benchmarks/random0/b0_r5_c10_l100_i50_ps0_15_pt0_95_j10_3.stl,-1,-1,TO
../resources/benchmarks/random0/b0_r5_c10_l100_i50_ps0_15_pt0_95_j10_4.stl,-1,-1,TO
../resources/benchmarks/random0/b0_r5_c10_l100_i50_ps0_15_pt0_95_j10_5.stl,-1,-1,TO
../resources/benchmarks/random0/b0_r5_c10_l100_i50_ps0_15_pt0_95_j5_1.stl,0.02,33772,sat
../resources/benchmarks/random0/b0_r5_c10_l100_i50_ps0_15_pt0_95_j5_2.stl,1.098,52440.8,unsat
../resources/benchmarks/random0/b0_r5_c10_l100_i50_ps0_15_pt0_95_j5_3.stl,-1,-1,TO
../resources/benchmarks/random0/b0_r5_c10_l100_i50_ps0_15_pt0_95_j5_4.stl,-1,-1,TO
../resources/benchmarks/random0/b0_r5_c10_l100_i50_ps0_15_pt0_95_j5_5.stl,77.434,282369.6,unsat
../resources/benchmarks/random0/b0_r5_c10_l100_i50_ps0_1_pt0_33_j10_1.stl,-1,-1,TO
../resources/benchmarks/random0/b0_r5_c10_l100_i50_ps0_1_pt0_33_j10_2.stl,-1,-1,TO
../resources/benchmarks/random0/b0_r5_c10_l100_i50_ps0_1_pt0_33_j10_3.stl,-1,-1,TO
../resources/benchmarks/random0/b0_r5_c10_l100_i50_ps0_1_pt0_33_j10_4.stl,-1,-1,TO
../resources/benchmarks/random0/b0_r5_c10_l100_i50_ps0_1_pt0_33_j10_5.stl,0.01,29328.8,unsat
../resources/benchmarks/random0/b0_r5_c10_l100_i50_ps0_1_pt0_33_j5_1.stl,-1,-1,TO
../resources/benchmarks/random0/b0_r5_c10_l100_i50_ps0_1_pt0_33_j5_2.stl,-1,-1,TO
../resources/benchmarks/random0/b0_r5_c10_l100_i50_ps0_1_pt0_33_j5_3.stl,-1,-1,TO
../resources/benchmarks/random0/b0_r5_c10_l100_i50_ps0_1_pt0_33_j5_4.stl,-1,-1,TO
../resources/benchmarks/random0/b0_r5_c10_l100_i50_ps0_1_pt0_33_j5_5.stl,-1,-1,TO
../resources/benchmarks/random0/b0_r5_c10_l100_i50_ps0_1_pt0_5_j10_1.stl,0.01,27776.8,unsat
../resources/benchmarks/random0/b0_r5_c10_l100_i50_ps0_1_pt0_5_j10_2.stl,-1,-1,TO
../resources/benchmarks/random0/b0_r5_c10_l100_i50_ps0_1_pt0_5_j10_3.stl,-1,-1,TO
../resources/benchmarks/random0/b0_r5_c10_l100_i50_ps0_1_pt0_5_j10_4.stl,-1,-1,TO
../resources/benchmarks/random0/b0_r5_c10_l100_i50_ps0_1_pt0_5_j10_5.stl,-1,-1,TO
../resources/benchmarks/random0/b0_r5_c10_l100_i50_ps0_1_pt0_5_j5_1.stl,-1,-1,TO
../resources/benchmarks/random0/b0_r5_c10_l100_i50_ps0_1_pt0_5_j5_2.stl,-1,-1,TO
../resources/benchmarks/random0/b0_r5_c10_l100_i50_ps0_1_pt0_5_j5_3.stl,-1,-1,TO
../resources/benchmarks/random0/b0_r5_c10_l100_i50_ps0_1_pt0_5_j5_4.stl,-1,-1,TO
../resources/benchmarks/random0/b0_r5_c10_l100_i50_ps0_1_pt0_5_j5_5.stl,-1,-1,TO
../resources/benchmarks/random0/b0_r5_c10_l100_i50_ps0_1_pt0_75_j10_1.stl,-1,-1,TO
../resources/benchmarks/random0/b0_r5_c10_l100_i50_ps0_1_pt0_75_j10_2.stl,-1,-1,TO
../resources/benchmarks/random0/b0_r5_c10_l100_i50_ps0_1_pt0_75_j10_3.stl,-1,-1,TO
../resources/benchmarks/random0/b0_r5_c10_l100_i50_ps0_1_pt0_75_j10_4.stl,-1,-1,TO
../resources/benchmarks/random0/b0_r5_c10_l100_i50_ps0_1_pt0_75_j10_5.stl,-1,-1,TO
../resources/benchmarks/random0/b0_r5_c10_l100_i50_ps0_1_pt0_75_j5_1.stl,-1,-1,TO
../resources/benchmarks/random0/b0_r5_c10_l100_i50_ps0_1_pt0_75_j5_2.stl,-1,-1,TO
../resources/benchmarks/random0/b0_r5_c10_l100_i50_ps0_1_pt0_75_j5_3.stl,-1,-1,TO
../resources/benchmarks/random0/b0_r5_c10_l100_i50_ps0_1_pt0_75_j5_4.stl,0.02,32462.4,unsat
../resources/benchmarks/random0/b0_r5_c10_l100_i50_ps0_1_pt0_75_j5_5.stl,-1,-1,TO
../resources/benchmarks/random0/b0_r5_c10_l100_i50_ps0_1_pt0_95_j10_1.stl,-1,-1,TO
../resources/benchmarks/random0/b0_r5_c10_l100_i50_ps0_1_pt0_95_j10_2.stl,-1,-1,TO
../resources/benchmarks/random0/b0_r5_c10_l100_i50_ps0_1_pt0_95_j10_3.stl,-1,-1,TO
../resources/benchmarks/random0/b0_r5_c10_l100_i50_ps0_1_pt0_95_j10_4.stl,12.826,115679.2,unsat
../resources/benchmarks/random0/b0_r5_c10_l100_i50_ps0_1_pt0_95_j10_5.stl,-1,-1,TO
../resources/benchmarks/random0/b0_r5_c10_l100_i50_ps0_1_pt0_95_j5_1.stl,-1,-1,TO
../resources/benchmarks/random0/b0_r5_c10_l100_i50_ps0_1_pt0_95_j5_2.stl,-1,-1,TO
../resources/benchmarks/random0/b0_r5_c10_l100_i50_ps0_1_pt0_95_j5_3.stl,-1,-1,TO
../resources/benchmarks/random0/b0_r5_c10_l100_i50_ps0_1_pt0_95_j5_4.stl,-1,-1,TO
../resources/benchmarks/random0/b0_r5_c10_l100_i50_ps0_1_pt0_95_j5_5.stl,-1,-1,TO
../resources/benchmarks/random0/b0_r5_c10_l100_i50_ps0_25_pt0_33_j10_1.stl,0.01,27790.4,unsat
../resources/benchmarks/random0/b0_r5_c10_l100_i50_ps0_25_pt0_33_j10_2.stl,0.01,32424.8,unsat
../resources/benchmarks/random0/b0_r5_c10_l100_i50_ps0_25_pt0_33_j10_3.stl,0.01,27795.2,unsat
../resources/benchmarks/random0/b0_r5_c10_l100_i50_ps0_25_pt0_33_j10_4.stl,0.308,44776,sat
../resources/benchmarks/random0/b0_r5_c10_l100_i50_ps0_25_pt0_33_j10_5.stl,0.01,32427.2,unsat
../resources/benchmarks/random0/b0_r5_c10_l100_i50_ps0_25_pt0_33_j5_1.stl,0.01,32432,unsat
../resources/benchmarks/random0/b0_r5_c10_l100_i50_ps0_25_pt0_33_j5_2.stl,0.01,32468.8,sat
../resources/benchmarks/random0/b0_r5_c10_l100_i50_ps0_25_pt0_33_j5_3.stl,0.01,27792,unsat
../resources/benchmarks/random0/b0_r5_c10_l100_i50_ps0_25_pt0_33_j5_4.stl,0.01,32525.6,unsat
../resources/benchmarks/random0/b0_r5_c10_l100_i50_ps0_25_pt0_33_j5_5.stl,0.01,32496,sat
../resources/benchmarks/random0/b0_r5_c10_l100_i50_ps0_25_pt0_5_j10_1.stl,0.014,32430.4,unsat
../resources/benchmarks/random0/b0_r5_c10_l100_i50_ps0_25_pt0_5_j10_2.stl,5.76,881828.8,unsat
../resources/benchmarks/random0/b0_r5_c10_l100_i50_ps0_25_pt0_5_j10_3.stl,0.01,32464,unsat
../resources/benchmarks/random0/b0_r5_c10_l100_i50_ps0_25_pt0_5_j10_4.stl,-1,-1,TO
../resources/benchmarks/random0/b0_r5_c10_l100_i50_ps0_25_pt0_5_j10_5.stl,-1,-1,TO
../resources/benchmarks/random0/b0_r5_c10_l100_i50_ps0_25_pt0_5_j5_1.stl,-1,-1,TO
../resources/benchmarks/random0/b0_r5_c10_l100_i50_ps0_25_pt0_5_j5_2.stl,-1,-1,TO
../resources/benchmarks/random0/b0_r5_c10_l100_i50_ps0_25_pt0_5_j5_3.stl,-1,-1,TO
../resources/benchmarks/random0/b0_r5_c10_l100_i50_ps0_25_pt0_5_j5_4.stl,0.01,32468.8,sat
../resources/benchmarks/random0/b0_r5_c10_l100_i50_ps0_25_pt0_5_j5_5.stl,-1,-1,TO
../resources/benchmarks/random0/b0_r5_c10_l100_i50_ps0_25_pt0_75_j10_1.stl,-1,-1,TO
../resources/benchmarks/random0/b0_r5_c10_l100_i50_ps0_25_pt0_75_j10_2.stl,-1,-1,TO
../resources/benchmarks/random0/b0_r5_c10_l100_i50_ps0_25_pt0_75_j10_3.stl,-1,-1,TO
../resources/benchmarks/random0/b0_r5_c10_l100_i50_ps0_25_pt0_75_j10_4.stl,0.012,32459.2,unsat
../resources/benchmarks/random0/b0_r5_c10_l100_i50_ps0_25_pt0_75_j10_5.stl,-1,-1,TO
../resources/benchmarks/random0/b0_r5_c10_l100_i50_ps0_25_pt0_75_j5_1.stl,-1,-1,TO
../resources/benchmarks/random0/b0_r5_c10_l100_i50_ps0_25_pt0_75_j5_2.stl,-1,-1,TO
../resources/benchmarks/random0/b0_r5_c10_l100_i50_ps0_25_pt0_75_j5_3.stl,0.02,34044.8,unsat
../resources/benchmarks/random0/b0_r5_c10_l100_i50_ps0_25_pt0_75_j5_4.stl,-1,-1,TO
../resources/benchmarks/random0/b0_r5_c10_l100_i50_ps0_25_pt0_75_j5_5.stl,-1,-1,TO
../resources/benchmarks/random0/b0_r5_c10_l100_i50_ps0_25_pt0_95_j10_1.stl,-1,-1,TO
../resources/benchmarks/random0/b0_r5_c10_l100_i50_ps0_25_pt0_95_j10_2.stl,-1,-1,TO
../resources/benchmarks/random0/b0_r5_c10_l100_i50_ps0_25_pt0_95_j10_3.stl,-1,-1,TO
../resources/benchmarks/random0/b0_r5_c10_l100_i50_ps0_25_pt0_95_j10_4.stl,-1,-1,TO
../resources/benchmarks/random0/b0_r5_c10_l100_i50_ps0_25_pt0_95_j10_5.stl,-1,-1,TO
../resources/benchmarks/random0/b0_r5_c10_l100_i50_ps0_25_pt0_95_j5_1.stl,-1,-1,TO
../resources/benchmarks/random0/b0_r5_c10_l100_i50_ps0_25_pt0_95_j5_2.stl,-1,-1,TO
../resources/benchmarks/random0/b0_r5_c10_l100_i50_ps0_25_pt0_95_j5_3.stl,3.48,99449.6,sat
../resources/benchmarks/random0/b0_r5_c10_l100_i50_ps0_25_pt0_95_j5_4.stl,-1,-1,TO
../resources/benchmarks/random0/b0_r5_c10_l100_i50_ps0_25_pt0_95_j5_5.stl,-1,-1,TO
../resources/benchmarks/random0/b0_r5_c10_l100_i50_ps0_2_pt0_33_j10_1.stl,-1,-1,TO
../resources/benchmarks/random0/b0_r5_c10_l100_i50_ps0_2_pt0_33_j10_2.stl,-1,-1,TO
../resources/benchmarks/random0/b0_r5_c10_l100_i50_ps0_2_pt0_33_j10_3.stl,0.02,32469.6,unsat
../resources/benchmarks/random0/b0_r5_c10_l100_i50_ps0_2_pt0_33_j10_4.stl,-1,-1,TO
../resources/benchmarks/random0/b0_r5_c10_l100_i50_ps0_2_pt0_33_j10_5.stl,2.956,88646.4,unsat
../resources/benchmarks/random0/b0_r5_c10_l100_i50_ps0_2_pt0_33_j5_1.stl,0.02,33744,sat
../resources/benchmarks/random0/b0_r5_c10_l100_i50_ps0_2_pt0_33_j5_2.stl,-1,-1,TO
../resources/benchmarks/random0/b0_r5_c10_l100_i50_ps0_2_pt0_33_j5_3.stl,-1,-1,TO
../resources/benchmarks/random0/b0_r5_c10_l100_i50_ps0_2_pt0_33_j5_4.stl,0.01,33444.8,sat
../resources/benchmarks/random0/b0_r5_c10_l100_i50_ps0_2_pt0_33_j5_5.stl,0.02,34086.4,sat
../resources/benchmarks/random0/b0_r5_c10_l100_i50_ps0_2_pt0_5_j10_1.stl,-1,-1,TO
../resources/benchmarks/random0/b0_r5_c10_l100_i50_ps0_2_pt0_5_j10_2.stl,-1,-1,TO
../resources/benchmarks/random0/b0_r5_c10_l100_i50_ps0_2_pt0_5_j10_3.stl,-1,-1,TO
../resources/benchmarks/random0/b0_r5_c10_l100_i50_ps0_2_pt0_5_j10_4.stl,-1,-1,TO
../resources/benchmarks/random0/b0_r5_c10_l100_i50_ps0_2_pt0_5_j10_5.stl,-1,-1,TO
../resources/benchmarks/random0/b0_r5_c10_l100_i50_ps0_2_pt0_5_j5_1.stl,-1,-1,TO
../resources/benchmarks/random0/b0_r5_c10_l100_i50_ps0_2_pt0_5_j5_2.stl,-1,-1,TO
../resources/benchmarks/random0/b0_r5_c10_l100_i50_ps0_2_pt0_5_j5_3.stl,-1,-1,TO
../resources/benchmarks/random0/b0_r5_c10_l100_i50_ps0_2_pt0_5_j5_4.stl,51.742,290227.2,sat
../resources/benchmarks/random0/b0_r5_c10_l100_i50_ps0_2_pt0_5_j5_5.stl,-1,-1,TO
../resources/benchmarks/random0/b0_r5_c10_l100_i50_ps0_2_pt0_75_j10_1.stl,0.02,32449.6,unsat
../resources/benchmarks/random0/b0_r5_c10_l100_i50_ps0_2_pt0_75_j10_2.stl,-1,-1,TO
../resources/benchmarks/random0/b0_r5_c10_l100_i50_ps0_2_pt0_75_j10_3.stl,-1,-1,TO
../resources/benchmarks/random0/b0_r5_c10_l100_i50_ps0_2_pt0_75_j10_4.stl,-1,-1,TO
../resources/benchmarks/random0/b0_r5_c10_l100_i50_ps0_2_pt0_75_j10_5.stl,0.01,32454.4,unsat
../resources/benchmarks/random0/b0_r5_c10_l100_i50_ps0_2_pt0_75_j5_1.stl,-1,-1,TO
../resources/benchmarks/random0/b0_r5_c10_l100_i50_ps0_2_pt0_75_j5_2.stl,-1,-1,TO
../resources/benchmarks/random0/b0_r5_c10_l100_i50_ps0_2_pt0_75_j5_3.stl,-1,-1,TO
../resources/benchmarks/random0/b0_r5_c10_l100_i50_ps0_2_pt0_75_j5_4.stl,-1,-1,TO
../resources/benchmarks/random0/b0_r5_c10_l100_i50_ps0_2_pt0_75_j5_5.stl,-1,-1,TO
../resources/benchmarks/random0/b0_r5_c10_l100_i50_ps0_2_pt0_95_j10_1.stl,-1,-1,TO
../resources/benchmarks/random0/b0_r5_c10_l100_i50_ps0_2_pt0_95_j10_2.stl,-1,-1,TO
../resources/benchmarks/random0/b0_r5_c10_l100_i50_ps0_2_pt0_95_j10_3.stl,-1,-1,TO
../resources/benchmarks/random0/b0_r5_c10_l100_i50_ps0_2_pt0_95_j10_4.stl,-1,-1,TO
../resources/benchmarks/random0/b0_r5_c10_l100_i50_ps0_2_pt0_95_j10_5.stl,0.02,32436,unsat
../resources/benchmarks/random0/b0_r5_c10_l100_i50_ps0_2_pt0_95_j5_1.stl,-1,-1,TO
../resources/benchmarks/random0/b0_r5_c10_l100_i50_ps0_2_pt0_95_j5_2.stl,-1,-1,TO
../resources/benchmarks/random0/b0_r5_c10_l100_i50_ps0_2_pt0_95_j5_3.stl,-1,-1,TO
../resources/benchmarks/random0/b0_r5_c10_l100_i50_ps0_2_pt0_95_j5_4.stl,-1,-1,TO
../resources/benchmarks/random0/b0_r5_c10_l100_i50_ps0_2_pt0_95_j5_5.stl,-1,-1,TO
../resources/benchmarks/random0/b0_r5_c10_l5000_i1000_ps0_05_pt0_33_j10_1.stl,-1,-1,TO
../resources/benchmarks/random0/b0_r5_c10_l5000_i1000_ps0_05_pt0_33_j10_2.stl,-1,-1,TO
../resources/benchmarks/random0/b0_r5_c10_l5000_i1000_ps0_05_pt0_33_j10_3.stl,-1,-1,TO
../resources/benchmarks/random0/b0_r5_c10_l5000_i1000_ps0_05_pt0_33_j10_4.stl,-1,-1,TO
../resources/benchmarks/random0/b0_r5_c10_l5000_i1000_ps0_05_pt0_33_j10_5.stl,-1,-1,OOM
../resources/benchmarks/random0/b0_r5_c10_l5000_i1000_ps0_05_pt0_33_j5_1.stl,-1,-1,TO
../resources/benchmarks/random0/b0_r5_c10_l5000_i1000_ps0_05_pt0_33_j5_2.stl,-1,-1,TO
../resources/benchmarks/random0/b0_r5_c10_l5000_i1000_ps0_05_pt0_33_j5_3.stl,-1,-1,TO
../resources/benchmarks/random0/b0_r5_c10_l5000_i1000_ps0_05_pt0_33_j5_4.stl,-1,-1,TO
../resources/benchmarks/random0/b0_r5_c10_l5000_i1000_ps0_05_pt0_33_j5_5.stl,-1,-1,TO
../resources/benchmarks/random0/b0_r5_c10_l5000_i1000_ps0_05_pt0_5_j10_1.stl,-1,-1,TO
../resources/benchmarks/random0/b0_r5_c10_l5000_i1000_ps0_05_pt0_5_j10_2.stl,-1,-1,TO
../resources/benchmarks/random0/b0_r5_c10_l5000_i1000_ps0_05_pt0_5_j10_3.stl,-1,-1,TO
../resources/benchmarks/random0/b0_r5_c10_l5000_i1000_ps0_05_pt0_5_j10_4.stl,-1,-1,TO
../resources/benchmarks/random0/b0_r5_c10_l5000_i1000_ps0_05_pt0_5_j10_5.stl,-1,-1,TO
../resources/benchmarks/random0/b0_r5_c10_l5000_i1000_ps0_05_pt0_5_j5_1.stl,-1,-1,TO
../resources/benchmarks/random0/b0_r5_c10_l5000_i1000_ps0_05_pt0_5_j5_2.stl,-1,-1,TO
../resources/benchmarks/random0/b0_r5_c10_l5000_i1000_ps0_05_pt0_5_j5_3.stl,-1,-1,TO
../resources/benchmarks/random0/b0_r5_c10_l5000_i1000_ps0_05_pt0_5_j5_4.stl,-1,-1,TO
../resources/benchmarks/random0/b0_r5_c10_l5000_i1000_ps0_05_pt0_5_j5_5.stl,-1,-1,TO
../resources/benchmarks/random0/b0_r5_c10_l5000_i1000_ps0_05_pt0_75_j10_1.stl,-1,-1,TO
../resources/benchmarks/random0/b0_r5_c10_l5000_i1000_ps0_05_pt0_75_j10_2.stl,-1,-1,TO
../resources/benchmarks/random0/b0_r5_c10_l5000_i1000_ps0_05_pt0_75_j10_3.stl,-1,-1,TO
../resources/benchmarks/random0/b0_r5_c10_l5000_i1000_ps0_05_pt0_75_j10_4.stl,-1,-1,TO
../resources/benchmarks/random0/b0_r5_c10_l5000_i1000_ps0_05_pt0_75_j10_5.stl,-1,-1,TO
../resources/benchmarks/random0/b0_r5_c10_l5000_i1000_ps0_05_pt0_75_j5_1.stl,-1,-1,TO
../resources/benchmarks/random0/b0_r5_c10_l5000_i1000_ps0_05_pt0_75_j5_2.stl,-1,-1,TO
../resources/benchmarks/random0/b0_r5_c10_l5000_i1000_ps0_05_pt0_75_j5_3.stl,-1,-1,TO
../resources/benchmarks/random0/b0_r5_c10_l5000_i1000_ps0_05_pt0_75_j5_4.stl,-1,-1,TO
../resources/benchmarks/random0/b0_r5_c10_l5000_i1000_ps0_05_pt0_75_j5_5.stl,-1,-1,TO
../resources/benchmarks/random0/b0_r5_c10_l5000_i1000_ps0_05_pt0_95_j10_1.stl,-1,-1,TO
../resources/benchmarks/random0/b0_r5_c10_l5000_i1000_ps0_05_pt0_95_j10_2.stl,-1,-1,TO
../resources/benchmarks/random0/b0_r5_c10_l5000_i1000_ps0_05_pt0_95_j10_3.stl,-1,-1,TO
../resources/benchmarks/random0/b0_r5_c10_l5000_i1000_ps0_05_pt0_95_j10_4.stl,-1,-1,TO
../resources/benchmarks/random0/b0_r5_c10_l5000_i1000_ps0_05_pt0_95_j10_5.stl,-1,-1,TO
../resources/benchmarks/random0/b0_r5_c10_l5000_i1000_ps0_05_pt0_95_j5_1.stl,-1,-1,TO
../resources/benchmarks/random0/b0_r5_c10_l5000_i1000_ps0_05_pt0_95_j5_2.stl,-1,-1,TO
../resources/benchmarks/random0/b0_r5_c10_l5000_i1000_ps0_05_pt0_95_j5_3.stl,-1,-1,TO
../resources/benchmarks/random0/b0_r5_c10_l5000_i1000_ps0_05_pt0_95_j5_4.stl,-1,-1,TO
../resources/benchmarks/random0/b0_r5_c10_l5000_i1000_ps0_05_pt0_95_j5_5.stl,-1,-1,TO
../resources/benchmarks/random0/b0_r5_c10_l5000_i1000_ps0_15_pt0_33_j10_1.stl,-1,-1,TO
../resources/benchmarks/random0/b0_r5_c10_l5000_i1000_ps0_15_pt0_33_j10_2.stl,-1,-1,TO
../resources/benchmarks/random0/b0_r5_c10_l5000_i1000_ps0_15_pt0_33_j10_3.stl,-1,-1,TO
../resources/benchmarks/random0/b0_r5_c10_l5000_i1000_ps0_15_pt0_33_j10_4.stl,-1,-1,TO
../resources/benchmarks/random0/b0_r5_c10_l5000_i1000_ps0_15_pt0_33_j10_5.stl,-1,-1,TO
../resources/benchmarks/random0/b0_r5_c10_l5000_i1000_ps0_15_pt0_33_j5_1.stl,0.02,33778.4,sat
../resources/benchmarks/random0/b0_r5_c10_l5000_i1000_ps0_15_pt0_33_j5_2.stl,0.01,33728.8,sat
../resources/benchmarks/random0/b0_r5_c10_l5000_i1000_ps0_15_pt0_33_j5_3.stl,-1,-1,TO
../resources/benchmarks/random0/b0_r5_c10_l5000_i1000_ps0_15_pt0_33_j5_4.stl,0.226,41711.2,unsat
../resources/benchmarks/random0/b0_r5_c10_l5000_i1000_ps0_15_pt0_33_j5_5.stl,-1,-1,TO
../resources/benchmarks/random0/b0_r5_c10_l5000_i1000_ps0_15_pt0_5_j10_1.stl,-1,-1,TO
../resources/benchmarks/random0/b0_r5_c10_l5000_i1000_ps0_15_pt0_5_j10_2.stl,-1,-1,TO
../resources/benchmarks/random0/b0_r5_c10_l5000_i1000_ps0_15_pt0_5_j10_3.stl,-1,-1,TO
../resources/benchmarks/random0/b0_r5_c10_l5000_i1000_ps0_15_pt0_5_j10_4.stl,-1,-1,TO
../resources/benchmarks/random0/b0_r5_c10_l5000_i1000_ps0_15_pt0_5_j10_5.stl,0.01,27800.8,unsat
../resources/benchmarks/random0/b0_r5_c10_l5000_i1000_ps0_15_pt0_5_j5_1.stl,-1,-1,TO
../resources/benchmarks/random0/b0_r5_c10_l5000_i1000_ps0_15_pt0_5_j5_2.stl,-1,-1,TO
../resources/benchmarks/random0/b0_r5_c10_l5000_i1000_ps0_15_pt0_5_j5_3.stl,-1,-1,TO
../resources/benchmarks/random0/b0_r5_c10_l5000_i1000_ps0_15_pt0_5_j5_4.stl,0.02,33970.4,unsat
../resources/benchmarks/random0/b0_r5_c10_l5000_i1000_ps0_15_pt0_5_j5_5.stl,-1,-1,TO
../resources/benchmarks/random0/b0_r5_c10_l5000_i1000_ps0_15_pt0_75_j10_1.stl,-1,-1,TO
../resources/benchmarks/random0/b0_r5_c10_l5000_i1000_ps0_15_pt0_75_j10_2.stl,-1,-1,TO
../resources/benchmarks/random0/b0_r5_c10_l5000_i1000_ps0_15_pt0_75_j10_3.stl,-1,-1,TO
../resources/benchmarks/random0/b0_r5_c10_l5000_i1000_ps0_15_pt0_75_j10_4.stl,-1,-1,TO
../resources/benchmarks/random0/b0_r5_c10_l5000_i1000_ps0_15_pt0_75_j10_5.stl,-1,-1,TO
../resources/benchmarks/random0/b0_r5_c10_l5000_i1000_ps0_15_pt0_75_j5_1.stl,-1,-1,TO
../resources/benchmarks/random0/b0_r5_c10_l5000_i1000_ps0_15_pt0_75_j5_2.stl,-1,-1,TO
../resources/benchmarks/random0/b0_r5_c10_l5000_i1000_ps0_15_pt0_75_j5_3.stl,-1,-1,TO
../resources/benchmarks/random0/b0_r5_c10_l5000_i1000_ps0_15_pt0_75_j5_4.stl,-1,-1,TO
../resources/benchmarks/random0/b0_r5_c10_l5000_i1000_ps0_15_pt0_75_j5_5.stl,-1,-1,TO
../resources/benchmarks/random0/b0_r5_c10_l5000_i1000_ps0_15_pt0_95_j10_1.stl,-1,-1,TO
../resources/benchmarks/random0/b0_r5_c10_l5000_i1000_ps0_15_pt0_95_j10_2.stl,0.02,34021.6,unsat
../resources/benchmarks/random0/b0_r5_c10_l5000_i1000_ps0_15_pt0_95_j10_3.stl,0.03,35575.2,unsat
../resources/benchmarks/random0/b0_r5_c10_l5000_i1000_ps0_15_pt0_95_j10_4.stl,0.02,34066.4,unsat
../resources/benchmarks/random0/b0_r5_c10_l5000_i1000_ps0_15_pt0_95_j10_5.stl,-1,-1,TO
../resources/benchmarks/random0/b0_r5_c10_l5000_i1000_ps0_15_pt0_95_j5_1.stl,-1,-1,TO
../resources/benchmarks/random0/b0_r5_c10_l5000_i1000_ps0_15_pt0_95_j5_2.stl,-1,-1,TO
../resources/benchmarks/random0/b0_r5_c10_l5000_i1000_ps0_15_pt0_95_j5_3.stl,-1,-1,TO
../resources/benchmarks/random0/b0_r5_c10_l5000_i1000_ps0_15_pt0_95_j5_4.stl,-1,-1,TO
../resources/benchmarks/random0/b0_r5_c10_l5000_i1000_ps0_15_pt0_95_j5_5.stl,0.02,33699.2,unsat
../resources/benchmarks/random0/b0_r5_c10_l5000_i1000_ps0_1_pt0_33_j10_1.stl,-1,-1,TO
../resources/benchmarks/random0/b0_r5_c10_l5000_i1000_ps0_1_pt0_33_j10_2.stl,-1,-1,TO
../resources/benchmarks/random0/b0_r5_c10_l5000_i1000_ps0_1_pt0_33_j10_3.stl,-1,-1,TO
../resources/benchmarks/random0/b0_r5_c10_l5000_i1000_ps0_1_pt0_33_j10_4.stl,-1,-1,TO
../resources/benchmarks/random0/b0_r5_c10_l5000_i1000_ps0_1_pt0_33_j10_5.stl,-1,-1,TO
../resources/benchmarks/random0/b0_r5_c10_l5000_i1000_ps0_1_pt0_33_j5_1.stl,-1,-1,TO
../resources/benchmarks/random0/b0_r5_c10_l5000_i1000_ps0_1_pt0_33_j5_2.stl,-1,-1,TO
../resources/benchmarks/random0/b0_r5_c10_l5000_i1000_ps0_1_pt0_33_j5_3.stl,-1,-1,TO
../resources/benchmarks/random0/b0_r5_c10_l5000_i1000_ps0_1_pt0_33_j5_4.stl,-1,-1,TO
../resources/benchmarks/random0/b0_r5_c10_l5000_i1000_ps0_1_pt0_33_j5_5.stl,-1,-1,TO
../resources/benchmarks/random0/b0_r5_c10_l5000_i1000_ps0_1_pt0_5_j10_1.stl,-1,-1,TO
../resources/benchmarks/random0/b0_r5_c10_l5000_i1000_ps0_1_pt0_5_j10_2.stl,-1,-1,TO
../resources/benchmarks/random0/b0_r5_c10_l5000_i1000_ps0_1_pt0_5_j10_3.stl,-1,-1,TO
../resources/benchmarks/random0/b0_r5_c10_l5000_i1000_ps0_1_pt0_5_j10_4.stl,-1,-1,TO
../resources/benchmarks/random0/b0_r5_c10_l5000_i1000_ps0_1_pt0_5_j10_5.stl,-1,-1,TO
../resources/benchmarks/random0/b0_r5_c10_l5000_i1000_ps0_1_pt0_5_j5_1.stl,-1,-1,TO
../resources/benchmarks/random0/b0_r5_c10_l5000_i1000_ps0_1_pt0_5_j5_2.stl,-1,-1,TO
../resources/benchmarks/random0/b0_r5_c10_l5000_i1000_ps0_1_pt0_5_j5_3.stl,0.02,32438.4,unsat
../resources/benchmarks/random0/b0_r5_c10_l5000_i1000_ps0_1_pt0_5_j5_4.stl,-1,-1,TO
../resources/benchmarks/random0/b0_r5_c10_l5000_i1000_ps0_1_pt0_5_j5_5.stl,0.04,35521.6,unsat
../resources/benchmarks/random0/b0_r5_c10_l5000_i1000_ps0_1_pt0_75_j10_1.stl,-1,-1,TO
../resources/benchmarks/random0/b0_r5_c10_l5000_i1000_ps0_1_pt0_75_j10_2.stl,-1,-1,TO
../resources/benchmarks/random0/b0_r5_c10_l5000_i1000_ps0_1_pt0_75_j10_3.stl,-1,-1,TO
../resources/benchmarks/random0/b0_r5_c10_l5000_i1000_ps0_1_pt0_75_j10_4.stl,-1,-1,TO
../resources/benchmarks/random0/b0_r5_c10_l5000_i1000_ps0_1_pt0_75_j10_5.stl,-1,-1,TO
../resources/benchmarks/random0/b0_r5_c10_l5000_i1000_ps0_1_pt0_75_j5_1.stl,-1,-1,TO
../resources/benchmarks/random0/b0_r5_c10_l5000_i1000_ps0_1_pt0_75_j5_2.stl,-1,-1,TO
../resources/benchmarks/random0/b0_r5_c10_l5000_i1000_ps0_1_pt0_75_j5_3.stl,-1,-1,TO
../resources/benchmarks/random0/b0_r5_c10_l5000_i1000_ps0_1_pt0_75_j5_4.stl,-1,-1,TO
../resources/benchmarks/random0/b0_r5_c10_l5000_i1000_ps0_1_pt0_75_j5_5.stl,-1,-1,TO
../resources/benchmarks/random0/b0_r5_c10_l5000_i1000_ps0_1_pt0_95_j10_1.stl,-1,-1,TO
../resources/benchmarks/random0/b0_r5_c10_l5000_i1000_ps0_1_pt0_95_j10_2.stl,-1,-1,TO
../resources/benchmarks/random0/b0_r5_c10_l5000_i1000_ps0_1_pt0_95_j10_3.stl,-1,-1,TO
../resources/benchmarks/random0/b0_r5_c10_l5000_i1000_ps0_1_pt0_95_j10_4.stl,-1,-1,TO
../resources/benchmarks/random0/b0_r5_c10_l5000_i1000_ps0_1_pt0_95_j10_5.stl,-1,-1,TO
../resources/benchmarks/random0/b0_r5_c10_l5000_i1000_ps0_1_pt0_95_j5_1.stl,-1,-1,TO
../resources/benchmarks/random0/b0_r5_c10_l5000_i1000_ps0_1_pt0_95_j5_2.stl,-1,-1,TO
../resources/benchmarks/random0/b0_r5_c10_l5000_i1000_ps0_1_pt0_95_j5_3.stl,-1,-1,TO
../resources/benchmarks/random0/b0_r5_c10_l5000_i1000_ps0_1_pt0_95_j5_4.stl,-1,-1,TO
../resources/benchmarks/random0/b0_r5_c10_l5000_i1000_ps0_1_pt0_95_j5_5.stl,-1,-1,TO
../resources/benchmarks/random0/b0_r5_c10_l5000_i1000_ps0_25_pt0_33_j10_1.stl,-1,-1,TO
../resources/benchmarks/random0/b0_r5_c10_l5000_i1000_ps0_25_pt0_33_j10_2.stl,-1,-1,TO
../resources/benchmarks/random0/b0_r5_c10_l5000_i1000_ps0_25_pt0_33_j10_3.stl,-1,-1,TO
../resources/benchmarks/random0/b0_r5_c10_l5000_i1000_ps0_25_pt0_33_j10_4.stl,-1,-1,TO
../resources/benchmarks/random0/b0_r5_c10_l5000_i1000_ps0_25_pt0_33_j10_5.stl,-1,-1,TO
../resources/benchmarks/random0/b0_r5_c10_l5000_i1000_ps0_25_pt0_33_j5_1.stl,0.01,33756,sat
../resources/benchmarks/random0/b0_r5_c10_l5000_i1000_ps0_25_pt0_33_j5_2.stl,0.01,32430.4,sat
../resources/benchmarks/random0/b0_r5_c10_l5000_i1000_ps0_25_pt0_33_j5_3.stl,0.01,32504.8,sat
../resources/benchmarks/random0/b0_r5_c10_l5000_i1000_ps0_25_pt0_33_j5_4.stl,0.01,33075.2,sat
../resources/benchmarks/random0/b0_r5_c10_l5000_i1000_ps0_25_pt0_33_j5_5.stl,0.01,32816.8,sat
../resources/benchmarks/random0/b0_r5_c10_l5000_i1000_ps0_25_pt0_5_j10_1.stl,0.07,38308,unsat
../resources/benchmarks/random0/b0_r5_c10_l5000_i1000_ps0_25_pt0_5_j10_2.stl,-1,-1,TO
../resources/benchmarks/random0/b0_r5_c10_l5000_i1000_ps0_25_pt0_5_j10_3.stl,0.02,34011.2,unsat
../resources/benchmarks/random0/b0_r5_c10_l5000_i1000_ps0_25_pt0_5_j10_4.stl,-1,-1,TO
../resources/benchmarks/random0/b0_r5_c10_l5000_i1000_ps0_25_pt0_5_j10_5.stl,0.01,27779.2,unsat
../resources/benchmarks/random0/b0_r5_c10_l5000_i1000_ps0_25_pt0_5_j5_1.stl,-1,-1,TO
../resources/benchmarks/random0/b0_r5_c10_l5000_i1000_ps0_25_pt0_5_j5_2.stl,-1,-1,TO
../resources/benchmarks/random0/b0_r5_c10_l5000_i1000_ps0_25_pt0_5_j5_3.stl,-1,-1,TO
../resources/benchmarks/random0/b0_r5_c10_l5000_i1000_ps0_25_pt0_5_j5_4.stl,-1,-1,TO
../resources/benchmarks/random0/b0_r5_c10_l5000_i1000_ps0_25_pt0_5_j5_5.stl,-1,-1,TO
../resources/benchmarks/random0/b0_r5_c10_l5000_i1000_ps0_25_pt0_75_j10_1.stl,-1,-1,TO
../resources/benchmarks/random0/b0_r5_c10_l5000_i1000_ps0_25_pt0_75_j10_2.stl,-1,-1,TO
../resources/benchmarks/random0/b0_r5_c10_l5000_i1000_ps0_25_pt0_75_j10_3.stl,-1,-1,TO
../resources/benchmarks/random0/b0_r5_c10_l5000_i1000_ps0_25_pt0_75_j10_4.stl,-1,-1,TO
../resources/benchmarks/random0/b0_r5_c10_l5000_i1000_ps0_25_pt0_75_j10_5.stl,-1,-1,TO
../resources/benchmarks/random0/b0_r5_c10_l5000_i1000_ps0_25_pt0_75_j5_1.stl,0.04,35563.2,unsat
../resources/benchmarks/random0/b0_r5_c10_l5000_i1000_ps0_25_pt0_75_j5_2.stl,0.08,35560.8,sat
../resources/benchmarks/random0/b0_r5_c10_l5000_i1000_ps0_25_pt0_75_j5_3.stl,0.154,37084.8,sat
../resources/benchmarks/random0/b0_r5_c10_l5000_i1000_ps0_25_pt0_75_j5_4.stl,-1,-1,TO
../resources/benchmarks/random0/b0_r5_c10_l5000_i1000_ps0_25_pt0_75_j5_5.stl,-1,-1,TO
../resources/benchmarks/random0/b0_r5_c10_l5000_i1000_ps0_25_pt0_95_j10_1.stl,0.01,32451.2,unsat
../resources/benchmarks/random0/b0_r5_c10_l5000_i1000_ps0_25_pt0_95_j10_2.stl,-1,-1,TO
../resources/benchmarks/random0/b0_r5_c10_l5000_i1000_ps0_25_pt0_95_j10_3.stl,0.01,32438.4,unsat
../resources/benchmarks/random0/b0_r5_c10_l5000_i1000_ps0_25_pt0_95_j10_4.stl,0.01,32475.2,unsat
../resources/benchmarks/random0/b0_r5_c10_l5000_i1000_ps0_25_pt0_95_j10_5.stl,-1,-1,TO
../resources/benchmarks/random0/b0_r5_c10_l5000_i1000_ps0_25_pt0_95_j5_1.stl,-1,-1,TO
../resources/benchmarks/random0/b0_r5_c10_l5000_i1000_ps0_25_pt0_95_j5_2.stl,-1,-1,TO
../resources/benchmarks/random0/b0_r5_c10_l5000_i1000_ps0_25_pt0_95_j5_3.stl,-1,-1,TO
../resources/benchmarks/random0/b0_r5_c10_l5000_i1000_ps0_25_pt0_95_j5_4.stl,-1,-1,TO
../resources/benchmarks/random0/b0_r5_c10_l5000_i1000_ps0_25_pt0_95_j5_5.stl,-1,-1,TO
../resources/benchmarks/random0/b0_r5_c10_l5000_i1000_ps0_2_pt0_33_j10_1.stl,-1,-1,TO
../resources/benchmarks/random0/b0_r5_c10_l5000_i1000_ps0_2_pt0_33_j10_2.stl,0.01,27780.8,unsat
../resources/benchmarks/random0/b0_r5_c10_l5000_i1000_ps0_2_pt0_33_j10_3.stl,0.01,27818.4,unsat
../resources/benchmarks/random0/b0_r5_c10_l5000_i1000_ps0_2_pt0_33_j10_4.stl,0.01,32456.8,unsat
../resources/benchmarks/random0/b0_r5_c10_l5000_i1000_ps0_2_pt0_33_j10_5.stl,-1,-1,TO
../resources/benchmarks/random0/b0_r5_c10_l5000_i1000_ps0_2_pt0_33_j5_1.stl,-1,-1,TO
../resources/benchmarks/random0/b0_r5_c10_l5000_i1000_ps0_2_pt0_33_j5_2.stl,-1,-1,TO
../resources/benchmarks/random0/b0_r5_c10_l5000_i1000_ps0_2_pt0_33_j5_3.stl,0.012,32422.4,unsat
../resources/benchmarks/random0/b0_r5_c10_l5000_i1000_ps0_2_pt0_33_j5_4.stl,0.01,32444.8,sat
../resources/benchmarks/random0/b0_r5_c10_l5000_i1000_ps0_2_pt0_33_j5_5.stl,-1,-1,TO
../resources/benchmarks/random0/b0_r5_c10_l5000_i1000_ps0_2_pt0_5_j10_1.stl,-1,-1,TO
../resources/benchmarks/random0/b0_r5_c10_l5000_i1000_ps0_2_pt0_5_j10_2.stl,0.01,27777.6,unsat
../resources/benchmarks/random0/b0_r5_c10_l5000_i1000_ps0_2_pt0_5_j10_3.stl,-1,-1,TO
../resources/benchmarks/random0/b0_r5_c10_l5000_i1000_ps0_2_pt0_5_j10_4.stl,-1,-1,TO
../resources/benchmarks/random0/b0_r5_c10_l5000_i1000_ps0_2_pt0_5_j10_5.stl,0.01,27806.4,unsat
../resources/benchmarks/random0/b0_r5_c10_l5000_i1000_ps0_2_pt0_5_j5_1.stl,-1,-1,TO
../resources/benchmarks/random0/b0_r5_c10_l5000_i1000_ps0_2_pt0_5_j5_2.stl,-1,-1,TO
../resources/benchmarks/random0/b0_r5_c10_l5000_i1000_ps0_2_pt0_5_j5_3.stl,0.01,33760,sat
../resources/benchmarks/random0/b0_r5_c10_l5000_i1000_ps0_2_pt0_5_j5_4.stl,0.276,42949.6,sat
../resources/benchmarks/random0/b0_r5_c10_l5000_i1000_ps0_2_pt0_5_j5_5.stl,0.01,27786.4,unsat
../resources/benchmarks/random0/b0_r5_c10_l5000_i1000_ps0_2_pt0_75_j10_1.stl,-1,-1,TO
../resources/benchmarks/random0/b0_r5_c10_l5000_i1000_ps0_2_pt0_75_j10_2.stl,-1,-1,TO
../resources/benchmarks/random0/b0_r5_c10_l5000_i1000_ps0_2_pt0_75_j10_3.stl,0.02,32456,unsat
../resources/benchmarks/random0/b0_r5_c10_l5000_i1000_ps0_2_pt0_75_j10_4.stl,-1,-1,TO
../resources/benchmarks/random0/b0_r5_c10_l5000_i1000_ps0_2_pt0_75_j10_5.stl,-1,-1,TO
../resources/benchmarks/random0/b0_r5_c10_l5000_i1000_ps0_2_pt0_75_j5_1.stl,-1,-1,TO
../resources/benchmarks/random0/b0_r5_c10_l5000_i1000_ps0_2_pt0_75_j5_2.stl,-1,-1,TO
../resources/benchmarks/random0/b0_r5_c10_l5000_i1000_ps0_2_pt0_75_j5_3.stl,-1,-1,TO
../resources/benchmarks/random0/b0_r5_c10_l5000_i1000_ps0_2_pt0_75_j5_4.stl,1.178,54020.8,sat
../resources/benchmarks/random0/b0_r5_c10_l5000_i1000_ps0_2_pt0_75_j5_5.stl,-1,-1,TO
../resources/benchmarks/random0/b0_r5_c10_l5000_i1000_ps0_2_pt0_95_j10_1.stl,-1,-1,TO
../resources/benchmarks/random0/b0_r5_c10_l5000_i1000_ps0_2_pt0_95_j10_2.stl,-1,-1,TO
../resources/benchmarks/random0/b0_r5_c10_l5000_i1000_ps0_2_pt0_95_j10_3.stl,-1,-1,TO
../resources/benchmarks/random0/b0_r5_c10_l5000_i1000_ps0_2_pt0_95_j10_4.stl,-1,-1,TO
../resources/benchmarks/random0/b0_r5_c10_l5000_i1000_ps0_2_pt0_95_j10_5.stl,-1,-1,TO
../resources/benchmarks/random0/b0_r5_c10_l5000_i1000_ps0_2_pt0_95_j5_1.stl,-1,-1,TO
../resources/benchmarks/random0/b0_r5_c10_l5000_i1000_ps0_2_pt0_95_j5_2.stl,-1,-1,TO
../resources/benchmarks/random0/b0_r5_c10_l5000_i1000_ps0_2_pt0_95_j5_3.stl,-1,-1,TO
../resources/benchmarks/random0/b0_r5_c10_l5000_i1000_ps0_2_pt0_95_j5_4.stl,-1,-1,TO
../resources/benchmarks/random0/b0_r5_c10_l5000_i1000_ps0_2_pt0_95_j5_5.stl,-1,-1,TO
../resources/benchmarks/random0/b0_r5_c10_l5000_i50_ps0_05_pt0_33_j10_1.stl,-1,-1,TO
../resources/benchmarks/random0/b0_r5_c10_l5000_i50_ps0_05_pt0_33_j10_2.stl,-1,-1,TO
../resources/benchmarks/random0/b0_r5_c10_l5000_i50_ps0_05_pt0_33_j10_3.stl,-1,-1,TO
../resources/benchmarks/random0/b0_r5_c10_l5000_i50_ps0_05_pt0_33_j10_4.stl,-1,-1,TO
../resources/benchmarks/random0/b0_r5_c10_l5000_i50_ps0_05_pt0_33_j10_5.stl,-1,-1,TO
../resources/benchmarks/random0/b0_r5_c10_l5000_i50_ps0_05_pt0_33_j5_1.stl,-1,-1,TO
../resources/benchmarks/random0/b0_r5_c10_l5000_i50_ps0_05_pt0_33_j5_2.stl,-1,-1,TO
../resources/benchmarks/random0/b0_r5_c10_l5000_i50_ps0_05_pt0_33_j5_3.stl,-1,-1,TO
../resources/benchmarks/random0/b0_r5_c10_l5000_i50_ps0_05_pt0_33_j5_4.stl,-1,-1,TO
../resources/benchmarks/random0/b0_r5_c10_l5000_i50_ps0_05_pt0_33_j5_5.stl,-1,-1,TO
../resources/benchmarks/random0/b0_r5_c10_l5000_i50_ps0_05_pt0_5_j10_1.stl,0.124,37062.4,unsat
../resources/benchmarks/random0/b0_r5_c10_l5000_i50_ps0_05_pt0_5_j10_2.stl,-1,-1,TO
../resources/benchmarks/random0/b0_r5_c10_l5000_i50_ps0_05_pt0_5_j10_3.stl,-1,-1,TO
../resources/benchmarks/random0/b0_r5_c10_l5000_i50_ps0_05_pt0_5_j10_4.stl,-1,-1,TO
../resources/benchmarks/random0/b0_r5_c10_l5000_i50_ps0_05_pt0_5_j10_5.stl,-1,-1,TO
../resources/benchmarks/random0/b0_r5_c10_l5000_i50_ps0_05_pt0_5_j5_1.stl,-1,-1,TO
../resources/benchmarks/random0/b0_r5_c10_l5000_i50_ps0_05_pt0_5_j5_2.stl,-1,-1,TO
../resources/benchmarks/random0/b0_r5_c10_l5000_i50_ps0_05_pt0_5_j5_3.stl,-1,-1,TO
../resources/benchmarks/random0/b0_r5_c10_l5000_i50_ps0_05_pt0_5_j5_4.stl,-1,-1,TO
../resources/benchmarks/random0/b0_r5_c10_l5000_i50_ps0_05_pt0_5_j5_5.stl,-1,-1,TO
../resources/benchmarks/random0/b0_r5_c10_l5000_i50_ps0_05_pt0_75_j10_1.stl,-1,-1,TO
../resources/benchmarks/random0/b0_r5_c10_l5000_i50_ps0_05_pt0_75_j10_2.stl,-1,-1,TO
../resources/benchmarks/random0/b0_r5_c10_l5000_i50_ps0_05_pt0_75_j10_3.stl,-1,-1,TO
../resources/benchmarks/random0/b0_r5_c10_l5000_i50_ps0_05_pt0_75_j10_4.stl,-1,-1,TO
../resources/benchmarks/random0/b0_r5_c10_l5000_i50_ps0_05_pt0_75_j10_5.stl,-1,-1,TO
../resources/benchmarks/random0/b0_r5_c10_l5000_i50_ps0_05_pt0_75_j5_1.stl,-1,-1,TO
../resources/benchmarks/random0/b0_r5_c10_l5000_i50_ps0_05_pt0_75_j5_2.stl,-1,-1,TO
../resources/benchmarks/random0/b0_r5_c10_l5000_i50_ps0_05_pt0_75_j5_3.stl,-1,-1,TO
../resources/benchmarks/random0/b0_r5_c10_l5000_i50_ps0_05_pt0_75_j5_4.stl,-1,-1,TO
../resources/benchmarks/random0/b0_r5_c10_l5000_i50_ps0_05_pt0_75_j5_5.stl,-1,-1,TO
../resources/benchmarks/random0/b0_r5_c10_l5000_i50_ps0_05_pt0_95_j10_1.stl,-1,-1,TO
../resources/benchmarks/random0/b0_r5_c10_l5000_i50_ps0_05_pt0_95_j10_2.stl,0.11,37100,unsat
../resources/benchmarks/random0/b0_r5_c10_l5000_i50_ps0_05_pt0_95_j10_3.stl,-1,-1,TO
../resources/benchmarks/random0/b0_r5_c10_l5000_i50_ps0_05_pt0_95_j10_4.stl,-1,-1,TO
../resources/benchmarks/random0/b0_r5_c10_l5000_i50_ps0_05_pt0_95_j10_5.stl,-1,-1,TO
../resources/benchmarks/random0/b0_r5_c10_l5000_i50_ps0_05_pt0_95_j5_1.stl,-1,-1,TO
../resources/benchmarks/random0/b0_r5_c10_l5000_i50_ps0_05_pt0_95_j5_2.stl,-1,-1,TO
../resources/benchmarks/random0/b0_r5_c10_l5000_i50_ps0_05_pt0_95_j5_3.stl,-1,-1,TO
../resources/benchmarks/random0/b0_r5_c10_l5000_i50_ps0_05_pt0_95_j5_4.stl,-1,-1,TO
../resources/benchmarks/random0/b0_r5_c10_l5000_i50_ps0_05_pt0_95_j5_5.stl,-1,-1,TO
../resources/benchmarks/random0/b0_r5_c10_l5000_i50_ps0_15_pt0_33_j10_1.stl,0.02,33777.6,sat
../resources/benchmarks/random0/b0_r5_c10_l5000_i50_ps0_15_pt0_33_j10_2.stl,0.02,32470.4,unsat
../resources/benchmarks/random0/b0_r5_c10_l5000_i50_ps0_15_pt0_33_j10_3.stl,-1,-1,TO
../resources/benchmarks/random0/b0_r5_c10_l5000_i50_ps0_15_pt0_33_j10_4.stl,0.01,32133.6,unsat
../resources/benchmarks/random0/b0_r5_c10_l5000_i50_ps0_15_pt0_33_j10_5.stl,0.01,34033.6,sat
../resources/benchmarks/random0/b0_r5_c10_l5000_i50_ps0_15_pt0_33_j5_1.stl,-1,-1,TO
../resources/benchmarks/random0/b0_r5_c10_l5000_i50_ps0_15_pt0_33_j5_2.stl,-1,-1,TO
../resources/benchmarks/random0/b0_r5_c10_l5000_i50_ps0_15_pt0_33_j5_3.stl,-1,-1,TO
../resources/benchmarks/random0/b0_r5_c10_l5000_i50_ps0_15_pt0_33_j5_4.stl,0.01,32458.4,unsat
../resources/benchmarks/random0/b0_r5_c10_l5000_i50_ps0_15_pt0_33_j5_5.stl,-1,-1,TO
../resources/benchmarks/random0/b0_r5_c10_l5000_i50_ps0_15_pt0_5_j10_1.stl,-1,-1,TO
../resources/benchmarks/random0/b0_r5_c10_l5000_i50_ps0_15_pt0_5_j10_2.stl,-1,-1,OOM
../resources/benchmarks/random0/b0_r5_c10_l5000_i50_ps0_15_pt0_5_j10_3.stl,-1,-1,TO
../resources/benchmarks/random0/b0_r5_c10_l5000_i50_ps0_15_pt0_5_j10_4.stl,0.02,32448.8,unsat
../resources/benchmarks/random0/b0_r5_c10_l5000_i50_ps0_15_pt0_5_j10_5.stl,-1,-1,TO
../resources/benchmarks/random0/b0_r5_c10_l5000_i50_ps0_15_pt0_5_j5_1.stl,0.014,33720.8,unsat
../resources/benchmarks/random0/b0_r5_c10_l5000_i50_ps0_15_pt0_5_j5_2.stl,-1,-1,TO
../resources/benchmarks/random0/b0_r5_c10_l5000_i50_ps0_15_pt0_5_j5_3.stl,-1,-1,TO
../resources/benchmarks/random0/b0_r5_c10_l5000_i50_ps0_15_pt0_5_j5_4.stl,-1,-1,TO
../resources/benchmarks/random0/b0_r5_c10_l5000_i50_ps0_15_pt0_5_j5_5.stl,-1,-1,TO
../resources/benchmarks/random0/b0_r5_c10_l5000_i50_ps0_15_pt0_75_j10_1.stl,-1,-1,TO
../resources/benchmarks/random0/b0_r5_c10_l5000_i50_ps0_15_pt0_75_j10_2.stl,0.02,32130.4,unsat
../resources/benchmarks/random0/b0_r5_c10_l5000_i50_ps0_15_pt0_75_j10_3.stl,-1,-1,TO
../resources/benchmarks/random0/b0_r5_c10_l5000_i50_ps0_15_pt0_75_j10_4.stl,-1,-1,TO
../resources/benchmarks/random0/b0_r5_c10_l5000_i50_ps0_15_pt0_75_j10_5.stl,-1,-1,TO
../resources/benchmarks/random0/b0_r5_c10_l5000_i50_ps0_15_pt0_75_j5_1.stl,-1,-1,TO
../resources/benchmarks/random0/b0_r5_c10_l5000_i50_ps0_15_pt0_75_j5_2.stl,-1,-1,TO
../resources/benchmarks/random0/b0_r5_c10_l5000_i50_ps0_15_pt0_75_j5_3.stl,0.706,47843.2,unsat
../resources/benchmarks/random0/b0_r5_c10_l5000_i50_ps0_15_pt0_75_j5_4.stl,0.018000000000000002,32440,unsat
../resources/benchmarks/random0/b0_r5_c10_l5000_i50_ps0_15_pt0_75_j5_5.stl,0.048,35556,unsat
../resources/benchmarks/random0/b0_r5_c10_l5000_i50_ps0_15_pt0_95_j10_1.stl,-1,-1,TO
../resources/benchmarks/random0/b0_r5_c10_l5000_i50_ps0_15_pt0_95_j10_2.stl,-1,-1,TO
../resources/benchmarks/random0/b0_r5_c10_l5000_i50_ps0_15_pt0_95_j10_3.stl,0.05,35553.6,unsat
../resources/benchmarks/random0/b0_r5_c10_l5000_i50_ps0_15_pt0_95_j10_4.stl,-1,-1,TO
../resources/benchmarks/random0/b0_r5_c10_l5000_i50_ps0_15_pt0_95_j10_5.stl,-1,-1,TO
../resources/benchmarks/random0/b0_r5_c10_l5000_i50_ps0_15_pt0_95_j5_1.stl,-1,-1,TO
../resources/benchmarks/random0/b0_r5_c10_l5000_i50_ps0_15_pt0_95_j5_2.stl,-1,-1,TO
../resources/benchmarks/random0/b0_r5_c10_l5000_i50_ps0_15_pt0_95_j5_3.stl,-1,-1,TO
../resources/benchmarks/random0/b0_r5_c10_l5000_i50_ps0_15_pt0_95_j5_4.stl,-1,-1,TO
../resources/benchmarks/random0/b0_r5_c10_l5000_i50_ps0_15_pt0_95_j5_5.stl,0.02,34018.4,unsat
../resources/benchmarks/random0/b0_r5_c10_l5000_i50_ps0_1_pt0_33_j10_1.stl,-1,-1,TO
../resources/benchmarks/random0/b0_r5_c10_l5000_i50_ps0_1_pt0_33_j10_2.stl,-1,-1,TO
../resources/benchmarks/random0/b0_r5_c10_l5000_i50_ps0_1_pt0_33_j10_3.stl,-1,-1,TO
../resources/benchmarks/random0/b0_r5_c10_l5000_i50_ps0_1_pt0_33_j10_4.stl,-1,-1,TO
../resources/benchmarks/random0/b0_r5_c10_l5000_i50_ps0_1_pt0_33_j10_5.stl,-1,-1,TO
../resources/benchmarks/random0/b0_r5_c10_l5000_i50_ps0_1_pt0_33_j5_1.stl,0.03,35556,unsat
../resources/benchmarks/random0/b0_r5_c10_l5000_i50_ps0_1_pt0_33_j5_2.stl,-1,-1,TO
../resources/benchmarks/random0/b0_r5_c10_l5000_i50_ps0_1_pt0_33_j5_3.stl,-1,-1,TO
../resources/benchmarks/random0/b0_r5_c10_l5000_i50_ps0_1_pt0_33_j5_4.stl,0.02,33099.2,unsat
../resources/benchmarks/random0/b0_r5_c10_l5000_i50_ps0_1_pt0_33_j5_5.stl,-1,-1,TO
../resources/benchmarks/random0/b0_r5_c10_l5000_i50_ps0_1_pt0_5_j10_1.stl,-1,-1,TO
../resources/benchmarks/random0/b0_r5_c10_l5000_i50_ps0_1_pt0_5_j10_2.stl,-1,-1,TO
../resources/benchmarks/random0/b0_r5_c10_l5000_i50_ps0_1_pt0_5_j10_3.stl,-1,-1,TO
../resources/benchmarks/random0/b0_r5_c10_l5000_i50_ps0_1_pt0_5_j10_4.stl,-1,-1,TO
../resources/benchmarks/random0/b0_r5_c10_l5000_i50_ps0_1_pt0_5_j10_5.stl,-1,-1,TO
../resources/benchmarks/random0/b0_r5_c10_l5000_i50_ps0_1_pt0_5_j5_1.stl,-1,-1,TO
../resources/benchmarks/random0/b0_r5_c10_l5000_i50_ps0_1_pt0_5_j5_2.stl,-1,-1,TO
../resources/benchmarks/random0/b0_r5_c10_l5000_i50_ps0_1_pt0_5_j5_3.stl,-1,-1,TO
../resources/benchmarks/random0/b0_r5_c10_l5000_i50_ps0_1_pt0_5_j5_4.stl,-1,-1,TO
../resources/benchmarks/random0/b0_r5_c10_l5000_i50_ps0_1_pt0_5_j5_5.stl,-1,-1,TO
../resources/benchmarks/random0/b0_r5_c10_l5000_i50_ps0_1_pt0_75_j10_1.stl,-1,-1,TO
../resources/benchmarks/random0/b0_r5_c10_l5000_i50_ps0_1_pt0_75_j10_2.stl,-1,-1,TO
../resources/benchmarks/random0/b0_r5_c10_l5000_i50_ps0_1_pt0_75_j10_3.stl,-1,-1,TO
../resources/benchmarks/random0/b0_r5_c10_l5000_i50_ps0_1_pt0_75_j10_4.stl,0.03,32447.2,unsat
../resources/benchmarks/random0/b0_r5_c10_l5000_i50_ps0_1_pt0_75_j10_5.stl,-1,-1,TO
../resources/benchmarks/random0/b0_r5_c10_l5000_i50_ps0_1_pt0_75_j5_1.stl,-1,-1,TO
../resources/benchmarks/random0/b0_r5_c10_l5000_i50_ps0_1_pt0_75_j5_2.stl,-1,-1,TO
../resources/benchmarks/random0/b0_r5_c10_l5000_i50_ps0_1_pt0_75_j5_3.stl,-1,-1,TO
../resources/benchmarks/random0/b0_r5_c10_l5000_i50_ps0_1_pt0_75_j5_4.stl,-1,-1,TO
../resources/benchmarks/random0/b0_r5_c10_l5000_i50_ps0_1_pt0_75_j5_5.stl,-1,-1,TO
../resources/benchmarks/random0/b0_r5_c10_l5000_i50_ps0_1_pt0_95_j10_1.stl,-1,-1,TO
../resources/benchmarks/random0/b0_r5_c10_l5000_i50_ps0_1_pt0_95_j10_2.stl,-1,-1,TO
../resources/benchmarks/random0/b0_r5_c10_l5000_i50_ps0_1_pt0_95_j10_3.stl,-1,-1,TO
../resources/benchmarks/random0/b0_r5_c10_l5000_i50_ps0_1_pt0_95_j10_4.stl,-1,-1,TO
../resources/benchmarks/random0/b0_r5_c10_l5000_i50_ps0_1_pt0_95_j10_5.stl,-1,-1,TO
../resources/benchmarks/random0/b0_r5_c10_l5000_i50_ps0_1_pt0_95_j5_1.stl,-1,-1,TO
../resources/benchmarks/random0/b0_r5_c10_l5000_i50_ps0_1_pt0_95_j5_2.stl,-1,-1,TO
../resources/benchmarks/random0/b0_r5_c10_l5000_i50_ps0_1_pt0_95_j5_3.stl,-1,-1,TO
../resources/benchmarks/random0/b0_r5_c10_l5000_i50_ps0_1_pt0_95_j5_4.stl,-1,-1,TO
../resources/benchmarks/random0/b0_r5_c10_l5000_i50_ps0_1_pt0_95_j5_5.stl,-1,-1,TO
../resources/benchmarks/random0/b0_r5_c10_l5000_i50_ps0_25_pt0_33_j10_1.stl,0.01,27791.2,unsat
../resources/benchmarks/random0/b0_r5_c10_l5000_i50_ps0_25_pt0_33_j10_2.stl,0.01,27812,unsat
../resources/benchmarks/random0/b0_r5_c10_l5000_i50_ps0_25_pt0_33_j10_3.stl,-1,-1,TO
../resources/benchmarks/random0/b0_r5_c10_l5000_i50_ps0_25_pt0_33_j10_4.stl,-1,-1,TO
../resources/benchmarks/random0/b0_r5_c10_l5000_i50_ps0_25_pt0_33_j10_5.stl,0.01,27790.4,unsat
../resources/benchmarks/random0/b0_r5_c10_l5000_i50_ps0_25_pt0_33_j5_1.stl,0.01,34055.2,sat
../resources/benchmarks/random0/b0_r5_c10_l5000_i50_ps0_25_pt0_33_j5_2.stl,0.01,33069.6,sat
../resources/benchmarks/random0/b0_r5_c10_l5000_i50_ps0_25_pt0_33_j5_3.stl,-1,-1,TO
../resources/benchmarks/random0/b0_r5_c10_l5000_i50_ps0_25_pt0_33_j5_4.stl,-1,-1,TO
../resources/benchmarks/random0/b0_r5_c10_l5000_i50_ps0_25_pt0_33_j5_5.stl,-1,-1,TO
../resources/benchmarks/random0/b0_r5_c10_l5000_i50_ps0_25_pt0_5_j10_1.stl,-1,-1,TO
../resources/benchmarks/random0/b0_r5_c10_l5000_i50_ps0_25_pt0_5_j10_2.stl,-1,-1,TO
../resources/benchmarks/random0/b0_r5_c10_l5000_i50_ps0_25_pt0_5_j10_3.stl,-1,-1,TO
../resources/benchmarks/random0/b0_r5_c10_l5000_i50_ps0_25_pt0_5_j10_4.stl,5.362,86266.4,unsat
../resources/benchmarks/random0/b0_r5_c10_l5000_i50_ps0_25_pt0_5_j10_5.stl,-1,-1,TO
../resources/benchmarks/random0/b0_r5_c10_l5000_i50_ps0_25_pt0_5_j5_1.stl,0.06,36786.4,unsat
../resources/benchmarks/random0/b0_r5_c10_l5000_i50_ps0_25_pt0_5_j5_2.stl,0.01,27806.4,unsat
../resources/benchmarks/random0/b0_r5_c10_l5000_i50_ps0_25_pt0_5_j5_3.stl,-1,-1,TO
../resources/benchmarks/random0/b0_r5_c10_l5000_i50_ps0_25_pt0_5_j5_4.stl,-1,-1,TO
../resources/benchmarks/random0/b0_r5_c10_l5000_i50_ps0_25_pt0_5_j5_5.stl,-1,-1,TO
../resources/benchmarks/random0/b0_r5_c10_l5000_i50_ps0_25_pt0_75_j10_1.stl,0.01,27816,unsat
../resources/benchmarks/random0/b0_r5_c10_l5000_i50_ps0_25_pt0_75_j10_2.stl,-1,-1,TO
../resources/benchmarks/random0/b0_r5_c10_l5000_i50_ps0_25_pt0_75_j10_3.stl,-1,-1,TO
../resources/benchmarks/random0/b0_r5_c10_l5000_i50_ps0_25_pt0_75_j10_4.stl,0.014,32451.2,unsat
../resources/benchmarks/random0/b0_r5_c10_l5000_i50_ps0_25_pt0_75_j10_5.stl,-1,-1,TO
../resources/benchmarks/random0/b0_r5_c10_l5000_i50_ps0_25_pt0_75_j5_1.stl,-1,-1,TO
../resources/benchmarks/random0/b0_r5_c10_l5000_i50_ps0_25_pt0_75_j5_2.stl,-1,-1,TO
../resources/benchmarks/random0/b0_r5_c10_l5000_i50_ps0_25_pt0_75_j5_3.stl,-1,-1,TO
../resources/benchmarks/random0/b0_r5_c10_l5000_i50_ps0_25_pt0_75_j5_4.stl,-1,-1,TO
../resources/benchmarks/random0/b0_r5_c10_l5000_i50_ps0_25_pt0_75_j5_5.stl,-1,-1,TO
../resources/benchmarks/random0/b0_r5_c10_l5000_i50_ps0_25_pt0_95_j10_1.stl,-1,-1,TO
../resources/benchmarks/random0/b0_r5_c10_l5000_i50_ps0_25_pt0_95_j10_2.stl,-1,-1,TO
../resources/benchmarks/random0/b0_r5_c10_l5000_i50_ps0_25_pt0_95_j10_3.stl,-1,-1,TO
../resources/benchmarks/random0/b0_r5_c10_l5000_i50_ps0_25_pt0_95_j10_4.stl,-1,-1,TO
../resources/benchmarks/random0/b0_r5_c10_l5000_i50_ps0_25_pt0_95_j10_5.stl,-1,-1,TO
../resources/benchmarks/random0/b0_r5_c10_l5000_i50_ps0_25_pt0_95_j5_1.stl,-1,-1,TO
../resources/benchmarks/random0/b0_r5_c10_l5000_i50_ps0_25_pt0_95_j5_2.stl,0.04,35577.6,sat
../resources/benchmarks/random0/b0_r5_c10_l5000_i50_ps0_25_pt0_95_j5_3.stl,-1,-1,TO
../resources/benchmarks/random0/b0_r5_c10_l5000_i50_ps0_25_pt0_95_j5_4.stl,-1,-1,TO
../resources/benchmarks/random0/b0_r5_c10_l5000_i50_ps0_25_pt0_95_j5_5.stl,-1,-1,TO
../resources/benchmarks/random0/b0_r5_c10_l5000_i50_ps0_2_pt0_33_j10_1.stl,-1,-1,TO
../resources/benchmarks/random0/b0_r5_c10_l5000_i50_ps0_2_pt0_33_j10_2.stl,-1,-1,TO
../resources/benchmarks/random0/b0_r5_c10_l5000_i50_ps0_2_pt0_33_j10_3.stl,1.374,74785.6,unsat
../resources/benchmarks/random0/b0_r5_c10_l5000_i50_ps0_2_pt0_33_j10_4.stl,0.012,32432.8,unsat
../resources/benchmarks/random0/b0_r5_c10_l5000_i50_ps0_2_pt0_33_j10_5.stl,-1,-1,TO
../resources/benchmarks/random0/b0_r5_c10_l5000_i50_ps0_2_pt0_33_j5_1.stl,0.02,34032,sat
../resources/benchmarks/random0/b0_r5_c10_l5000_i50_ps0_2_pt0_33_j5_2.stl,0.018000000000000002,33424,sat
../resources/benchmarks/random0/b0_r5_c10_l5000_i50_ps0_2_pt0_33_j5_3.stl,0.04,37135.2,sat
../resources/benchmarks/random0/b0_r5_c10_l5000_i50_ps0_2_pt0_33_j5_4.stl,-1,-1,TO
../resources/benchmarks/random0/b0_r5_c10_l5000_i50_ps0_2_pt0_33_j5_5.stl,-1,-1,OOM
../resources/benchmarks/random0/b0_r5_c10_l5000_i50_ps0_2_pt0_5_j10_1.stl,-1,-1,TO
../resources/benchmarks/random0/b0_r5_c10_l5000_i50_ps0_2_pt0_5_j10_2.stl,0.01,32536.8,unsat
../resources/benchmarks/random0/b0_r5_c10_l5000_i50_ps0_2_pt0_5_j10_3.stl,-1,-1,TO
../resources/benchmarks/random0/b0_r5_c10_l5000_i50_ps0_2_pt0_5_j10_4.stl,-1,-1,TO
../resources/benchmarks/random0/b0_r5_c10_l5000_i50_ps0_2_pt0_5_j10_5.stl,-1,-1,TO
../resources/benchmarks/random0/b0_r5_c10_l5000_i50_ps0_2_pt0_5_j5_1.stl,0.194,38692,sat
../resources/benchmarks/random0/b0_r5_c10_l5000_i50_ps0_2_pt0_5_j5_2.stl,-1,-1,TO
../resources/benchmarks/random0/b0_r5_c10_l5000_i50_ps0_2_pt0_5_j5_3.stl,-1,-1,TO
../resources/benchmarks/random0/b0_r5_c10_l5000_i50_ps0_2_pt0_5_j5_4.stl,0.01,27778.4,unsat
../resources/benchmarks/random0/b0_r5_c10_l5000_i50_ps0_2_pt0_5_j5_5.stl,0.01,32468,sat
../resources/benchmarks/random0/b0_r5_c10_l5000_i50_ps0_2_pt0_75_j10_1.stl,0.012,32474.4,unsat
../resources/benchmarks/random0/b0_r5_c10_l5000_i50_ps0_2_pt0_75_j10_2.stl,0.014,32440.8,unsat
../resources/benchmarks/random0/b0_r5_c10_l5000_i50_ps0_2_pt0_75_j10_3.stl,-1,-1,TO
../resources/benchmarks/random0/b0_r5_c10_l5000_i50_ps0_2_pt0_75_j10_4.stl,-1,-1,TO
../resources/benchmarks/random0/b0_r5_c10_l5000_i50_ps0_2_pt0_75_j10_5.stl,-1,-1,TO
../resources/benchmarks/random0/b0_r5_c10_l5000_i50_ps0_2_pt0_75_j5_1.stl,-1,-1,TO
../resources/benchmarks/random0/b0_r5_c10_l5000_i50_ps0_2_pt0_75_j5_2.stl,-1,-1,TO
../resources/benchmarks/random0/b0_r5_c10_l5000_i50_ps0_2_pt0_75_j5_3.stl,-1,-1,TO
../resources/benchmarks/random0/b0_r5_c10_l5000_i50_ps0_2_pt0_75_j5_4.stl,-1,-1,TO
../resources/benchmarks/random0/b0_r5_c10_l5000_i50_ps0_2_pt0_75_j5_5.stl,-1,-1,TO
../resources/benchmarks/random0/b0_r5_c10_l5000_i50_ps0_2_pt0_95_j10_1.stl,-1,-1,TO
../resources/benchmarks/random0/b0_r5_c10_l5000_i50_ps0_2_pt0_95_j10_2.stl,-1,-1,TO
../resources/benchmarks/random0/b0_r5_c10_l5000_i50_ps0_2_pt0_95_j10_3.stl,-1,-1,TO
../resources/benchmarks/random0/b0_r5_c10_l5000_i50_ps0_2_pt0_95_j10_4.stl,-1,-1,TO
../resources/benchmarks/random0/b0_r5_c10_l5000_i50_ps0_2_pt0_95_j10_5.stl,-1,-1,TO
../resources/benchmarks/random0/b0_r5_c10_l5000_i50_ps0_2_pt0_95_j5_1.stl,0.02,34068.8,unsat
../resources/benchmarks/random0/b0_r5_c10_l5000_i50_ps0_2_pt0_95_j5_2.stl,-1,-1,TO
../resources/benchmarks/random0/b0_r5_c10_l5000_i50_ps0_2_pt0_95_j5_3.stl,-1,-1,TO
../resources/benchmarks/random0/b0_r5_c10_l5000_i50_ps0_2_pt0_95_j5_4.stl,-1,-1,TO
../resources/benchmarks/random0/b0_r5_c10_l5000_i50_ps0_2_pt0_95_j5_5.stl,-1,-1,TO
../resources/benchmarks/random0/b0_r5_c10_l500_i1000_ps0_05_pt0_33_j10_1.stl,-1,-1,TO
../resources/benchmarks/random0/b0_r5_c10_l500_i1000_ps0_05_pt0_33_j10_2.stl,-1,-1,TO
../resources/benchmarks/random0/b0_r5_c10_l500_i1000_ps0_05_pt0_33_j10_3.stl,-1,-1,TO
../resources/benchmarks/random0/b0_r5_c10_l500_i1000_ps0_05_pt0_33_j10_4.stl,0.22,49381.6,unsat
../resources/benchmarks/random0/b0_r5_c10_l500_i1000_ps0_05_pt0_33_j10_5.stl,-1,-1,TO
../resources/benchmarks/random0/b0_r5_c10_l500_i1000_ps0_05_pt0_33_j5_1.stl,-1,-1,TO
../resources/benchmarks/random0/b0_r5_c10_l500_i1000_ps0_05_pt0_33_j5_2.stl,-1,-1,TO
../resources/benchmarks/random0/b0_r5_c10_l500_i1000_ps0_05_pt0_33_j5_3.stl,-1,-1,TO
../resources/benchmarks/random0/b0_r5_c10_l500_i1000_ps0_05_pt0_33_j5_4.stl,-1,-1,TO
../resources/benchmarks/random0/b0_r5_c10_l500_i1000_ps0_05_pt0_33_j5_5.stl,-1,-1,TO
../resources/benchmarks/random0/b0_r5_c10_l500_i1000_ps0_05_pt0_5_j10_1.stl,-1,-1,TO
../resources/benchmarks/random0/b0_r5_c10_l500_i1000_ps0_05_pt0_5_j10_2.stl,-1,-1,TO
../resources/benchmarks/random0/b0_r5_c10_l500_i1000_ps0_05_pt0_5_j10_3.stl,-1,-1,TO
../resources/benchmarks/random0/b0_r5_c10_l500_i1000_ps0_05_pt0_5_j10_4.stl,-1,-1,TO
../resources/benchmarks/random0/b0_r5_c10_l500_i1000_ps0_05_pt0_5_j10_5.stl,-1,-1,TO
../resources/benchmarks/random0/b0_r5_c10_l500_i1000_ps0_05_pt0_5_j5_1.stl,-1,-1,TO
../resources/benchmarks/random0/b0_r5_c10_l500_i1000_ps0_05_pt0_5_j5_2.stl,-1,-1,TO
../resources/benchmarks/random0/b0_r5_c10_l500_i1000_ps0_05_pt0_5_j5_3.stl,-1,-1,TO
../resources/benchmarks/random0/b0_r5_c10_l500_i1000_ps0_05_pt0_5_j5_4.stl,-1,-1,TO
../resources/benchmarks/random0/b0_r5_c10_l500_i1000_ps0_05_pt0_5_j5_5.stl,-1,-1,TO
../resources/benchmarks/random0/b0_r5_c10_l500_i1000_ps0_05_pt0_75_j10_1.stl,-1,-1,TO
../resources/benchmarks/random0/b0_r5_c10_l500_i1000_ps0_05_pt0_75_j10_2.stl,-1,-1,TO
../resources/benchmarks/random0/b0_r5_c10_l500_i1000_ps0_05_pt0_75_j10_3.stl,-1,-1,TO
../resources/benchmarks/random0/b0_r5_c10_l500_i1000_ps0_05_pt0_75_j10_4.stl,-1,-1,TO
../resources/benchmarks/random0/b0_r5_c10_l500_i1000_ps0_05_pt0_75_j10_5.stl,-1,-1,TO
../resources/benchmarks/random0/b0_r5_c10_l500_i1000_ps0_05_pt0_75_j5_1.stl,-1,-1,TO
../resources/benchmarks/random0/b0_r5_c10_l500_i1000_ps0_05_pt0_75_j5_2.stl,-1,-1,TO
../resources/benchmarks/random0/b0_r5_c10_l500_i1000_ps0_05_pt0_75_j5_3.stl,-1,-1,TO
../resources/benchmarks/random0/b0_r5_c10_l500_i1000_ps0_05_pt0_75_j5_4.stl,-1,-1,TO
../resources/benchmarks/random0/b0_r5_c10_l500_i1000_ps0_05_pt0_75_j5_5.stl,-1,-1,TO
../resources/benchmarks/random0/b0_r5_c10_l500_i1000_ps0_05_pt0_95_j10_1.stl,-1,-1,TO
../resources/benchmarks/random0/b0_r5_c10_l500_i1000_ps0_05_pt0_95_j10_2.stl,-1,-1,TO
../resources/benchmarks/random0/b0_r5_c10_l500_i1000_ps0_05_pt0_95_j10_3.stl,-1,-1,TO
../resources/benchmarks/random0/b0_r5_c10_l500_i1000_ps0_05_pt0_95_j10_4.stl,-1,-1,TO
../resources/benchmarks/random0/b0_r5_c10_l500_i1000_ps0_05_pt0_95_j10_5.stl,-1,-1,TO
../resources/benchmarks/random0/b0_r5_c10_l500_i1000_ps0_05_pt0_95_j5_1.stl,-1,-1,TO
../resources/benchmarks/random0/b0_r5_c10_l500_i1000_ps0_05_pt0_95_j5_2.stl,-1,-1,TO
../resources/benchmarks/random0/b0_r5_c10_l500_i1000_ps0_05_pt0_95_j5_3.stl,-1,-1,TO
../resources/benchmarks/random0/b0_r5_c10_l500_i1000_ps0_05_pt0_95_j5_4.stl,-1,-1,TO
../resources/benchmarks/random0/b0_r5_c10_l500_i1000_ps0_05_pt0_95_j5_5.stl,-1,-1,TO
../resources/benchmarks/random0/b0_r5_c10_l500_i1000_ps0_15_pt0_33_j10_1.stl,0.02,32444.8,unsat
../resources/benchmarks/random0/b0_r5_c10_l500_i1000_ps0_15_pt0_33_j10_2.stl,0.01,27804,unsat
../resources/benchmarks/random0/b0_r5_c10_l500_i1000_ps0_15_pt0_33_j10_3.stl,-1,-1,TO
../resources/benchmarks/random0/b0_r5_c10_l500_i1000_ps0_15_pt0_33_j10_4.stl,-1,-1,TO
../resources/benchmarks/random0/b0_r5_c10_l500_i1000_ps0_15_pt0_33_j10_5.stl,-1,-1,TO
../resources/benchmarks/random0/b0_r5_c10_l500_i1000_ps0_15_pt0_33_j5_1.stl,-1,-1,TO
../resources/benchmarks/random0/b0_r5_c10_l500_i1000_ps0_15_pt0_33_j5_2.stl,0.01,34008,sat
../resources/benchmarks/random0/b0_r5_c10_l500_i1000_ps0_15_pt0_33_j5_3.stl,-1,-1,TO
../resources/benchmarks/random0/b0_r5_c10_l500_i1000_ps0_15_pt0_33_j5_4.stl,-1,-1,TO
../resources/benchmarks/random0/b0_r5_c10_l500_i1000_ps0_15_pt0_33_j5_5.stl,-1,-1,TO
../resources/benchmarks/random0/b0_r5_c10_l500_i1000_ps0_15_pt0_5_j10_1.stl,-1,-1,TO
../resources/benchmarks/random0/b0_r5_c10_l500_i1000_ps0_15_pt0_5_j10_2.stl,0.018000000000000002,32436,unsat
../resources/benchmarks/random0/b0_r5_c10_l500_i1000_ps0_15_pt0_5_j10_3.stl,-1,-1,TO
../resources/benchmarks/random0/b0_r5_c10_l500_i1000_ps0_15_pt0_5_j10_4.stl,-1,-1,TO
../resources/benchmarks/random0/b0_r5_c10_l500_i1000_ps0_15_pt0_5_j10_5.stl,0.018000000000000002,32532.8,unsat
../resources/benchmarks/random0/b0_r5_c10_l500_i1000_ps0_15_pt0_5_j5_1.stl,-1,-1,TO
../resources/benchmarks/random0/b0_r5_c10_l500_i1000_ps0_15_pt0_5_j5_2.stl,-1,-1,TO
../resources/benchmarks/random0/b0_r5_c10_l500_i1000_ps0_15_pt0_5_j5_3.stl,-1,-1,TO
../resources/benchmarks/random0/b0_r5_c10_l500_i1000_ps0_15_pt0_5_j5_4.stl,-1,-1,TO
../resources/benchmarks/random0/b0_r5_c10_l500_i1000_ps0_15_pt0_5_j5_5.stl,-1,-1,TO
../resources/benchmarks/random0/b0_r5_c10_l500_i1000_ps0_15_pt0_75_j10_1.stl,-1,-1,TO
../resources/benchmarks/random0/b0_r5_c10_l500_i1000_ps0_15_pt0_75_j10_2.stl,-1,-1,TO
../resources/benchmarks/random0/b0_r5_c10_l500_i1000_ps0_15_pt0_75_j10_3.stl,-1,-1,TO
../resources/benchmarks/random0/b0_r5_c10_l500_i1000_ps0_15_pt0_75_j10_4.stl,-1,-1,TO
../resources/benchmarks/random0/b0_r5_c10_l500_i1000_ps0_15_pt0_75_j10_5.stl,-1,-1,TO
../resources/benchmarks/random0/b0_r5_c10_l500_i1000_ps0_15_pt0_75_j5_1.stl,-1,-1,TO
../resources/benchmarks/random0/b0_r5_c10_l500_i1000_ps0_15_pt0_75_j5_2.stl,-1,-1,TO
../resources/benchmarks/random0/b0_r5_c10_l500_i1000_ps0_15_pt0_75_j5_3.stl,-1,-1,TO
../resources/benchmarks/random0/b0_r5_c10_l500_i1000_ps0_15_pt0_75_j5_4.stl,0.07,35646.4,unsat
../resources/benchmarks/random0/b0_r5_c10_l500_i1000_ps0_15_pt0_75_j5_5.stl,-1,-1,TO
../resources/benchmarks/random0/b0_r5_c10_l500_i1000_ps0_15_pt0_95_j10_1.stl,-1,-1,TO
../resources/benchmarks/random0/b0_r5_c10_l500_i1000_ps0_15_pt0_95_j10_2.stl,-1,-1,TO
../resources/benchmarks/random0/b0_r5_c10_l500_i1000_ps0_15_pt0_95_j10_3.stl,-1,-1,TO
../resources/benchmarks/random0/b0_r5_c10_l500_i1000_ps0_15_pt0_95_j10_4.stl,-1,-1,TO
../resources/benchmarks/random0/b0_r5_c10_l500_i1000_ps0_15_pt0_95_j10_5.stl,-1,-1,TO
../resources/benchmarks/random0/b0_r5_c10_l500_i1000_ps0_15_pt0_95_j5_1.stl,-1,-1,TO
../resources/benchmarks/random0/b0_r5_c10_l500_i1000_ps0_15_pt0_95_j5_2.stl,-1,-1,TO
../resources/benchmarks/random0/b0_r5_c10_l500_i1000_ps0_15_pt0_95_j5_3.stl,-1,-1,TO
../resources/benchmarks/random0/b0_r5_c10_l500_i1000_ps0_15_pt0_95_j5_4.stl,-1,-1,TO
../resources/benchmarks/random0/b0_r5_c10_l500_i1000_ps0_15_pt0_95_j5_5.stl,-1,-1,TO
../resources/benchmarks/random0/b0_r5_c10_l500_i1000_ps0_1_pt0_33_j10_1.stl,-1,-1,TO
../resources/benchmarks/random0/b0_r5_c10_l500_i1000_ps0_1_pt0_33_j10_2.stl,0.03,34004.8,unsat
../resources/benchmarks/random0/b0_r5_c10_l500_i1000_ps0_1_pt0_33_j10_3.stl,-1,-1,TO
../resources/benchmarks/random0/b0_r5_c10_l500_i1000_ps0_1_pt0_33_j10_4.stl,-1,-1,TO
../resources/benchmarks/random0/b0_r5_c10_l500_i1000_ps0_1_pt0_33_j10_5.stl,0.02,34006.4,unsat
../resources/benchmarks/random0/b0_r5_c10_l500_i1000_ps0_1_pt0_33_j5_1.stl,-1,-1,TO
../resources/benchmarks/random0/b0_r5_c10_l500_i1000_ps0_1_pt0_33_j5_2.stl,-1,-1,TO
../resources/benchmarks/random0/b0_r5_c10_l500_i1000_ps0_1_pt0_33_j5_3.stl,-1,-1,TO
../resources/benchmarks/random0/b0_r5_c10_l500_i1000_ps0_1_pt0_33_j5_4.stl,-1,-1,TO
../resources/benchmarks/random0/b0_r5_c10_l500_i1000_ps0_1_pt0_33_j5_5.stl,-1,-1,TO
../resources/benchmarks/random0/b0_r5_c10_l500_i1000_ps0_1_pt0_5_j10_1.stl,-1,-1,TO
../resources/benchmarks/random0/b0_r5_c10_l500_i1000_ps0_1_pt0_5_j10_2.stl,-1,-1,TO
../resources/benchmarks/random0/b0_r5_c10_l500_i1000_ps0_1_pt0_5_j10_3.stl,-1,-1,TO
../resources/benchmarks/random0/b0_r5_c10_l500_i1000_ps0_1_pt0_5_j10_4.stl,0.03,34005.6,unsat
../resources/benchmarks/random0/b0_r5_c10_l500_i1000_ps0_1_pt0_5_j10_5.stl,-1,-1,TO
../resources/benchmarks/random0/b0_r5_c10_l500_i1000_ps0_1_pt0_5_j5_1.stl,-1,-1,TO
../resources/benchmarks/random0/b0_r5_c10_l500_i1000_ps0_1_pt0_5_j5_2.stl,-1,-1,TO
../resources/benchmarks/random0/b0_r5_c10_l500_i1000_ps0_1_pt0_5_j5_3.stl,-1,-1,TO
../resources/benchmarks/random0/b0_r5_c10_l500_i1000_ps0_1_pt0_5_j5_4.stl,-1,-1,TO
../resources/benchmarks/random0/b0_r5_c10_l500_i1000_ps0_1_pt0_5_j5_5.stl,-1,-1,TO
../resources/benchmarks/random0/b0_r5_c10_l500_i1000_ps0_1_pt0_75_j10_1.stl,-1,-1,TO
../resources/benchmarks/random0/b0_r5_c10_l500_i1000_ps0_1_pt0_75_j10_2.stl,-1,-1,TO
../resources/benchmarks/random0/b0_r5_c10_l500_i1000_ps0_1_pt0_75_j10_3.stl,-1,-1,TO
../resources/benchmarks/random0/b0_r5_c10_l500_i1000_ps0_1_pt0_75_j10_4.stl,0.03,32465.6,unsat
../resources/benchmarks/random0/b0_r5_c10_l500_i1000_ps0_1_pt0_75_j10_5.stl,0.02,32458.4,unsat
../resources/benchmarks/random0/b0_r5_c10_l500_i1000_ps0_1_pt0_75_j5_1.stl,-1,-1,TO
../resources/benchmarks/random0/b0_r5_c10_l500_i1000_ps0_1_pt0_75_j5_2.stl,-1,-1,TO
../resources/benchmarks/random0/b0_r5_c10_l500_i1000_ps0_1_pt0_75_j5_3.stl,-1,-1,TO
../resources/benchmarks/random0/b0_r5_c10_l500_i1000_ps0_1_pt0_75_j5_4.stl,-1,-1,TO
../resources/benchmarks/random0/b0_r5_c10_l500_i1000_ps0_1_pt0_75_j5_5.stl,-1,-1,TO
../resources/benchmarks/random0/b0_r5_c10_l500_i1000_ps0_1_pt0_95_j10_1.stl,-1,-1,TO
../resources/benchmarks/random0/b0_r5_c10_l500_i1000_ps0_1_pt0_95_j10_2.stl,-1,-1,TO
../resources/benchmarks/random0/b0_r5_c10_l500_i1000_ps0_1_pt0_95_j10_3.stl,-1,-1,TO
../resources/benchmarks/random0/b0_r5_c10_l500_i1000_ps0_1_pt0_95_j10_4.stl,-1,-1,TO
../resources/benchmarks/random0/b0_r5_c10_l500_i1000_ps0_1_pt0_95_j10_5.stl,74.392,279071.2,unsat
../resources/benchmarks/random0/b0_r5_c10_l500_i1000_ps0_1_pt0_95_j5_1.stl,-1,-1,TO
../resources/benchmarks/random0/b0_r5_c10_l500_i1000_ps0_1_pt0_95_j5_2.stl,-1,-1,TO
../resources/benchmarks/random0/b0_r5_c10_l500_i1000_ps0_1_pt0_95_j5_3.stl,-1,-1,TO
../resources/benchmarks/random0/b0_r5_c10_l500_i1000_ps0_1_pt0_95_j5_4.stl,-1,-1,TO
../resources/benchmarks/random0/b0_r5_c10_l500_i1000_ps0_1_pt0_95_j5_5.stl,-1,-1,TO
../resources/benchmarks/random0/b0_r5_c10_l500_i1000_ps0_25_pt0_33_j10_1.stl,-1,-1,TO
../resources/benchmarks/random0/b0_r5_c10_l500_i1000_ps0_25_pt0_33_j10_2.stl,0.01,27784.8,unsat
../resources/benchmarks/random0/b0_r5_c10_l500_i1000_ps0_25_pt0_33_j10_3.stl,-1,-1,TO
../resources/benchmarks/random0/b0_r5_c10_l500_i1000_ps0_25_pt0_33_j10_4.stl,0.01,32427.2,unsat
../resources/benchmarks/random0/b0_r5_c10_l500_i1000_ps0_25_pt0_33_j10_5.stl,0.01,32456.8,unsat
../resources/benchmarks/random0/b0_r5_c10_l500_i1000_ps0_25_pt0_33_j5_1.stl,0.01,34048.8,unsat
../resources/benchmarks/random0/b0_r5_c10_l500_i1000_ps0_25_pt0_33_j5_2.stl,0.01,27800,unsat
../resources/benchmarks/random0/b0_r5_c10_l500_i1000_ps0_25_pt0_33_j5_3.stl,-1,-1,TO
../resources/benchmarks/random0/b0_r5_c10_l500_i1000_ps0_25_pt0_33_j5_4.stl,0.01,33426.4,sat
../resources/benchmarks/random0/b0_r5_c10_l500_i1000_ps0_25_pt0_33_j5_5.stl,0.124,38591.2,sat
../resources/benchmarks/random0/b0_r5_c10_l500_i1000_ps0_25_pt0_5_j10_1.stl,0.01,27779.2,unsat
../resources/benchmarks/random0/b0_r5_c10_l500_i1000_ps0_25_pt0_5_j10_2.stl,-1,-1,TO
../resources/benchmarks/random0/b0_r5_c10_l500_i1000_ps0_25_pt0_5_j10_3.stl,0.02,34032.8,unsat
../resources/benchmarks/random0/b0_r5_c10_l500_i1000_ps0_25_pt0_5_j10_4.stl,-1,-1,TO
../resources/benchmarks/random0/b0_r5_c10_l500_i1000_ps0_25_pt0_5_j10_5.stl,0.01,32457.6,unsat
../resources/benchmarks/random0/b0_r5_c10_l500_i1000_ps0_25_pt0_5_j5_1.stl,0.01,32450.4,sat
../resources/benchmarks/random0/b0_r5_c10_l500_i1000_ps0_25_pt0_5_j5_2.stl,-1,-1,TO
../resources/benchmarks/random0/b0_r5_c10_l500_i1000_ps0_25_pt0_5_j5_3.stl,-1,-1,TO
../resources/benchmarks/random0/b0_r5_c10_l500_i1000_ps0_25_pt0_5_j5_4.stl,-1,-1,TO
../resources/benchmarks/random0/b0_r5_c10_l500_i1000_ps0_25_pt0_5_j5_5.stl,0.082,35569.6,sat
../resources/benchmarks/random0/b0_r5_c10_l500_i1000_ps0_25_pt0_75_j10_1.stl,-1,-1,TO
../resources/benchmarks/random0/b0_r5_c10_l500_i1000_ps0_25_pt0_75_j10_2.stl,-1,-1,TO
../resources/benchmarks/random0/b0_r5_c10_l500_i1000_ps0_25_pt0_75_j10_3.stl,-1,-1,TO
../resources/benchmarks/random0/b0_r5_c10_l500_i1000_ps0_25_pt0_75_j10_4.stl,-1,-1,TO
../resources/benchmarks/random0/b0_r5_c10_l500_i1000_ps0_25_pt0_75_j10_5.stl,-1,-1,TO
../resources/benchmarks/random0/b0_r5_c10_l500_i1000_ps0_25_pt0_75_j5_1.stl,-1,-1,TO
../resources/benchmarks/random0/b0_r5_c10_l500_i1000_ps0_25_pt0_75_j5_2.stl,-1,-1,TO
../resources/benchmarks/random0/b0_r5_c10_l500_i1000_ps0_25_pt0_75_j5_3.stl,-1,-1,TO
../resources/benchmarks/random0/b0_r5_c10_l500_i1000_ps0_25_pt0_75_j5_4.stl,-1,-1,TO
../resources/benchmarks/random0/b0_r5_c10_l500_i1000_ps0_25_pt0_75_j5_5.stl,-1,-1,TO
../resources/benchmarks/random0/b0_r5_c10_l500_i1000_ps0_25_pt0_95_j10_1.stl,0.02,34024.8,unsat
../resources/benchmarks/random0/b0_r5_c10_l500_i1000_ps0_25_pt0_95_j10_2.stl,-1,-1,TO
../resources/benchmarks/random0/b0_r5_c10_l500_i1000_ps0_25_pt0_95_j10_3.stl,0.01,32427.2,unsat
../resources/benchmarks/random0/b0_r5_c10_l500_i1000_ps0_25_pt0_95_j10_4.stl,0.37,44793.6,unsat
../resources/benchmarks/random0/b0_r5_c10_l500_i1000_ps0_25_pt0_95_j10_5.stl,-1,-1,TO
../resources/benchmarks/random0/b0_r5_c10_l500_i1000_ps0_25_pt0_95_j5_1.stl,-1,-1,TO
../resources/benchmarks/random0/b0_r5_c10_l500_i1000_ps0_25_pt0_95_j5_2.stl,-1,-1,TO
../resources/benchmarks/random0/b0_r5_c10_l500_i1000_ps0_25_pt0_95_j5_3.stl,0.012,34044.8,unsat
../resources/benchmarks/random0/b0_r5_c10_l500_i1000_ps0_25_pt0_95_j5_4.stl,-1,-1,TO
../resources/benchmarks/random0/b0_r5_c10_l500_i1000_ps0_25_pt0_95_j5_5.stl,46.846000000000004,203608.2,TO
../resources/benchmarks/random0/b0_r5_c10_l500_i1000_ps0_2_pt0_33_j10_1.stl,-1,-1,TO
../resources/benchmarks/random0/b0_r5_c10_l500_i1000_ps0_2_pt0_33_j10_2.stl,0.02,32432.8,unsat
../resources/benchmarks/random0/b0_r5_c10_l500_i1000_ps0_2_pt0_33_j10_3.stl,-1,-1,TO
../resources/benchmarks/random0/b0_r5_c10_l500_i1000_ps0_2_pt0_33_j10_4.stl,0.01,27808,unsat
../resources/benchmarks/random0/b0_r5_c10_l500_i1000_ps0_2_pt0_33_j10_5.stl,-1,-1,TO
../resources/benchmarks/random0/b0_r5_c10_l500_i1000_ps0_2_pt0_33_j5_1.stl,-1,-1,TO
../resources/benchmarks/random0/b0_r5_c10_l500_i1000_ps0_2_pt0_33_j5_2.stl,0.258,42631.2,unsat
../resources/benchmarks/random0/b0_r5_c10_l500_i1000_ps0_2_pt0_33_j5_3.stl,0.01,32449.6,unsat
../resources/benchmarks/random0/b0_r5_c10_l500_i1000_ps0_2_pt0_33_j5_4.stl,0.01,32456,unsat
../resources/benchmarks/random0/b0_r5_c10_l500_i1000_ps0_2_pt0_33_j5_5.stl,-1,-1,TO
../resources/benchmarks/random0/b0_r5_c10_l500_i1000_ps0_2_pt0_5_j10_1.stl,-1,-1,TO
../resources/benchmarks/random0/b0_r5_c10_l500_i1000_ps0_2_pt0_5_j10_2.stl,0.012,32448.8,unsat
../resources/benchmarks/random0/b0_r5_c10_l500_i1000_ps0_2_pt0_5_j10_3.stl,0.01,27811.2,unsat
../resources/benchmarks/random0/b0_r5_c10_l500_i1000_ps0_2_pt0_5_j10_4.stl,0.01,32422.4,unsat
../resources/benchmarks/random0/b0_r5_c10_l500_i1000_ps0_2_pt0_5_j10_5.stl,-1,-1,TO
../resources/benchmarks/random0/b0_r5_c10_l500_i1000_ps0_2_pt0_5_j5_1.stl,-1,-1,TO
../resources/benchmarks/random0/b0_r5_c10_l500_i1000_ps0_2_pt0_5_j5_2.stl,-1,-1,TO
../resources/benchmarks/random0/b0_r5_c10_l500_i1000_ps0_2_pt0_5_j5_3.stl,-1,-1,TO
../resources/benchmarks/random0/b0_r5_c10_l500_i1000_ps0_2_pt0_5_j5_4.stl,-1,-1,TO
../resources/benchmarks/random0/b0_r5_c10_l500_i1000_ps0_2_pt0_5_j5_5.stl,0.09,37127.2,sat
../resources/benchmarks/random0/b0_r5_c10_l500_i1000_ps0_2_pt0_75_j10_1.stl,-1,-1,TO
../resources/benchmarks/random0/b0_r5_c10_l500_i1000_ps0_2_pt0_75_j10_2.stl,-1,-1,TO
../resources/benchmarks/random0/b0_r5_c10_l500_i1000_ps0_2_pt0_75_j10_3.stl,-1,-1,TO
../resources/benchmarks/random0/b0_r5_c10_l500_i1000_ps0_2_pt0_75_j10_4.stl,-1,-1,TO
../resources/benchmarks/random0/b0_r5_c10_l500_i1000_ps0_2_pt0_75_j10_5.stl,-1,-1,TO
../resources/benchmarks/random0/b0_r5_c10_l500_i1000_ps0_2_pt0_75_j5_1.stl,-1,-1,TO
../resources/benchmarks/random0/b0_r5_c10_l500_i1000_ps0_2_pt0_75_j5_2.stl,0.03,35592,unsat
../resources/benchmarks/random0/b0_r5_c10_l500_i1000_ps0_2_pt0_75_j5_3.stl,0.02,33751.2,sat
../resources/benchmarks/random0/b0_r5_c10_l500_i1000_ps0_2_pt0_75_j5_4.stl,0.02,33724,unsat
../resources/benchmarks/random0/b0_r5_c10_l500_i1000_ps0_2_pt0_75_j5_5.stl,-1,-1,TO
../resources/benchmarks/random0/b0_r5_c10_l500_i1000_ps0_2_pt0_95_j10_1.stl,-1,-1,TO
../resources/benchmarks/random0/b0_r5_c10_l500_i1000_ps0_2_pt0_95_j10_2.stl,-1,-1,TO
../resources/benchmarks/random0/b0_r5_c10_l500_i1000_ps0_2_pt0_95_j10_3.stl,0.02,34020,unsat
../resources/benchmarks/random0/b0_r5_c10_l500_i1000_ps0_2_pt0_95_j10_4.stl,-1,-1,TO
../resources/benchmarks/random0/b0_r5_c10_l500_i1000_ps0_2_pt0_95_j10_5.stl,-1,-1,TO
../resources/benchmarks/random0/b0_r5_c10_l500_i1000_ps0_2_pt0_95_j5_1.stl,-1,-1,TO
../resources/benchmarks/random0/b0_r5_c10_l500_i1000_ps0_2_pt0_95_j5_2.stl,-1,-1,TO
../resources/benchmarks/random0/b0_r5_c10_l500_i1000_ps0_2_pt0_95_j5_3.stl,-1,-1,TO
../resources/benchmarks/random0/b0_r5_c10_l500_i1000_ps0_2_pt0_95_j5_4.stl,-1,-1,TO
../resources/benchmarks/random0/b0_r5_c10_l500_i1000_ps0_2_pt0_95_j5_5.stl,-1,-1,TO
../resources/benchmarks/random0/b0_r5_c10_l500_i50_ps0_05_pt0_33_j10_1.stl,-1,-1,TO
../resources/benchmarks/random0/b0_r5_c10_l500_i50_ps0_05_pt0_33_j10_2.stl,0.19,44136.8,unsat
../resources/benchmarks/random0/b0_r5_c10_l500_i50_ps0_05_pt0_33_j10_3.stl,-1,-1,TO
../resources/benchmarks/random0/b0_r5_c10_l500_i50_ps0_05_pt0_33_j10_4.stl,-1,-1,TO
../resources/benchmarks/random0/b0_r5_c10_l500_i50_ps0_05_pt0_33_j10_5.stl,-1,-1,TO
../resources/benchmarks/random0/b0_r5_c10_l500_i50_ps0_05_pt0_33_j5_1.stl,-1,-1,TO
../resources/benchmarks/random0/b0_r5_c10_l500_i50_ps0_05_pt0_33_j5_2.stl,-1,-1,TO
../resources/benchmarks/random0/b0_r5_c10_l500_i50_ps0_05_pt0_33_j5_3.stl,-1,-1,TO
../resources/benchmarks/random0/b0_r5_c10_l500_i50_ps0_05_pt0_33_j5_4.stl,-1,-1,TO
../resources/benchmarks/random0/b0_r5_c10_l500_i50_ps0_05_pt0_33_j5_5.stl,-1,-1,TO
../resources/benchmarks/random0/b0_r5_c10_l500_i50_ps0_05_pt0_5_j10_1.stl,-1,-1,TO
../resources/benchmarks/random0/b0_r5_c10_l500_i50_ps0_05_pt0_5_j10_2.stl,-1,-1,TO
../resources/benchmarks/random0/b0_r5_c10_l500_i50_ps0_05_pt0_5_j10_3.stl,-1,-1,TO
../resources/benchmarks/random0/b0_r5_c10_l500_i50_ps0_05_pt0_5_j10_4.stl,-1,-1,TO
../resources/benchmarks/random0/b0_r5_c10_l500_i50_ps0_05_pt0_5_j10_5.stl,-1,-1,TO
../resources/benchmarks/random0/b0_r5_c10_l500_i50_ps0_05_pt0_5_j5_1.stl,0.022,29324.8,unsat
../resources/benchmarks/random0/b0_r5_c10_l500_i50_ps0_05_pt0_5_j5_2.stl,-1,-1,TO
../resources/benchmarks/random0/b0_r5_c10_l500_i50_ps0_05_pt0_5_j5_3.stl,-1,-1,TO
../resources/benchmarks/random0/b0_r5_c10_l500_i50_ps0_05_pt0_5_j5_4.stl,-1,-1,TO
../resources/benchmarks/random0/b0_r5_c10_l500_i50_ps0_05_pt0_5_j5_5.stl,-1,-1,TO
../resources/benchmarks/random0/b0_r5_c10_l500_i50_ps0_05_pt0_75_j10_1.stl,0.832,49387.2,unsat
../resources/benchmarks/random0/b0_r5_c10_l500_i50_ps0_05_pt0_75_j10_2.stl,-1,-1,TO
../resources/benchmarks/random0/b0_r5_c10_l500_i50_ps0_05_pt0_75_j10_3.stl,-1,-1,TO
../resources/benchmarks/random0/b0_r5_c10_l500_i50_ps0_05_pt0_75_j10_4.stl,-1,-1,TO
../resources/benchmarks/random0/b0_r5_c10_l500_i50_ps0_05_pt0_75_j10_5.stl,-1,-1,TO
../resources/benchmarks/random0/b0_r5_c10_l500_i50_ps0_05_pt0_75_j5_1.stl,-1,-1,TO
../resources/benchmarks/random0/b0_r5_c10_l500_i50_ps0_05_pt0_75_j5_2.stl,-1,-1,TO
../resources/benchmarks/random0/b0_r5_c10_l500_i50_ps0_05_pt0_75_j5_3.stl,-1,-1,TO
../resources/benchmarks/random0/b0_r5_c10_l500_i50_ps0_05_pt0_75_j5_4.stl,-1,-1,TO
../resources/benchmarks/random0/b0_r5_c10_l500_i50_ps0_05_pt0_75_j5_5.stl,-1,-1,TO
../resources/benchmarks/random0/b0_r5_c10_l500_i50_ps0_05_pt0_95_j10_1.stl,-1,-1,TO
../resources/benchmarks/random0/b0_r5_c10_l500_i50_ps0_05_pt0_95_j10_2.stl,-1,-1,TO
../resources/benchmarks/random0/b0_r5_c10_l500_i50_ps0_05_pt0_95_j10_3.stl,-1,-1,TO
../resources/benchmarks/random0/b0_r5_c10_l500_i50_ps0_05_pt0_95_j10_4.stl,-1,-1,TO
../resources/benchmarks/random0/b0_r5_c10_l500_i50_ps0_05_pt0_95_j10_5.stl,-1,-1,TO
../resources/benchmarks/random0/b0_r5_c10_l500_i50_ps0_05_pt0_95_j5_1.stl,-1,-1,TO
../resources/benchmarks/random0/b0_r5_c10_l500_i50_ps0_05_pt0_95_j5_2.stl,-1,-1,TO
../resources/benchmarks/random0/b0_r5_c10_l500_i50_ps0_05_pt0_95_j5_3.stl,-1,-1,TO
../resources/benchmarks/random0/b0_r5_c10_l500_i50_ps0_05_pt0_95_j5_4.stl,-1,-1,TO
../resources/benchmarks/random0/b0_r5_c10_l500_i50_ps0_05_pt0_95_j5_5.stl,-1,-1,TO
../resources/benchmarks/random0/b0_r5_c10_l500_i50_ps0_15_pt0_33_j10_1.stl,-1,-1,TO
../resources/benchmarks/random0/b0_r5_c10_l500_i50_ps0_15_pt0_33_j10_2.stl,0.02,32492,unsat
../resources/benchmarks/random0/b0_r5_c10_l500_i50_ps0_15_pt0_33_j10_3.stl,-1,-1,TO
../resources/benchmarks/random0/b0_r5_c10_l500_i50_ps0_15_pt0_33_j10_4.stl,0.01,27816,unsat
../resources/benchmarks/random0/b0_r5_c10_l500_i50_ps0_15_pt0_33_j10_5.stl,-1,-1,TO
../resources/benchmarks/random0/b0_r5_c10_l500_i50_ps0_15_pt0_33_j5_1.stl,0.01,32516.8,unsat
../resources/benchmarks/random0/b0_r5_c10_l500_i50_ps0_15_pt0_33_j5_2.stl,0.01,27792.8,unsat
../resources/benchmarks/random0/b0_r5_c10_l500_i50_ps0_15_pt0_33_j5_3.stl,-1,-1,TO
../resources/benchmarks/random0/b0_r5_c10_l500_i50_ps0_15_pt0_33_j5_4.stl,-1,-1,TO
../resources/benchmarks/random0/b0_r5_c10_l500_i50_ps0_15_pt0_33_j5_5.stl,-1,-1,TO
../resources/benchmarks/random0/b0_r5_c10_l500_i50_ps0_15_pt0_5_j10_1.stl,-1,-1,TO
../resources/benchmarks/random0/b0_r5_c10_l500_i50_ps0_15_pt0_5_j10_2.stl,-1,-1,TO
../resources/benchmarks/random0/b0_r5_c10_l500_i50_ps0_15_pt0_5_j10_3.stl,-1,-1,TO
../resources/benchmarks/random0/b0_r5_c10_l500_i50_ps0_15_pt0_5_j10_4.stl,-1,-1,TO
../resources/benchmarks/random0/b0_r5_c10_l500_i50_ps0_15_pt0_5_j10_5.stl,-1,-1,TO
../resources/benchmarks/random0/b0_r5_c10_l500_i50_ps0_15_pt0_5_j5_1.stl,-1,-1,TO
../resources/benchmarks/random0/b0_r5_c10_l500_i50_ps0_15_pt0_5_j5_2.stl,-1,-1,TO
../resources/benchmarks/random0/b0_r5_c10_l500_i50_ps0_15_pt0_5_j5_3.stl,-1,-1,TO
../resources/benchmarks/random0/b0_r5_c10_l500_i50_ps0_15_pt0_5_j5_4.stl,-1,-1,TO
../resources/benchmarks/random0/b0_r5_c10_l500_i50_ps0_15_pt0_5_j5_5.stl,-1,-1,TO
../resources/benchmarks/random0/b0_r5_c10_l500_i50_ps0_15_pt0_75_j10_1.stl,-1,-1,TO
../resources/benchmarks/random0/b0_r5_c10_l500_i50_ps0_15_pt0_75_j10_2.stl,-1,-1,TO
../resources/benchmarks/random0/b0_r5_c10_l500_i50_ps0_15_pt0_75_j10_3.stl,-1,-1,TO
../resources/benchmarks/random0/b0_r5_c10_l500_i50_ps0_15_pt0_75_j10_4.stl,-1,-1,TO
../resources/benchmarks/random0/b0_r5_c10_l500_i50_ps0_15_pt0_75_j10_5.stl,0.02,32428.8,unsat
../resources/benchmarks/random0/b0_r5_c10_l500_i50_ps0_15_pt0_75_j5_1.stl,-1,-1,TO
../resources/benchmarks/random0/b0_r5_c10_l500_i50_ps0_15_pt0_75_j5_2.stl,-1,-1,TO
../resources/benchmarks/random0/b0_r5_c10_l500_i50_ps0_15_pt0_75_j5_3.stl,-1,-1,TO
../resources/benchmarks/random0/b0_r5_c10_l500_i50_ps0_15_pt0_75_j5_4.stl,-1,-1,TO
../resources/benchmarks/random0/b0_r5_c10_l500_i50_ps0_15_pt0_75_j5_5.stl,-1,-1,TO
../resources/benchmarks/random0/b0_r5_c10_l500_i50_ps0_15_pt0_95_j10_1.stl,-1,-1,TO
../resources/benchmarks/random0/b0_r5_c10_l500_i50_ps0_15_pt0_95_j10_2.stl,-1,-1,TO
../resources/benchmarks/random0/b0_r5_c10_l500_i50_ps0_15_pt0_95_j10_3.stl,-1,-1,TO
../resources/benchmarks/random0/b0_r5_c10_l500_i50_ps0_15_pt0_95_j10_4.stl,-1,-1,TO
../resources/benchmarks/random0/b0_r5_c10_l500_i50_ps0_15_pt0_95_j10_5.stl,-1,-1,TO
../resources/benchmarks/random0/b0_r5_c10_l500_i50_ps0_15_pt0_95_j5_1.stl,-1,-1,TO
../resources/benchmarks/random0/b0_r5_c10_l500_i50_ps0_15_pt0_95_j5_2.stl,-1,-1,TO
../resources/benchmarks/random0/b0_r5_c10_l500_i50_ps0_15_pt0_95_j5_3.stl,-1,-1,TO
../resources/benchmarks/random0/b0_r5_c10_l500_i50_ps0_15_pt0_95_j5_4.stl,-1,-1,TO
../resources/benchmarks/random0/b0_r5_c10_l500_i50_ps0_15_pt0_95_j5_5.stl,-1,-1,TO
../resources/benchmarks/random0/b0_r5_c10_l500_i50_ps0_1_pt0_33_j10_1.stl,-1,-1,TO
../resources/benchmarks/random0/b0_r5_c10_l500_i50_ps0_1_pt0_33_j10_2.stl,-1,-1,TO
../resources/benchmarks/random0/b0_r5_c10_l500_i50_ps0_1_pt0_33_j10_3.stl,-1,-1,TO
../resources/benchmarks/random0/b0_r5_c10_l500_i50_ps0_1_pt0_33_j10_4.stl,-1,-1,TO
../resources/benchmarks/random0/b0_r5_c10_l500_i50_ps0_1_pt0_33_j10_5.stl,-1,-1,TO
../resources/benchmarks/random0/b0_r5_c10_l500_i50_ps0_1_pt0_33_j5_1.stl,-1,-1,TO
../resources/benchmarks/random0/b0_r5_c10_l500_i50_ps0_1_pt0_33_j5_2.stl,-1,-1,TO
../resources/benchmarks/random0/b0_r5_c10_l500_i50_ps0_1_pt0_33_j5_3.stl,-1,-1,TO
../resources/benchmarks/random0/b0_r5_c10_l500_i50_ps0_1_pt0_33_j5_4.stl,-1,-1,TO
../resources/benchmarks/random0/b0_r5_c10_l500_i50_ps0_1_pt0_33_j5_5.stl,-1,-1,TO
../resources/benchmarks/random0/b0_r5_c10_l500_i50_ps0_1_pt0_5_j10_1.stl,-1,-1,TO
../resources/benchmarks/random0/b0_r5_c10_l500_i50_ps0_1_pt0_5_j10_2.stl,-1,-1,TO
../resources/benchmarks/random0/b0_r5_c10_l500_i50_ps0_1_pt0_5_j10_3.stl,-1,-1,TO
../resources/benchmarks/random0/b0_r5_c10_l500_i50_ps0_1_pt0_5_j10_4.stl,0.02,32460,unsat
../resources/benchmarks/random0/b0_r5_c10_l500_i50_ps0_1_pt0_5_j10_5.stl,-1,-1,TO
../resources/benchmarks/random0/b0_r5_c10_l500_i50_ps0_1_pt0_5_j5_1.stl,-1,-1,TO
../resources/benchmarks/random0/b0_r5_c10_l500_i50_ps0_1_pt0_5_j5_2.stl,0.02,32452.8,sat
../resources/benchmarks/random0/b0_r5_c10_l500_i50_ps0_1_pt0_5_j5_3.stl,-1,-1,TO
../resources/benchmarks/random0/b0_r5_c10_l500_i50_ps0_1_pt0_5_j5_4.stl,0.02,34049.6,unsat
../resources/benchmarks/random0/b0_r5_c10_l500_i50_ps0_1_pt0_5_j5_5.stl,0.02,32452,unsat
../resources/benchmarks/random0/b0_r5_c10_l500_i50_ps0_1_pt0_75_j10_1.stl,-1,-1,TO
../resources/benchmarks/random0/b0_r5_c10_l500_i50_ps0_1_pt0_75_j10_2.stl,-1,-1,TO
../resources/benchmarks/random0/b0_r5_c10_l500_i50_ps0_1_pt0_75_j10_3.stl,-1,-1,TO
../resources/benchmarks/random0/b0_r5_c10_l500_i50_ps0_1_pt0_75_j10_4.stl,-1,-1,TO
../resources/benchmarks/random0/b0_r5_c10_l500_i50_ps0_1_pt0_75_j10_5.stl,-1,-1,TO
../resources/benchmarks/random0/b0_r5_c10_l500_i50_ps0_1_pt0_75_j5_1.stl,-1,-1,TO
../resources/benchmarks/random0/b0_r5_c10_l500_i50_ps0_1_pt0_75_j5_2.stl,-1,-1,TO
../resources/benchmarks/random0/b0_r5_c10_l500_i50_ps0_1_pt0_75_j5_3.stl,-1,-1,TO
../resources/benchmarks/random0/b0_r5_c10_l500_i50_ps0_1_pt0_75_j5_4.stl,-1,-1,TO
../resources/benchmarks/random0/b0_r5_c10_l500_i50_ps0_1_pt0_75_j5_5.stl,-1,-1,TO
../resources/benchmarks/random0/b0_r5_c10_l500_i50_ps0_1_pt0_95_j10_1.stl,-1,-1,TO
../resources/benchmarks/random0/b0_r5_c10_l500_i50_ps0_1_pt0_95_j10_2.stl,-1,-1,TO
../resources/benchmarks/random0/b0_r5_c10_l500_i50_ps0_1_pt0_95_j10_3.stl,-1,-1,TO
../resources/benchmarks/random0/b0_r5_c10_l500_i50_ps0_1_pt0_95_j10_4.stl,-1,-1,TO
../resources/benchmarks/random0/b0_r5_c10_l500_i50_ps0_1_pt0_95_j10_5.stl,-1,-1,TO
../resources/benchmarks/random0/b0_r5_c10_l500_i50_ps0_1_pt0_95_j5_1.stl,-1,-1,TO
../resources/benchmarks/random0/b0_r5_c10_l500_i50_ps0_1_pt0_95_j5_2.stl,-1,-1,TO
../resources/benchmarks/random0/b0_r5_c10_l500_i50_ps0_1_pt0_95_j5_3.stl,-1,-1,TO
../resources/benchmarks/random0/b0_r5_c10_l500_i50_ps0_1_pt0_95_j5_4.stl,-1,-1,TO
../resources/benchmarks/random0/b0_r5_c10_l500_i50_ps0_1_pt0_95_j5_5.stl,-1,-1,TO
../resources/benchmarks/random0/b0_r5_c10_l500_i50_ps0_25_pt0_33_j10_1.stl,-1,-1,TO
../resources/benchmarks/random0/b0_r5_c10_l500_i50_ps0_25_pt0_33_j10_2.stl,-1,-1,TO
../resources/benchmarks/random0/b0_r5_c10_l500_i50_ps0_25_pt0_33_j10_3.stl,0.01,27466.4,unsat
../resources/benchmarks/random0/b0_r5_c10_l500_i50_ps0_25_pt0_33_j10_4.stl,-1,-1,TO
../resources/benchmarks/random0/b0_r5_c10_l500_i50_ps0_25_pt0_33_j10_5.stl,0.01,27818.4,unsat
../resources/benchmarks/random0/b0_r5_c10_l500_i50_ps0_25_pt0_33_j5_1.stl,0.01,32460.8,sat
../resources/benchmarks/random0/b0_r5_c10_l500_i50_ps0_25_pt0_33_j5_2.stl,-1,-1,TO
../resources/benchmarks/random0/b0_r5_c10_l500_i50_ps0_25_pt0_33_j5_3.stl,0.01,27805.6,unsat
../resources/benchmarks/random0/b0_r5_c10_l500_i50_ps0_25_pt0_33_j5_4.stl,-1,-1,TO
../resources/benchmarks/random0/b0_r5_c10_l500_i50_ps0_25_pt0_33_j5_5.stl,0.01,32467.2,unsat
../resources/benchmarks/random0/b0_r5_c10_l500_i50_ps0_25_pt0_5_j10_1.stl,-1,-1,TO
../resources/benchmarks/random0/b0_r5_c10_l500_i50_ps0_25_pt0_5_j10_2.stl,-1,-1,TO
../resources/benchmarks/random0/b0_r5_c10_l500_i50_ps0_25_pt0_5_j10_3.stl,-1,-1,TO
../resources/benchmarks/random0/b0_r5_c10_l500_i50_ps0_25_pt0_5_j10_4.stl,0.01,32478.4,unsat
../resources/benchmarks/random0/b0_r5_c10_l500_i50_ps0_25_pt0_5_j10_5.stl,0.012,32455.2,unsat
../resources/benchmarks/random0/b0_r5_c10_l500_i50_ps0_25_pt0_5_j5_1.stl,0.01,32489.6,unsat
../resources/benchmarks/random0/b0_r5_c10_l500_i50_ps0_25_pt0_5_j5_2.stl,-1,-1,TO
../resources/benchmarks/random0/b0_r5_c10_l500_i50_ps0_25_pt0_5_j5_3.stl,0.02,33733.6,sat
../resources/benchmarks/random0/b0_r5_c10_l500_i50_ps0_25_pt0_5_j5_4.stl,-1,-1,TO
../resources/benchmarks/random0/b0_r5_c10_l500_i50_ps0_25_pt0_5_j5_5.stl,0.012,34013.6,sat
../resources/benchmarks/random0/b0_r5_c10_l500_i50_ps0_25_pt0_75_j10_1.stl,-1,-1,TO
../resources/benchmarks/random0/b0_r5_c10_l500_i50_ps0_25_pt0_75_j10_2.stl,-1,-1,TO
../resources/benchmarks/random0/b0_r5_c10_l500_i50_ps0_25_pt0_75_j10_3.stl,-1,-1,TO
../resources/benchmarks/random0/b0_r5_c10_l500_i50_ps0_25_pt0_75_j10_4.stl,-1,-1,TO
../resources/benchmarks/random0/b0_r5_c10_l500_i50_ps0_25_pt0_75_j10_5.stl,-1,-1,TO
../resources/benchmarks/random0/b0_r5_c10_l500_i50_ps0_25_pt0_75_j5_1.stl,0.01,32428,unsat
../resources/benchmarks/random0/b0_r5_c10_l500_i50_ps0_25_pt0_75_j5_2.stl,-1,-1,TO
../resources/benchmarks/random0/b0_r5_c10_l500_i50_ps0_25_pt0_75_j5_3.stl,-1,-1,TO
../resources/benchmarks/random0/b0_r5_c10_l500_i50_ps0_25_pt0_75_j5_4.stl,-1,-1,TO
../resources/benchmarks/random0/b0_r5_c10_l500_i50_ps0_25_pt0_75_j5_5.stl,-1,-1,TO
../resources/benchmarks/random0/b0_r5_c10_l500_i50_ps0_25_pt0_95_j10_1.stl,0.012,32469.6,unsat
../resources/benchmarks/random0/b0_r5_c10_l500_i50_ps0_25_pt0_95_j10_2.stl,-1,-1,TO
../resources/benchmarks/random0/b0_r5_c10_l500_i50_ps0_25_pt0_95_j10_3.stl,-1,-1,TO
../resources/benchmarks/random0/b0_r5_c10_l500_i50_ps0_25_pt0_95_j10_4.stl,-1,-1,TO
../resources/benchmarks/random0/b0_r5_c10_l500_i50_ps0_25_pt0_95_j10_5.stl,0.012,32448.8,unsat
../resources/benchmarks/random0/b0_r5_c10_l500_i50_ps0_25_pt0_95_j5_1.stl,0.08,37084.8,unsat
../resources/benchmarks/random0/b0_r5_c10_l500_i50_ps0_25_pt0_95_j5_2.stl,-1,-1,TO
../resources/benchmarks/random0/b0_r5_c10_l500_i50_ps0_25_pt0_95_j5_3.stl,-1,-1,TO
../resources/benchmarks/random0/b0_r5_c10_l500_i50_ps0_25_pt0_95_j5_4.stl,-1,-1,TO
../resources/benchmarks/random0/b0_r5_c10_l500_i50_ps0_25_pt0_95_j5_5.stl,-1,-1,TO
../resources/benchmarks/random0/b0_r5_c10_l500_i50_ps0_2_pt0_33_j10_1.stl,0.02,34924.8,sat
../resources/benchmarks/random0/b0_r5_c10_l500_i50_ps0_2_pt0_33_j10_2.stl,0.012,32519.2,unsat
../resources/benchmarks/random0/b0_r5_c10_l500_i50_ps0_2_pt0_33_j10_3.stl,-1,-1,TO
../resources/benchmarks/random0/b0_r5_c10_l500_i50_ps0_2_pt0_33_j10_4.stl,0.02,32435.2,unsat
../resources/benchmarks/random0/b0_r5_c10_l500_i50_ps0_2_pt0_33_j10_5.stl,0.01,32456,unsat
../resources/benchmarks/random0/b0_r5_c10_l500_i50_ps0_2_pt0_33_j5_1.stl,0.01,27808,unsat
../resources/benchmarks/random0/b0_r5_c10_l500_i50_ps0_2_pt0_33_j5_2.stl,-1,-1,TO
../resources/benchmarks/random0/b0_r5_c10_l500_i50_ps0_2_pt0_33_j5_3.stl,0.554,126148.8,sat
../resources/benchmarks/random0/b0_r5_c10_l500_i50_ps0_2_pt0_33_j5_4.stl,-1,-1,TO
../resources/benchmarks/random0/b0_r5_c10_l500_i50_ps0_2_pt0_33_j5_5.stl,0.234,41788,sat
../resources/benchmarks/random0/b0_r5_c10_l500_i50_ps0_2_pt0_5_j10_1.stl,-1,-1,TO
../resources/benchmarks/random0/b0_r5_c10_l500_i50_ps0_2_pt0_5_j10_2.stl,0.018000000000000002,32477.6,unsat
../resources/benchmarks/random0/b0_r5_c10_l500_i50_ps0_2_pt0_5_j10_3.stl,-1,-1,TO
../resources/benchmarks/random0/b0_r5_c10_l500_i50_ps0_2_pt0_5_j10_4.stl,0.014,32470.4,unsat
../resources/benchmarks/random0/b0_r5_c10_l500_i50_ps0_2_pt0_5_j10_5.stl,-1,-1,TO
../resources/benchmarks/random0/b0_r5_c10_l500_i50_ps0_2_pt0_5_j5_1.stl,-1,-1,TO
../resources/benchmarks/random0/b0_r5_c10_l500_i50_ps0_2_pt0_5_j5_2.stl,-1,-1,TO
../resources/benchmarks/random0/b0_r5_c10_l500_i50_ps0_2_pt0_5_j5_3.stl,0.976,61689.6,sat
../resources/benchmarks/random0/b0_r5_c10_l500_i50_ps0_2_pt0_5_j5_4.stl,-1,-1,TO
../resources/benchmarks/random0/b0_r5_c10_l500_i50_ps0_2_pt0_5_j5_5.stl,0.01,32482.4,unsat
../resources/benchmarks/random0/b0_r5_c10_l500_i50_ps0_2_pt0_75_j10_1.stl,17.914,149683.2,unsat
../resources/benchmarks/random0/b0_r5_c10_l500_i50_ps0_2_pt0_75_j10_2.stl,-1,-1,TO
../resources/benchmarks/random0/b0_r5_c10_l500_i50_ps0_2_pt0_75_j10_3.stl,-1,-1,TO
../resources/benchmarks/random0/b0_r5_c10_l500_i50_ps0_2_pt0_75_j10_4.stl,-1,-1,TO
../resources/benchmarks/random0/b0_r5_c10_l500_i50_ps0_2_pt0_75_j10_5.stl,-1,-1,TO
../resources/benchmarks/random0/b0_r5_c10_l500_i50_ps0_2_pt0_75_j5_1.stl,-1,-1,TO
../resources/benchmarks/random0/b0_r5_c10_l500_i50_ps0_2_pt0_75_j5_2.stl,-1,-1,TO
../resources/benchmarks/random0/b0_r5_c10_l500_i50_ps0_2_pt0_75_j5_3.stl,-1,-1,TO
../resources/benchmarks/random0/b0_r5_c10_l500_i50_ps0_2_pt0_75_j5_4.stl,-1,-1,TO
../resources/benchmarks/random0/b0_r5_c10_l500_i50_ps0_2_pt0_75_j5_5.stl,-1,-1,TO
../resources/benchmarks/random0/b0_r5_c10_l500_i50_ps0_2_pt0_95_j10_1.stl,-1,-1,TO
../resources/benchmarks/random0/b0_r5_c10_l500_i50_ps0_2_pt0_95_j10_2.stl,1.332,57973.6,unsat
../resources/benchmarks/random0/b0_r5_c10_l500_i50_ps0_2_pt0_95_j10_3.stl,-1,-1,TO
../resources/benchmarks/random0/b0_r5_c10_l500_i50_ps0_2_pt0_95_j10_4.stl,-1,-1,TO
../resources/benchmarks/random0/b0_r5_c10_l500_i50_ps0_2_pt0_95_j10_5.stl,-1,-1,TO
../resources/benchmarks/random0/b0_r5_c10_l500_i50_ps0_2_pt0_95_j5_1.stl,-1,-1,TO
../resources/benchmarks/random0/b0_r5_c10_l500_i50_ps0_2_pt0_95_j5_2.stl,0.018000000000000002,34022.4,unsat
../resources/benchmarks/random0/b0_r5_c10_l500_i50_ps0_2_pt0_95_j5_3.stl,-1,-1,TO
../resources/benchmarks/random0/b0_r5_c10_l500_i50_ps0_2_pt0_95_j5_4.stl,-1,-1,TO
../resources/benchmarks/random0/b0_r5_c10_l500_i50_ps0_2_pt0_95_j5_5.stl,-1,-1,TO
../resources/benchmarks/random0/random0.list,-1,-1,Error 101
